group	x	y
1	-0.95	0.5
1	-0.5	0.95
1	-0.05	0.5
1	-0.5	0.05
1	-0.95	0.5
2	-0.95	1.5
2	-0.5	1.95
2	-0.05	1.5
2	-0.5	1.05
2	-0.95	1.5
3	-0.95	13.5
3	-0.5	13.95
3	-0.05	13.5
3	-0.5	13.05
3	-0.95	13.5
4	-0.95	14.5
4	-0.5	14.95
4	-0.05	14.5
4	-0.5	14.05
4	-0.95	14.5
5	-0.95	15.5
5	-0.5	15.95
5	-0.05	15.5
5	-0.5	15.05
5	-0.95	15.5
6	-0.95	16.5
6	-0.5	16.95
6	-0.05	16.5
6	-0.5	16.05
6	-0.95	16.5
7	-0.95	17.5
7	-0.5	17.95
7	-0.05	17.5
7	-0.5	17.05
7	-0.95	17.5
8	-0.95	18.5
8	-0.5	18.95
8	-0.05	18.5
8	-0.5	18.05
8	-0.95	18.5
9	-0.95	19.5
9	-0.5	19.95
9	-0.05	19.5
9	-0.5	19.05
9	-0.95	19.5
10	-0.95	2.5
10	-0.5	2.95
10	-0.05	2.5
10	-0.5	2.05
10	-0.95	2.5
11	-0.95	20.5
11	-0.5	20.95
11	-0.05	20.5
11	-0.5	20.05
11	-0.95	20.5
12	-0.95	21.5
12	-0.5	21.95
12	-0.05	21.5
12	-0.5	21.05
12	-0.95	21.5
13	-0.95	22.5
13	-0.5	22.95
13	-0.05	22.5
13	-0.5	22.05
13	-0.95	22.5
14	-0.95	24.5
14	-0.5	24.95
14	-0.05	24.5
14	-0.5	24.05
14	-0.95	24.5
15	-0.95	3.5
15	-0.5	3.95
15	-0.05	3.5
15	-0.5	3.05
15	-0.95	3.5
16	-0.95	4.5
16	-0.5	4.95
16	-0.05	4.5
16	-0.5	4.05
16	-0.95	4.5
17	-0.95	5.5
17	-0.5	5.95
17	-0.05	5.5
17	-0.5	5.05
17	-0.95	5.5
18	-0.95	6.5
18	-0.5	6.95
18	-0.05	6.5
18	-0.5	6.05
18	-0.95	6.5
19	-0.95	7.5
19	-0.5	7.95
19	-0.05	7.5
19	-0.5	7.05
19	-0.95	7.5
20	-0.95	8.5
20	-0.5	8.95
20	-0.05	8.5
20	-0.5	8.05
20	-0.95	8.5
21	-0.95	9.5
21	-0.5	9.95
21	-0.05	9.5
21	-0.5	9.05
21	-0.95	9.5
22	-1.45	0
22	-1	0.45
22	-0.55	0
22	-1	-0.45
22	-1.45	0
23	-1.45	1
23	-1	1.45
23	-0.55	1
23	-1	0.55
23	-1.45	1
24	-1.45	13
24	-1	13.45
24	-0.55	13
24	-1	12.55
24	-1.45	13
25	-1.45	14
25	-1	14.45
25	-0.55	14
25	-1	13.55
25	-1.45	14
26	-1.45	15
26	-1	15.45
26	-0.55	15
26	-1	14.55
26	-1.45	15
27	-1.45	16
27	-1	16.45
27	-0.55	16
27	-1	15.55
27	-1.45	16
28	-1.45	17
28	-1	17.45
28	-0.55	17
28	-1	16.55
28	-1.45	17
29	-1.45	18
29	-1	18.45
29	-0.55	18
29	-1	17.55
29	-1.45	18
30	-1.45	19
30	-1	19.45
30	-0.55	19
30	-1	18.55
30	-1.45	19
31	-1.45	2
31	-1	2.45
31	-0.55	2
31	-1	1.55
31	-1.45	2
32	-1.45	20
32	-1	20.45
32	-0.55	20
32	-1	19.55
32	-1.45	20
33	-1.45	22
33	-1	22.45
33	-0.55	22
33	-1	21.55
33	-1.45	22
34	-1.45	24
34	-1	24.45
34	-0.55	24
34	-1	23.55
34	-1.45	24
35	-1.45	3
35	-1	3.45
35	-0.55	3
35	-1	2.55
35	-1.45	3
36	-1.45	4
36	-1	4.45
36	-0.55	4
36	-1	3.55
36	-1.45	4
37	-1.45	5
37	-1	5.45
37	-0.55	5
37	-1	4.55
37	-1.45	5
38	-1.45	6
38	-1	6.45
38	-0.55	6
38	-1	5.55
38	-1.45	6
39	-1.45	7
39	-1	7.45
39	-0.55	7
39	-1	6.55
39	-1.45	7
40	-1.45	8
40	-1	8.45
40	-0.55	8
40	-1	7.55
40	-1.45	8
41	-1.45	9
41	-1	9.45
41	-0.55	9
41	-1	8.55
41	-1.45	9
42	-1.95	0.5
42	-1.5	0.95
42	-1.05	0.5
42	-1.5	0.05
42	-1.95	0.5
43	-1.95	1.5
43	-1.5	1.95
43	-1.05	1.5
43	-1.5	1.05
43	-1.95	1.5
44	-1.95	12.5
44	-1.5	12.95
44	-1.05	12.5
44	-1.5	12.05
44	-1.95	12.5
45	-1.95	13.5
45	-1.5	13.95
45	-1.05	13.5
45	-1.5	13.05
45	-1.95	13.5
46	-1.95	14.5
46	-1.5	14.95
46	-1.05	14.5
46	-1.5	14.05
46	-1.95	14.5
47	-1.95	15.5
47	-1.5	15.95
47	-1.05	15.5
47	-1.5	15.05
47	-1.95	15.5
48	-1.95	16.5
48	-1.5	16.95
48	-1.05	16.5
48	-1.5	16.05
48	-1.95	16.5
49	-1.95	18.5
49	-1.5	18.95
49	-1.05	18.5
49	-1.5	18.05
49	-1.95	18.5
50	-1.95	19.5
50	-1.5	19.95
50	-1.05	19.5
50	-1.5	19.05
50	-1.95	19.5
51	-1.95	2.5
51	-1.5	2.95
51	-1.05	2.5
51	-1.5	2.05
51	-1.95	2.5
52	-1.95	20.5
52	-1.5	20.95
52	-1.05	20.5
52	-1.5	20.05
52	-1.95	20.5
53	-1.95	21.5
53	-1.5	21.95
53	-1.05	21.5
53	-1.5	21.05
53	-1.95	21.5
54	-1.95	23.5
54	-1.5	23.95
54	-1.05	23.5
54	-1.5	23.05
54	-1.95	23.5
55	-1.95	3.5
55	-1.5	3.95
55	-1.05	3.5
55	-1.5	3.05
55	-1.95	3.5
56	-1.95	4.5
56	-1.5	4.95
56	-1.05	4.5
56	-1.5	4.05
56	-1.95	4.5
57	-1.95	5.5
57	-1.5	5.95
57	-1.05	5.5
57	-1.5	5.05
57	-1.95	5.5
58	-1.95	6.5
58	-1.5	6.95
58	-1.05	6.5
58	-1.5	6.05
58	-1.95	6.5
59	-1.95	7.5
59	-1.5	7.95
59	-1.05	7.5
59	-1.5	7.05
59	-1.95	7.5
60	-1.95	8.5
60	-1.5	8.95
60	-1.05	8.5
60	-1.5	8.05
60	-1.95	8.5
61	-1.95	9.5
61	-1.5	9.95
61	-1.05	9.5
61	-1.5	9.05
61	-1.95	9.5
62	-10.45	0
62	-10	0.45
62	-9.55	0
62	-10	-0.45
62	-10.45	0
63	-10.45	1
63	-10	1.45
63	-9.55	1
63	-10	0.55
63	-10.45	1
64	-10.45	10
64	-10	10.45
64	-9.55	10
64	-10	9.55
64	-10.45	10
65	-10.45	11
65	-10	11.45
65	-9.55	11
65	-10	10.55
65	-10.45	11
66	-10.45	12
66	-10	12.45
66	-9.55	12
66	-10	11.55
66	-10.45	12
67	-10.45	13
67	-10	13.45
67	-9.55	13
67	-10	12.55
67	-10.45	13
68	-10.45	14
68	-10	14.45
68	-9.55	14
68	-10	13.55
68	-10.45	14
69	-10.45	15
69	-10	15.45
69	-9.55	15
69	-10	14.55
69	-10.45	15
70	-10.45	16
70	-10	16.45
70	-9.55	16
70	-10	15.55
70	-10.45	16
71	-10.45	17
71	-10	17.45
71	-9.55	17
71	-10	16.55
71	-10.45	17
72	-10.45	18
72	-10	18.45
72	-9.55	18
72	-10	17.55
72	-10.45	18
73	-10.45	2
73	-10	2.45
73	-9.55	2
73	-10	1.55
73	-10.45	2
74	-10.45	3
74	-10	3.45
74	-9.55	3
74	-10	2.55
74	-10.45	3
75	-10.45	4
75	-10	4.45
75	-9.55	4
75	-10	3.55
75	-10.45	4
76	-10.45	5
76	-10	5.45
76	-9.55	5
76	-10	4.55
76	-10.45	5
77	-10.45	6
77	-10	6.45
77	-9.55	6
77	-10	5.55
77	-10.45	6
78	-10.45	7
78	-10	7.45
78	-9.55	7
78	-10	6.55
78	-10.45	7
79	-10.45	8
79	-10	8.45
79	-9.55	8
79	-10	7.55
79	-10.45	8
80	-10.45	9
80	-10	9.45
80	-9.55	9
80	-10	8.55
80	-10.45	9
81	-10.95	0.5
81	-10.5	0.95
81	-10.05	0.5
81	-10.5	0.05
81	-10.95	0.5
82	-10.95	1.5
82	-10.5	1.95
82	-10.05	1.5
82	-10.5	1.05
82	-10.95	1.5
83	-10.95	10.5
83	-10.5	10.95
83	-10.05	10.5
83	-10.5	10.05
83	-10.95	10.5
84	-10.95	11.5
84	-10.5	11.95
84	-10.05	11.5
84	-10.5	11.05
84	-10.95	11.5
85	-10.95	12.5
85	-10.5	12.95
85	-10.05	12.5
85	-10.5	12.05
85	-10.95	12.5
86	-10.95	13.5
86	-10.5	13.95
86	-10.05	13.5
86	-10.5	13.05
86	-10.95	13.5
87	-10.95	14.5
87	-10.5	14.95
87	-10.05	14.5
87	-10.5	14.05
87	-10.95	14.5
88	-10.95	15.5
88	-10.5	15.95
88	-10.05	15.5
88	-10.5	15.05
88	-10.95	15.5
89	-10.95	16.5
89	-10.5	16.95
89	-10.05	16.5
89	-10.5	16.05
89	-10.95	16.5
90	-10.95	17.5
90	-10.5	17.95
90	-10.05	17.5
90	-10.5	17.05
90	-10.95	17.5
91	-10.95	18.5
91	-10.5	18.95
91	-10.05	18.5
91	-10.5	18.05
91	-10.95	18.5
92	-10.95	2.5
92	-10.5	2.95
92	-10.05	2.5
92	-10.5	2.05
92	-10.95	2.5
93	-10.95	3.5
93	-10.5	3.95
93	-10.05	3.5
93	-10.5	3.05
93	-10.95	3.5
94	-10.95	4.5
94	-10.5	4.95
94	-10.05	4.5
94	-10.5	4.05
94	-10.95	4.5
95	-10.95	5.5
95	-10.5	5.95
95	-10.05	5.5
95	-10.5	5.05
95	-10.95	5.5
96	-10.95	6.5
96	-10.5	6.95
96	-10.05	6.5
96	-10.5	6.05
96	-10.95	6.5
97	-10.95	7.5
97	-10.5	7.95
97	-10.05	7.5
97	-10.5	7.05
97	-10.95	7.5
98	-10.95	8.5
98	-10.5	8.95
98	-10.05	8.5
98	-10.5	8.05
98	-10.95	8.5
99	-10.95	9.5
99	-10.5	9.95
99	-10.05	9.5
99	-10.5	9.05
99	-10.95	9.5
100	-11.45	0
100	-11	0.45
100	-10.55	0
100	-11	-0.45
100	-11.45	0
101	-11.45	1
101	-11	1.45
101	-10.55	1
101	-11	0.55
101	-11.45	1
102	-11.45	10
102	-11	10.45
102	-10.55	10
102	-11	9.55
102	-11.45	10
103	-11.45	11
103	-11	11.45
103	-10.55	11
103	-11	10.55
103	-11.45	11
104	-11.45	12
104	-11	12.45
104	-10.55	12
104	-11	11.55
104	-11.45	12
105	-11.45	13
105	-11	13.45
105	-10.55	13
105	-11	12.55
105	-11.45	13
106	-11.45	14
106	-11	14.45
106	-10.55	14
106	-11	13.55
106	-11.45	14
107	-11.45	15
107	-11	15.45
107	-10.55	15
107	-11	14.55
107	-11.45	15
108	-11.45	16
108	-11	16.45
108	-10.55	16
108	-11	15.55
108	-11.45	16
109	-11.45	17
109	-11	17.45
109	-10.55	17
109	-11	16.55
109	-11.45	17
110	-11.45	18
110	-11	18.45
110	-10.55	18
110	-11	17.55
110	-11.45	18
111	-11.45	19
111	-11	19.45
111	-10.55	19
111	-11	18.55
111	-11.45	19
112	-11.45	2
112	-11	2.45
112	-10.55	2
112	-11	1.55
112	-11.45	2
113	-11.45	3
113	-11	3.45
113	-10.55	3
113	-11	2.55
113	-11.45	3
114	-11.45	4
114	-11	4.45
114	-10.55	4
114	-11	3.55
114	-11.45	4
115	-11.45	5
115	-11	5.45
115	-10.55	5
115	-11	4.55
115	-11.45	5
116	-11.45	6
116	-11	6.45
116	-10.55	6
116	-11	5.55
116	-11.45	6
117	-11.45	7
117	-11	7.45
117	-10.55	7
117	-11	6.55
117	-11.45	7
118	-11.45	8
118	-11	8.45
118	-10.55	8
118	-11	7.55
118	-11.45	8
119	-11.45	9
119	-11	9.45
119	-10.55	9
119	-11	8.55
119	-11.45	9
120	-11.95	0.5
120	-11.5	0.95
120	-11.05	0.5
120	-11.5	0.05
120	-11.95	0.5
121	-11.95	1.5
121	-11.5	1.95
121	-11.05	1.5
121	-11.5	1.05
121	-11.95	1.5
122	-11.95	10.5
122	-11.5	10.95
122	-11.05	10.5
122	-11.5	10.05
122	-11.95	10.5
123	-11.95	11.5
123	-11.5	11.95
123	-11.05	11.5
123	-11.5	11.05
123	-11.95	11.5
124	-11.95	12.5
124	-11.5	12.95
124	-11.05	12.5
124	-11.5	12.05
124	-11.95	12.5
125	-11.95	13.5
125	-11.5	13.95
125	-11.05	13.5
125	-11.5	13.05
125	-11.95	13.5
126	-11.95	14.5
126	-11.5	14.95
126	-11.05	14.5
126	-11.5	14.05
126	-11.95	14.5
127	-11.95	15.5
127	-11.5	15.95
127	-11.05	15.5
127	-11.5	15.05
127	-11.95	15.5
128	-11.95	16.5
128	-11.5	16.95
128	-11.05	16.5
128	-11.5	16.05
128	-11.95	16.5
129	-11.95	17.5
129	-11.5	17.95
129	-11.05	17.5
129	-11.5	17.05
129	-11.95	17.5
130	-11.95	18.5
130	-11.5	18.95
130	-11.05	18.5
130	-11.5	18.05
130	-11.95	18.5
131	-11.95	19.5
131	-11.5	19.95
131	-11.05	19.5
131	-11.5	19.05
131	-11.95	19.5
132	-11.95	2.5
132	-11.5	2.95
132	-11.05	2.5
132	-11.5	2.05
132	-11.95	2.5
133	-11.95	3.5
133	-11.5	3.95
133	-11.05	3.5
133	-11.5	3.05
133	-11.95	3.5
134	-11.95	4.5
134	-11.5	4.95
134	-11.05	4.5
134	-11.5	4.05
134	-11.95	4.5
135	-11.95	5.5
135	-11.5	5.95
135	-11.05	5.5
135	-11.5	5.05
135	-11.95	5.5
136	-11.95	6.5
136	-11.5	6.95
136	-11.05	6.5
136	-11.5	6.05
136	-11.95	6.5
137	-11.95	7.5
137	-11.5	7.95
137	-11.05	7.5
137	-11.5	7.05
137	-11.95	7.5
138	-11.95	8.5
138	-11.5	8.95
138	-11.05	8.5
138	-11.5	8.05
138	-11.95	8.5
139	-11.95	9.5
139	-11.5	9.95
139	-11.05	9.5
139	-11.5	9.05
139	-11.95	9.5
140	-12.45	0
140	-12	0.45
140	-11.55	0
140	-12	-0.45
140	-12.45	0
141	-12.45	1
141	-12	1.45
141	-11.55	1
141	-12	0.55
141	-12.45	1
142	-12.45	10
142	-12	10.45
142	-11.55	10
142	-12	9.55
142	-12.45	10
143	-12.45	11
143	-12	11.45
143	-11.55	11
143	-12	10.55
143	-12.45	11
144	-12.45	12
144	-12	12.45
144	-11.55	12
144	-12	11.55
144	-12.45	12
145	-12.45	13
145	-12	13.45
145	-11.55	13
145	-12	12.55
145	-12.45	13
146	-12.45	14
146	-12	14.45
146	-11.55	14
146	-12	13.55
146	-12.45	14
147	-12.45	15
147	-12	15.45
147	-11.55	15
147	-12	14.55
147	-12.45	15
148	-12.45	16
148	-12	16.45
148	-11.55	16
148	-12	15.55
148	-12.45	16
149	-12.45	17
149	-12	17.45
149	-11.55	17
149	-12	16.55
149	-12.45	17
150	-12.45	18
150	-12	18.45
150	-11.55	18
150	-12	17.55
150	-12.45	18
151	-12.45	19
151	-12	19.45
151	-11.55	19
151	-12	18.55
151	-12.45	19
152	-12.45	2
152	-12	2.45
152	-11.55	2
152	-12	1.55
152	-12.45	2
153	-12.45	20
153	-12	20.45
153	-11.55	20
153	-12	19.55
153	-12.45	20
154	-12.45	3
154	-12	3.45
154	-11.55	3
154	-12	2.55
154	-12.45	3
155	-12.45	4
155	-12	4.45
155	-11.55	4
155	-12	3.55
155	-12.45	4
156	-12.45	5
156	-12	5.45
156	-11.55	5
156	-12	4.55
156	-12.45	5
157	-12.45	6
157	-12	6.45
157	-11.55	6
157	-12	5.55
157	-12.45	6
158	-12.45	7
158	-12	7.45
158	-11.55	7
158	-12	6.55
158	-12.45	7
159	-12.45	8
159	-12	8.45
159	-11.55	8
159	-12	7.55
159	-12.45	8
160	-12.45	9
160	-12	9.45
160	-11.55	9
160	-12	8.55
160	-12.45	9
161	-12.95	0.5
161	-12.5	0.95
161	-12.05	0.5
161	-12.5	0.05
161	-12.95	0.5
162	-12.95	1.5
162	-12.5	1.95
162	-12.05	1.5
162	-12.5	1.05
162	-12.95	1.5
163	-12.95	10.5
163	-12.5	10.95
163	-12.05	10.5
163	-12.5	10.05
163	-12.95	10.5
164	-12.95	11.5
164	-12.5	11.95
164	-12.05	11.5
164	-12.5	11.05
164	-12.95	11.5
165	-12.95	12.5
165	-12.5	12.95
165	-12.05	12.5
165	-12.5	12.05
165	-12.95	12.5
166	-12.95	13.5
166	-12.5	13.95
166	-12.05	13.5
166	-12.5	13.05
166	-12.95	13.5
167	-12.95	14.5
167	-12.5	14.95
167	-12.05	14.5
167	-12.5	14.05
167	-12.95	14.5
168	-12.95	15.5
168	-12.5	15.95
168	-12.05	15.5
168	-12.5	15.05
168	-12.95	15.5
169	-12.95	16.5
169	-12.5	16.95
169	-12.05	16.5
169	-12.5	16.05
169	-12.95	16.5
170	-12.95	17.5
170	-12.5	17.95
170	-12.05	17.5
170	-12.5	17.05
170	-12.95	17.5
171	-12.95	18.5
171	-12.5	18.95
171	-12.05	18.5
171	-12.5	18.05
171	-12.95	18.5
172	-12.95	19.5
172	-12.5	19.95
172	-12.05	19.5
172	-12.5	19.05
172	-12.95	19.5
173	-12.95	2.5
173	-12.5	2.95
173	-12.05	2.5
173	-12.5	2.05
173	-12.95	2.5
174	-12.95	20.5
174	-12.5	20.95
174	-12.05	20.5
174	-12.5	20.05
174	-12.95	20.5
175	-12.95	3.5
175	-12.5	3.95
175	-12.05	3.5
175	-12.5	3.05
175	-12.95	3.5
176	-12.95	4.5
176	-12.5	4.95
176	-12.05	4.5
176	-12.5	4.05
176	-12.95	4.5
177	-12.95	5.5
177	-12.5	5.95
177	-12.05	5.5
177	-12.5	5.05
177	-12.95	5.5
178	-12.95	6.5
178	-12.5	6.95
178	-12.05	6.5
178	-12.5	6.05
178	-12.95	6.5
179	-12.95	7.5
179	-12.5	7.95
179	-12.05	7.5
179	-12.5	7.05
179	-12.95	7.5
180	-12.95	8.5
180	-12.5	8.95
180	-12.05	8.5
180	-12.5	8.05
180	-12.95	8.5
181	-12.95	9.5
181	-12.5	9.95
181	-12.05	9.5
181	-12.5	9.05
181	-12.95	9.5
182	-13.45	0
182	-13	0.45
182	-12.55	0
182	-13	-0.45
182	-13.45	0
183	-13.45	1
183	-13	1.45
183	-12.55	1
183	-13	0.55
183	-13.45	1
184	-13.45	10
184	-13	10.45
184	-12.55	10
184	-13	9.55
184	-13.45	10
185	-13.45	11
185	-13	11.45
185	-12.55	11
185	-13	10.55
185	-13.45	11
186	-13.45	12
186	-13	12.45
186	-12.55	12
186	-13	11.55
186	-13.45	12
187	-13.45	13
187	-13	13.45
187	-12.55	13
187	-13	12.55
187	-13.45	13
188	-13.45	14
188	-13	14.45
188	-12.55	14
188	-13	13.55
188	-13.45	14
189	-13.45	15
189	-13	15.45
189	-12.55	15
189	-13	14.55
189	-13.45	15
190	-13.45	16
190	-13	16.45
190	-12.55	16
190	-13	15.55
190	-13.45	16
191	-13.45	17
191	-13	17.45
191	-12.55	17
191	-13	16.55
191	-13.45	17
192	-13.45	18
192	-13	18.45
192	-12.55	18
192	-13	17.55
192	-13.45	18
193	-13.45	19
193	-13	19.45
193	-12.55	19
193	-13	18.55
193	-13.45	19
194	-13.45	2
194	-13	2.45
194	-12.55	2
194	-13	1.55
194	-13.45	2
195	-13.45	20
195	-13	20.45
195	-12.55	20
195	-13	19.55
195	-13.45	20
196	-13.45	21
196	-13	21.45
196	-12.55	21
196	-13	20.55
196	-13.45	21
197	-13.45	3
197	-13	3.45
197	-12.55	3
197	-13	2.55
197	-13.45	3
198	-13.45	4
198	-13	4.45
198	-12.55	4
198	-13	3.55
198	-13.45	4
199	-13.45	5
199	-13	5.45
199	-12.55	5
199	-13	4.55
199	-13.45	5
200	-13.45	6
200	-13	6.45
200	-12.55	6
200	-13	5.55
200	-13.45	6
201	-13.45	7
201	-13	7.45
201	-12.55	7
201	-13	6.55
201	-13.45	7
202	-13.45	8
202	-13	8.45
202	-12.55	8
202	-13	7.55
202	-13.45	8
203	-13.45	9
203	-13	9.45
203	-12.55	9
203	-13	8.55
203	-13.45	9
204	-13.95	0.5
204	-13.5	0.95
204	-13.05	0.5
204	-13.5	0.05
204	-13.95	0.5
205	-13.95	1.5
205	-13.5	1.95
205	-13.05	1.5
205	-13.5	1.05
205	-13.95	1.5
206	-13.95	10.5
206	-13.5	10.95
206	-13.05	10.5
206	-13.5	10.05
206	-13.95	10.5
207	-13.95	11.5
207	-13.5	11.95
207	-13.05	11.5
207	-13.5	11.05
207	-13.95	11.5
208	-13.95	12.5
208	-13.5	12.95
208	-13.05	12.5
208	-13.5	12.05
208	-13.95	12.5
209	-13.95	13.5
209	-13.5	13.95
209	-13.05	13.5
209	-13.5	13.05
209	-13.95	13.5
210	-13.95	14.5
210	-13.5	14.95
210	-13.05	14.5
210	-13.5	14.05
210	-13.95	14.5
211	-13.95	15.5
211	-13.5	15.95
211	-13.05	15.5
211	-13.5	15.05
211	-13.95	15.5
212	-13.95	16.5
212	-13.5	16.95
212	-13.05	16.5
212	-13.5	16.05
212	-13.95	16.5
213	-13.95	17.5
213	-13.5	17.95
213	-13.05	17.5
213	-13.5	17.05
213	-13.95	17.5
214	-13.95	18.5
214	-13.5	18.95
214	-13.05	18.5
214	-13.5	18.05
214	-13.95	18.5
215	-13.95	19.5
215	-13.5	19.95
215	-13.05	19.5
215	-13.5	19.05
215	-13.95	19.5
216	-13.95	2.5
216	-13.5	2.95
216	-13.05	2.5
216	-13.5	2.05
216	-13.95	2.5
217	-13.95	20.5
217	-13.5	20.95
217	-13.05	20.5
217	-13.5	20.05
217	-13.95	20.5
218	-13.95	21.5
218	-13.5	21.95
218	-13.05	21.5
218	-13.5	21.05
218	-13.95	21.5
219	-13.95	3.5
219	-13.5	3.95
219	-13.05	3.5
219	-13.5	3.05
219	-13.95	3.5
220	-13.95	4.5
220	-13.5	4.95
220	-13.05	4.5
220	-13.5	4.05
220	-13.95	4.5
221	-13.95	5.5
221	-13.5	5.95
221	-13.05	5.5
221	-13.5	5.05
221	-13.95	5.5
222	-13.95	6.5
222	-13.5	6.95
222	-13.05	6.5
222	-13.5	6.05
222	-13.95	6.5
223	-13.95	7.5
223	-13.5	7.95
223	-13.05	7.5
223	-13.5	7.05
223	-13.95	7.5
224	-13.95	8.5
224	-13.5	8.95
224	-13.05	8.5
224	-13.5	8.05
224	-13.95	8.5
225	-13.95	9.5
225	-13.5	9.95
225	-13.05	9.5
225	-13.5	9.05
225	-13.95	9.5
226	-14.45	0
226	-14	0.45
226	-13.55	0
226	-14	-0.45
226	-14.45	0
227	-14.45	1
227	-14	1.45
227	-13.55	1
227	-14	0.55
227	-14.45	1
228	-14.45	10
228	-14	10.45
228	-13.55	10
228	-14	9.55
228	-14.45	10
229	-14.45	11
229	-14	11.45
229	-13.55	11
229	-14	10.55
229	-14.45	11
230	-14.45	12
230	-14	12.45
230	-13.55	12
230	-14	11.55
230	-14.45	12
231	-14.45	13
231	-14	13.45
231	-13.55	13
231	-14	12.55
231	-14.45	13
232	-14.45	14
232	-14	14.45
232	-13.55	14
232	-14	13.55
232	-14.45	14
233	-14.45	15
233	-14	15.45
233	-13.55	15
233	-14	14.55
233	-14.45	15
234	-14.45	16
234	-14	16.45
234	-13.55	16
234	-14	15.55
234	-14.45	16
235	-14.45	17
235	-14	17.45
235	-13.55	17
235	-14	16.55
235	-14.45	17
236	-14.45	18
236	-14	18.45
236	-13.55	18
236	-14	17.55
236	-14.45	18
237	-14.45	19
237	-14	19.45
237	-13.55	19
237	-14	18.55
237	-14.45	19
238	-14.45	2
238	-14	2.45
238	-13.55	2
238	-14	1.55
238	-14.45	2
239	-14.45	20
239	-14	20.45
239	-13.55	20
239	-14	19.55
239	-14.45	20
240	-14.45	21
240	-14	21.45
240	-13.55	21
240	-14	20.55
240	-14.45	21
241	-14.45	22
241	-14	22.45
241	-13.55	22
241	-14	21.55
241	-14.45	22
242	-14.45	3
242	-14	3.45
242	-13.55	3
242	-14	2.55
242	-14.45	3
243	-14.45	4
243	-14	4.45
243	-13.55	4
243	-14	3.55
243	-14.45	4
244	-14.45	5
244	-14	5.45
244	-13.55	5
244	-14	4.55
244	-14.45	5
245	-14.45	6
245	-14	6.45
245	-13.55	6
245	-14	5.55
245	-14.45	6
246	-14.45	7
246	-14	7.45
246	-13.55	7
246	-14	6.55
246	-14.45	7
247	-14.45	8
247	-14	8.45
247	-13.55	8
247	-14	7.55
247	-14.45	8
248	-14.45	9
248	-14	9.45
248	-13.55	9
248	-14	8.55
248	-14.45	9
249	-14.95	0.5
249	-14.5	0.95
249	-14.05	0.5
249	-14.5	0.05
249	-14.95	0.5
250	-14.95	1.5
250	-14.5	1.95
250	-14.05	1.5
250	-14.5	1.05
250	-14.95	1.5
251	-14.95	10.5
251	-14.5	10.95
251	-14.05	10.5
251	-14.5	10.05
251	-14.95	10.5
252	-14.95	11.5
252	-14.5	11.95
252	-14.05	11.5
252	-14.5	11.05
252	-14.95	11.5
253	-14.95	12.5
253	-14.5	12.95
253	-14.05	12.5
253	-14.5	12.05
253	-14.95	12.5
254	-14.95	13.5
254	-14.5	13.95
254	-14.05	13.5
254	-14.5	13.05
254	-14.95	13.5
255	-14.95	14.5
255	-14.5	14.95
255	-14.05	14.5
255	-14.5	14.05
255	-14.95	14.5
256	-14.95	15.5
256	-14.5	15.95
256	-14.05	15.5
256	-14.5	15.05
256	-14.95	15.5
257	-14.95	16.5
257	-14.5	16.95
257	-14.05	16.5
257	-14.5	16.05
257	-14.95	16.5
258	-14.95	17.5
258	-14.5	17.95
258	-14.05	17.5
258	-14.5	17.05
258	-14.95	17.5
259	-14.95	18.5
259	-14.5	18.95
259	-14.05	18.5
259	-14.5	18.05
259	-14.95	18.5
260	-14.95	19.5
260	-14.5	19.95
260	-14.05	19.5
260	-14.5	19.05
260	-14.95	19.5
261	-14.95	2.5
261	-14.5	2.95
261	-14.05	2.5
261	-14.5	2.05
261	-14.95	2.5
262	-14.95	20.5
262	-14.5	20.95
262	-14.05	20.5
262	-14.5	20.05
262	-14.95	20.5
263	-14.95	21.5
263	-14.5	21.95
263	-14.05	21.5
263	-14.5	21.05
263	-14.95	21.5
264	-14.95	22.5
264	-14.5	22.95
264	-14.05	22.5
264	-14.5	22.05
264	-14.95	22.5
265	-14.95	3.5
265	-14.5	3.95
265	-14.05	3.5
265	-14.5	3.05
265	-14.95	3.5
266	-14.95	4.5
266	-14.5	4.95
266	-14.05	4.5
266	-14.5	4.05
266	-14.95	4.5
267	-14.95	5.5
267	-14.5	5.95
267	-14.05	5.5
267	-14.5	5.05
267	-14.95	5.5
268	-14.95	6.5
268	-14.5	6.95
268	-14.05	6.5
268	-14.5	6.05
268	-14.95	6.5
269	-14.95	7.5
269	-14.5	7.95
269	-14.05	7.5
269	-14.5	7.05
269	-14.95	7.5
270	-14.95	8.5
270	-14.5	8.95
270	-14.05	8.5
270	-14.5	8.05
270	-14.95	8.5
271	-14.95	9.5
271	-14.5	9.95
271	-14.05	9.5
271	-14.5	9.05
271	-14.95	9.5
272	-15.45	0
272	-15	0.45
272	-14.55	0
272	-15	-0.45
272	-15.45	0
273	-15.45	1
273	-15	1.45
273	-14.55	1
273	-15	0.55
273	-15.45	1
274	-15.45	10
274	-15	10.45
274	-14.55	10
274	-15	9.55
274	-15.45	10
275	-15.45	11
275	-15	11.45
275	-14.55	11
275	-15	10.55
275	-15.45	11
276	-15.45	12
276	-15	12.45
276	-14.55	12
276	-15	11.55
276	-15.45	12
277	-15.45	13
277	-15	13.45
277	-14.55	13
277	-15	12.55
277	-15.45	13
278	-15.45	14
278	-15	14.45
278	-14.55	14
278	-15	13.55
278	-15.45	14
279	-15.45	15
279	-15	15.45
279	-14.55	15
279	-15	14.55
279	-15.45	15
280	-15.45	16
280	-15	16.45
280	-14.55	16
280	-15	15.55
280	-15.45	16
281	-15.45	17
281	-15	17.45
281	-14.55	17
281	-15	16.55
281	-15.45	17
282	-15.45	18
282	-15	18.45
282	-14.55	18
282	-15	17.55
282	-15.45	18
283	-15.45	19
283	-15	19.45
283	-14.55	19
283	-15	18.55
283	-15.45	19
284	-15.45	2
284	-15	2.45
284	-14.55	2
284	-15	1.55
284	-15.45	2
285	-15.45	20
285	-15	20.45
285	-14.55	20
285	-15	19.55
285	-15.45	20
286	-15.45	21
286	-15	21.45
286	-14.55	21
286	-15	20.55
286	-15.45	21
287	-15.45	22
287	-15	22.45
287	-14.55	22
287	-15	21.55
287	-15.45	22
288	-15.45	23
288	-15	23.45
288	-14.55	23
288	-15	22.55
288	-15.45	23
289	-15.45	3
289	-15	3.45
289	-14.55	3
289	-15	2.55
289	-15.45	3
290	-15.45	4
290	-15	4.45
290	-14.55	4
290	-15	3.55
290	-15.45	4
291	-15.45	5
291	-15	5.45
291	-14.55	5
291	-15	4.55
291	-15.45	5
292	-15.45	6
292	-15	6.45
292	-14.55	6
292	-15	5.55
292	-15.45	6
293	-15.45	7
293	-15	7.45
293	-14.55	7
293	-15	6.55
293	-15.45	7
294	-15.45	8
294	-15	8.45
294	-14.55	8
294	-15	7.55
294	-15.45	8
295	-15.45	9
295	-15	9.45
295	-14.55	9
295	-15	8.55
295	-15.45	9
296	-15.95	0.5
296	-15.5	0.95
296	-15.05	0.5
296	-15.5	0.05
296	-15.95	0.5
297	-15.95	1.5
297	-15.5	1.95
297	-15.05	1.5
297	-15.5	1.05
297	-15.95	1.5
298	-15.95	10.5
298	-15.5	10.95
298	-15.05	10.5
298	-15.5	10.05
298	-15.95	10.5
299	-15.95	11.5
299	-15.5	11.95
299	-15.05	11.5
299	-15.5	11.05
299	-15.95	11.5
300	-15.95	12.5
300	-15.5	12.95
300	-15.05	12.5
300	-15.5	12.05
300	-15.95	12.5
301	-15.95	13.5
301	-15.5	13.95
301	-15.05	13.5
301	-15.5	13.05
301	-15.95	13.5
302	-15.95	14.5
302	-15.5	14.95
302	-15.05	14.5
302	-15.5	14.05
302	-15.95	14.5
303	-15.95	15.5
303	-15.5	15.95
303	-15.05	15.5
303	-15.5	15.05
303	-15.95	15.5
304	-15.95	16.5
304	-15.5	16.95
304	-15.05	16.5
304	-15.5	16.05
304	-15.95	16.5
305	-15.95	17.5
305	-15.5	17.95
305	-15.05	17.5
305	-15.5	17.05
305	-15.95	17.5
306	-15.95	18.5
306	-15.5	18.95
306	-15.05	18.5
306	-15.5	18.05
306	-15.95	18.5
307	-15.95	19.5
307	-15.5	19.95
307	-15.05	19.5
307	-15.5	19.05
307	-15.95	19.5
308	-15.95	2.5
308	-15.5	2.95
308	-15.05	2.5
308	-15.5	2.05
308	-15.95	2.5
309	-15.95	20.5
309	-15.5	20.95
309	-15.05	20.5
309	-15.5	20.05
309	-15.95	20.5
310	-15.95	21.5
310	-15.5	21.95
310	-15.05	21.5
310	-15.5	21.05
310	-15.95	21.5
311	-15.95	22.5
311	-15.5	22.95
311	-15.05	22.5
311	-15.5	22.05
311	-15.95	22.5
312	-15.95	23.5
312	-15.5	23.95
312	-15.05	23.5
312	-15.5	23.05
312	-15.95	23.5
313	-15.95	3.5
313	-15.5	3.95
313	-15.05	3.5
313	-15.5	3.05
313	-15.95	3.5
314	-15.95	4.5
314	-15.5	4.95
314	-15.05	4.5
314	-15.5	4.05
314	-15.95	4.5
315	-15.95	5.5
315	-15.5	5.95
315	-15.05	5.5
315	-15.5	5.05
315	-15.95	5.5
316	-15.95	6.5
316	-15.5	6.95
316	-15.05	6.5
316	-15.5	6.05
316	-15.95	6.5
317	-15.95	7.5
317	-15.5	7.95
317	-15.05	7.5
317	-15.5	7.05
317	-15.95	7.5
318	-15.95	8.5
318	-15.5	8.95
318	-15.05	8.5
318	-15.5	8.05
318	-15.95	8.5
319	-15.95	9.5
319	-15.5	9.95
319	-15.05	9.5
319	-15.5	9.05
319	-15.95	9.5
320	-16.45	0
320	-16	0.45
320	-15.55	0
320	-16	-0.45
320	-16.45	0
321	-16.45	1
321	-16	1.45
321	-15.55	1
321	-16	0.55
321	-16.45	1
322	-16.45	10
322	-16	10.45
322	-15.55	10
322	-16	9.55
322	-16.45	10
323	-16.45	11
323	-16	11.45
323	-15.55	11
323	-16	10.55
323	-16.45	11
324	-16.45	12
324	-16	12.45
324	-15.55	12
324	-16	11.55
324	-16.45	12
325	-16.45	13
325	-16	13.45
325	-15.55	13
325	-16	12.55
325	-16.45	13
326	-16.45	14
326	-16	14.45
326	-15.55	14
326	-16	13.55
326	-16.45	14
327	-16.45	15
327	-16	15.45
327	-15.55	15
327	-16	14.55
327	-16.45	15
328	-16.45	16
328	-16	16.45
328	-15.55	16
328	-16	15.55
328	-16.45	16
329	-16.45	17
329	-16	17.45
329	-15.55	17
329	-16	16.55
329	-16.45	17
330	-16.45	18
330	-16	18.45
330	-15.55	18
330	-16	17.55
330	-16.45	18
331	-16.45	19
331	-16	19.45
331	-15.55	19
331	-16	18.55
331	-16.45	19
332	-16.45	2
332	-16	2.45
332	-15.55	2
332	-16	1.55
332	-16.45	2
333	-16.45	20
333	-16	20.45
333	-15.55	20
333	-16	19.55
333	-16.45	20
334	-16.45	21
334	-16	21.45
334	-15.55	21
334	-16	20.55
334	-16.45	21
335	-16.45	22
335	-16	22.45
335	-15.55	22
335	-16	21.55
335	-16.45	22
336	-16.45	23
336	-16	23.45
336	-15.55	23
336	-16	22.55
336	-16.45	23
337	-16.45	24
337	-16	24.45
337	-15.55	24
337	-16	23.55
337	-16.45	24
338	-16.45	3
338	-16	3.45
338	-15.55	3
338	-16	2.55
338	-16.45	3
339	-16.45	4
339	-16	4.45
339	-15.55	4
339	-16	3.55
339	-16.45	4
340	-16.45	5
340	-16	5.45
340	-15.55	5
340	-16	4.55
340	-16.45	5
341	-16.45	6
341	-16	6.45
341	-15.55	6
341	-16	5.55
341	-16.45	6
342	-16.45	7
342	-16	7.45
342	-15.55	7
342	-16	6.55
342	-16.45	7
343	-16.45	8
343	-16	8.45
343	-15.55	8
343	-16	7.55
343	-16.45	8
344	-16.45	9
344	-16	9.45
344	-15.55	9
344	-16	8.55
344	-16.45	9
345	-16.95	0.5
345	-16.5	0.95
345	-16.05	0.5
345	-16.5	0.05
345	-16.95	0.5
346	-16.95	1.5
346	-16.5	1.95
346	-16.05	1.5
346	-16.5	1.05
346	-16.95	1.5
347	-16.95	10.5
347	-16.5	10.95
347	-16.05	10.5
347	-16.5	10.05
347	-16.95	10.5
348	-16.95	11.5
348	-16.5	11.95
348	-16.05	11.5
348	-16.5	11.05
348	-16.95	11.5
349	-16.95	12.5
349	-16.5	12.95
349	-16.05	12.5
349	-16.5	12.05
349	-16.95	12.5
350	-16.95	13.5
350	-16.5	13.95
350	-16.05	13.5
350	-16.5	13.05
350	-16.95	13.5
351	-16.95	14.5
351	-16.5	14.95
351	-16.05	14.5
351	-16.5	14.05
351	-16.95	14.5
352	-16.95	15.5
352	-16.5	15.95
352	-16.05	15.5
352	-16.5	15.05
352	-16.95	15.5
353	-16.95	16.5
353	-16.5	16.95
353	-16.05	16.5
353	-16.5	16.05
353	-16.95	16.5
354	-16.95	17.5
354	-16.5	17.95
354	-16.05	17.5
354	-16.5	17.05
354	-16.95	17.5
355	-16.95	18.5
355	-16.5	18.95
355	-16.05	18.5
355	-16.5	18.05
355	-16.95	18.5
356	-16.95	19.5
356	-16.5	19.95
356	-16.05	19.5
356	-16.5	19.05
356	-16.95	19.5
357	-16.95	2.5
357	-16.5	2.95
357	-16.05	2.5
357	-16.5	2.05
357	-16.95	2.5
358	-16.95	20.5
358	-16.5	20.95
358	-16.05	20.5
358	-16.5	20.05
358	-16.95	20.5
359	-16.95	21.5
359	-16.5	21.95
359	-16.05	21.5
359	-16.5	21.05
359	-16.95	21.5
360	-16.95	22.5
360	-16.5	22.95
360	-16.05	22.5
360	-16.5	22.05
360	-16.95	22.5
361	-16.95	23.5
361	-16.5	23.95
361	-16.05	23.5
361	-16.5	23.05
361	-16.95	23.5
362	-16.95	24.5
362	-16.5	24.95
362	-16.05	24.5
362	-16.5	24.05
362	-16.95	24.5
363	-16.95	3.5
363	-16.5	3.95
363	-16.05	3.5
363	-16.5	3.05
363	-16.95	3.5
364	-16.95	4.5
364	-16.5	4.95
364	-16.05	4.5
364	-16.5	4.05
364	-16.95	4.5
365	-16.95	5.5
365	-16.5	5.95
365	-16.05	5.5
365	-16.5	5.05
365	-16.95	5.5
366	-16.95	6.5
366	-16.5	6.95
366	-16.05	6.5
366	-16.5	6.05
366	-16.95	6.5
367	-16.95	7.5
367	-16.5	7.95
367	-16.05	7.5
367	-16.5	7.05
367	-16.95	7.5
368	-16.95	8.5
368	-16.5	8.95
368	-16.05	8.5
368	-16.5	8.05
368	-16.95	8.5
369	-16.95	9.5
369	-16.5	9.95
369	-16.05	9.5
369	-16.5	9.05
369	-16.95	9.5
370	-17.45	0
370	-17	0.45
370	-16.55	0
370	-17	-0.45
370	-17.45	0
371	-17.45	1
371	-17	1.45
371	-16.55	1
371	-17	0.55
371	-17.45	1
372	-17.45	10
372	-17	10.45
372	-16.55	10
372	-17	9.55
372	-17.45	10
373	-17.45	11
373	-17	11.45
373	-16.55	11
373	-17	10.55
373	-17.45	11
374	-17.45	12
374	-17	12.45
374	-16.55	12
374	-17	11.55
374	-17.45	12
375	-17.45	13
375	-17	13.45
375	-16.55	13
375	-17	12.55
375	-17.45	13
376	-17.45	14
376	-17	14.45
376	-16.55	14
376	-17	13.55
376	-17.45	14
377	-17.45	15
377	-17	15.45
377	-16.55	15
377	-17	14.55
377	-17.45	15
378	-17.45	16
378	-17	16.45
378	-16.55	16
378	-17	15.55
378	-17.45	16
379	-17.45	17
379	-17	17.45
379	-16.55	17
379	-17	16.55
379	-17.45	17
380	-17.45	18
380	-17	18.45
380	-16.55	18
380	-17	17.55
380	-17.45	18
381	-17.45	19
381	-17	19.45
381	-16.55	19
381	-17	18.55
381	-17.45	19
382	-17.45	2
382	-17	2.45
382	-16.55	2
382	-17	1.55
382	-17.45	2
383	-17.45	20
383	-17	20.45
383	-16.55	20
383	-17	19.55
383	-17.45	20
384	-17.45	21
384	-17	21.45
384	-16.55	21
384	-17	20.55
384	-17.45	21
385	-17.45	22
385	-17	22.45
385	-16.55	22
385	-17	21.55
385	-17.45	22
386	-17.45	23
386	-17	23.45
386	-16.55	23
386	-17	22.55
386	-17.45	23
387	-17.45	24
387	-17	24.45
387	-16.55	24
387	-17	23.55
387	-17.45	24
388	-17.45	25
388	-17	25.45
388	-16.55	25
388	-17	24.55
388	-17.45	25
389	-17.45	3
389	-17	3.45
389	-16.55	3
389	-17	2.55
389	-17.45	3
390	-17.45	4
390	-17	4.45
390	-16.55	4
390	-17	3.55
390	-17.45	4
391	-17.45	5
391	-17	5.45
391	-16.55	5
391	-17	4.55
391	-17.45	5
392	-17.45	6
392	-17	6.45
392	-16.55	6
392	-17	5.55
392	-17.45	6
393	-17.45	7
393	-17	7.45
393	-16.55	7
393	-17	6.55
393	-17.45	7
394	-17.45	8
394	-17	8.45
394	-16.55	8
394	-17	7.55
394	-17.45	8
395	-17.45	9
395	-17	9.45
395	-16.55	9
395	-17	8.55
395	-17.45	9
396	-17.95	0.5
396	-17.5	0.95
396	-17.05	0.5
396	-17.5	0.05
396	-17.95	0.5
397	-17.95	1.5
397	-17.5	1.95
397	-17.05	1.5
397	-17.5	1.05
397	-17.95	1.5
398	-17.95	10.5
398	-17.5	10.95
398	-17.05	10.5
398	-17.5	10.05
398	-17.95	10.5
399	-17.95	11.5
399	-17.5	11.95
399	-17.05	11.5
399	-17.5	11.05
399	-17.95	11.5
400	-17.95	12.5
400	-17.5	12.95
400	-17.05	12.5
400	-17.5	12.05
400	-17.95	12.5
401	-17.95	13.5
401	-17.5	13.95
401	-17.05	13.5
401	-17.5	13.05
401	-17.95	13.5
402	-17.95	14.5
402	-17.5	14.95
402	-17.05	14.5
402	-17.5	14.05
402	-17.95	14.5
403	-17.95	15.5
403	-17.5	15.95
403	-17.05	15.5
403	-17.5	15.05
403	-17.95	15.5
404	-17.95	16.5
404	-17.5	16.95
404	-17.05	16.5
404	-17.5	16.05
404	-17.95	16.5
405	-17.95	17.5
405	-17.5	17.95
405	-17.05	17.5
405	-17.5	17.05
405	-17.95	17.5
406	-17.95	18.5
406	-17.5	18.95
406	-17.05	18.5
406	-17.5	18.05
406	-17.95	18.5
407	-17.95	19.5
407	-17.5	19.95
407	-17.05	19.5
407	-17.5	19.05
407	-17.95	19.5
408	-17.95	2.5
408	-17.5	2.95
408	-17.05	2.5
408	-17.5	2.05
408	-17.95	2.5
409	-17.95	20.5
409	-17.5	20.95
409	-17.05	20.5
409	-17.5	20.05
409	-17.95	20.5
410	-17.95	21.5
410	-17.5	21.95
410	-17.05	21.5
410	-17.5	21.05
410	-17.95	21.5
411	-17.95	22.5
411	-17.5	22.95
411	-17.05	22.5
411	-17.5	22.05
411	-17.95	22.5
412	-17.95	23.5
412	-17.5	23.95
412	-17.05	23.5
412	-17.5	23.05
412	-17.95	23.5
413	-17.95	24.5
413	-17.5	24.95
413	-17.05	24.5
413	-17.5	24.05
413	-17.95	24.5
414	-17.95	25.5
414	-17.5	25.95
414	-17.05	25.5
414	-17.5	25.05
414	-17.95	25.5
415	-17.95	3.5
415	-17.5	3.95
415	-17.05	3.5
415	-17.5	3.05
415	-17.95	3.5
416	-17.95	4.5
416	-17.5	4.95
416	-17.05	4.5
416	-17.5	4.05
416	-17.95	4.5
417	-17.95	5.5
417	-17.5	5.95
417	-17.05	5.5
417	-17.5	5.05
417	-17.95	5.5
418	-17.95	6.5
418	-17.5	6.95
418	-17.05	6.5
418	-17.5	6.05
418	-17.95	6.5
419	-17.95	7.5
419	-17.5	7.95
419	-17.05	7.5
419	-17.5	7.05
419	-17.95	7.5
420	-17.95	8.5
420	-17.5	8.95
420	-17.05	8.5
420	-17.5	8.05
420	-17.95	8.5
421	-17.95	9.5
421	-17.5	9.95
421	-17.05	9.5
421	-17.5	9.05
421	-17.95	9.5
422	-18.45	0
422	-18	0.45
422	-17.55	0
422	-18	-0.45
422	-18.45	0
423	-18.45	1
423	-18	1.45
423	-17.55	1
423	-18	0.55
423	-18.45	1
424	-18.45	10
424	-18	10.45
424	-17.55	10
424	-18	9.55
424	-18.45	10
425	-18.45	11
425	-18	11.45
425	-17.55	11
425	-18	10.55
425	-18.45	11
426	-18.45	12
426	-18	12.45
426	-17.55	12
426	-18	11.55
426	-18.45	12
427	-18.45	13
427	-18	13.45
427	-17.55	13
427	-18	12.55
427	-18.45	13
428	-18.45	14
428	-18	14.45
428	-17.55	14
428	-18	13.55
428	-18.45	14
429	-18.45	15
429	-18	15.45
429	-17.55	15
429	-18	14.55
429	-18.45	15
430	-18.45	16
430	-18	16.45
430	-17.55	16
430	-18	15.55
430	-18.45	16
431	-18.45	17
431	-18	17.45
431	-17.55	17
431	-18	16.55
431	-18.45	17
432	-18.45	18
432	-18	18.45
432	-17.55	18
432	-18	17.55
432	-18.45	18
433	-18.45	19
433	-18	19.45
433	-17.55	19
433	-18	18.55
433	-18.45	19
434	-18.45	2
434	-18	2.45
434	-17.55	2
434	-18	1.55
434	-18.45	2
435	-18.45	20
435	-18	20.45
435	-17.55	20
435	-18	19.55
435	-18.45	20
436	-18.45	21
436	-18	21.45
436	-17.55	21
436	-18	20.55
436	-18.45	21
437	-18.45	22
437	-18	22.45
437	-17.55	22
437	-18	21.55
437	-18.45	22
438	-18.45	23
438	-18	23.45
438	-17.55	23
438	-18	22.55
438	-18.45	23
439	-18.45	24
439	-18	24.45
439	-17.55	24
439	-18	23.55
439	-18.45	24
440	-18.45	25
440	-18	25.45
440	-17.55	25
440	-18	24.55
440	-18.45	25
441	-18.45	26
441	-18	26.45
441	-17.55	26
441	-18	25.55
441	-18.45	26
442	-18.45	3
442	-18	3.45
442	-17.55	3
442	-18	2.55
442	-18.45	3
443	-18.45	4
443	-18	4.45
443	-17.55	4
443	-18	3.55
443	-18.45	4
444	-18.45	5
444	-18	5.45
444	-17.55	5
444	-18	4.55
444	-18.45	5
445	-18.45	6
445	-18	6.45
445	-17.55	6
445	-18	5.55
445	-18.45	6
446	-18.45	7
446	-18	7.45
446	-17.55	7
446	-18	6.55
446	-18.45	7
447	-18.45	8
447	-18	8.45
447	-17.55	8
447	-18	7.55
447	-18.45	8
448	-18.45	9
448	-18	9.45
448	-17.55	9
448	-18	8.55
448	-18.45	9
449	-18.95	0.5
449	-18.5	0.95
449	-18.05	0.5
449	-18.5	0.05
449	-18.95	0.5
450	-18.95	1.5
450	-18.5	1.95
450	-18.05	1.5
450	-18.5	1.05
450	-18.95	1.5
451	-18.95	10.5
451	-18.5	10.95
451	-18.05	10.5
451	-18.5	10.05
451	-18.95	10.5
452	-18.95	11.5
452	-18.5	11.95
452	-18.05	11.5
452	-18.5	11.05
452	-18.95	11.5
453	-18.95	12.5
453	-18.5	12.95
453	-18.05	12.5
453	-18.5	12.05
453	-18.95	12.5
454	-18.95	13.5
454	-18.5	13.95
454	-18.05	13.5
454	-18.5	13.05
454	-18.95	13.5
455	-18.95	14.5
455	-18.5	14.95
455	-18.05	14.5
455	-18.5	14.05
455	-18.95	14.5
456	-18.95	15.5
456	-18.5	15.95
456	-18.05	15.5
456	-18.5	15.05
456	-18.95	15.5
457	-18.95	16.5
457	-18.5	16.95
457	-18.05	16.5
457	-18.5	16.05
457	-18.95	16.5
458	-18.95	17.5
458	-18.5	17.95
458	-18.05	17.5
458	-18.5	17.05
458	-18.95	17.5
459	-18.95	18.5
459	-18.5	18.95
459	-18.05	18.5
459	-18.5	18.05
459	-18.95	18.5
460	-18.95	19.5
460	-18.5	19.95
460	-18.05	19.5
460	-18.5	19.05
460	-18.95	19.5
461	-18.95	2.5
461	-18.5	2.95
461	-18.05	2.5
461	-18.5	2.05
461	-18.95	2.5
462	-18.95	20.5
462	-18.5	20.95
462	-18.05	20.5
462	-18.5	20.05
462	-18.95	20.5
463	-18.95	21.5
463	-18.5	21.95
463	-18.05	21.5
463	-18.5	21.05
463	-18.95	21.5
464	-18.95	22.5
464	-18.5	22.95
464	-18.05	22.5
464	-18.5	22.05
464	-18.95	22.5
465	-18.95	23.5
465	-18.5	23.95
465	-18.05	23.5
465	-18.5	23.05
465	-18.95	23.5
466	-18.95	24.5
466	-18.5	24.95
466	-18.05	24.5
466	-18.5	24.05
466	-18.95	24.5
467	-18.95	25.5
467	-18.5	25.95
467	-18.05	25.5
467	-18.5	25.05
467	-18.95	25.5
468	-18.95	26.5
468	-18.5	26.95
468	-18.05	26.5
468	-18.5	26.05
468	-18.95	26.5
469	-18.95	3.5
469	-18.5	3.95
469	-18.05	3.5
469	-18.5	3.05
469	-18.95	3.5
470	-18.95	4.5
470	-18.5	4.95
470	-18.05	4.5
470	-18.5	4.05
470	-18.95	4.5
471	-18.95	5.5
471	-18.5	5.95
471	-18.05	5.5
471	-18.5	5.05
471	-18.95	5.5
472	-18.95	6.5
472	-18.5	6.95
472	-18.05	6.5
472	-18.5	6.05
472	-18.95	6.5
473	-18.95	7.5
473	-18.5	7.95
473	-18.05	7.5
473	-18.5	7.05
473	-18.95	7.5
474	-18.95	8.5
474	-18.5	8.95
474	-18.05	8.5
474	-18.5	8.05
474	-18.95	8.5
475	-18.95	9.5
475	-18.5	9.95
475	-18.05	9.5
475	-18.5	9.05
475	-18.95	9.5
476	-19.45	0
476	-19	0.45
476	-18.55	0
476	-19	-0.45
476	-19.45	0
477	-19.45	1
477	-19	1.45
477	-18.55	1
477	-19	0.55
477	-19.45	1
478	-19.45	10
478	-19	10.45
478	-18.55	10
478	-19	9.55
478	-19.45	10
479	-19.45	11
479	-19	11.45
479	-18.55	11
479	-19	10.55
479	-19.45	11
480	-19.45	12
480	-19	12.45
480	-18.55	12
480	-19	11.55
480	-19.45	12
481	-19.45	13
481	-19	13.45
481	-18.55	13
481	-19	12.55
481	-19.45	13
482	-19.45	14
482	-19	14.45
482	-18.55	14
482	-19	13.55
482	-19.45	14
483	-19.45	15
483	-19	15.45
483	-18.55	15
483	-19	14.55
483	-19.45	15
484	-19.45	16
484	-19	16.45
484	-18.55	16
484	-19	15.55
484	-19.45	16
485	-19.45	17
485	-19	17.45
485	-18.55	17
485	-19	16.55
485	-19.45	17
486	-19.45	18
486	-19	18.45
486	-18.55	18
486	-19	17.55
486	-19.45	18
487	-19.45	19
487	-19	19.45
487	-18.55	19
487	-19	18.55
487	-19.45	19
488	-19.45	2
488	-19	2.45
488	-18.55	2
488	-19	1.55
488	-19.45	2
489	-19.45	20
489	-19	20.45
489	-18.55	20
489	-19	19.55
489	-19.45	20
490	-19.45	21
490	-19	21.45
490	-18.55	21
490	-19	20.55
490	-19.45	21
491	-19.45	22
491	-19	22.45
491	-18.55	22
491	-19	21.55
491	-19.45	22
492	-19.45	23
492	-19	23.45
492	-18.55	23
492	-19	22.55
492	-19.45	23
493	-19.45	24
493	-19	24.45
493	-18.55	24
493	-19	23.55
493	-19.45	24
494	-19.45	25
494	-19	25.45
494	-18.55	25
494	-19	24.55
494	-19.45	25
495	-19.45	26
495	-19	26.45
495	-18.55	26
495	-19	25.55
495	-19.45	26
496	-19.45	27
496	-19	27.45
496	-18.55	27
496	-19	26.55
496	-19.45	27
497	-19.45	3
497	-19	3.45
497	-18.55	3
497	-19	2.55
497	-19.45	3
498	-19.45	4
498	-19	4.45
498	-18.55	4
498	-19	3.55
498	-19.45	4
499	-19.45	5
499	-19	5.45
499	-18.55	5
499	-19	4.55
499	-19.45	5
500	-19.45	6
500	-19	6.45
500	-18.55	6
500	-19	5.55
500	-19.45	6
501	-19.45	7
501	-19	7.45
501	-18.55	7
501	-19	6.55
501	-19.45	7
502	-19.45	8
502	-19	8.45
502	-18.55	8
502	-19	7.55
502	-19.45	8
503	-19.45	9
503	-19	9.45
503	-18.55	9
503	-19	8.55
503	-19.45	9
504	-19.95	0.5
504	-19.5	0.95
504	-19.05	0.5
504	-19.5	0.05
504	-19.95	0.5
505	-19.95	1.5
505	-19.5	1.95
505	-19.05	1.5
505	-19.5	1.05
505	-19.95	1.5
506	-19.95	10.5
506	-19.5	10.95
506	-19.05	10.5
506	-19.5	10.05
506	-19.95	10.5
507	-19.95	11.5
507	-19.5	11.95
507	-19.05	11.5
507	-19.5	11.05
507	-19.95	11.5
508	-19.95	12.5
508	-19.5	12.95
508	-19.05	12.5
508	-19.5	12.05
508	-19.95	12.5
509	-19.95	13.5
509	-19.5	13.95
509	-19.05	13.5
509	-19.5	13.05
509	-19.95	13.5
510	-19.95	14.5
510	-19.5	14.95
510	-19.05	14.5
510	-19.5	14.05
510	-19.95	14.5
511	-19.95	15.5
511	-19.5	15.95
511	-19.05	15.5
511	-19.5	15.05
511	-19.95	15.5
512	-19.95	16.5
512	-19.5	16.95
512	-19.05	16.5
512	-19.5	16.05
512	-19.95	16.5
513	-19.95	17.5
513	-19.5	17.95
513	-19.05	17.5
513	-19.5	17.05
513	-19.95	17.5
514	-19.95	18.5
514	-19.5	18.95
514	-19.05	18.5
514	-19.5	18.05
514	-19.95	18.5
515	-19.95	19.5
515	-19.5	19.95
515	-19.05	19.5
515	-19.5	19.05
515	-19.95	19.5
516	-19.95	2.5
516	-19.5	2.95
516	-19.05	2.5
516	-19.5	2.05
516	-19.95	2.5
517	-19.95	20.5
517	-19.5	20.95
517	-19.05	20.5
517	-19.5	20.05
517	-19.95	20.5
518	-19.95	21.5
518	-19.5	21.95
518	-19.05	21.5
518	-19.5	21.05
518	-19.95	21.5
519	-19.95	22.5
519	-19.5	22.95
519	-19.05	22.5
519	-19.5	22.05
519	-19.95	22.5
520	-19.95	23.5
520	-19.5	23.95
520	-19.05	23.5
520	-19.5	23.05
520	-19.95	23.5
521	-19.95	24.5
521	-19.5	24.95
521	-19.05	24.5
521	-19.5	24.05
521	-19.95	24.5
522	-19.95	25.5
522	-19.5	25.95
522	-19.05	25.5
522	-19.5	25.05
522	-19.95	25.5
523	-19.95	26.5
523	-19.5	26.95
523	-19.05	26.5
523	-19.5	26.05
523	-19.95	26.5
524	-19.95	27.5
524	-19.5	27.95
524	-19.05	27.5
524	-19.5	27.05
524	-19.95	27.5
525	-19.95	3.5
525	-19.5	3.95
525	-19.05	3.5
525	-19.5	3.05
525	-19.95	3.5
526	-19.95	4.5
526	-19.5	4.95
526	-19.05	4.5
526	-19.5	4.05
526	-19.95	4.5
527	-19.95	5.5
527	-19.5	5.95
527	-19.05	5.5
527	-19.5	5.05
527	-19.95	5.5
528	-19.95	6.5
528	-19.5	6.95
528	-19.05	6.5
528	-19.5	6.05
528	-19.95	6.5
529	-19.95	7.5
529	-19.5	7.95
529	-19.05	7.5
529	-19.5	7.05
529	-19.95	7.5
530	-19.95	8.5
530	-19.5	8.95
530	-19.05	8.5
530	-19.5	8.05
530	-19.95	8.5
531	-19.95	9.5
531	-19.5	9.95
531	-19.05	9.5
531	-19.5	9.05
531	-19.95	9.5
532	-2.45	0
532	-2	0.45
532	-1.55	0
532	-2	-0.45
532	-2.45	0
533	-2.45	1
533	-2	1.45
533	-1.55	1
533	-2	0.55
533	-2.45	1
534	-2.45	10
534	-2	10.45
534	-1.55	10
534	-2	9.55
534	-2.45	10
535	-2.45	12
535	-2	12.45
535	-1.55	12
535	-2	11.55
535	-2.45	12
536	-2.45	13
536	-2	13.45
536	-1.55	13
536	-2	12.55
536	-2.45	13
537	-2.45	14
537	-2	14.45
537	-1.55	14
537	-2	13.55
537	-2.45	14
538	-2.45	15
538	-2	15.45
538	-1.55	15
538	-2	14.55
538	-2.45	15
539	-2.45	16
539	-2	16.45
539	-1.55	16
539	-2	15.55
539	-2.45	16
540	-2.45	17
540	-2	17.45
540	-1.55	17
540	-2	16.55
540	-2.45	17
541	-2.45	18
541	-2	18.45
541	-1.55	18
541	-2	17.55
541	-2.45	18
542	-2.45	19
542	-2	19.45
542	-1.55	19
542	-2	18.55
542	-2.45	19
543	-2.45	2
543	-2	2.45
543	-1.55	2
543	-2	1.55
543	-2.45	2
544	-2.45	20
544	-2	20.45
544	-1.55	20
544	-2	19.55
544	-2.45	20
545	-2.45	21
545	-2	21.45
545	-1.55	21
545	-2	20.55
545	-2.45	21
546	-2.45	23
546	-2	23.45
546	-1.55	23
546	-2	22.55
546	-2.45	23
547	-2.45	3
547	-2	3.45
547	-1.55	3
547	-2	2.55
547	-2.45	3
548	-2.45	4
548	-2	4.45
548	-1.55	4
548	-2	3.55
548	-2.45	4
549	-2.45	5
549	-2	5.45
549	-1.55	5
549	-2	4.55
549	-2.45	5
550	-2.45	6
550	-2	6.45
550	-1.55	6
550	-2	5.55
550	-2.45	6
551	-2.45	7
551	-2	7.45
551	-1.55	7
551	-2	6.55
551	-2.45	7
552	-2.45	8
552	-2	8.45
552	-1.55	8
552	-2	7.55
552	-2.45	8
553	-2.45	9
553	-2	9.45
553	-1.55	9
553	-2	8.55
553	-2.45	9
554	-2.95	0.5
554	-2.5	0.95
554	-2.05	0.5
554	-2.5	0.05
554	-2.95	0.5
555	-2.95	1.5
555	-2.5	1.95
555	-2.05	1.5
555	-2.5	1.05
555	-2.95	1.5
556	-2.95	10.5
556	-2.5	10.95
556	-2.05	10.5
556	-2.5	10.05
556	-2.95	10.5
557	-2.95	11.5
557	-2.5	11.95
557	-2.05	11.5
557	-2.5	11.05
557	-2.95	11.5
558	-2.95	12.5
558	-2.5	12.95
558	-2.05	12.5
558	-2.5	12.05
558	-2.95	12.5
559	-2.95	13.5
559	-2.5	13.95
559	-2.05	13.5
559	-2.5	13.05
559	-2.95	13.5
560	-2.95	14.5
560	-2.5	14.95
560	-2.05	14.5
560	-2.5	14.05
560	-2.95	14.5
561	-2.95	15.5
561	-2.5	15.95
561	-2.05	15.5
561	-2.5	15.05
561	-2.95	15.5
562	-2.95	16.5
562	-2.5	16.95
562	-2.05	16.5
562	-2.5	16.05
562	-2.95	16.5
563	-2.95	17.5
563	-2.5	17.95
563	-2.05	17.5
563	-2.5	17.05
563	-2.95	17.5
564	-2.95	18.5
564	-2.5	18.95
564	-2.05	18.5
564	-2.5	18.05
564	-2.95	18.5
565	-2.95	19.5
565	-2.5	19.95
565	-2.05	19.5
565	-2.5	19.05
565	-2.95	19.5
566	-2.95	2.5
566	-2.5	2.95
566	-2.05	2.5
566	-2.5	2.05
566	-2.95	2.5
567	-2.95	20.5
567	-2.5	20.95
567	-2.05	20.5
567	-2.5	20.05
567	-2.95	20.5
568	-2.95	22.5
568	-2.5	22.95
568	-2.05	22.5
568	-2.5	22.05
568	-2.95	22.5
569	-2.95	3.5
569	-2.5	3.95
569	-2.05	3.5
569	-2.5	3.05
569	-2.95	3.5
570	-2.95	4.5
570	-2.5	4.95
570	-2.05	4.5
570	-2.5	4.05
570	-2.95	4.5
571	-2.95	5.5
571	-2.5	5.95
571	-2.05	5.5
571	-2.5	5.05
571	-2.95	5.5
572	-2.95	6.5
572	-2.5	6.95
572	-2.05	6.5
572	-2.5	6.05
572	-2.95	6.5
573	-2.95	7.5
573	-2.5	7.95
573	-2.05	7.5
573	-2.5	7.05
573	-2.95	7.5
574	-2.95	8.5
574	-2.5	8.95
574	-2.05	8.5
574	-2.5	8.05
574	-2.95	8.5
575	-2.95	9.5
575	-2.5	9.95
575	-2.05	9.5
575	-2.5	9.05
575	-2.95	9.5
576	-20.45	0
576	-20	0.45
576	-19.55	0
576	-20	-0.45
576	-20.45	0
577	-20.45	1
577	-20	1.45
577	-19.55	1
577	-20	0.55
577	-20.45	1
578	-20.45	10
578	-20	10.45
578	-19.55	10
578	-20	9.55
578	-20.45	10
579	-20.45	11
579	-20	11.45
579	-19.55	11
579	-20	10.55
579	-20.45	11
580	-20.45	12
580	-20	12.45
580	-19.55	12
580	-20	11.55
580	-20.45	12
581	-20.45	13
581	-20	13.45
581	-19.55	13
581	-20	12.55
581	-20.45	13
582	-20.45	14
582	-20	14.45
582	-19.55	14
582	-20	13.55
582	-20.45	14
583	-20.45	15
583	-20	15.45
583	-19.55	15
583	-20	14.55
583	-20.45	15
584	-20.45	16
584	-20	16.45
584	-19.55	16
584	-20	15.55
584	-20.45	16
585	-20.45	17
585	-20	17.45
585	-19.55	17
585	-20	16.55
585	-20.45	17
586	-20.45	18
586	-20	18.45
586	-19.55	18
586	-20	17.55
586	-20.45	18
587	-20.45	19
587	-20	19.45
587	-19.55	19
587	-20	18.55
587	-20.45	19
588	-20.45	2
588	-20	2.45
588	-19.55	2
588	-20	1.55
588	-20.45	2
589	-20.45	20
589	-20	20.45
589	-19.55	20
589	-20	19.55
589	-20.45	20
590	-20.45	21
590	-20	21.45
590	-19.55	21
590	-20	20.55
590	-20.45	21
591	-20.45	22
591	-20	22.45
591	-19.55	22
591	-20	21.55
591	-20.45	22
592	-20.45	23
592	-20	23.45
592	-19.55	23
592	-20	22.55
592	-20.45	23
593	-20.45	24
593	-20	24.45
593	-19.55	24
593	-20	23.55
593	-20.45	24
594	-20.45	25
594	-20	25.45
594	-19.55	25
594	-20	24.55
594	-20.45	25
595	-20.45	26
595	-20	26.45
595	-19.55	26
595	-20	25.55
595	-20.45	26
596	-20.45	27
596	-20	27.45
596	-19.55	27
596	-20	26.55
596	-20.45	27
597	-20.45	28
597	-20	28.45
597	-19.55	28
597	-20	27.55
597	-20.45	28
598	-20.45	3
598	-20	3.45
598	-19.55	3
598	-20	2.55
598	-20.45	3
599	-20.45	4
599	-20	4.45
599	-19.55	4
599	-20	3.55
599	-20.45	4
600	-20.45	5
600	-20	5.45
600	-19.55	5
600	-20	4.55
600	-20.45	5
601	-20.45	6
601	-20	6.45
601	-19.55	6
601	-20	5.55
601	-20.45	6
602	-20.45	7
602	-20	7.45
602	-19.55	7
602	-20	6.55
602	-20.45	7
603	-20.45	8
603	-20	8.45
603	-19.55	8
603	-20	7.55
603	-20.45	8
604	-20.45	9
604	-20	9.45
604	-19.55	9
604	-20	8.55
604	-20.45	9
605	-20.95	0.5
605	-20.5	0.95
605	-20.05	0.5
605	-20.5	0.05
605	-20.95	0.5
606	-20.95	1.5
606	-20.5	1.95
606	-20.05	1.5
606	-20.5	1.05
606	-20.95	1.5
607	-20.95	10.5
607	-20.5	10.95
607	-20.05	10.5
607	-20.5	10.05
607	-20.95	10.5
608	-20.95	11.5
608	-20.5	11.95
608	-20.05	11.5
608	-20.5	11.05
608	-20.95	11.5
609	-20.95	12.5
609	-20.5	12.95
609	-20.05	12.5
609	-20.5	12.05
609	-20.95	12.5
610	-20.95	13.5
610	-20.5	13.95
610	-20.05	13.5
610	-20.5	13.05
610	-20.95	13.5
611	-20.95	14.5
611	-20.5	14.95
611	-20.05	14.5
611	-20.5	14.05
611	-20.95	14.5
612	-20.95	15.5
612	-20.5	15.95
612	-20.05	15.5
612	-20.5	15.05
612	-20.95	15.5
613	-20.95	16.5
613	-20.5	16.95
613	-20.05	16.5
613	-20.5	16.05
613	-20.95	16.5
614	-20.95	17.5
614	-20.5	17.95
614	-20.05	17.5
614	-20.5	17.05
614	-20.95	17.5
615	-20.95	18.5
615	-20.5	18.95
615	-20.05	18.5
615	-20.5	18.05
615	-20.95	18.5
616	-20.95	19.5
616	-20.5	19.95
616	-20.05	19.5
616	-20.5	19.05
616	-20.95	19.5
617	-20.95	2.5
617	-20.5	2.95
617	-20.05	2.5
617	-20.5	2.05
617	-20.95	2.5
618	-20.95	20.5
618	-20.5	20.95
618	-20.05	20.5
618	-20.5	20.05
618	-20.95	20.5
619	-20.95	21.5
619	-20.5	21.95
619	-20.05	21.5
619	-20.5	21.05
619	-20.95	21.5
620	-20.95	22.5
620	-20.5	22.95
620	-20.05	22.5
620	-20.5	22.05
620	-20.95	22.5
621	-20.95	23.5
621	-20.5	23.95
621	-20.05	23.5
621	-20.5	23.05
621	-20.95	23.5
622	-20.95	24.5
622	-20.5	24.95
622	-20.05	24.5
622	-20.5	24.05
622	-20.95	24.5
623	-20.95	25.5
623	-20.5	25.95
623	-20.05	25.5
623	-20.5	25.05
623	-20.95	25.5
624	-20.95	26.5
624	-20.5	26.95
624	-20.05	26.5
624	-20.5	26.05
624	-20.95	26.5
625	-20.95	27.5
625	-20.5	27.95
625	-20.05	27.5
625	-20.5	27.05
625	-20.95	27.5
626	-20.95	28.5
626	-20.5	28.95
626	-20.05	28.5
626	-20.5	28.05
626	-20.95	28.5
627	-20.95	3.5
627	-20.5	3.95
627	-20.05	3.5
627	-20.5	3.05
627	-20.95	3.5
628	-20.95	4.5
628	-20.5	4.95
628	-20.05	4.5
628	-20.5	4.05
628	-20.95	4.5
629	-20.95	5.5
629	-20.5	5.95
629	-20.05	5.5
629	-20.5	5.05
629	-20.95	5.5
630	-20.95	6.5
630	-20.5	6.95
630	-20.05	6.5
630	-20.5	6.05
630	-20.95	6.5
631	-20.95	7.5
631	-20.5	7.95
631	-20.05	7.5
631	-20.5	7.05
631	-20.95	7.5
632	-20.95	8.5
632	-20.5	8.95
632	-20.05	8.5
632	-20.5	8.05
632	-20.95	8.5
633	-20.95	9.5
633	-20.5	9.95
633	-20.05	9.5
633	-20.5	9.05
633	-20.95	9.5
634	-21.45	0
634	-21	0.45
634	-20.55	0
634	-21	-0.45
634	-21.45	0
635	-21.45	1
635	-21	1.45
635	-20.55	1
635	-21	0.55
635	-21.45	1
636	-21.45	10
636	-21	10.45
636	-20.55	10
636	-21	9.55
636	-21.45	10
637	-21.45	11
637	-21	11.45
637	-20.55	11
637	-21	10.55
637	-21.45	11
638	-21.45	12
638	-21	12.45
638	-20.55	12
638	-21	11.55
638	-21.45	12
639	-21.45	13
639	-21	13.45
639	-20.55	13
639	-21	12.55
639	-21.45	13
640	-21.45	14
640	-21	14.45
640	-20.55	14
640	-21	13.55
640	-21.45	14
641	-21.45	15
641	-21	15.45
641	-20.55	15
641	-21	14.55
641	-21.45	15
642	-21.45	16
642	-21	16.45
642	-20.55	16
642	-21	15.55
642	-21.45	16
643	-21.45	17
643	-21	17.45
643	-20.55	17
643	-21	16.55
643	-21.45	17
644	-21.45	18
644	-21	18.45
644	-20.55	18
644	-21	17.55
644	-21.45	18
645	-21.45	19
645	-21	19.45
645	-20.55	19
645	-21	18.55
645	-21.45	19
646	-21.45	2
646	-21	2.45
646	-20.55	2
646	-21	1.55
646	-21.45	2
647	-21.45	20
647	-21	20.45
647	-20.55	20
647	-21	19.55
647	-21.45	20
648	-21.45	21
648	-21	21.45
648	-20.55	21
648	-21	20.55
648	-21.45	21
649	-21.45	22
649	-21	22.45
649	-20.55	22
649	-21	21.55
649	-21.45	22
650	-21.45	23
650	-21	23.45
650	-20.55	23
650	-21	22.55
650	-21.45	23
651	-21.45	24
651	-21	24.45
651	-20.55	24
651	-21	23.55
651	-21.45	24
652	-21.45	25
652	-21	25.45
652	-20.55	25
652	-21	24.55
652	-21.45	25
653	-21.45	26
653	-21	26.45
653	-20.55	26
653	-21	25.55
653	-21.45	26
654	-21.45	27
654	-21	27.45
654	-20.55	27
654	-21	26.55
654	-21.45	27
655	-21.45	28
655	-21	28.45
655	-20.55	28
655	-21	27.55
655	-21.45	28
656	-21.45	29
656	-21	29.45
656	-20.55	29
656	-21	28.55
656	-21.45	29
657	-21.45	3
657	-21	3.45
657	-20.55	3
657	-21	2.55
657	-21.45	3
658	-21.45	4
658	-21	4.45
658	-20.55	4
658	-21	3.55
658	-21.45	4
659	-21.45	5
659	-21	5.45
659	-20.55	5
659	-21	4.55
659	-21.45	5
660	-21.45	6
660	-21	6.45
660	-20.55	6
660	-21	5.55
660	-21.45	6
661	-21.45	7
661	-21	7.45
661	-20.55	7
661	-21	6.55
661	-21.45	7
662	-21.45	8
662	-21	8.45
662	-20.55	8
662	-21	7.55
662	-21.45	8
663	-21.45	9
663	-21	9.45
663	-20.55	9
663	-21	8.55
663	-21.45	9
664	-21.95	0.5
664	-21.5	0.95
664	-21.05	0.5
664	-21.5	0.05
664	-21.95	0.5
665	-21.95	1.5
665	-21.5	1.95
665	-21.05	1.5
665	-21.5	1.05
665	-21.95	1.5
666	-21.95	10.5
666	-21.5	10.95
666	-21.05	10.5
666	-21.5	10.05
666	-21.95	10.5
667	-21.95	11.5
667	-21.5	11.95
667	-21.05	11.5
667	-21.5	11.05
667	-21.95	11.5
668	-21.95	12.5
668	-21.5	12.95
668	-21.05	12.5
668	-21.5	12.05
668	-21.95	12.5
669	-21.95	13.5
669	-21.5	13.95
669	-21.05	13.5
669	-21.5	13.05
669	-21.95	13.5
670	-21.95	14.5
670	-21.5	14.95
670	-21.05	14.5
670	-21.5	14.05
670	-21.95	14.5
671	-21.95	15.5
671	-21.5	15.95
671	-21.05	15.5
671	-21.5	15.05
671	-21.95	15.5
672	-21.95	16.5
672	-21.5	16.95
672	-21.05	16.5
672	-21.5	16.05
672	-21.95	16.5
673	-21.95	17.5
673	-21.5	17.95
673	-21.05	17.5
673	-21.5	17.05
673	-21.95	17.5
674	-21.95	18.5
674	-21.5	18.95
674	-21.05	18.5
674	-21.5	18.05
674	-21.95	18.5
675	-21.95	19.5
675	-21.5	19.95
675	-21.05	19.5
675	-21.5	19.05
675	-21.95	19.5
676	-21.95	2.5
676	-21.5	2.95
676	-21.05	2.5
676	-21.5	2.05
676	-21.95	2.5
677	-21.95	20.5
677	-21.5	20.95
677	-21.05	20.5
677	-21.5	20.05
677	-21.95	20.5
678	-21.95	21.5
678	-21.5	21.95
678	-21.05	21.5
678	-21.5	21.05
678	-21.95	21.5
679	-21.95	22.5
679	-21.5	22.95
679	-21.05	22.5
679	-21.5	22.05
679	-21.95	22.5
680	-21.95	23.5
680	-21.5	23.95
680	-21.05	23.5
680	-21.5	23.05
680	-21.95	23.5
681	-21.95	24.5
681	-21.5	24.95
681	-21.05	24.5
681	-21.5	24.05
681	-21.95	24.5
682	-21.95	25.5
682	-21.5	25.95
682	-21.05	25.5
682	-21.5	25.05
682	-21.95	25.5
683	-21.95	26.5
683	-21.5	26.95
683	-21.05	26.5
683	-21.5	26.05
683	-21.95	26.5
684	-21.95	27.5
684	-21.5	27.95
684	-21.05	27.5
684	-21.5	27.05
684	-21.95	27.5
685	-21.95	28.5
685	-21.5	28.95
685	-21.05	28.5
685	-21.5	28.05
685	-21.95	28.5
686	-21.95	29.5
686	-21.5	29.95
686	-21.05	29.5
686	-21.5	29.05
686	-21.95	29.5
687	-21.95	3.5
687	-21.5	3.95
687	-21.05	3.5
687	-21.5	3.05
687	-21.95	3.5
688	-21.95	4.5
688	-21.5	4.95
688	-21.05	4.5
688	-21.5	4.05
688	-21.95	4.5
689	-21.95	5.5
689	-21.5	5.95
689	-21.05	5.5
689	-21.5	5.05
689	-21.95	5.5
690	-21.95	6.5
690	-21.5	6.95
690	-21.05	6.5
690	-21.5	6.05
690	-21.95	6.5
691	-21.95	7.5
691	-21.5	7.95
691	-21.05	7.5
691	-21.5	7.05
691	-21.95	7.5
692	-21.95	8.5
692	-21.5	8.95
692	-21.05	8.5
692	-21.5	8.05
692	-21.95	8.5
693	-21.95	9.5
693	-21.5	9.95
693	-21.05	9.5
693	-21.5	9.05
693	-21.95	9.5
694	-22.45	0
694	-22	0.45
694	-21.55	0
694	-22	-0.45
694	-22.45	0
695	-22.45	1
695	-22	1.45
695	-21.55	1
695	-22	0.55
695	-22.45	1
696	-22.45	10
696	-22	10.45
696	-21.55	10
696	-22	9.55
696	-22.45	10
697	-22.45	11
697	-22	11.45
697	-21.55	11
697	-22	10.55
697	-22.45	11
698	-22.45	12
698	-22	12.45
698	-21.55	12
698	-22	11.55
698	-22.45	12
699	-22.45	13
699	-22	13.45
699	-21.55	13
699	-22	12.55
699	-22.45	13
700	-22.45	14
700	-22	14.45
700	-21.55	14
700	-22	13.55
700	-22.45	14
701	-22.45	15
701	-22	15.45
701	-21.55	15
701	-22	14.55
701	-22.45	15
702	-22.45	16
702	-22	16.45
702	-21.55	16
702	-22	15.55
702	-22.45	16
703	-22.45	17
703	-22	17.45
703	-21.55	17
703	-22	16.55
703	-22.45	17
704	-22.45	18
704	-22	18.45
704	-21.55	18
704	-22	17.55
704	-22.45	18
705	-22.45	19
705	-22	19.45
705	-21.55	19
705	-22	18.55
705	-22.45	19
706	-22.45	2
706	-22	2.45
706	-21.55	2
706	-22	1.55
706	-22.45	2
707	-22.45	20
707	-22	20.45
707	-21.55	20
707	-22	19.55
707	-22.45	20
708	-22.45	21
708	-22	21.45
708	-21.55	21
708	-22	20.55
708	-22.45	21
709	-22.45	22
709	-22	22.45
709	-21.55	22
709	-22	21.55
709	-22.45	22
710	-22.45	23
710	-22	23.45
710	-21.55	23
710	-22	22.55
710	-22.45	23
711	-22.45	24
711	-22	24.45
711	-21.55	24
711	-22	23.55
711	-22.45	24
712	-22.45	25
712	-22	25.45
712	-21.55	25
712	-22	24.55
712	-22.45	25
713	-22.45	26
713	-22	26.45
713	-21.55	26
713	-22	25.55
713	-22.45	26
714	-22.45	27
714	-22	27.45
714	-21.55	27
714	-22	26.55
714	-22.45	27
715	-22.45	28
715	-22	28.45
715	-21.55	28
715	-22	27.55
715	-22.45	28
716	-22.45	29
716	-22	29.45
716	-21.55	29
716	-22	28.55
716	-22.45	29
717	-22.45	3
717	-22	3.45
717	-21.55	3
717	-22	2.55
717	-22.45	3
718	-22.45	30
718	-22	30.45
718	-21.55	30
718	-22	29.55
718	-22.45	30
719	-22.45	4
719	-22	4.45
719	-21.55	4
719	-22	3.55
719	-22.45	4
720	-22.45	5
720	-22	5.45
720	-21.55	5
720	-22	4.55
720	-22.45	5
721	-22.45	6
721	-22	6.45
721	-21.55	6
721	-22	5.55
721	-22.45	6
722	-22.45	7
722	-22	7.45
722	-21.55	7
722	-22	6.55
722	-22.45	7
723	-22.45	8
723	-22	8.45
723	-21.55	8
723	-22	7.55
723	-22.45	8
724	-22.45	9
724	-22	9.45
724	-21.55	9
724	-22	8.55
724	-22.45	9
725	-22.95	0.5
725	-22.5	0.95
725	-22.05	0.5
725	-22.5	0.05
725	-22.95	0.5
726	-22.95	1.5
726	-22.5	1.95
726	-22.05	1.5
726	-22.5	1.05
726	-22.95	1.5
727	-22.95	10.5
727	-22.5	10.95
727	-22.05	10.5
727	-22.5	10.05
727	-22.95	10.5
728	-22.95	11.5
728	-22.5	11.95
728	-22.05	11.5
728	-22.5	11.05
728	-22.95	11.5
729	-22.95	12.5
729	-22.5	12.95
729	-22.05	12.5
729	-22.5	12.05
729	-22.95	12.5
730	-22.95	13.5
730	-22.5	13.95
730	-22.05	13.5
730	-22.5	13.05
730	-22.95	13.5
731	-22.95	14.5
731	-22.5	14.95
731	-22.05	14.5
731	-22.5	14.05
731	-22.95	14.5
732	-22.95	15.5
732	-22.5	15.95
732	-22.05	15.5
732	-22.5	15.05
732	-22.95	15.5
733	-22.95	16.5
733	-22.5	16.95
733	-22.05	16.5
733	-22.5	16.05
733	-22.95	16.5
734	-22.95	17.5
734	-22.5	17.95
734	-22.05	17.5
734	-22.5	17.05
734	-22.95	17.5
735	-22.95	18.5
735	-22.5	18.95
735	-22.05	18.5
735	-22.5	18.05
735	-22.95	18.5
736	-22.95	19.5
736	-22.5	19.95
736	-22.05	19.5
736	-22.5	19.05
736	-22.95	19.5
737	-22.95	2.5
737	-22.5	2.95
737	-22.05	2.5
737	-22.5	2.05
737	-22.95	2.5
738	-22.95	20.5
738	-22.5	20.95
738	-22.05	20.5
738	-22.5	20.05
738	-22.95	20.5
739	-22.95	21.5
739	-22.5	21.95
739	-22.05	21.5
739	-22.5	21.05
739	-22.95	21.5
740	-22.95	22.5
740	-22.5	22.95
740	-22.05	22.5
740	-22.5	22.05
740	-22.95	22.5
741	-22.95	23.5
741	-22.5	23.95
741	-22.05	23.5
741	-22.5	23.05
741	-22.95	23.5
742	-22.95	24.5
742	-22.5	24.95
742	-22.05	24.5
742	-22.5	24.05
742	-22.95	24.5
743	-22.95	25.5
743	-22.5	25.95
743	-22.05	25.5
743	-22.5	25.05
743	-22.95	25.5
744	-22.95	26.5
744	-22.5	26.95
744	-22.05	26.5
744	-22.5	26.05
744	-22.95	26.5
745	-22.95	27.5
745	-22.5	27.95
745	-22.05	27.5
745	-22.5	27.05
745	-22.95	27.5
746	-22.95	28.5
746	-22.5	28.95
746	-22.05	28.5
746	-22.5	28.05
746	-22.95	28.5
747	-22.95	29.5
747	-22.5	29.95
747	-22.05	29.5
747	-22.5	29.05
747	-22.95	29.5
748	-22.95	3.5
748	-22.5	3.95
748	-22.05	3.5
748	-22.5	3.05
748	-22.95	3.5
749	-22.95	30.5
749	-22.5	30.95
749	-22.05	30.5
749	-22.5	30.05
749	-22.95	30.5
750	-22.95	4.5
750	-22.5	4.95
750	-22.05	4.5
750	-22.5	4.05
750	-22.95	4.5
751	-22.95	5.5
751	-22.5	5.95
751	-22.05	5.5
751	-22.5	5.05
751	-22.95	5.5
752	-22.95	6.5
752	-22.5	6.95
752	-22.05	6.5
752	-22.5	6.05
752	-22.95	6.5
753	-22.95	7.5
753	-22.5	7.95
753	-22.05	7.5
753	-22.5	7.05
753	-22.95	7.5
754	-22.95	8.5
754	-22.5	8.95
754	-22.05	8.5
754	-22.5	8.05
754	-22.95	8.5
755	-22.95	9.5
755	-22.5	9.95
755	-22.05	9.5
755	-22.5	9.05
755	-22.95	9.5
756	-23.45	0
756	-23	0.45
756	-22.55	0
756	-23	-0.45
756	-23.45	0
757	-23.45	1
757	-23	1.45
757	-22.55	1
757	-23	0.55
757	-23.45	1
758	-23.45	10
758	-23	10.45
758	-22.55	10
758	-23	9.55
758	-23.45	10
759	-23.45	11
759	-23	11.45
759	-22.55	11
759	-23	10.55
759	-23.45	11
760	-23.45	12
760	-23	12.45
760	-22.55	12
760	-23	11.55
760	-23.45	12
761	-23.45	13
761	-23	13.45
761	-22.55	13
761	-23	12.55
761	-23.45	13
762	-23.45	14
762	-23	14.45
762	-22.55	14
762	-23	13.55
762	-23.45	14
763	-23.45	15
763	-23	15.45
763	-22.55	15
763	-23	14.55
763	-23.45	15
764	-23.45	16
764	-23	16.45
764	-22.55	16
764	-23	15.55
764	-23.45	16
765	-23.45	17
765	-23	17.45
765	-22.55	17
765	-23	16.55
765	-23.45	17
766	-23.45	18
766	-23	18.45
766	-22.55	18
766	-23	17.55
766	-23.45	18
767	-23.45	19
767	-23	19.45
767	-22.55	19
767	-23	18.55
767	-23.45	19
768	-23.45	2
768	-23	2.45
768	-22.55	2
768	-23	1.55
768	-23.45	2
769	-23.45	20
769	-23	20.45
769	-22.55	20
769	-23	19.55
769	-23.45	20
770	-23.45	21
770	-23	21.45
770	-22.55	21
770	-23	20.55
770	-23.45	21
771	-23.45	22
771	-23	22.45
771	-22.55	22
771	-23	21.55
771	-23.45	22
772	-23.45	23
772	-23	23.45
772	-22.55	23
772	-23	22.55
772	-23.45	23
773	-23.45	24
773	-23	24.45
773	-22.55	24
773	-23	23.55
773	-23.45	24
774	-23.45	25
774	-23	25.45
774	-22.55	25
774	-23	24.55
774	-23.45	25
775	-23.45	26
775	-23	26.45
775	-22.55	26
775	-23	25.55
775	-23.45	26
776	-23.45	27
776	-23	27.45
776	-22.55	27
776	-23	26.55
776	-23.45	27
777	-23.45	28
777	-23	28.45
777	-22.55	28
777	-23	27.55
777	-23.45	28
778	-23.45	29
778	-23	29.45
778	-22.55	29
778	-23	28.55
778	-23.45	29
779	-23.45	3
779	-23	3.45
779	-22.55	3
779	-23	2.55
779	-23.45	3
780	-23.45	30
780	-23	30.45
780	-22.55	30
780	-23	29.55
780	-23.45	30
781	-23.45	31
781	-23	31.45
781	-22.55	31
781	-23	30.55
781	-23.45	31
782	-23.45	4
782	-23	4.45
782	-22.55	4
782	-23	3.55
782	-23.45	4
783	-23.45	5
783	-23	5.45
783	-22.55	5
783	-23	4.55
783	-23.45	5
784	-23.45	6
784	-23	6.45
784	-22.55	6
784	-23	5.55
784	-23.45	6
785	-23.45	7
785	-23	7.45
785	-22.55	7
785	-23	6.55
785	-23.45	7
786	-23.45	8
786	-23	8.45
786	-22.55	8
786	-23	7.55
786	-23.45	8
787	-23.45	9
787	-23	9.45
787	-22.55	9
787	-23	8.55
787	-23.45	9
788	-23.95	0.5
788	-23.5	0.95
788	-23.05	0.5
788	-23.5	0.05
788	-23.95	0.5
789	-23.95	1.5
789	-23.5	1.95
789	-23.05	1.5
789	-23.5	1.05
789	-23.95	1.5
790	-23.95	10.5
790	-23.5	10.95
790	-23.05	10.5
790	-23.5	10.05
790	-23.95	10.5
791	-23.95	11.5
791	-23.5	11.95
791	-23.05	11.5
791	-23.5	11.05
791	-23.95	11.5
792	-23.95	12.5
792	-23.5	12.95
792	-23.05	12.5
792	-23.5	12.05
792	-23.95	12.5
793	-23.95	13.5
793	-23.5	13.95
793	-23.05	13.5
793	-23.5	13.05
793	-23.95	13.5
794	-23.95	14.5
794	-23.5	14.95
794	-23.05	14.5
794	-23.5	14.05
794	-23.95	14.5
795	-23.95	15.5
795	-23.5	15.95
795	-23.05	15.5
795	-23.5	15.05
795	-23.95	15.5
796	-23.95	16.5
796	-23.5	16.95
796	-23.05	16.5
796	-23.5	16.05
796	-23.95	16.5
797	-23.95	17.5
797	-23.5	17.95
797	-23.05	17.5
797	-23.5	17.05
797	-23.95	17.5
798	-23.95	18.5
798	-23.5	18.95
798	-23.05	18.5
798	-23.5	18.05
798	-23.95	18.5
799	-23.95	19.5
799	-23.5	19.95
799	-23.05	19.5
799	-23.5	19.05
799	-23.95	19.5
800	-23.95	2.5
800	-23.5	2.95
800	-23.05	2.5
800	-23.5	2.05
800	-23.95	2.5
801	-23.95	20.5
801	-23.5	20.95
801	-23.05	20.5
801	-23.5	20.05
801	-23.95	20.5
802	-23.95	21.5
802	-23.5	21.95
802	-23.05	21.5
802	-23.5	21.05
802	-23.95	21.5
803	-23.95	22.5
803	-23.5	22.95
803	-23.05	22.5
803	-23.5	22.05
803	-23.95	22.5
804	-23.95	23.5
804	-23.5	23.95
804	-23.05	23.5
804	-23.5	23.05
804	-23.95	23.5
805	-23.95	24.5
805	-23.5	24.95
805	-23.05	24.5
805	-23.5	24.05
805	-23.95	24.5
806	-23.95	25.5
806	-23.5	25.95
806	-23.05	25.5
806	-23.5	25.05
806	-23.95	25.5
807	-23.95	26.5
807	-23.5	26.95
807	-23.05	26.5
807	-23.5	26.05
807	-23.95	26.5
808	-23.95	27.5
808	-23.5	27.95
808	-23.05	27.5
808	-23.5	27.05
808	-23.95	27.5
809	-23.95	28.5
809	-23.5	28.95
809	-23.05	28.5
809	-23.5	28.05
809	-23.95	28.5
810	-23.95	29.5
810	-23.5	29.95
810	-23.05	29.5
810	-23.5	29.05
810	-23.95	29.5
811	-23.95	3.5
811	-23.5	3.95
811	-23.05	3.5
811	-23.5	3.05
811	-23.95	3.5
812	-23.95	30.5
812	-23.5	30.95
812	-23.05	30.5
812	-23.5	30.05
812	-23.95	30.5
813	-23.95	31.5
813	-23.5	31.95
813	-23.05	31.5
813	-23.5	31.05
813	-23.95	31.5
814	-23.95	4.5
814	-23.5	4.95
814	-23.05	4.5
814	-23.5	4.05
814	-23.95	4.5
815	-23.95	5.5
815	-23.5	5.95
815	-23.05	5.5
815	-23.5	5.05
815	-23.95	5.5
816	-23.95	6.5
816	-23.5	6.95
816	-23.05	6.5
816	-23.5	6.05
816	-23.95	6.5
817	-23.95	7.5
817	-23.5	7.95
817	-23.05	7.5
817	-23.5	7.05
817	-23.95	7.5
818	-23.95	8.5
818	-23.5	8.95
818	-23.05	8.5
818	-23.5	8.05
818	-23.95	8.5
819	-23.95	9.5
819	-23.5	9.95
819	-23.05	9.5
819	-23.5	9.05
819	-23.95	9.5
820	-24.45	0
820	-24	0.45
820	-23.55	0
820	-24	-0.45
820	-24.45	0
821	-24.45	1
821	-24	1.45
821	-23.55	1
821	-24	0.55
821	-24.45	1
822	-24.45	10
822	-24	10.45
822	-23.55	10
822	-24	9.55
822	-24.45	10
823	-24.45	11
823	-24	11.45
823	-23.55	11
823	-24	10.55
823	-24.45	11
824	-24.45	12
824	-24	12.45
824	-23.55	12
824	-24	11.55
824	-24.45	12
825	-24.45	13
825	-24	13.45
825	-23.55	13
825	-24	12.55
825	-24.45	13
826	-24.45	14
826	-24	14.45
826	-23.55	14
826	-24	13.55
826	-24.45	14
827	-24.45	15
827	-24	15.45
827	-23.55	15
827	-24	14.55
827	-24.45	15
828	-24.45	16
828	-24	16.45
828	-23.55	16
828	-24	15.55
828	-24.45	16
829	-24.45	17
829	-24	17.45
829	-23.55	17
829	-24	16.55
829	-24.45	17
830	-24.45	18
830	-24	18.45
830	-23.55	18
830	-24	17.55
830	-24.45	18
831	-24.45	19
831	-24	19.45
831	-23.55	19
831	-24	18.55
831	-24.45	19
832	-24.45	2
832	-24	2.45
832	-23.55	2
832	-24	1.55
832	-24.45	2
833	-24.45	20
833	-24	20.45
833	-23.55	20
833	-24	19.55
833	-24.45	20
834	-24.45	21
834	-24	21.45
834	-23.55	21
834	-24	20.55
834	-24.45	21
835	-24.45	22
835	-24	22.45
835	-23.55	22
835	-24	21.55
835	-24.45	22
836	-24.45	23
836	-24	23.45
836	-23.55	23
836	-24	22.55
836	-24.45	23
837	-24.45	24
837	-24	24.45
837	-23.55	24
837	-24	23.55
837	-24.45	24
838	-24.45	25
838	-24	25.45
838	-23.55	25
838	-24	24.55
838	-24.45	25
839	-24.45	26
839	-24	26.45
839	-23.55	26
839	-24	25.55
839	-24.45	26
840	-24.45	27
840	-24	27.45
840	-23.55	27
840	-24	26.55
840	-24.45	27
841	-24.45	28
841	-24	28.45
841	-23.55	28
841	-24	27.55
841	-24.45	28
842	-24.45	29
842	-24	29.45
842	-23.55	29
842	-24	28.55
842	-24.45	29
843	-24.45	3
843	-24	3.45
843	-23.55	3
843	-24	2.55
843	-24.45	3
844	-24.45	30
844	-24	30.45
844	-23.55	30
844	-24	29.55
844	-24.45	30
845	-24.45	31
845	-24	31.45
845	-23.55	31
845	-24	30.55
845	-24.45	31
846	-24.45	32
846	-24	32.45
846	-23.55	32
846	-24	31.55
846	-24.45	32
847	-24.45	4
847	-24	4.45
847	-23.55	4
847	-24	3.55
847	-24.45	4
848	-24.45	5
848	-24	5.45
848	-23.55	5
848	-24	4.55
848	-24.45	5
849	-24.45	6
849	-24	6.45
849	-23.55	6
849	-24	5.55
849	-24.45	6
850	-24.45	7
850	-24	7.45
850	-23.55	7
850	-24	6.55
850	-24.45	7
851	-24.45	8
851	-24	8.45
851	-23.55	8
851	-24	7.55
851	-24.45	8
852	-24.45	9
852	-24	9.45
852	-23.55	9
852	-24	8.55
852	-24.45	9
853	-24.95	0.5
853	-24.5	0.95
853	-24.05	0.5
853	-24.5	0.05
853	-24.95	0.5
854	-24.95	1.5
854	-24.5	1.95
854	-24.05	1.5
854	-24.5	1.05
854	-24.95	1.5
855	-24.95	10.5
855	-24.5	10.95
855	-24.05	10.5
855	-24.5	10.05
855	-24.95	10.5
856	-24.95	11.5
856	-24.5	11.95
856	-24.05	11.5
856	-24.5	11.05
856	-24.95	11.5
857	-24.95	12.5
857	-24.5	12.95
857	-24.05	12.5
857	-24.5	12.05
857	-24.95	12.5
858	-24.95	13.5
858	-24.5	13.95
858	-24.05	13.5
858	-24.5	13.05
858	-24.95	13.5
859	-24.95	14.5
859	-24.5	14.95
859	-24.05	14.5
859	-24.5	14.05
859	-24.95	14.5
860	-24.95	15.5
860	-24.5	15.95
860	-24.05	15.5
860	-24.5	15.05
860	-24.95	15.5
861	-24.95	16.5
861	-24.5	16.95
861	-24.05	16.5
861	-24.5	16.05
861	-24.95	16.5
862	-24.95	17.5
862	-24.5	17.95
862	-24.05	17.5
862	-24.5	17.05
862	-24.95	17.5
863	-24.95	18.5
863	-24.5	18.95
863	-24.05	18.5
863	-24.5	18.05
863	-24.95	18.5
864	-24.95	19.5
864	-24.5	19.95
864	-24.05	19.5
864	-24.5	19.05
864	-24.95	19.5
865	-24.95	2.5
865	-24.5	2.95
865	-24.05	2.5
865	-24.5	2.05
865	-24.95	2.5
866	-24.95	20.5
866	-24.5	20.95
866	-24.05	20.5
866	-24.5	20.05
866	-24.95	20.5
867	-24.95	21.5
867	-24.5	21.95
867	-24.05	21.5
867	-24.5	21.05
867	-24.95	21.5
868	-24.95	22.5
868	-24.5	22.95
868	-24.05	22.5
868	-24.5	22.05
868	-24.95	22.5
869	-24.95	23.5
869	-24.5	23.95
869	-24.05	23.5
869	-24.5	23.05
869	-24.95	23.5
870	-24.95	24.5
870	-24.5	24.95
870	-24.05	24.5
870	-24.5	24.05
870	-24.95	24.5
871	-24.95	25.5
871	-24.5	25.95
871	-24.05	25.5
871	-24.5	25.05
871	-24.95	25.5
872	-24.95	26.5
872	-24.5	26.95
872	-24.05	26.5
872	-24.5	26.05
872	-24.95	26.5
873	-24.95	27.5
873	-24.5	27.95
873	-24.05	27.5
873	-24.5	27.05
873	-24.95	27.5
874	-24.95	28.5
874	-24.5	28.95
874	-24.05	28.5
874	-24.5	28.05
874	-24.95	28.5
875	-24.95	29.5
875	-24.5	29.95
875	-24.05	29.5
875	-24.5	29.05
875	-24.95	29.5
876	-24.95	3.5
876	-24.5	3.95
876	-24.05	3.5
876	-24.5	3.05
876	-24.95	3.5
877	-24.95	30.5
877	-24.5	30.95
877	-24.05	30.5
877	-24.5	30.05
877	-24.95	30.5
878	-24.95	31.5
878	-24.5	31.95
878	-24.05	31.5
878	-24.5	31.05
878	-24.95	31.5
879	-24.95	32.5
879	-24.5	32.95
879	-24.05	32.5
879	-24.5	32.05
879	-24.95	32.5
880	-24.95	4.5
880	-24.5	4.95
880	-24.05	4.5
880	-24.5	4.05
880	-24.95	4.5
881	-24.95	5.5
881	-24.5	5.95
881	-24.05	5.5
881	-24.5	5.05
881	-24.95	5.5
882	-24.95	6.5
882	-24.5	6.95
882	-24.05	6.5
882	-24.5	6.05
882	-24.95	6.5
883	-24.95	7.5
883	-24.5	7.95
883	-24.05	7.5
883	-24.5	7.05
883	-24.95	7.5
884	-24.95	8.5
884	-24.5	8.95
884	-24.05	8.5
884	-24.5	8.05
884	-24.95	8.5
885	-24.95	9.5
885	-24.5	9.95
885	-24.05	9.5
885	-24.5	9.05
885	-24.95	9.5
886	-25.45	0
886	-25	0.45
886	-24.55	0
886	-25	-0.45
886	-25.45	0
887	-25.45	1
887	-25	1.45
887	-24.55	1
887	-25	0.55
887	-25.45	1
888	-25.45	10
888	-25	10.45
888	-24.55	10
888	-25	9.55
888	-25.45	10
889	-25.45	11
889	-25	11.45
889	-24.55	11
889	-25	10.55
889	-25.45	11
890	-25.45	12
890	-25	12.45
890	-24.55	12
890	-25	11.55
890	-25.45	12
891	-25.45	13
891	-25	13.45
891	-24.55	13
891	-25	12.55
891	-25.45	13
892	-25.45	14
892	-25	14.45
892	-24.55	14
892	-25	13.55
892	-25.45	14
893	-25.45	15
893	-25	15.45
893	-24.55	15
893	-25	14.55
893	-25.45	15
894	-25.45	16
894	-25	16.45
894	-24.55	16
894	-25	15.55
894	-25.45	16
895	-25.45	17
895	-25	17.45
895	-24.55	17
895	-25	16.55
895	-25.45	17
896	-25.45	18
896	-25	18.45
896	-24.55	18
896	-25	17.55
896	-25.45	18
897	-25.45	19
897	-25	19.45
897	-24.55	19
897	-25	18.55
897	-25.45	19
898	-25.45	2
898	-25	2.45
898	-24.55	2
898	-25	1.55
898	-25.45	2
899	-25.45	20
899	-25	20.45
899	-24.55	20
899	-25	19.55
899	-25.45	20
900	-25.45	21
900	-25	21.45
900	-24.55	21
900	-25	20.55
900	-25.45	21
901	-25.45	22
901	-25	22.45
901	-24.55	22
901	-25	21.55
901	-25.45	22
902	-25.45	23
902	-25	23.45
902	-24.55	23
902	-25	22.55
902	-25.45	23
903	-25.45	24
903	-25	24.45
903	-24.55	24
903	-25	23.55
903	-25.45	24
904	-25.45	25
904	-25	25.45
904	-24.55	25
904	-25	24.55
904	-25.45	25
905	-25.45	26
905	-25	26.45
905	-24.55	26
905	-25	25.55
905	-25.45	26
906	-25.45	27
906	-25	27.45
906	-24.55	27
906	-25	26.55
906	-25.45	27
907	-25.45	28
907	-25	28.45
907	-24.55	28
907	-25	27.55
907	-25.45	28
908	-25.45	29
908	-25	29.45
908	-24.55	29
908	-25	28.55
908	-25.45	29
909	-25.45	3
909	-25	3.45
909	-24.55	3
909	-25	2.55
909	-25.45	3
910	-25.45	30
910	-25	30.45
910	-24.55	30
910	-25	29.55
910	-25.45	30
911	-25.45	31
911	-25	31.45
911	-24.55	31
911	-25	30.55
911	-25.45	31
912	-25.45	32
912	-25	32.45
912	-24.55	32
912	-25	31.55
912	-25.45	32
913	-25.45	33
913	-25	33.45
913	-24.55	33
913	-25	32.55
913	-25.45	33
914	-25.45	4
914	-25	4.45
914	-24.55	4
914	-25	3.55
914	-25.45	4
915	-25.45	5
915	-25	5.45
915	-24.55	5
915	-25	4.55
915	-25.45	5
916	-25.45	6
916	-25	6.45
916	-24.55	6
916	-25	5.55
916	-25.45	6
917	-25.45	7
917	-25	7.45
917	-24.55	7
917	-25	6.55
917	-25.45	7
918	-25.45	8
918	-25	8.45
918	-24.55	8
918	-25	7.55
918	-25.45	8
919	-25.45	9
919	-25	9.45
919	-24.55	9
919	-25	8.55
919	-25.45	9
920	-25.95	0.5
920	-25.5	0.95
920	-25.05	0.5
920	-25.5	0.05
920	-25.95	0.5
921	-25.95	1.5
921	-25.5	1.95
921	-25.05	1.5
921	-25.5	1.05
921	-25.95	1.5
922	-25.95	10.5
922	-25.5	10.95
922	-25.05	10.5
922	-25.5	10.05
922	-25.95	10.5
923	-25.95	11.5
923	-25.5	11.95
923	-25.05	11.5
923	-25.5	11.05
923	-25.95	11.5
924	-25.95	12.5
924	-25.5	12.95
924	-25.05	12.5
924	-25.5	12.05
924	-25.95	12.5
925	-25.95	13.5
925	-25.5	13.95
925	-25.05	13.5
925	-25.5	13.05
925	-25.95	13.5
926	-25.95	14.5
926	-25.5	14.95
926	-25.05	14.5
926	-25.5	14.05
926	-25.95	14.5
927	-25.95	15.5
927	-25.5	15.95
927	-25.05	15.5
927	-25.5	15.05
927	-25.95	15.5
928	-25.95	16.5
928	-25.5	16.95
928	-25.05	16.5
928	-25.5	16.05
928	-25.95	16.5
929	-25.95	17.5
929	-25.5	17.95
929	-25.05	17.5
929	-25.5	17.05
929	-25.95	17.5
930	-25.95	18.5
930	-25.5	18.95
930	-25.05	18.5
930	-25.5	18.05
930	-25.95	18.5
931	-25.95	19.5
931	-25.5	19.95
931	-25.05	19.5
931	-25.5	19.05
931	-25.95	19.5
932	-25.95	2.5
932	-25.5	2.95
932	-25.05	2.5
932	-25.5	2.05
932	-25.95	2.5
933	-25.95	20.5
933	-25.5	20.95
933	-25.05	20.5
933	-25.5	20.05
933	-25.95	20.5
934	-25.95	21.5
934	-25.5	21.95
934	-25.05	21.5
934	-25.5	21.05
934	-25.95	21.5
935	-25.95	22.5
935	-25.5	22.95
935	-25.05	22.5
935	-25.5	22.05
935	-25.95	22.5
936	-25.95	23.5
936	-25.5	23.95
936	-25.05	23.5
936	-25.5	23.05
936	-25.95	23.5
937	-25.95	24.5
937	-25.5	24.95
937	-25.05	24.5
937	-25.5	24.05
937	-25.95	24.5
938	-25.95	25.5
938	-25.5	25.95
938	-25.05	25.5
938	-25.5	25.05
938	-25.95	25.5
939	-25.95	26.5
939	-25.5	26.95
939	-25.05	26.5
939	-25.5	26.05
939	-25.95	26.5
940	-25.95	27.5
940	-25.5	27.95
940	-25.05	27.5
940	-25.5	27.05
940	-25.95	27.5
941	-25.95	28.5
941	-25.5	28.95
941	-25.05	28.5
941	-25.5	28.05
941	-25.95	28.5
942	-25.95	29.5
942	-25.5	29.95
942	-25.05	29.5
942	-25.5	29.05
942	-25.95	29.5
943	-25.95	3.5
943	-25.5	3.95
943	-25.05	3.5
943	-25.5	3.05
943	-25.95	3.5
944	-25.95	30.5
944	-25.5	30.95
944	-25.05	30.5
944	-25.5	30.05
944	-25.95	30.5
945	-25.95	31.5
945	-25.5	31.95
945	-25.05	31.5
945	-25.5	31.05
945	-25.95	31.5
946	-25.95	32.5
946	-25.5	32.95
946	-25.05	32.5
946	-25.5	32.05
946	-25.95	32.5
947	-25.95	33.5
947	-25.5	33.95
947	-25.05	33.5
947	-25.5	33.05
947	-25.95	33.5
948	-25.95	4.5
948	-25.5	4.95
948	-25.05	4.5
948	-25.5	4.05
948	-25.95	4.5
949	-25.95	5.5
949	-25.5	5.95
949	-25.05	5.5
949	-25.5	5.05
949	-25.95	5.5
950	-25.95	6.5
950	-25.5	6.95
950	-25.05	6.5
950	-25.5	6.05
950	-25.95	6.5
951	-25.95	7.5
951	-25.5	7.95
951	-25.05	7.5
951	-25.5	7.05
951	-25.95	7.5
952	-25.95	8.5
952	-25.5	8.95
952	-25.05	8.5
952	-25.5	8.05
952	-25.95	8.5
953	-25.95	9.5
953	-25.5	9.95
953	-25.05	9.5
953	-25.5	9.05
953	-25.95	9.5
954	-26.45	0
954	-26	0.45
954	-25.55	0
954	-26	-0.45
954	-26.45	0
955	-26.45	1
955	-26	1.45
955	-25.55	1
955	-26	0.55
955	-26.45	1
956	-26.45	10
956	-26	10.45
956	-25.55	10
956	-26	9.55
956	-26.45	10
957	-26.45	11
957	-26	11.45
957	-25.55	11
957	-26	10.55
957	-26.45	11
958	-26.45	12
958	-26	12.45
958	-25.55	12
958	-26	11.55
958	-26.45	12
959	-26.45	13
959	-26	13.45
959	-25.55	13
959	-26	12.55
959	-26.45	13
960	-26.45	14
960	-26	14.45
960	-25.55	14
960	-26	13.55
960	-26.45	14
961	-26.45	15
961	-26	15.45
961	-25.55	15
961	-26	14.55
961	-26.45	15
962	-26.45	16
962	-26	16.45
962	-25.55	16
962	-26	15.55
962	-26.45	16
963	-26.45	17
963	-26	17.45
963	-25.55	17
963	-26	16.55
963	-26.45	17
964	-26.45	18
964	-26	18.45
964	-25.55	18
964	-26	17.55
964	-26.45	18
965	-26.45	19
965	-26	19.45
965	-25.55	19
965	-26	18.55
965	-26.45	19
966	-26.45	2
966	-26	2.45
966	-25.55	2
966	-26	1.55
966	-26.45	2
967	-26.45	20
967	-26	20.45
967	-25.55	20
967	-26	19.55
967	-26.45	20
968	-26.45	21
968	-26	21.45
968	-25.55	21
968	-26	20.55
968	-26.45	21
969	-26.45	22
969	-26	22.45
969	-25.55	22
969	-26	21.55
969	-26.45	22
970	-26.45	23
970	-26	23.45
970	-25.55	23
970	-26	22.55
970	-26.45	23
971	-26.45	24
971	-26	24.45
971	-25.55	24
971	-26	23.55
971	-26.45	24
972	-26.45	25
972	-26	25.45
972	-25.55	25
972	-26	24.55
972	-26.45	25
973	-26.45	26
973	-26	26.45
973	-25.55	26
973	-26	25.55
973	-26.45	26
974	-26.45	27
974	-26	27.45
974	-25.55	27
974	-26	26.55
974	-26.45	27
975	-26.45	28
975	-26	28.45
975	-25.55	28
975	-26	27.55
975	-26.45	28
976	-26.45	29
976	-26	29.45
976	-25.55	29
976	-26	28.55
976	-26.45	29
977	-26.45	3
977	-26	3.45
977	-25.55	3
977	-26	2.55
977	-26.45	3
978	-26.45	30
978	-26	30.45
978	-25.55	30
978	-26	29.55
978	-26.45	30
979	-26.45	31
979	-26	31.45
979	-25.55	31
979	-26	30.55
979	-26.45	31
980	-26.45	32
980	-26	32.45
980	-25.55	32
980	-26	31.55
980	-26.45	32
981	-26.45	33
981	-26	33.45
981	-25.55	33
981	-26	32.55
981	-26.45	33
982	-26.45	34
982	-26	34.45
982	-25.55	34
982	-26	33.55
982	-26.45	34
983	-26.45	4
983	-26	4.45
983	-25.55	4
983	-26	3.55
983	-26.45	4
984	-26.45	5
984	-26	5.45
984	-25.55	5
984	-26	4.55
984	-26.45	5
985	-26.45	6
985	-26	6.45
985	-25.55	6
985	-26	5.55
985	-26.45	6
986	-26.45	7
986	-26	7.45
986	-25.55	7
986	-26	6.55
986	-26.45	7
987	-26.45	8
987	-26	8.45
987	-25.55	8
987	-26	7.55
987	-26.45	8
988	-26.45	9
988	-26	9.45
988	-25.55	9
988	-26	8.55
988	-26.45	9
989	-26.95	0.5
989	-26.5	0.95
989	-26.05	0.5
989	-26.5	0.05
989	-26.95	0.5
990	-26.95	1.5
990	-26.5	1.95
990	-26.05	1.5
990	-26.5	1.05
990	-26.95	1.5
991	-26.95	10.5
991	-26.5	10.95
991	-26.05	10.5
991	-26.5	10.05
991	-26.95	10.5
992	-26.95	11.5
992	-26.5	11.95
992	-26.05	11.5
992	-26.5	11.05
992	-26.95	11.5
993	-26.95	12.5
993	-26.5	12.95
993	-26.05	12.5
993	-26.5	12.05
993	-26.95	12.5
994	-26.95	13.5
994	-26.5	13.95
994	-26.05	13.5
994	-26.5	13.05
994	-26.95	13.5
995	-26.95	14.5
995	-26.5	14.95
995	-26.05	14.5
995	-26.5	14.05
995	-26.95	14.5
996	-26.95	15.5
996	-26.5	15.95
996	-26.05	15.5
996	-26.5	15.05
996	-26.95	15.5
997	-26.95	16.5
997	-26.5	16.95
997	-26.05	16.5
997	-26.5	16.05
997	-26.95	16.5
998	-26.95	17.5
998	-26.5	17.95
998	-26.05	17.5
998	-26.5	17.05
998	-26.95	17.5
999	-26.95	18.5
999	-26.5	18.95
999	-26.05	18.5
999	-26.5	18.05
999	-26.95	18.5
1000	-26.95	19.5
1000	-26.5	19.95
1000	-26.05	19.5
1000	-26.5	19.05
1000	-26.95	19.5
1001	-26.95	2.5
1001	-26.5	2.95
1001	-26.05	2.5
1001	-26.5	2.05
1001	-26.95	2.5
1002	-26.95	20.5
1002	-26.5	20.95
1002	-26.05	20.5
1002	-26.5	20.05
1002	-26.95	20.5
1003	-26.95	21.5
1003	-26.5	21.95
1003	-26.05	21.5
1003	-26.5	21.05
1003	-26.95	21.5
1004	-26.95	22.5
1004	-26.5	22.95
1004	-26.05	22.5
1004	-26.5	22.05
1004	-26.95	22.5
1005	-26.95	23.5
1005	-26.5	23.95
1005	-26.05	23.5
1005	-26.5	23.05
1005	-26.95	23.5
1006	-26.95	24.5
1006	-26.5	24.95
1006	-26.05	24.5
1006	-26.5	24.05
1006	-26.95	24.5
1007	-26.95	25.5
1007	-26.5	25.95
1007	-26.05	25.5
1007	-26.5	25.05
1007	-26.95	25.5
1008	-26.95	26.5
1008	-26.5	26.95
1008	-26.05	26.5
1008	-26.5	26.05
1008	-26.95	26.5
1009	-26.95	27.5
1009	-26.5	27.95
1009	-26.05	27.5
1009	-26.5	27.05
1009	-26.95	27.5
1010	-26.95	28.5
1010	-26.5	28.95
1010	-26.05	28.5
1010	-26.5	28.05
1010	-26.95	28.5
1011	-26.95	29.5
1011	-26.5	29.95
1011	-26.05	29.5
1011	-26.5	29.05
1011	-26.95	29.5
1012	-26.95	3.5
1012	-26.5	3.95
1012	-26.05	3.5
1012	-26.5	3.05
1012	-26.95	3.5
1013	-26.95	30.5
1013	-26.5	30.95
1013	-26.05	30.5
1013	-26.5	30.05
1013	-26.95	30.5
1014	-26.95	31.5
1014	-26.5	31.95
1014	-26.05	31.5
1014	-26.5	31.05
1014	-26.95	31.5
1015	-26.95	32.5
1015	-26.5	32.95
1015	-26.05	32.5
1015	-26.5	32.05
1015	-26.95	32.5
1016	-26.95	4.5
1016	-26.5	4.95
1016	-26.05	4.5
1016	-26.5	4.05
1016	-26.95	4.5
1017	-26.95	5.5
1017	-26.5	5.95
1017	-26.05	5.5
1017	-26.5	5.05
1017	-26.95	5.5
1018	-26.95	6.5
1018	-26.5	6.95
1018	-26.05	6.5
1018	-26.5	6.05
1018	-26.95	6.5
1019	-26.95	7.5
1019	-26.5	7.95
1019	-26.05	7.5
1019	-26.5	7.05
1019	-26.95	7.5
1020	-26.95	8.5
1020	-26.5	8.95
1020	-26.05	8.5
1020	-26.5	8.05
1020	-26.95	8.5
1021	-26.95	9.5
1021	-26.5	9.95
1021	-26.05	9.5
1021	-26.5	9.05
1021	-26.95	9.5
1022	-27.45	0
1022	-27	0.45
1022	-26.55	0
1022	-27	-0.45
1022	-27.45	0
1023	-27.45	1
1023	-27	1.45
1023	-26.55	1
1023	-27	0.55
1023	-27.45	1
1024	-27.45	10
1024	-27	10.45
1024	-26.55	10
1024	-27	9.55
1024	-27.45	10
1025	-27.45	11
1025	-27	11.45
1025	-26.55	11
1025	-27	10.55
1025	-27.45	11
1026	-27.45	12
1026	-27	12.45
1026	-26.55	12
1026	-27	11.55
1026	-27.45	12
1027	-27.45	13
1027	-27	13.45
1027	-26.55	13
1027	-27	12.55
1027	-27.45	13
1028	-27.45	14
1028	-27	14.45
1028	-26.55	14
1028	-27	13.55
1028	-27.45	14
1029	-27.45	15
1029	-27	15.45
1029	-26.55	15
1029	-27	14.55
1029	-27.45	15
1030	-27.45	16
1030	-27	16.45
1030	-26.55	16
1030	-27	15.55
1030	-27.45	16
1031	-27.45	17
1031	-27	17.45
1031	-26.55	17
1031	-27	16.55
1031	-27.45	17
1032	-27.45	18
1032	-27	18.45
1032	-26.55	18
1032	-27	17.55
1032	-27.45	18
1033	-27.45	19
1033	-27	19.45
1033	-26.55	19
1033	-27	18.55
1033	-27.45	19
1034	-27.45	2
1034	-27	2.45
1034	-26.55	2
1034	-27	1.55
1034	-27.45	2
1035	-27.45	20
1035	-27	20.45
1035	-26.55	20
1035	-27	19.55
1035	-27.45	20
1036	-27.45	21
1036	-27	21.45
1036	-26.55	21
1036	-27	20.55
1036	-27.45	21
1037	-27.45	22
1037	-27	22.45
1037	-26.55	22
1037	-27	21.55
1037	-27.45	22
1038	-27.45	23
1038	-27	23.45
1038	-26.55	23
1038	-27	22.55
1038	-27.45	23
1039	-27.45	24
1039	-27	24.45
1039	-26.55	24
1039	-27	23.55
1039	-27.45	24
1040	-27.45	25
1040	-27	25.45
1040	-26.55	25
1040	-27	24.55
1040	-27.45	25
1041	-27.45	26
1041	-27	26.45
1041	-26.55	26
1041	-27	25.55
1041	-27.45	26
1042	-27.45	27
1042	-27	27.45
1042	-26.55	27
1042	-27	26.55
1042	-27.45	27
1043	-27.45	28
1043	-27	28.45
1043	-26.55	28
1043	-27	27.55
1043	-27.45	28
1044	-27.45	29
1044	-27	29.45
1044	-26.55	29
1044	-27	28.55
1044	-27.45	29
1045	-27.45	3
1045	-27	3.45
1045	-26.55	3
1045	-27	2.55
1045	-27.45	3
1046	-27.45	30
1046	-27	30.45
1046	-26.55	30
1046	-27	29.55
1046	-27.45	30
1047	-27.45	31
1047	-27	31.45
1047	-26.55	31
1047	-27	30.55
1047	-27.45	31
1048	-27.45	32
1048	-27	32.45
1048	-26.55	32
1048	-27	31.55
1048	-27.45	32
1049	-27.45	33
1049	-27	33.45
1049	-26.55	33
1049	-27	32.55
1049	-27.45	33
1050	-27.45	4
1050	-27	4.45
1050	-26.55	4
1050	-27	3.55
1050	-27.45	4
1051	-27.45	5
1051	-27	5.45
1051	-26.55	5
1051	-27	4.55
1051	-27.45	5
1052	-27.45	6
1052	-27	6.45
1052	-26.55	6
1052	-27	5.55
1052	-27.45	6
1053	-27.45	7
1053	-27	7.45
1053	-26.55	7
1053	-27	6.55
1053	-27.45	7
1054	-27.45	8
1054	-27	8.45
1054	-26.55	8
1054	-27	7.55
1054	-27.45	8
1055	-27.45	9
1055	-27	9.45
1055	-26.55	9
1055	-27	8.55
1055	-27.45	9
1056	-27.95	0.5
1056	-27.5	0.95
1056	-27.05	0.5
1056	-27.5	0.05
1056	-27.95	0.5
1057	-27.95	1.5
1057	-27.5	1.95
1057	-27.05	1.5
1057	-27.5	1.05
1057	-27.95	1.5
1058	-27.95	10.5
1058	-27.5	10.95
1058	-27.05	10.5
1058	-27.5	10.05
1058	-27.95	10.5
1059	-27.95	11.5
1059	-27.5	11.95
1059	-27.05	11.5
1059	-27.5	11.05
1059	-27.95	11.5
1060	-27.95	12.5
1060	-27.5	12.95
1060	-27.05	12.5
1060	-27.5	12.05
1060	-27.95	12.5
1061	-27.95	13.5
1061	-27.5	13.95
1061	-27.05	13.5
1061	-27.5	13.05
1061	-27.95	13.5
1062	-27.95	14.5
1062	-27.5	14.95
1062	-27.05	14.5
1062	-27.5	14.05
1062	-27.95	14.5
1063	-27.95	15.5
1063	-27.5	15.95
1063	-27.05	15.5
1063	-27.5	15.05
1063	-27.95	15.5
1064	-27.95	16.5
1064	-27.5	16.95
1064	-27.05	16.5
1064	-27.5	16.05
1064	-27.95	16.5
1065	-27.95	17.5
1065	-27.5	17.95
1065	-27.05	17.5
1065	-27.5	17.05
1065	-27.95	17.5
1066	-27.95	18.5
1066	-27.5	18.95
1066	-27.05	18.5
1066	-27.5	18.05
1066	-27.95	18.5
1067	-27.95	19.5
1067	-27.5	19.95
1067	-27.05	19.5
1067	-27.5	19.05
1067	-27.95	19.5
1068	-27.95	2.5
1068	-27.5	2.95
1068	-27.05	2.5
1068	-27.5	2.05
1068	-27.95	2.5
1069	-27.95	20.5
1069	-27.5	20.95
1069	-27.05	20.5
1069	-27.5	20.05
1069	-27.95	20.5
1070	-27.95	21.5
1070	-27.5	21.95
1070	-27.05	21.5
1070	-27.5	21.05
1070	-27.95	21.5
1071	-27.95	22.5
1071	-27.5	22.95
1071	-27.05	22.5
1071	-27.5	22.05
1071	-27.95	22.5
1072	-27.95	23.5
1072	-27.5	23.95
1072	-27.05	23.5
1072	-27.5	23.05
1072	-27.95	23.5
1073	-27.95	24.5
1073	-27.5	24.95
1073	-27.05	24.5
1073	-27.5	24.05
1073	-27.95	24.5
1074	-27.95	25.5
1074	-27.5	25.95
1074	-27.05	25.5
1074	-27.5	25.05
1074	-27.95	25.5
1075	-27.95	26.5
1075	-27.5	26.95
1075	-27.05	26.5
1075	-27.5	26.05
1075	-27.95	26.5
1076	-27.95	27.5
1076	-27.5	27.95
1076	-27.05	27.5
1076	-27.5	27.05
1076	-27.95	27.5
1077	-27.95	28.5
1077	-27.5	28.95
1077	-27.05	28.5
1077	-27.5	28.05
1077	-27.95	28.5
1078	-27.95	29.5
1078	-27.5	29.95
1078	-27.05	29.5
1078	-27.5	29.05
1078	-27.95	29.5
1079	-27.95	3.5
1079	-27.5	3.95
1079	-27.05	3.5
1079	-27.5	3.05
1079	-27.95	3.5
1080	-27.95	30.5
1080	-27.5	30.95
1080	-27.05	30.5
1080	-27.5	30.05
1080	-27.95	30.5
1081	-27.95	31.5
1081	-27.5	31.95
1081	-27.05	31.5
1081	-27.5	31.05
1081	-27.95	31.5
1082	-27.95	32.5
1082	-27.5	32.95
1082	-27.05	32.5
1082	-27.5	32.05
1082	-27.95	32.5
1083	-27.95	4.5
1083	-27.5	4.95
1083	-27.05	4.5
1083	-27.5	4.05
1083	-27.95	4.5
1084	-27.95	5.5
1084	-27.5	5.95
1084	-27.05	5.5
1084	-27.5	5.05
1084	-27.95	5.5
1085	-27.95	6.5
1085	-27.5	6.95
1085	-27.05	6.5
1085	-27.5	6.05
1085	-27.95	6.5
1086	-27.95	7.5
1086	-27.5	7.95
1086	-27.05	7.5
1086	-27.5	7.05
1086	-27.95	7.5
1087	-27.95	8.5
1087	-27.5	8.95
1087	-27.05	8.5
1087	-27.5	8.05
1087	-27.95	8.5
1088	-27.95	9.5
1088	-27.5	9.95
1088	-27.05	9.5
1088	-27.5	9.05
1088	-27.95	9.5
1089	-28.45	0
1089	-28	0.45
1089	-27.55	0
1089	-28	-0.45
1089	-28.45	0
1090	-28.45	1
1090	-28	1.45
1090	-27.55	1
1090	-28	0.55
1090	-28.45	1
1091	-28.45	10
1091	-28	10.45
1091	-27.55	10
1091	-28	9.55
1091	-28.45	10
1092	-28.45	11
1092	-28	11.45
1092	-27.55	11
1092	-28	10.55
1092	-28.45	11
1093	-28.45	12
1093	-28	12.45
1093	-27.55	12
1093	-28	11.55
1093	-28.45	12
1094	-28.45	13
1094	-28	13.45
1094	-27.55	13
1094	-28	12.55
1094	-28.45	13
1095	-28.45	14
1095	-28	14.45
1095	-27.55	14
1095	-28	13.55
1095	-28.45	14
1096	-28.45	15
1096	-28	15.45
1096	-27.55	15
1096	-28	14.55
1096	-28.45	15
1097	-28.45	16
1097	-28	16.45
1097	-27.55	16
1097	-28	15.55
1097	-28.45	16
1098	-28.45	17
1098	-28	17.45
1098	-27.55	17
1098	-28	16.55
1098	-28.45	17
1099	-28.45	18
1099	-28	18.45
1099	-27.55	18
1099	-28	17.55
1099	-28.45	18
1100	-28.45	19
1100	-28	19.45
1100	-27.55	19
1100	-28	18.55
1100	-28.45	19
1101	-28.45	2
1101	-28	2.45
1101	-27.55	2
1101	-28	1.55
1101	-28.45	2
1102	-28.45	20
1102	-28	20.45
1102	-27.55	20
1102	-28	19.55
1102	-28.45	20
1103	-28.45	21
1103	-28	21.45
1103	-27.55	21
1103	-28	20.55
1103	-28.45	21
1104	-28.45	22
1104	-28	22.45
1104	-27.55	22
1104	-28	21.55
1104	-28.45	22
1105	-28.45	23
1105	-28	23.45
1105	-27.55	23
1105	-28	22.55
1105	-28.45	23
1106	-28.45	24
1106	-28	24.45
1106	-27.55	24
1106	-28	23.55
1106	-28.45	24
1107	-28.45	25
1107	-28	25.45
1107	-27.55	25
1107	-28	24.55
1107	-28.45	25
1108	-28.45	26
1108	-28	26.45
1108	-27.55	26
1108	-28	25.55
1108	-28.45	26
1109	-28.45	27
1109	-28	27.45
1109	-27.55	27
1109	-28	26.55
1109	-28.45	27
1110	-28.45	28
1110	-28	28.45
1110	-27.55	28
1110	-28	27.55
1110	-28.45	28
1111	-28.45	29
1111	-28	29.45
1111	-27.55	29
1111	-28	28.55
1111	-28.45	29
1112	-28.45	3
1112	-28	3.45
1112	-27.55	3
1112	-28	2.55
1112	-28.45	3
1113	-28.45	30
1113	-28	30.45
1113	-27.55	30
1113	-28	29.55
1113	-28.45	30
1114	-28.45	31
1114	-28	31.45
1114	-27.55	31
1114	-28	30.55
1114	-28.45	31
1115	-28.45	32
1115	-28	32.45
1115	-27.55	32
1115	-28	31.55
1115	-28.45	32
1116	-28.45	36
1116	-28	36.45
1116	-27.55	36
1116	-28	35.55
1116	-28.45	36
1117	-28.45	4
1117	-28	4.45
1117	-27.55	4
1117	-28	3.55
1117	-28.45	4
1118	-28.45	5
1118	-28	5.45
1118	-27.55	5
1118	-28	4.55
1118	-28.45	5
1119	-28.45	6
1119	-28	6.45
1119	-27.55	6
1119	-28	5.55
1119	-28.45	6
1120	-28.45	7
1120	-28	7.45
1120	-27.55	7
1120	-28	6.55
1120	-28.45	7
1121	-28.45	8
1121	-28	8.45
1121	-27.55	8
1121	-28	7.55
1121	-28.45	8
1122	-28.45	9
1122	-28	9.45
1122	-27.55	9
1122	-28	8.55
1122	-28.45	9
1123	-28.95	0.5
1123	-28.5	0.95
1123	-28.05	0.5
1123	-28.5	0.05
1123	-28.95	0.5
1124	-28.95	1.5
1124	-28.5	1.95
1124	-28.05	1.5
1124	-28.5	1.05
1124	-28.95	1.5
1125	-28.95	10.5
1125	-28.5	10.95
1125	-28.05	10.5
1125	-28.5	10.05
1125	-28.95	10.5
1126	-28.95	11.5
1126	-28.5	11.95
1126	-28.05	11.5
1126	-28.5	11.05
1126	-28.95	11.5
1127	-28.95	12.5
1127	-28.5	12.95
1127	-28.05	12.5
1127	-28.5	12.05
1127	-28.95	12.5
1128	-28.95	13.5
1128	-28.5	13.95
1128	-28.05	13.5
1128	-28.5	13.05
1128	-28.95	13.5
1129	-28.95	14.5
1129	-28.5	14.95
1129	-28.05	14.5
1129	-28.5	14.05
1129	-28.95	14.5
1130	-28.95	15.5
1130	-28.5	15.95
1130	-28.05	15.5
1130	-28.5	15.05
1130	-28.95	15.5
1131	-28.95	16.5
1131	-28.5	16.95
1131	-28.05	16.5
1131	-28.5	16.05
1131	-28.95	16.5
1132	-28.95	17.5
1132	-28.5	17.95
1132	-28.05	17.5
1132	-28.5	17.05
1132	-28.95	17.5
1133	-28.95	18.5
1133	-28.5	18.95
1133	-28.05	18.5
1133	-28.5	18.05
1133	-28.95	18.5
1134	-28.95	19.5
1134	-28.5	19.95
1134	-28.05	19.5
1134	-28.5	19.05
1134	-28.95	19.5
1135	-28.95	2.5
1135	-28.5	2.95
1135	-28.05	2.5
1135	-28.5	2.05
1135	-28.95	2.5
1136	-28.95	20.5
1136	-28.5	20.95
1136	-28.05	20.5
1136	-28.5	20.05
1136	-28.95	20.5
1137	-28.95	21.5
1137	-28.5	21.95
1137	-28.05	21.5
1137	-28.5	21.05
1137	-28.95	21.5
1138	-28.95	22.5
1138	-28.5	22.95
1138	-28.05	22.5
1138	-28.5	22.05
1138	-28.95	22.5
1139	-28.95	23.5
1139	-28.5	23.95
1139	-28.05	23.5
1139	-28.5	23.05
1139	-28.95	23.5
1140	-28.95	24.5
1140	-28.5	24.95
1140	-28.05	24.5
1140	-28.5	24.05
1140	-28.95	24.5
1141	-28.95	25.5
1141	-28.5	25.95
1141	-28.05	25.5
1141	-28.5	25.05
1141	-28.95	25.5
1142	-28.95	26.5
1142	-28.5	26.95
1142	-28.05	26.5
1142	-28.5	26.05
1142	-28.95	26.5
1143	-28.95	27.5
1143	-28.5	27.95
1143	-28.05	27.5
1143	-28.5	27.05
1143	-28.95	27.5
1144	-28.95	28.5
1144	-28.5	28.95
1144	-28.05	28.5
1144	-28.5	28.05
1144	-28.95	28.5
1145	-28.95	3.5
1145	-28.5	3.95
1145	-28.05	3.5
1145	-28.5	3.05
1145	-28.95	3.5
1146	-28.95	30.5
1146	-28.5	30.95
1146	-28.05	30.5
1146	-28.5	30.05
1146	-28.95	30.5
1147	-28.95	31.5
1147	-28.5	31.95
1147	-28.05	31.5
1147	-28.5	31.05
1147	-28.95	31.5
1148	-28.95	35.5
1148	-28.5	35.95
1148	-28.05	35.5
1148	-28.5	35.05
1148	-28.95	35.5
1149	-28.95	36.5
1149	-28.5	36.95
1149	-28.05	36.5
1149	-28.5	36.05
1149	-28.95	36.5
1150	-28.95	4.5
1150	-28.5	4.95
1150	-28.05	4.5
1150	-28.5	4.05
1150	-28.95	4.5
1151	-28.95	5.5
1151	-28.5	5.95
1151	-28.05	5.5
1151	-28.5	5.05
1151	-28.95	5.5
1152	-28.95	6.5
1152	-28.5	6.95
1152	-28.05	6.5
1152	-28.5	6.05
1152	-28.95	6.5
1153	-28.95	7.5
1153	-28.5	7.95
1153	-28.05	7.5
1153	-28.5	7.05
1153	-28.95	7.5
1154	-28.95	8.5
1154	-28.5	8.95
1154	-28.05	8.5
1154	-28.5	8.05
1154	-28.95	8.5
1155	-28.95	9.5
1155	-28.5	9.95
1155	-28.05	9.5
1155	-28.5	9.05
1155	-28.95	9.5
1156	-29.45	0
1156	-29	0.45
1156	-28.55	0
1156	-29	-0.45
1156	-29.45	0
1157	-29.45	1
1157	-29	1.45
1157	-28.55	1
1157	-29	0.55
1157	-29.45	1
1158	-29.45	10
1158	-29	10.45
1158	-28.55	10
1158	-29	9.55
1158	-29.45	10
1159	-29.45	11
1159	-29	11.45
1159	-28.55	11
1159	-29	10.55
1159	-29.45	11
1160	-29.45	12
1160	-29	12.45
1160	-28.55	12
1160	-29	11.55
1160	-29.45	12
1161	-29.45	13
1161	-29	13.45
1161	-28.55	13
1161	-29	12.55
1161	-29.45	13
1162	-29.45	14
1162	-29	14.45
1162	-28.55	14
1162	-29	13.55
1162	-29.45	14
1163	-29.45	15
1163	-29	15.45
1163	-28.55	15
1163	-29	14.55
1163	-29.45	15
1164	-29.45	16
1164	-29	16.45
1164	-28.55	16
1164	-29	15.55
1164	-29.45	16
1165	-29.45	17
1165	-29	17.45
1165	-28.55	17
1165	-29	16.55
1165	-29.45	17
1166	-29.45	18
1166	-29	18.45
1166	-28.55	18
1166	-29	17.55
1166	-29.45	18
1167	-29.45	19
1167	-29	19.45
1167	-28.55	19
1167	-29	18.55
1167	-29.45	19
1168	-29.45	2
1168	-29	2.45
1168	-28.55	2
1168	-29	1.55
1168	-29.45	2
1169	-29.45	20
1169	-29	20.45
1169	-28.55	20
1169	-29	19.55
1169	-29.45	20
1170	-29.45	21
1170	-29	21.45
1170	-28.55	21
1170	-29	20.55
1170	-29.45	21
1171	-29.45	22
1171	-29	22.45
1171	-28.55	22
1171	-29	21.55
1171	-29.45	22
1172	-29.45	23
1172	-29	23.45
1172	-28.55	23
1172	-29	22.55
1172	-29.45	23
1173	-29.45	24
1173	-29	24.45
1173	-28.55	24
1173	-29	23.55
1173	-29.45	24
1174	-29.45	25
1174	-29	25.45
1174	-28.55	25
1174	-29	24.55
1174	-29.45	25
1175	-29.45	26
1175	-29	26.45
1175	-28.55	26
1175	-29	25.55
1175	-29.45	26
1176	-29.45	27
1176	-29	27.45
1176	-28.55	27
1176	-29	26.55
1176	-29.45	27
1177	-29.45	28
1177	-29	28.45
1177	-28.55	28
1177	-29	27.55
1177	-29.45	28
1178	-29.45	29
1178	-29	29.45
1178	-28.55	29
1178	-29	28.55
1178	-29.45	29
1179	-29.45	3
1179	-29	3.45
1179	-28.55	3
1179	-29	2.55
1179	-29.45	3
1180	-29.45	30
1180	-29	30.45
1180	-28.55	30
1180	-29	29.55
1180	-29.45	30
1181	-29.45	35
1181	-29	35.45
1181	-28.55	35
1181	-29	34.55
1181	-29.45	35
1182	-29.45	36
1182	-29	36.45
1182	-28.55	36
1182	-29	35.55
1182	-29.45	36
1183	-29.45	37
1183	-29	37.45
1183	-28.55	37
1183	-29	36.55
1183	-29.45	37
1184	-29.45	4
1184	-29	4.45
1184	-28.55	4
1184	-29	3.55
1184	-29.45	4
1185	-29.45	5
1185	-29	5.45
1185	-28.55	5
1185	-29	4.55
1185	-29.45	5
1186	-29.45	6
1186	-29	6.45
1186	-28.55	6
1186	-29	5.55
1186	-29.45	6
1187	-29.45	7
1187	-29	7.45
1187	-28.55	7
1187	-29	6.55
1187	-29.45	7
1188	-29.45	8
1188	-29	8.45
1188	-28.55	8
1188	-29	7.55
1188	-29.45	8
1189	-29.45	9
1189	-29	9.45
1189	-28.55	9
1189	-29	8.55
1189	-29.45	9
1190	-29.95	0.5
1190	-29.5	0.95
1190	-29.05	0.5
1190	-29.5	0.05
1190	-29.95	0.5
1191	-29.95	1.5
1191	-29.5	1.95
1191	-29.05	1.5
1191	-29.5	1.05
1191	-29.95	1.5
1192	-29.95	10.5
1192	-29.5	10.95
1192	-29.05	10.5
1192	-29.5	10.05
1192	-29.95	10.5
1193	-29.95	11.5
1193	-29.5	11.95
1193	-29.05	11.5
1193	-29.5	11.05
1193	-29.95	11.5
1194	-29.95	12.5
1194	-29.5	12.95
1194	-29.05	12.5
1194	-29.5	12.05
1194	-29.95	12.5
1195	-29.95	13.5
1195	-29.5	13.95
1195	-29.05	13.5
1195	-29.5	13.05
1195	-29.95	13.5
1196	-29.95	14.5
1196	-29.5	14.95
1196	-29.05	14.5
1196	-29.5	14.05
1196	-29.95	14.5
1197	-29.95	15.5
1197	-29.5	15.95
1197	-29.05	15.5
1197	-29.5	15.05
1197	-29.95	15.5
1198	-29.95	16.5
1198	-29.5	16.95
1198	-29.05	16.5
1198	-29.5	16.05
1198	-29.95	16.5
1199	-29.95	17.5
1199	-29.5	17.95
1199	-29.05	17.5
1199	-29.5	17.05
1199	-29.95	17.5
1200	-29.95	18.5
1200	-29.5	18.95
1200	-29.05	18.5
1200	-29.5	18.05
1200	-29.95	18.5
1201	-29.95	19.5
1201	-29.5	19.95
1201	-29.05	19.5
1201	-29.5	19.05
1201	-29.95	19.5
1202	-29.95	2.5
1202	-29.5	2.95
1202	-29.05	2.5
1202	-29.5	2.05
1202	-29.95	2.5
1203	-29.95	20.5
1203	-29.5	20.95
1203	-29.05	20.5
1203	-29.5	20.05
1203	-29.95	20.5
1204	-29.95	21.5
1204	-29.5	21.95
1204	-29.05	21.5
1204	-29.5	21.05
1204	-29.95	21.5
1205	-29.95	22.5
1205	-29.5	22.95
1205	-29.05	22.5
1205	-29.5	22.05
1205	-29.95	22.5
1206	-29.95	23.5
1206	-29.5	23.95
1206	-29.05	23.5
1206	-29.5	23.05
1206	-29.95	23.5
1207	-29.95	24.5
1207	-29.5	24.95
1207	-29.05	24.5
1207	-29.5	24.05
1207	-29.95	24.5
1208	-29.95	25.5
1208	-29.5	25.95
1208	-29.05	25.5
1208	-29.5	25.05
1208	-29.95	25.5
1209	-29.95	26.5
1209	-29.5	26.95
1209	-29.05	26.5
1209	-29.5	26.05
1209	-29.95	26.5
1210	-29.95	27.5
1210	-29.5	27.95
1210	-29.05	27.5
1210	-29.5	27.05
1210	-29.95	27.5
1211	-29.95	28.5
1211	-29.5	28.95
1211	-29.05	28.5
1211	-29.5	28.05
1211	-29.95	28.5
1212	-29.95	29.5
1212	-29.5	29.95
1212	-29.05	29.5
1212	-29.5	29.05
1212	-29.95	29.5
1213	-29.95	3.5
1213	-29.5	3.95
1213	-29.05	3.5
1213	-29.5	3.05
1213	-29.95	3.5
1214	-29.95	30.5
1214	-29.5	30.95
1214	-29.05	30.5
1214	-29.5	30.05
1214	-29.95	30.5
1215	-29.95	34.5
1215	-29.5	34.95
1215	-29.05	34.5
1215	-29.5	34.05
1215	-29.95	34.5
1216	-29.95	35.5
1216	-29.5	35.95
1216	-29.05	35.5
1216	-29.5	35.05
1216	-29.95	35.5
1217	-29.95	36.5
1217	-29.5	36.95
1217	-29.05	36.5
1217	-29.5	36.05
1217	-29.95	36.5
1218	-29.95	37.5
1218	-29.5	37.95
1218	-29.05	37.5
1218	-29.5	37.05
1218	-29.95	37.5
1219	-29.95	4.5
1219	-29.5	4.95
1219	-29.05	4.5
1219	-29.5	4.05
1219	-29.95	4.5
1220	-29.95	5.5
1220	-29.5	5.95
1220	-29.05	5.5
1220	-29.5	5.05
1220	-29.95	5.5
1221	-29.95	6.5
1221	-29.5	6.95
1221	-29.05	6.5
1221	-29.5	6.05
1221	-29.95	6.5
1222	-29.95	7.5
1222	-29.5	7.95
1222	-29.05	7.5
1222	-29.5	7.05
1222	-29.95	7.5
1223	-29.95	8.5
1223	-29.5	8.95
1223	-29.05	8.5
1223	-29.5	8.05
1223	-29.95	8.5
1224	-29.95	9.5
1224	-29.5	9.95
1224	-29.05	9.5
1224	-29.5	9.05
1224	-29.95	9.5
1225	-3.45	0
1225	-3	0.45
1225	-2.55	0
1225	-3	-0.45
1225	-3.45	0
1226	-3.45	1
1226	-3	1.45
1226	-2.55	1
1226	-3	0.55
1226	-3.45	1
1227	-3.45	10
1227	-3	10.45
1227	-2.55	10
1227	-3	9.55
1227	-3.45	10
1228	-3.45	11
1228	-3	11.45
1228	-2.55	11
1228	-3	10.55
1228	-3.45	11
1229	-3.45	12
1229	-3	12.45
1229	-2.55	12
1229	-3	11.55
1229	-3.45	12
1230	-3.45	13
1230	-3	13.45
1230	-2.55	13
1230	-3	12.55
1230	-3.45	13
1231	-3.45	14
1231	-3	14.45
1231	-2.55	14
1231	-3	13.55
1231	-3.45	14
1232	-3.45	15
1232	-3	15.45
1232	-2.55	15
1232	-3	14.55
1232	-3.45	15
1233	-3.45	16
1233	-3	16.45
1233	-2.55	16
1233	-3	15.55
1233	-3.45	16
1234	-3.45	17
1234	-3	17.45
1234	-2.55	17
1234	-3	16.55
1234	-3.45	17
1235	-3.45	18
1235	-3	18.45
1235	-2.55	18
1235	-3	17.55
1235	-3.45	18
1236	-3.45	19
1236	-3	19.45
1236	-2.55	19
1236	-3	18.55
1236	-3.45	19
1237	-3.45	2
1237	-3	2.45
1237	-2.55	2
1237	-3	1.55
1237	-3.45	2
1238	-3.45	20
1238	-3	20.45
1238	-2.55	20
1238	-3	19.55
1238	-3.45	20
1239	-3.45	22
1239	-3	22.45
1239	-2.55	22
1239	-3	21.55
1239	-3.45	22
1240	-3.45	3
1240	-3	3.45
1240	-2.55	3
1240	-3	2.55
1240	-3.45	3
1241	-3.45	4
1241	-3	4.45
1241	-2.55	4
1241	-3	3.55
1241	-3.45	4
1242	-3.45	5
1242	-3	5.45
1242	-2.55	5
1242	-3	4.55
1242	-3.45	5
1243	-3.45	6
1243	-3	6.45
1243	-2.55	6
1243	-3	5.55
1243	-3.45	6
1244	-3.45	7
1244	-3	7.45
1244	-2.55	7
1244	-3	6.55
1244	-3.45	7
1245	-3.45	8
1245	-3	8.45
1245	-2.55	8
1245	-3	7.55
1245	-3.45	8
1246	-3.45	9
1246	-3	9.45
1246	-2.55	9
1246	-3	8.55
1246	-3.45	9
1247	-3.95	0.5
1247	-3.5	0.95
1247	-3.05	0.5
1247	-3.5	0.05
1247	-3.95	0.5
1248	-3.95	1.5
1248	-3.5	1.95
1248	-3.05	1.5
1248	-3.5	1.05
1248	-3.95	1.5
1249	-3.95	10.5
1249	-3.5	10.95
1249	-3.05	10.5
1249	-3.5	10.05
1249	-3.95	10.5
1250	-3.95	11.5
1250	-3.5	11.95
1250	-3.05	11.5
1250	-3.5	11.05
1250	-3.95	11.5
1251	-3.95	12.5
1251	-3.5	12.95
1251	-3.05	12.5
1251	-3.5	12.05
1251	-3.95	12.5
1252	-3.95	13.5
1252	-3.5	13.95
1252	-3.05	13.5
1252	-3.5	13.05
1252	-3.95	13.5
1253	-3.95	14.5
1253	-3.5	14.95
1253	-3.05	14.5
1253	-3.5	14.05
1253	-3.95	14.5
1254	-3.95	15.5
1254	-3.5	15.95
1254	-3.05	15.5
1254	-3.5	15.05
1254	-3.95	15.5
1255	-3.95	16.5
1255	-3.5	16.95
1255	-3.05	16.5
1255	-3.5	16.05
1255	-3.95	16.5
1256	-3.95	17.5
1256	-3.5	17.95
1256	-3.05	17.5
1256	-3.5	17.05
1256	-3.95	17.5
1257	-3.95	18.5
1257	-3.5	18.95
1257	-3.05	18.5
1257	-3.5	18.05
1257	-3.95	18.5
1258	-3.95	19.5
1258	-3.5	19.95
1258	-3.05	19.5
1258	-3.5	19.05
1258	-3.95	19.5
1259	-3.95	2.5
1259	-3.5	2.95
1259	-3.05	2.5
1259	-3.5	2.05
1259	-3.95	2.5
1260	-3.95	21.5
1260	-3.5	21.95
1260	-3.05	21.5
1260	-3.5	21.05
1260	-3.95	21.5
1261	-3.95	3.5
1261	-3.5	3.95
1261	-3.05	3.5
1261	-3.5	3.05
1261	-3.95	3.5
1262	-3.95	4.5
1262	-3.5	4.95
1262	-3.05	4.5
1262	-3.5	4.05
1262	-3.95	4.5
1263	-3.95	5.5
1263	-3.5	5.95
1263	-3.05	5.5
1263	-3.5	5.05
1263	-3.95	5.5
1264	-3.95	6.5
1264	-3.5	6.95
1264	-3.05	6.5
1264	-3.5	6.05
1264	-3.95	6.5
1265	-3.95	7.5
1265	-3.5	7.95
1265	-3.05	7.5
1265	-3.5	7.05
1265	-3.95	7.5
1266	-3.95	8.5
1266	-3.5	8.95
1266	-3.05	8.5
1266	-3.5	8.05
1266	-3.95	8.5
1267	-3.95	9.5
1267	-3.5	9.95
1267	-3.05	9.5
1267	-3.5	9.05
1267	-3.95	9.5
1268	-30.45	0
1268	-30	0.45
1268	-29.55	0
1268	-30	-0.45
1268	-30.45	0
1269	-30.45	1
1269	-30	1.45
1269	-29.55	1
1269	-30	0.55
1269	-30.45	1
1270	-30.45	10
1270	-30	10.45
1270	-29.55	10
1270	-30	9.55
1270	-30.45	10
1271	-30.45	11
1271	-30	11.45
1271	-29.55	11
1271	-30	10.55
1271	-30.45	11
1272	-30.45	12
1272	-30	12.45
1272	-29.55	12
1272	-30	11.55
1272	-30.45	12
1273	-30.45	13
1273	-30	13.45
1273	-29.55	13
1273	-30	12.55
1273	-30.45	13
1274	-30.45	14
1274	-30	14.45
1274	-29.55	14
1274	-30	13.55
1274	-30.45	14
1275	-30.45	15
1275	-30	15.45
1275	-29.55	15
1275	-30	14.55
1275	-30.45	15
1276	-30.45	16
1276	-30	16.45
1276	-29.55	16
1276	-30	15.55
1276	-30.45	16
1277	-30.45	17
1277	-30	17.45
1277	-29.55	17
1277	-30	16.55
1277	-30.45	17
1278	-30.45	18
1278	-30	18.45
1278	-29.55	18
1278	-30	17.55
1278	-30.45	18
1279	-30.45	19
1279	-30	19.45
1279	-29.55	19
1279	-30	18.55
1279	-30.45	19
1280	-30.45	2
1280	-30	2.45
1280	-29.55	2
1280	-30	1.55
1280	-30.45	2
1281	-30.45	20
1281	-30	20.45
1281	-29.55	20
1281	-30	19.55
1281	-30.45	20
1282	-30.45	21
1282	-30	21.45
1282	-29.55	21
1282	-30	20.55
1282	-30.45	21
1283	-30.45	22
1283	-30	22.45
1283	-29.55	22
1283	-30	21.55
1283	-30.45	22
1284	-30.45	23
1284	-30	23.45
1284	-29.55	23
1284	-30	22.55
1284	-30.45	23
1285	-30.45	24
1285	-30	24.45
1285	-29.55	24
1285	-30	23.55
1285	-30.45	24
1286	-30.45	25
1286	-30	25.45
1286	-29.55	25
1286	-30	24.55
1286	-30.45	25
1287	-30.45	26
1287	-30	26.45
1287	-29.55	26
1287	-30	25.55
1287	-30.45	26
1288	-30.45	27
1288	-30	27.45
1288	-29.55	27
1288	-30	26.55
1288	-30.45	27
1289	-30.45	28
1289	-30	28.45
1289	-29.55	28
1289	-30	27.55
1289	-30.45	28
1290	-30.45	29
1290	-30	29.45
1290	-29.55	29
1290	-30	28.55
1290	-30.45	29
1291	-30.45	3
1291	-30	3.45
1291	-29.55	3
1291	-30	2.55
1291	-30.45	3
1292	-30.45	34
1292	-30	34.45
1292	-29.55	34
1292	-30	33.55
1292	-30.45	34
1293	-30.45	35
1293	-30	35.45
1293	-29.55	35
1293	-30	34.55
1293	-30.45	35
1294	-30.45	36
1294	-30	36.45
1294	-29.55	36
1294	-30	35.55
1294	-30.45	36
1295	-30.45	37
1295	-30	37.45
1295	-29.55	37
1295	-30	36.55
1295	-30.45	37
1296	-30.45	38
1296	-30	38.45
1296	-29.55	38
1296	-30	37.55
1296	-30.45	38
1297	-30.45	4
1297	-30	4.45
1297	-29.55	4
1297	-30	3.55
1297	-30.45	4
1298	-30.45	5
1298	-30	5.45
1298	-29.55	5
1298	-30	4.55
1298	-30.45	5
1299	-30.45	6
1299	-30	6.45
1299	-29.55	6
1299	-30	5.55
1299	-30.45	6
1300	-30.45	7
1300	-30	7.45
1300	-29.55	7
1300	-30	6.55
1300	-30.45	7
1301	-30.45	8
1301	-30	8.45
1301	-29.55	8
1301	-30	7.55
1301	-30.45	8
1302	-30.45	9
1302	-30	9.45
1302	-29.55	9
1302	-30	8.55
1302	-30.45	9
1303	-30.95	0.5
1303	-30.5	0.95
1303	-30.05	0.5
1303	-30.5	0.05
1303	-30.95	0.5
1304	-30.95	1.5
1304	-30.5	1.95
1304	-30.05	1.5
1304	-30.5	1.05
1304	-30.95	1.5
1305	-30.95	10.5
1305	-30.5	10.95
1305	-30.05	10.5
1305	-30.5	10.05
1305	-30.95	10.5
1306	-30.95	11.5
1306	-30.5	11.95
1306	-30.05	11.5
1306	-30.5	11.05
1306	-30.95	11.5
1307	-30.95	12.5
1307	-30.5	12.95
1307	-30.05	12.5
1307	-30.5	12.05
1307	-30.95	12.5
1308	-30.95	13.5
1308	-30.5	13.95
1308	-30.05	13.5
1308	-30.5	13.05
1308	-30.95	13.5
1309	-30.95	14.5
1309	-30.5	14.95
1309	-30.05	14.5
1309	-30.5	14.05
1309	-30.95	14.5
1310	-30.95	15.5
1310	-30.5	15.95
1310	-30.05	15.5
1310	-30.5	15.05
1310	-30.95	15.5
1311	-30.95	16.5
1311	-30.5	16.95
1311	-30.05	16.5
1311	-30.5	16.05
1311	-30.95	16.5
1312	-30.95	17.5
1312	-30.5	17.95
1312	-30.05	17.5
1312	-30.5	17.05
1312	-30.95	17.5
1313	-30.95	18.5
1313	-30.5	18.95
1313	-30.05	18.5
1313	-30.5	18.05
1313	-30.95	18.5
1314	-30.95	19.5
1314	-30.5	19.95
1314	-30.05	19.5
1314	-30.5	19.05
1314	-30.95	19.5
1315	-30.95	2.5
1315	-30.5	2.95
1315	-30.05	2.5
1315	-30.5	2.05
1315	-30.95	2.5
1316	-30.95	20.5
1316	-30.5	20.95
1316	-30.05	20.5
1316	-30.5	20.05
1316	-30.95	20.5
1317	-30.95	21.5
1317	-30.5	21.95
1317	-30.05	21.5
1317	-30.5	21.05
1317	-30.95	21.5
1318	-30.95	22.5
1318	-30.5	22.95
1318	-30.05	22.5
1318	-30.5	22.05
1318	-30.95	22.5
1319	-30.95	23.5
1319	-30.5	23.95
1319	-30.05	23.5
1319	-30.5	23.05
1319	-30.95	23.5
1320	-30.95	24.5
1320	-30.5	24.95
1320	-30.05	24.5
1320	-30.5	24.05
1320	-30.95	24.5
1321	-30.95	25.5
1321	-30.5	25.95
1321	-30.05	25.5
1321	-30.5	25.05
1321	-30.95	25.5
1322	-30.95	26.5
1322	-30.5	26.95
1322	-30.05	26.5
1322	-30.5	26.05
1322	-30.95	26.5
1323	-30.95	27.5
1323	-30.5	27.95
1323	-30.05	27.5
1323	-30.5	27.05
1323	-30.95	27.5
1324	-30.95	28.5
1324	-30.5	28.95
1324	-30.05	28.5
1324	-30.5	28.05
1324	-30.95	28.5
1325	-30.95	29.5
1325	-30.5	29.95
1325	-30.05	29.5
1325	-30.5	29.05
1325	-30.95	29.5
1326	-30.95	3.5
1326	-30.5	3.95
1326	-30.05	3.5
1326	-30.5	3.05
1326	-30.95	3.5
1327	-30.95	33.5
1327	-30.5	33.95
1327	-30.05	33.5
1327	-30.5	33.05
1327	-30.95	33.5
1328	-30.95	34.5
1328	-30.5	34.95
1328	-30.05	34.5
1328	-30.5	34.05
1328	-30.95	34.5
1329	-30.95	35.5
1329	-30.5	35.95
1329	-30.05	35.5
1329	-30.5	35.05
1329	-30.95	35.5
1330	-30.95	36.5
1330	-30.5	36.95
1330	-30.05	36.5
1330	-30.5	36.05
1330	-30.95	36.5
1331	-30.95	37.5
1331	-30.5	37.95
1331	-30.05	37.5
1331	-30.5	37.05
1331	-30.95	37.5
1332	-30.95	4.5
1332	-30.5	4.95
1332	-30.05	4.5
1332	-30.5	4.05
1332	-30.95	4.5
1333	-30.95	5.5
1333	-30.5	5.95
1333	-30.05	5.5
1333	-30.5	5.05
1333	-30.95	5.5
1334	-30.95	6.5
1334	-30.5	6.95
1334	-30.05	6.5
1334	-30.5	6.05
1334	-30.95	6.5
1335	-30.95	7.5
1335	-30.5	7.95
1335	-30.05	7.5
1335	-30.5	7.05
1335	-30.95	7.5
1336	-30.95	8.5
1336	-30.5	8.95
1336	-30.05	8.5
1336	-30.5	8.05
1336	-30.95	8.5
1337	-30.95	9.5
1337	-30.5	9.95
1337	-30.05	9.5
1337	-30.5	9.05
1337	-30.95	9.5
1338	-31.45	0
1338	-31	0.45
1338	-30.55	0
1338	-31	-0.45
1338	-31.45	0
1339	-31.45	1
1339	-31	1.45
1339	-30.55	1
1339	-31	0.55
1339	-31.45	1
1340	-31.45	10
1340	-31	10.45
1340	-30.55	10
1340	-31	9.55
1340	-31.45	10
1341	-31.45	11
1341	-31	11.45
1341	-30.55	11
1341	-31	10.55
1341	-31.45	11
1342	-31.45	12
1342	-31	12.45
1342	-30.55	12
1342	-31	11.55
1342	-31.45	12
1343	-31.45	13
1343	-31	13.45
1343	-30.55	13
1343	-31	12.55
1343	-31.45	13
1344	-31.45	14
1344	-31	14.45
1344	-30.55	14
1344	-31	13.55
1344	-31.45	14
1345	-31.45	15
1345	-31	15.45
1345	-30.55	15
1345	-31	14.55
1345	-31.45	15
1346	-31.45	16
1346	-31	16.45
1346	-30.55	16
1346	-31	15.55
1346	-31.45	16
1347	-31.45	17
1347	-31	17.45
1347	-30.55	17
1347	-31	16.55
1347	-31.45	17
1348	-31.45	18
1348	-31	18.45
1348	-30.55	18
1348	-31	17.55
1348	-31.45	18
1349	-31.45	19
1349	-31	19.45
1349	-30.55	19
1349	-31	18.55
1349	-31.45	19
1350	-31.45	2
1350	-31	2.45
1350	-30.55	2
1350	-31	1.55
1350	-31.45	2
1351	-31.45	20
1351	-31	20.45
1351	-30.55	20
1351	-31	19.55
1351	-31.45	20
1352	-31.45	21
1352	-31	21.45
1352	-30.55	21
1352	-31	20.55
1352	-31.45	21
1353	-31.45	22
1353	-31	22.45
1353	-30.55	22
1353	-31	21.55
1353	-31.45	22
1354	-31.45	23
1354	-31	23.45
1354	-30.55	23
1354	-31	22.55
1354	-31.45	23
1355	-31.45	24
1355	-31	24.45
1355	-30.55	24
1355	-31	23.55
1355	-31.45	24
1356	-31.45	25
1356	-31	25.45
1356	-30.55	25
1356	-31	24.55
1356	-31.45	25
1357	-31.45	26
1357	-31	26.45
1357	-30.55	26
1357	-31	25.55
1357	-31.45	26
1358	-31.45	27
1358	-31	27.45
1358	-30.55	27
1358	-31	26.55
1358	-31.45	27
1359	-31.45	28
1359	-31	28.45
1359	-30.55	28
1359	-31	27.55
1359	-31.45	28
1360	-31.45	29
1360	-31	29.45
1360	-30.55	29
1360	-31	28.55
1360	-31.45	29
1361	-31.45	3
1361	-31	3.45
1361	-30.55	3
1361	-31	2.55
1361	-31.45	3
1362	-31.45	33
1362	-31	33.45
1362	-30.55	33
1362	-31	32.55
1362	-31.45	33
1363	-31.45	34
1363	-31	34.45
1363	-30.55	34
1363	-31	33.55
1363	-31.45	34
1364	-31.45	35
1364	-31	35.45
1364	-30.55	35
1364	-31	34.55
1364	-31.45	35
1365	-31.45	36
1365	-31	36.45
1365	-30.55	36
1365	-31	35.55
1365	-31.45	36
1366	-31.45	37
1366	-31	37.45
1366	-30.55	37
1366	-31	36.55
1366	-31.45	37
1367	-31.45	38
1367	-31	38.45
1367	-30.55	38
1367	-31	37.55
1367	-31.45	38
1368	-31.45	4
1368	-31	4.45
1368	-30.55	4
1368	-31	3.55
1368	-31.45	4
1369	-31.45	5
1369	-31	5.45
1369	-30.55	5
1369	-31	4.55
1369	-31.45	5
1370	-31.45	6
1370	-31	6.45
1370	-30.55	6
1370	-31	5.55
1370	-31.45	6
1371	-31.45	7
1371	-31	7.45
1371	-30.55	7
1371	-31	6.55
1371	-31.45	7
1372	-31.45	8
1372	-31	8.45
1372	-30.55	8
1372	-31	7.55
1372	-31.45	8
1373	-31.45	9
1373	-31	9.45
1373	-30.55	9
1373	-31	8.55
1373	-31.45	9
1374	-31.95	0.5
1374	-31.5	0.95
1374	-31.05	0.5
1374	-31.5	0.05
1374	-31.95	0.5
1375	-31.95	1.5
1375	-31.5	1.95
1375	-31.05	1.5
1375	-31.5	1.05
1375	-31.95	1.5
1376	-31.95	10.5
1376	-31.5	10.95
1376	-31.05	10.5
1376	-31.5	10.05
1376	-31.95	10.5
1377	-31.95	11.5
1377	-31.5	11.95
1377	-31.05	11.5
1377	-31.5	11.05
1377	-31.95	11.5
1378	-31.95	12.5
1378	-31.5	12.95
1378	-31.05	12.5
1378	-31.5	12.05
1378	-31.95	12.5
1379	-31.95	13.5
1379	-31.5	13.95
1379	-31.05	13.5
1379	-31.5	13.05
1379	-31.95	13.5
1380	-31.95	14.5
1380	-31.5	14.95
1380	-31.05	14.5
1380	-31.5	14.05
1380	-31.95	14.5
1381	-31.95	15.5
1381	-31.5	15.95
1381	-31.05	15.5
1381	-31.5	15.05
1381	-31.95	15.5
1382	-31.95	16.5
1382	-31.5	16.95
1382	-31.05	16.5
1382	-31.5	16.05
1382	-31.95	16.5
1383	-31.95	17.5
1383	-31.5	17.95
1383	-31.05	17.5
1383	-31.5	17.05
1383	-31.95	17.5
1384	-31.95	18.5
1384	-31.5	18.95
1384	-31.05	18.5
1384	-31.5	18.05
1384	-31.95	18.5
1385	-31.95	19.5
1385	-31.5	19.95
1385	-31.05	19.5
1385	-31.5	19.05
1385	-31.95	19.5
1386	-31.95	2.5
1386	-31.5	2.95
1386	-31.05	2.5
1386	-31.5	2.05
1386	-31.95	2.5
1387	-31.95	20.5
1387	-31.5	20.95
1387	-31.05	20.5
1387	-31.5	20.05
1387	-31.95	20.5
1388	-31.95	21.5
1388	-31.5	21.95
1388	-31.05	21.5
1388	-31.5	21.05
1388	-31.95	21.5
1389	-31.95	22.5
1389	-31.5	22.95
1389	-31.05	22.5
1389	-31.5	22.05
1389	-31.95	22.5
1390	-31.95	23.5
1390	-31.5	23.95
1390	-31.05	23.5
1390	-31.5	23.05
1390	-31.95	23.5
1391	-31.95	24.5
1391	-31.5	24.95
1391	-31.05	24.5
1391	-31.5	24.05
1391	-31.95	24.5
1392	-31.95	25.5
1392	-31.5	25.95
1392	-31.05	25.5
1392	-31.5	25.05
1392	-31.95	25.5
1393	-31.95	26.5
1393	-31.5	26.95
1393	-31.05	26.5
1393	-31.5	26.05
1393	-31.95	26.5
1394	-31.95	27.5
1394	-31.5	27.95
1394	-31.05	27.5
1394	-31.5	27.05
1394	-31.95	27.5
1395	-31.95	28.5
1395	-31.5	28.95
1395	-31.05	28.5
1395	-31.5	28.05
1395	-31.95	28.5
1396	-31.95	3.5
1396	-31.5	3.95
1396	-31.05	3.5
1396	-31.5	3.05
1396	-31.95	3.5
1397	-31.95	32.5
1397	-31.5	32.95
1397	-31.05	32.5
1397	-31.5	32.05
1397	-31.95	32.5
1398	-31.95	33.5
1398	-31.5	33.95
1398	-31.05	33.5
1398	-31.5	33.05
1398	-31.95	33.5
1399	-31.95	34.5
1399	-31.5	34.95
1399	-31.05	34.5
1399	-31.5	34.05
1399	-31.95	34.5
1400	-31.95	35.5
1400	-31.5	35.95
1400	-31.05	35.5
1400	-31.5	35.05
1400	-31.95	35.5
1401	-31.95	36.5
1401	-31.5	36.95
1401	-31.05	36.5
1401	-31.5	36.05
1401	-31.95	36.5
1402	-31.95	37.5
1402	-31.5	37.95
1402	-31.05	37.5
1402	-31.5	37.05
1402	-31.95	37.5
1403	-31.95	39.5
1403	-31.5	39.95
1403	-31.05	39.5
1403	-31.5	39.05
1403	-31.95	39.5
1404	-31.95	4.5
1404	-31.5	4.95
1404	-31.05	4.5
1404	-31.5	4.05
1404	-31.95	4.5
1405	-31.95	5.5
1405	-31.5	5.95
1405	-31.05	5.5
1405	-31.5	5.05
1405	-31.95	5.5
1406	-31.95	6.5
1406	-31.5	6.95
1406	-31.05	6.5
1406	-31.5	6.05
1406	-31.95	6.5
1407	-31.95	7.5
1407	-31.5	7.95
1407	-31.05	7.5
1407	-31.5	7.05
1407	-31.95	7.5
1408	-31.95	8.5
1408	-31.5	8.95
1408	-31.05	8.5
1408	-31.5	8.05
1408	-31.95	8.5
1409	-31.95	9.5
1409	-31.5	9.95
1409	-31.05	9.5
1409	-31.5	9.05
1409	-31.95	9.5
1410	-32.45	0
1410	-32	0.45
1410	-31.55	0
1410	-32	-0.45
1410	-32.45	0
1411	-32.45	1
1411	-32	1.45
1411	-31.55	1
1411	-32	0.55
1411	-32.45	1
1412	-32.45	10
1412	-32	10.45
1412	-31.55	10
1412	-32	9.55
1412	-32.45	10
1413	-32.45	11
1413	-32	11.45
1413	-31.55	11
1413	-32	10.55
1413	-32.45	11
1414	-32.45	12
1414	-32	12.45
1414	-31.55	12
1414	-32	11.55
1414	-32.45	12
1415	-32.45	13
1415	-32	13.45
1415	-31.55	13
1415	-32	12.55
1415	-32.45	13
1416	-32.45	14
1416	-32	14.45
1416	-31.55	14
1416	-32	13.55
1416	-32.45	14
1417	-32.45	15
1417	-32	15.45
1417	-31.55	15
1417	-32	14.55
1417	-32.45	15
1418	-32.45	16
1418	-32	16.45
1418	-31.55	16
1418	-32	15.55
1418	-32.45	16
1419	-32.45	17
1419	-32	17.45
1419	-31.55	17
1419	-32	16.55
1419	-32.45	17
1420	-32.45	18
1420	-32	18.45
1420	-31.55	18
1420	-32	17.55
1420	-32.45	18
1421	-32.45	19
1421	-32	19.45
1421	-31.55	19
1421	-32	18.55
1421	-32.45	19
1422	-32.45	2
1422	-32	2.45
1422	-31.55	2
1422	-32	1.55
1422	-32.45	2
1423	-32.45	20
1423	-32	20.45
1423	-31.55	20
1423	-32	19.55
1423	-32.45	20
1424	-32.45	21
1424	-32	21.45
1424	-31.55	21
1424	-32	20.55
1424	-32.45	21
1425	-32.45	22
1425	-32	22.45
1425	-31.55	22
1425	-32	21.55
1425	-32.45	22
1426	-32.45	23
1426	-32	23.45
1426	-31.55	23
1426	-32	22.55
1426	-32.45	23
1427	-32.45	24
1427	-32	24.45
1427	-31.55	24
1427	-32	23.55
1427	-32.45	24
1428	-32.45	25
1428	-32	25.45
1428	-31.55	25
1428	-32	24.55
1428	-32.45	25
1429	-32.45	26
1429	-32	26.45
1429	-31.55	26
1429	-32	25.55
1429	-32.45	26
1430	-32.45	27
1430	-32	27.45
1430	-31.55	27
1430	-32	26.55
1430	-32.45	27
1431	-32.45	28
1431	-32	28.45
1431	-31.55	28
1431	-32	27.55
1431	-32.45	28
1432	-32.45	3
1432	-32	3.45
1432	-31.55	3
1432	-32	2.55
1432	-32.45	3
1433	-32.45	32
1433	-32	32.45
1433	-31.55	32
1433	-32	31.55
1433	-32.45	32
1434	-32.45	33
1434	-32	33.45
1434	-31.55	33
1434	-32	32.55
1434	-32.45	33
1435	-32.45	34
1435	-32	34.45
1435	-31.55	34
1435	-32	33.55
1435	-32.45	34
1436	-32.45	35
1436	-32	35.45
1436	-31.55	35
1436	-32	34.55
1436	-32.45	35
1437	-32.45	36
1437	-32	36.45
1437	-31.55	36
1437	-32	35.55
1437	-32.45	36
1438	-32.45	37
1438	-32	37.45
1438	-31.55	37
1438	-32	36.55
1438	-32.45	37
1439	-32.45	38
1439	-32	38.45
1439	-31.55	38
1439	-32	37.55
1439	-32.45	38
1440	-32.45	39
1440	-32	39.45
1440	-31.55	39
1440	-32	38.55
1440	-32.45	39
1441	-32.45	4
1441	-32	4.45
1441	-31.55	4
1441	-32	3.55
1441	-32.45	4
1442	-32.45	40
1442	-32	40.45
1442	-31.55	40
1442	-32	39.55
1442	-32.45	40
1443	-32.45	5
1443	-32	5.45
1443	-31.55	5
1443	-32	4.55
1443	-32.45	5
1444	-32.45	6
1444	-32	6.45
1444	-31.55	6
1444	-32	5.55
1444	-32.45	6
1445	-32.45	7
1445	-32	7.45
1445	-31.55	7
1445	-32	6.55
1445	-32.45	7
1446	-32.45	8
1446	-32	8.45
1446	-31.55	8
1446	-32	7.55
1446	-32.45	8
1447	-32.45	9
1447	-32	9.45
1447	-31.55	9
1447	-32	8.55
1447	-32.45	9
1448	-32.95	0.5
1448	-32.5	0.95
1448	-32.05	0.5
1448	-32.5	0.05
1448	-32.95	0.5
1449	-32.95	1.5
1449	-32.5	1.95
1449	-32.05	1.5
1449	-32.5	1.05
1449	-32.95	1.5
1450	-32.95	10.5
1450	-32.5	10.95
1450	-32.05	10.5
1450	-32.5	10.05
1450	-32.95	10.5
1451	-32.95	11.5
1451	-32.5	11.95
1451	-32.05	11.5
1451	-32.5	11.05
1451	-32.95	11.5
1452	-32.95	12.5
1452	-32.5	12.95
1452	-32.05	12.5
1452	-32.5	12.05
1452	-32.95	12.5
1453	-32.95	13.5
1453	-32.5	13.95
1453	-32.05	13.5
1453	-32.5	13.05
1453	-32.95	13.5
1454	-32.95	14.5
1454	-32.5	14.95
1454	-32.05	14.5
1454	-32.5	14.05
1454	-32.95	14.5
1455	-32.95	15.5
1455	-32.5	15.95
1455	-32.05	15.5
1455	-32.5	15.05
1455	-32.95	15.5
1456	-32.95	16.5
1456	-32.5	16.95
1456	-32.05	16.5
1456	-32.5	16.05
1456	-32.95	16.5
1457	-32.95	17.5
1457	-32.5	17.95
1457	-32.05	17.5
1457	-32.5	17.05
1457	-32.95	17.5
1458	-32.95	18.5
1458	-32.5	18.95
1458	-32.05	18.5
1458	-32.5	18.05
1458	-32.95	18.5
1459	-32.95	19.5
1459	-32.5	19.95
1459	-32.05	19.5
1459	-32.5	19.05
1459	-32.95	19.5
1460	-32.95	2.5
1460	-32.5	2.95
1460	-32.05	2.5
1460	-32.5	2.05
1460	-32.95	2.5
1461	-32.95	20.5
1461	-32.5	20.95
1461	-32.05	20.5
1461	-32.5	20.05
1461	-32.95	20.5
1462	-32.95	21.5
1462	-32.5	21.95
1462	-32.05	21.5
1462	-32.5	21.05
1462	-32.95	21.5
1463	-32.95	22.5
1463	-32.5	22.95
1463	-32.05	22.5
1463	-32.5	22.05
1463	-32.95	22.5
1464	-32.95	23.5
1464	-32.5	23.95
1464	-32.05	23.5
1464	-32.5	23.05
1464	-32.95	23.5
1465	-32.95	24.5
1465	-32.5	24.95
1465	-32.05	24.5
1465	-32.5	24.05
1465	-32.95	24.5
1466	-32.95	25.5
1466	-32.5	25.95
1466	-32.05	25.5
1466	-32.5	25.05
1466	-32.95	25.5
1467	-32.95	26.5
1467	-32.5	26.95
1467	-32.05	26.5
1467	-32.5	26.05
1467	-32.95	26.5
1468	-32.95	27.5
1468	-32.5	27.95
1468	-32.05	27.5
1468	-32.5	27.05
1468	-32.95	27.5
1469	-32.95	3.5
1469	-32.5	3.95
1469	-32.05	3.5
1469	-32.5	3.05
1469	-32.95	3.5
1470	-32.95	31.5
1470	-32.5	31.95
1470	-32.05	31.5
1470	-32.5	31.05
1470	-32.95	31.5
1471	-32.95	32.5
1471	-32.5	32.95
1471	-32.05	32.5
1471	-32.5	32.05
1471	-32.95	32.5
1472	-32.95	33.5
1472	-32.5	33.95
1472	-32.05	33.5
1472	-32.5	33.05
1472	-32.95	33.5
1473	-32.95	34.5
1473	-32.5	34.95
1473	-32.05	34.5
1473	-32.5	34.05
1473	-32.95	34.5
1474	-32.95	35.5
1474	-32.5	35.95
1474	-32.05	35.5
1474	-32.5	35.05
1474	-32.95	35.5
1475	-32.95	36.5
1475	-32.5	36.95
1475	-32.05	36.5
1475	-32.5	36.05
1475	-32.95	36.5
1476	-32.95	37.5
1476	-32.5	37.95
1476	-32.05	37.5
1476	-32.5	37.05
1476	-32.95	37.5
1477	-32.95	38.5
1477	-32.5	38.95
1477	-32.05	38.5
1477	-32.5	38.05
1477	-32.95	38.5
1478	-32.95	39.5
1478	-32.5	39.95
1478	-32.05	39.5
1478	-32.5	39.05
1478	-32.95	39.5
1479	-32.95	4.5
1479	-32.5	4.95
1479	-32.05	4.5
1479	-32.5	4.05
1479	-32.95	4.5
1480	-32.95	40.5
1480	-32.5	40.95
1480	-32.05	40.5
1480	-32.5	40.05
1480	-32.95	40.5
1481	-32.95	5.5
1481	-32.5	5.95
1481	-32.05	5.5
1481	-32.5	5.05
1481	-32.95	5.5
1482	-32.95	6.5
1482	-32.5	6.95
1482	-32.05	6.5
1482	-32.5	6.05
1482	-32.95	6.5
1483	-32.95	7.5
1483	-32.5	7.95
1483	-32.05	7.5
1483	-32.5	7.05
1483	-32.95	7.5
1484	-32.95	8.5
1484	-32.5	8.95
1484	-32.05	8.5
1484	-32.5	8.05
1484	-32.95	8.5
1485	-32.95	9.5
1485	-32.5	9.95
1485	-32.05	9.5
1485	-32.5	9.05
1485	-32.95	9.5
1486	-33.45	0
1486	-33	0.45
1486	-32.55	0
1486	-33	-0.45
1486	-33.45	0
1487	-33.45	1
1487	-33	1.45
1487	-32.55	1
1487	-33	0.55
1487	-33.45	1
1488	-33.45	10
1488	-33	10.45
1488	-32.55	10
1488	-33	9.55
1488	-33.45	10
1489	-33.45	11
1489	-33	11.45
1489	-32.55	11
1489	-33	10.55
1489	-33.45	11
1490	-33.45	12
1490	-33	12.45
1490	-32.55	12
1490	-33	11.55
1490	-33.45	12
1491	-33.45	13
1491	-33	13.45
1491	-32.55	13
1491	-33	12.55
1491	-33.45	13
1492	-33.45	14
1492	-33	14.45
1492	-32.55	14
1492	-33	13.55
1492	-33.45	14
1493	-33.45	15
1493	-33	15.45
1493	-32.55	15
1493	-33	14.55
1493	-33.45	15
1494	-33.45	16
1494	-33	16.45
1494	-32.55	16
1494	-33	15.55
1494	-33.45	16
1495	-33.45	17
1495	-33	17.45
1495	-32.55	17
1495	-33	16.55
1495	-33.45	17
1496	-33.45	18
1496	-33	18.45
1496	-32.55	18
1496	-33	17.55
1496	-33.45	18
1497	-33.45	19
1497	-33	19.45
1497	-32.55	19
1497	-33	18.55
1497	-33.45	19
1498	-33.45	2
1498	-33	2.45
1498	-32.55	2
1498	-33	1.55
1498	-33.45	2
1499	-33.45	20
1499	-33	20.45
1499	-32.55	20
1499	-33	19.55
1499	-33.45	20
1500	-33.45	21
1500	-33	21.45
1500	-32.55	21
1500	-33	20.55
1500	-33.45	21
1501	-33.45	22
1501	-33	22.45
1501	-32.55	22
1501	-33	21.55
1501	-33.45	22
1502	-33.45	23
1502	-33	23.45
1502	-32.55	23
1502	-33	22.55
1502	-33.45	23
1503	-33.45	24
1503	-33	24.45
1503	-32.55	24
1503	-33	23.55
1503	-33.45	24
1504	-33.45	25
1504	-33	25.45
1504	-32.55	25
1504	-33	24.55
1504	-33.45	25
1505	-33.45	26
1505	-33	26.45
1505	-32.55	26
1505	-33	25.55
1505	-33.45	26
1506	-33.45	27
1506	-33	27.45
1506	-32.55	27
1506	-33	26.55
1506	-33.45	27
1507	-33.45	3
1507	-33	3.45
1507	-32.55	3
1507	-33	2.55
1507	-33.45	3
1508	-33.45	31
1508	-33	31.45
1508	-32.55	31
1508	-33	30.55
1508	-33.45	31
1509	-33.45	32
1509	-33	32.45
1509	-32.55	32
1509	-33	31.55
1509	-33.45	32
1510	-33.45	33
1510	-33	33.45
1510	-32.55	33
1510	-33	32.55
1510	-33.45	33
1511	-33.45	34
1511	-33	34.45
1511	-32.55	34
1511	-33	33.55
1511	-33.45	34
1512	-33.45	35
1512	-33	35.45
1512	-32.55	35
1512	-33	34.55
1512	-33.45	35
1513	-33.45	36
1513	-33	36.45
1513	-32.55	36
1513	-33	35.55
1513	-33.45	36
1514	-33.45	37
1514	-33	37.45
1514	-32.55	37
1514	-33	36.55
1514	-33.45	37
1515	-33.45	38
1515	-33	38.45
1515	-32.55	38
1515	-33	37.55
1515	-33.45	38
1516	-33.45	39
1516	-33	39.45
1516	-32.55	39
1516	-33	38.55
1516	-33.45	39
1517	-33.45	4
1517	-33	4.45
1517	-32.55	4
1517	-33	3.55
1517	-33.45	4
1518	-33.45	40
1518	-33	40.45
1518	-32.55	40
1518	-33	39.55
1518	-33.45	40
1519	-33.45	5
1519	-33	5.45
1519	-32.55	5
1519	-33	4.55
1519	-33.45	5
1520	-33.45	6
1520	-33	6.45
1520	-32.55	6
1520	-33	5.55
1520	-33.45	6
1521	-33.45	7
1521	-33	7.45
1521	-32.55	7
1521	-33	6.55
1521	-33.45	7
1522	-33.45	8
1522	-33	8.45
1522	-32.55	8
1522	-33	7.55
1522	-33.45	8
1523	-33.45	9
1523	-33	9.45
1523	-32.55	9
1523	-33	8.55
1523	-33.45	9
1524	-33.95	0.5
1524	-33.5	0.95
1524	-33.05	0.5
1524	-33.5	0.05
1524	-33.95	0.5
1525	-33.95	1.5
1525	-33.5	1.95
1525	-33.05	1.5
1525	-33.5	1.05
1525	-33.95	1.5
1526	-33.95	10.5
1526	-33.5	10.95
1526	-33.05	10.5
1526	-33.5	10.05
1526	-33.95	10.5
1527	-33.95	11.5
1527	-33.5	11.95
1527	-33.05	11.5
1527	-33.5	11.05
1527	-33.95	11.5
1528	-33.95	12.5
1528	-33.5	12.95
1528	-33.05	12.5
1528	-33.5	12.05
1528	-33.95	12.5
1529	-33.95	13.5
1529	-33.5	13.95
1529	-33.05	13.5
1529	-33.5	13.05
1529	-33.95	13.5
1530	-33.95	14.5
1530	-33.5	14.95
1530	-33.05	14.5
1530	-33.5	14.05
1530	-33.95	14.5
1531	-33.95	15.5
1531	-33.5	15.95
1531	-33.05	15.5
1531	-33.5	15.05
1531	-33.95	15.5
1532	-33.95	16.5
1532	-33.5	16.95
1532	-33.05	16.5
1532	-33.5	16.05
1532	-33.95	16.5
1533	-33.95	17.5
1533	-33.5	17.95
1533	-33.05	17.5
1533	-33.5	17.05
1533	-33.95	17.5
1534	-33.95	18.5
1534	-33.5	18.95
1534	-33.05	18.5
1534	-33.5	18.05
1534	-33.95	18.5
1535	-33.95	19.5
1535	-33.5	19.95
1535	-33.05	19.5
1535	-33.5	19.05
1535	-33.95	19.5
1536	-33.95	2.5
1536	-33.5	2.95
1536	-33.05	2.5
1536	-33.5	2.05
1536	-33.95	2.5
1537	-33.95	20.5
1537	-33.5	20.95
1537	-33.05	20.5
1537	-33.5	20.05
1537	-33.95	20.5
1538	-33.95	21.5
1538	-33.5	21.95
1538	-33.05	21.5
1538	-33.5	21.05
1538	-33.95	21.5
1539	-33.95	22.5
1539	-33.5	22.95
1539	-33.05	22.5
1539	-33.5	22.05
1539	-33.95	22.5
1540	-33.95	23.5
1540	-33.5	23.95
1540	-33.05	23.5
1540	-33.5	23.05
1540	-33.95	23.5
1541	-33.95	24.5
1541	-33.5	24.95
1541	-33.05	24.5
1541	-33.5	24.05
1541	-33.95	24.5
1542	-33.95	25.5
1542	-33.5	25.95
1542	-33.05	25.5
1542	-33.5	25.05
1542	-33.95	25.5
1543	-33.95	26.5
1543	-33.5	26.95
1543	-33.05	26.5
1543	-33.5	26.05
1543	-33.95	26.5
1544	-33.95	3.5
1544	-33.5	3.95
1544	-33.05	3.5
1544	-33.5	3.05
1544	-33.95	3.5
1545	-33.95	30.5
1545	-33.5	30.95
1545	-33.05	30.5
1545	-33.5	30.05
1545	-33.95	30.5
1546	-33.95	31.5
1546	-33.5	31.95
1546	-33.05	31.5
1546	-33.5	31.05
1546	-33.95	31.5
1547	-33.95	32.5
1547	-33.5	32.95
1547	-33.05	32.5
1547	-33.5	32.05
1547	-33.95	32.5
1548	-33.95	33.5
1548	-33.5	33.95
1548	-33.05	33.5
1548	-33.5	33.05
1548	-33.95	33.5
1549	-33.95	34.5
1549	-33.5	34.95
1549	-33.05	34.5
1549	-33.5	34.05
1549	-33.95	34.5
1550	-33.95	36.5
1550	-33.5	36.95
1550	-33.05	36.5
1550	-33.5	36.05
1550	-33.95	36.5
1551	-33.95	37.5
1551	-33.5	37.95
1551	-33.05	37.5
1551	-33.5	37.05
1551	-33.95	37.5
1552	-33.95	38.5
1552	-33.5	38.95
1552	-33.05	38.5
1552	-33.5	38.05
1552	-33.95	38.5
1553	-33.95	39.5
1553	-33.5	39.95
1553	-33.05	39.5
1553	-33.5	39.05
1553	-33.95	39.5
1554	-33.95	4.5
1554	-33.5	4.95
1554	-33.05	4.5
1554	-33.5	4.05
1554	-33.95	4.5
1555	-33.95	41.5
1555	-33.5	41.95
1555	-33.05	41.5
1555	-33.5	41.05
1555	-33.95	41.5
1556	-33.95	5.5
1556	-33.5	5.95
1556	-33.05	5.5
1556	-33.5	5.05
1556	-33.95	5.5
1557	-33.95	6.5
1557	-33.5	6.95
1557	-33.05	6.5
1557	-33.5	6.05
1557	-33.95	6.5
1558	-33.95	7.5
1558	-33.5	7.95
1558	-33.05	7.5
1558	-33.5	7.05
1558	-33.95	7.5
1559	-33.95	8.5
1559	-33.5	8.95
1559	-33.05	8.5
1559	-33.5	8.05
1559	-33.95	8.5
1560	-33.95	9.5
1560	-33.5	9.95
1560	-33.05	9.5
1560	-33.5	9.05
1560	-33.95	9.5
1561	-34.45	0
1561	-34	0.45
1561	-33.55	0
1561	-34	-0.45
1561	-34.45	0
1562	-34.45	1
1562	-34	1.45
1562	-33.55	1
1562	-34	0.55
1562	-34.45	1
1563	-34.45	10
1563	-34	10.45
1563	-33.55	10
1563	-34	9.55
1563	-34.45	10
1564	-34.45	11
1564	-34	11.45
1564	-33.55	11
1564	-34	10.55
1564	-34.45	11
1565	-34.45	12
1565	-34	12.45
1565	-33.55	12
1565	-34	11.55
1565	-34.45	12
1566	-34.45	13
1566	-34	13.45
1566	-33.55	13
1566	-34	12.55
1566	-34.45	13
1567	-34.45	14
1567	-34	14.45
1567	-33.55	14
1567	-34	13.55
1567	-34.45	14
1568	-34.45	15
1568	-34	15.45
1568	-33.55	15
1568	-34	14.55
1568	-34.45	15
1569	-34.45	16
1569	-34	16.45
1569	-33.55	16
1569	-34	15.55
1569	-34.45	16
1570	-34.45	17
1570	-34	17.45
1570	-33.55	17
1570	-34	16.55
1570	-34.45	17
1571	-34.45	18
1571	-34	18.45
1571	-33.55	18
1571	-34	17.55
1571	-34.45	18
1572	-34.45	19
1572	-34	19.45
1572	-33.55	19
1572	-34	18.55
1572	-34.45	19
1573	-34.45	2
1573	-34	2.45
1573	-33.55	2
1573	-34	1.55
1573	-34.45	2
1574	-34.45	20
1574	-34	20.45
1574	-33.55	20
1574	-34	19.55
1574	-34.45	20
1575	-34.45	21
1575	-34	21.45
1575	-33.55	21
1575	-34	20.55
1575	-34.45	21
1576	-34.45	22
1576	-34	22.45
1576	-33.55	22
1576	-34	21.55
1576	-34.45	22
1577	-34.45	23
1577	-34	23.45
1577	-33.55	23
1577	-34	22.55
1577	-34.45	23
1578	-34.45	24
1578	-34	24.45
1578	-33.55	24
1578	-34	23.55
1578	-34.45	24
1579	-34.45	25
1579	-34	25.45
1579	-33.55	25
1579	-34	24.55
1579	-34.45	25
1580	-34.45	26
1580	-34	26.45
1580	-33.55	26
1580	-34	25.55
1580	-34.45	26
1581	-34.45	3
1581	-34	3.45
1581	-33.55	3
1581	-34	2.55
1581	-34.45	3
1582	-34.45	30
1582	-34	30.45
1582	-33.55	30
1582	-34	29.55
1582	-34.45	30
1583	-34.45	31
1583	-34	31.45
1583	-33.55	31
1583	-34	30.55
1583	-34.45	31
1584	-34.45	32
1584	-34	32.45
1584	-33.55	32
1584	-34	31.55
1584	-34.45	32
1585	-34.45	33
1585	-34	33.45
1585	-33.55	33
1585	-34	32.55
1585	-34.45	33
1586	-34.45	34
1586	-34	34.45
1586	-33.55	34
1586	-34	33.55
1586	-34.45	34
1587	-34.45	35
1587	-34	35.45
1587	-33.55	35
1587	-34	34.55
1587	-34.45	35
1588	-34.45	36
1588	-34	36.45
1588	-33.55	36
1588	-34	35.55
1588	-34.45	36
1589	-34.45	37
1589	-34	37.45
1589	-33.55	37
1589	-34	36.55
1589	-34.45	37
1590	-34.45	38
1590	-34	38.45
1590	-33.55	38
1590	-34	37.55
1590	-34.45	38
1591	-34.45	39
1591	-34	39.45
1591	-33.55	39
1591	-34	38.55
1591	-34.45	39
1592	-34.45	4
1592	-34	4.45
1592	-33.55	4
1592	-34	3.55
1592	-34.45	4
1593	-34.45	41
1593	-34	41.45
1593	-33.55	41
1593	-34	40.55
1593	-34.45	41
1594	-34.45	5
1594	-34	5.45
1594	-33.55	5
1594	-34	4.55
1594	-34.45	5
1595	-34.45	6
1595	-34	6.45
1595	-33.55	6
1595	-34	5.55
1595	-34.45	6
1596	-34.45	7
1596	-34	7.45
1596	-33.55	7
1596	-34	6.55
1596	-34.45	7
1597	-34.45	8
1597	-34	8.45
1597	-33.55	8
1597	-34	7.55
1597	-34.45	8
1598	-34.45	9
1598	-34	9.45
1598	-33.55	9
1598	-34	8.55
1598	-34.45	9
1599	-34.95	0.5
1599	-34.5	0.95
1599	-34.05	0.5
1599	-34.5	0.05
1599	-34.95	0.5
1600	-34.95	1.5
1600	-34.5	1.95
1600	-34.05	1.5
1600	-34.5	1.05
1600	-34.95	1.5
1601	-34.95	10.5
1601	-34.5	10.95
1601	-34.05	10.5
1601	-34.5	10.05
1601	-34.95	10.5
1602	-34.95	11.5
1602	-34.5	11.95
1602	-34.05	11.5
1602	-34.5	11.05
1602	-34.95	11.5
1603	-34.95	12.5
1603	-34.5	12.95
1603	-34.05	12.5
1603	-34.5	12.05
1603	-34.95	12.5
1604	-34.95	13.5
1604	-34.5	13.95
1604	-34.05	13.5
1604	-34.5	13.05
1604	-34.95	13.5
1605	-34.95	14.5
1605	-34.5	14.95
1605	-34.05	14.5
1605	-34.5	14.05
1605	-34.95	14.5
1606	-34.95	15.5
1606	-34.5	15.95
1606	-34.05	15.5
1606	-34.5	15.05
1606	-34.95	15.5
1607	-34.95	16.5
1607	-34.5	16.95
1607	-34.05	16.5
1607	-34.5	16.05
1607	-34.95	16.5
1608	-34.95	17.5
1608	-34.5	17.95
1608	-34.05	17.5
1608	-34.5	17.05
1608	-34.95	17.5
1609	-34.95	18.5
1609	-34.5	18.95
1609	-34.05	18.5
1609	-34.5	18.05
1609	-34.95	18.5
1610	-34.95	19.5
1610	-34.5	19.95
1610	-34.05	19.5
1610	-34.5	19.05
1610	-34.95	19.5
1611	-34.95	2.5
1611	-34.5	2.95
1611	-34.05	2.5
1611	-34.5	2.05
1611	-34.95	2.5
1612	-34.95	20.5
1612	-34.5	20.95
1612	-34.05	20.5
1612	-34.5	20.05
1612	-34.95	20.5
1613	-34.95	21.5
1613	-34.5	21.95
1613	-34.05	21.5
1613	-34.5	21.05
1613	-34.95	21.5
1614	-34.95	22.5
1614	-34.5	22.95
1614	-34.05	22.5
1614	-34.5	22.05
1614	-34.95	22.5
1615	-34.95	23.5
1615	-34.5	23.95
1615	-34.05	23.5
1615	-34.5	23.05
1615	-34.95	23.5
1616	-34.95	24.5
1616	-34.5	24.95
1616	-34.05	24.5
1616	-34.5	24.05
1616	-34.95	24.5
1617	-34.95	25.5
1617	-34.5	25.95
1617	-34.05	25.5
1617	-34.5	25.05
1617	-34.95	25.5
1618	-34.95	29.5
1618	-34.5	29.95
1618	-34.05	29.5
1618	-34.5	29.05
1618	-34.95	29.5
1619	-34.95	3.5
1619	-34.5	3.95
1619	-34.05	3.5
1619	-34.5	3.05
1619	-34.95	3.5
1620	-34.95	30.5
1620	-34.5	30.95
1620	-34.05	30.5
1620	-34.5	30.05
1620	-34.95	30.5
1621	-34.95	31.5
1621	-34.5	31.95
1621	-34.05	31.5
1621	-34.5	31.05
1621	-34.95	31.5
1622	-34.95	32.5
1622	-34.5	32.95
1622	-34.05	32.5
1622	-34.5	32.05
1622	-34.95	32.5
1623	-34.95	33.5
1623	-34.5	33.95
1623	-34.05	33.5
1623	-34.5	33.05
1623	-34.95	33.5
1624	-34.95	34.5
1624	-34.5	34.95
1624	-34.05	34.5
1624	-34.5	34.05
1624	-34.95	34.5
1625	-34.95	35.5
1625	-34.5	35.95
1625	-34.05	35.5
1625	-34.5	35.05
1625	-34.95	35.5
1626	-34.95	36.5
1626	-34.5	36.95
1626	-34.05	36.5
1626	-34.5	36.05
1626	-34.95	36.5
1627	-34.95	37.5
1627	-34.5	37.95
1627	-34.05	37.5
1627	-34.5	37.05
1627	-34.95	37.5
1628	-34.95	38.5
1628	-34.5	38.95
1628	-34.05	38.5
1628	-34.5	38.05
1628	-34.95	38.5
1629	-34.95	4.5
1629	-34.5	4.95
1629	-34.05	4.5
1629	-34.5	4.05
1629	-34.95	4.5
1630	-34.95	40.5
1630	-34.5	40.95
1630	-34.05	40.5
1630	-34.5	40.05
1630	-34.95	40.5
1631	-34.95	5.5
1631	-34.5	5.95
1631	-34.05	5.5
1631	-34.5	5.05
1631	-34.95	5.5
1632	-34.95	6.5
1632	-34.5	6.95
1632	-34.05	6.5
1632	-34.5	6.05
1632	-34.95	6.5
1633	-34.95	7.5
1633	-34.5	7.95
1633	-34.05	7.5
1633	-34.5	7.05
1633	-34.95	7.5
1634	-34.95	8.5
1634	-34.5	8.95
1634	-34.05	8.5
1634	-34.5	8.05
1634	-34.95	8.5
1635	-34.95	9.5
1635	-34.5	9.95
1635	-34.05	9.5
1635	-34.5	9.05
1635	-34.95	9.5
1636	-35.45	0
1636	-35	0.45
1636	-34.55	0
1636	-35	-0.45
1636	-35.45	0
1637	-35.45	1
1637	-35	1.45
1637	-34.55	1
1637	-35	0.55
1637	-35.45	1
1638	-35.45	10
1638	-35	10.45
1638	-34.55	10
1638	-35	9.55
1638	-35.45	10
1639	-35.45	11
1639	-35	11.45
1639	-34.55	11
1639	-35	10.55
1639	-35.45	11
1640	-35.45	12
1640	-35	12.45
1640	-34.55	12
1640	-35	11.55
1640	-35.45	12
1641	-35.45	13
1641	-35	13.45
1641	-34.55	13
1641	-35	12.55
1641	-35.45	13
1642	-35.45	14
1642	-35	14.45
1642	-34.55	14
1642	-35	13.55
1642	-35.45	14
1643	-35.45	15
1643	-35	15.45
1643	-34.55	15
1643	-35	14.55
1643	-35.45	15
1644	-35.45	16
1644	-35	16.45
1644	-34.55	16
1644	-35	15.55
1644	-35.45	16
1645	-35.45	17
1645	-35	17.45
1645	-34.55	17
1645	-35	16.55
1645	-35.45	17
1646	-35.45	18
1646	-35	18.45
1646	-34.55	18
1646	-35	17.55
1646	-35.45	18
1647	-35.45	19
1647	-35	19.45
1647	-34.55	19
1647	-35	18.55
1647	-35.45	19
1648	-35.45	2
1648	-35	2.45
1648	-34.55	2
1648	-35	1.55
1648	-35.45	2
1649	-35.45	20
1649	-35	20.45
1649	-34.55	20
1649	-35	19.55
1649	-35.45	20
1650	-35.45	21
1650	-35	21.45
1650	-34.55	21
1650	-35	20.55
1650	-35.45	21
1651	-35.45	22
1651	-35	22.45
1651	-34.55	22
1651	-35	21.55
1651	-35.45	22
1652	-35.45	23
1652	-35	23.45
1652	-34.55	23
1652	-35	22.55
1652	-35.45	23
1653	-35.45	24
1653	-35	24.45
1653	-34.55	24
1653	-35	23.55
1653	-35.45	24
1654	-35.45	25
1654	-35	25.45
1654	-34.55	25
1654	-35	24.55
1654	-35.45	25
1655	-35.45	29
1655	-35	29.45
1655	-34.55	29
1655	-35	28.55
1655	-35.45	29
1656	-35.45	3
1656	-35	3.45
1656	-34.55	3
1656	-35	2.55
1656	-35.45	3
1657	-35.45	30
1657	-35	30.45
1657	-34.55	30
1657	-35	29.55
1657	-35.45	30
1658	-35.45	31
1658	-35	31.45
1658	-34.55	31
1658	-35	30.55
1658	-35.45	31
1659	-35.45	32
1659	-35	32.45
1659	-34.55	32
1659	-35	31.55
1659	-35.45	32
1660	-35.45	33
1660	-35	33.45
1660	-34.55	33
1660	-35	32.55
1660	-35.45	33
1661	-35.45	35
1661	-35	35.45
1661	-34.55	35
1661	-35	34.55
1661	-35.45	35
1662	-35.45	36
1662	-35	36.45
1662	-34.55	36
1662	-35	35.55
1662	-35.45	36
1663	-35.45	37
1663	-35	37.45
1663	-34.55	37
1663	-35	36.55
1663	-35.45	37
1664	-35.45	38
1664	-35	38.45
1664	-34.55	38
1664	-35	37.55
1664	-35.45	38
1665	-35.45	4
1665	-35	4.45
1665	-34.55	4
1665	-35	3.55
1665	-35.45	4
1666	-35.45	40
1666	-35	40.45
1666	-34.55	40
1666	-35	39.55
1666	-35.45	40
1667	-35.45	5
1667	-35	5.45
1667	-34.55	5
1667	-35	4.55
1667	-35.45	5
1668	-35.45	6
1668	-35	6.45
1668	-34.55	6
1668	-35	5.55
1668	-35.45	6
1669	-35.45	7
1669	-35	7.45
1669	-34.55	7
1669	-35	6.55
1669	-35.45	7
1670	-35.45	8
1670	-35	8.45
1670	-34.55	8
1670	-35	7.55
1670	-35.45	8
1671	-35.45	9
1671	-35	9.45
1671	-34.55	9
1671	-35	8.55
1671	-35.45	9
1672	-35.95	0.5
1672	-35.5	0.95
1672	-35.05	0.5
1672	-35.5	0.05
1672	-35.95	0.5
1673	-35.95	1.5
1673	-35.5	1.95
1673	-35.05	1.5
1673	-35.5	1.05
1673	-35.95	1.5
1674	-35.95	10.5
1674	-35.5	10.95
1674	-35.05	10.5
1674	-35.5	10.05
1674	-35.95	10.5
1675	-35.95	11.5
1675	-35.5	11.95
1675	-35.05	11.5
1675	-35.5	11.05
1675	-35.95	11.5
1676	-35.95	12.5
1676	-35.5	12.95
1676	-35.05	12.5
1676	-35.5	12.05
1676	-35.95	12.5
1677	-35.95	13.5
1677	-35.5	13.95
1677	-35.05	13.5
1677	-35.5	13.05
1677	-35.95	13.5
1678	-35.95	14.5
1678	-35.5	14.95
1678	-35.05	14.5
1678	-35.5	14.05
1678	-35.95	14.5
1679	-35.95	15.5
1679	-35.5	15.95
1679	-35.05	15.5
1679	-35.5	15.05
1679	-35.95	15.5
1680	-35.95	16.5
1680	-35.5	16.95
1680	-35.05	16.5
1680	-35.5	16.05
1680	-35.95	16.5
1681	-35.95	17.5
1681	-35.5	17.95
1681	-35.05	17.5
1681	-35.5	17.05
1681	-35.95	17.5
1682	-35.95	18.5
1682	-35.5	18.95
1682	-35.05	18.5
1682	-35.5	18.05
1682	-35.95	18.5
1683	-35.95	19.5
1683	-35.5	19.95
1683	-35.05	19.5
1683	-35.5	19.05
1683	-35.95	19.5
1684	-35.95	2.5
1684	-35.5	2.95
1684	-35.05	2.5
1684	-35.5	2.05
1684	-35.95	2.5
1685	-35.95	20.5
1685	-35.5	20.95
1685	-35.05	20.5
1685	-35.5	20.05
1685	-35.95	20.5
1686	-35.95	21.5
1686	-35.5	21.95
1686	-35.05	21.5
1686	-35.5	21.05
1686	-35.95	21.5
1687	-35.95	22.5
1687	-35.5	22.95
1687	-35.05	22.5
1687	-35.5	22.05
1687	-35.95	22.5
1688	-35.95	23.5
1688	-35.5	23.95
1688	-35.05	23.5
1688	-35.5	23.05
1688	-35.95	23.5
1689	-35.95	24.5
1689	-35.5	24.95
1689	-35.05	24.5
1689	-35.5	24.05
1689	-35.95	24.5
1690	-35.95	28.5
1690	-35.5	28.95
1690	-35.05	28.5
1690	-35.5	28.05
1690	-35.95	28.5
1691	-35.95	29.5
1691	-35.5	29.95
1691	-35.05	29.5
1691	-35.5	29.05
1691	-35.95	29.5
1692	-35.95	3.5
1692	-35.5	3.95
1692	-35.05	3.5
1692	-35.5	3.05
1692	-35.95	3.5
1693	-35.95	30.5
1693	-35.5	30.95
1693	-35.05	30.5
1693	-35.5	30.05
1693	-35.95	30.5
1694	-35.95	31.5
1694	-35.5	31.95
1694	-35.05	31.5
1694	-35.5	31.05
1694	-35.95	31.5
1695	-35.95	32.5
1695	-35.5	32.95
1695	-35.05	32.5
1695	-35.5	32.05
1695	-35.95	32.5
1696	-35.95	33.5
1696	-35.5	33.95
1696	-35.05	33.5
1696	-35.5	33.05
1696	-35.95	33.5
1697	-35.95	34.5
1697	-35.5	34.95
1697	-35.05	34.5
1697	-35.5	34.05
1697	-35.95	34.5
1698	-35.95	35.5
1698	-35.5	35.95
1698	-35.05	35.5
1698	-35.5	35.05
1698	-35.95	35.5
1699	-35.95	36.5
1699	-35.5	36.95
1699	-35.05	36.5
1699	-35.5	36.05
1699	-35.95	36.5
1700	-35.95	37.5
1700	-35.5	37.95
1700	-35.05	37.5
1700	-35.5	37.05
1700	-35.95	37.5
1701	-35.95	39.5
1701	-35.5	39.95
1701	-35.05	39.5
1701	-35.5	39.05
1701	-35.95	39.5
1702	-35.95	4.5
1702	-35.5	4.95
1702	-35.05	4.5
1702	-35.5	4.05
1702	-35.95	4.5
1703	-35.95	5.5
1703	-35.5	5.95
1703	-35.05	5.5
1703	-35.5	5.05
1703	-35.95	5.5
1704	-35.95	6.5
1704	-35.5	6.95
1704	-35.05	6.5
1704	-35.5	6.05
1704	-35.95	6.5
1705	-35.95	7.5
1705	-35.5	7.95
1705	-35.05	7.5
1705	-35.5	7.05
1705	-35.95	7.5
1706	-35.95	8.5
1706	-35.5	8.95
1706	-35.05	8.5
1706	-35.5	8.05
1706	-35.95	8.5
1707	-35.95	9.5
1707	-35.5	9.95
1707	-35.05	9.5
1707	-35.5	9.05
1707	-35.95	9.5
1708	-36.45	0
1708	-36	0.45
1708	-35.55	0
1708	-36	-0.45
1708	-36.45	0
1709	-36.45	1
1709	-36	1.45
1709	-35.55	1
1709	-36	0.55
1709	-36.45	1
1710	-36.45	10
1710	-36	10.45
1710	-35.55	10
1710	-36	9.55
1710	-36.45	10
1711	-36.45	11
1711	-36	11.45
1711	-35.55	11
1711	-36	10.55
1711	-36.45	11
1712	-36.45	12
1712	-36	12.45
1712	-35.55	12
1712	-36	11.55
1712	-36.45	12
1713	-36.45	13
1713	-36	13.45
1713	-35.55	13
1713	-36	12.55
1713	-36.45	13
1714	-36.45	14
1714	-36	14.45
1714	-35.55	14
1714	-36	13.55
1714	-36.45	14
1715	-36.45	15
1715	-36	15.45
1715	-35.55	15
1715	-36	14.55
1715	-36.45	15
1716	-36.45	16
1716	-36	16.45
1716	-35.55	16
1716	-36	15.55
1716	-36.45	16
1717	-36.45	17
1717	-36	17.45
1717	-35.55	17
1717	-36	16.55
1717	-36.45	17
1718	-36.45	18
1718	-36	18.45
1718	-35.55	18
1718	-36	17.55
1718	-36.45	18
1719	-36.45	19
1719	-36	19.45
1719	-35.55	19
1719	-36	18.55
1719	-36.45	19
1720	-36.45	2
1720	-36	2.45
1720	-35.55	2
1720	-36	1.55
1720	-36.45	2
1721	-36.45	20
1721	-36	20.45
1721	-35.55	20
1721	-36	19.55
1721	-36.45	20
1722	-36.45	21
1722	-36	21.45
1722	-35.55	21
1722	-36	20.55
1722	-36.45	21
1723	-36.45	22
1723	-36	22.45
1723	-35.55	22
1723	-36	21.55
1723	-36.45	22
1724	-36.45	23
1724	-36	23.45
1724	-35.55	23
1724	-36	22.55
1724	-36.45	23
1725	-36.45	24
1725	-36	24.45
1725	-35.55	24
1725	-36	23.55
1725	-36.45	24
1726	-36.45	28
1726	-36	28.45
1726	-35.55	28
1726	-36	27.55
1726	-36.45	28
1727	-36.45	29
1727	-36	29.45
1727	-35.55	29
1727	-36	28.55
1727	-36.45	29
1728	-36.45	3
1728	-36	3.45
1728	-35.55	3
1728	-36	2.55
1728	-36.45	3
1729	-36.45	30
1729	-36	30.45
1729	-35.55	30
1729	-36	29.55
1729	-36.45	30
1730	-36.45	31
1730	-36	31.45
1730	-35.55	31
1730	-36	30.55
1730	-36.45	31
1731	-36.45	32
1731	-36	32.45
1731	-35.55	32
1731	-36	31.55
1731	-36.45	32
1732	-36.45	34
1732	-36	34.45
1732	-35.55	34
1732	-36	33.55
1732	-36.45	34
1733	-36.45	35
1733	-36	35.45
1733	-35.55	35
1733	-36	34.55
1733	-36.45	35
1734	-36.45	36
1734	-36	36.45
1734	-35.55	36
1734	-36	35.55
1734	-36.45	36
1735	-36.45	37
1735	-36	37.45
1735	-35.55	37
1735	-36	36.55
1735	-36.45	37
1736	-36.45	39
1736	-36	39.45
1736	-35.55	39
1736	-36	38.55
1736	-36.45	39
1737	-36.45	4
1737	-36	4.45
1737	-35.55	4
1737	-36	3.55
1737	-36.45	4
1738	-36.45	5
1738	-36	5.45
1738	-35.55	5
1738	-36	4.55
1738	-36.45	5
1739	-36.45	6
1739	-36	6.45
1739	-35.55	6
1739	-36	5.55
1739	-36.45	6
1740	-36.45	7
1740	-36	7.45
1740	-35.55	7
1740	-36	6.55
1740	-36.45	7
1741	-36.45	8
1741	-36	8.45
1741	-35.55	8
1741	-36	7.55
1741	-36.45	8
1742	-36.45	9
1742	-36	9.45
1742	-35.55	9
1742	-36	8.55
1742	-36.45	9
1743	-36.95	0.5
1743	-36.5	0.95
1743	-36.05	0.5
1743	-36.5	0.05
1743	-36.95	0.5
1744	-36.95	1.5
1744	-36.5	1.95
1744	-36.05	1.5
1744	-36.5	1.05
1744	-36.95	1.5
1745	-36.95	10.5
1745	-36.5	10.95
1745	-36.05	10.5
1745	-36.5	10.05
1745	-36.95	10.5
1746	-36.95	11.5
1746	-36.5	11.95
1746	-36.05	11.5
1746	-36.5	11.05
1746	-36.95	11.5
1747	-36.95	12.5
1747	-36.5	12.95
1747	-36.05	12.5
1747	-36.5	12.05
1747	-36.95	12.5
1748	-36.95	13.5
1748	-36.5	13.95
1748	-36.05	13.5
1748	-36.5	13.05
1748	-36.95	13.5
1749	-36.95	14.5
1749	-36.5	14.95
1749	-36.05	14.5
1749	-36.5	14.05
1749	-36.95	14.5
1750	-36.95	15.5
1750	-36.5	15.95
1750	-36.05	15.5
1750	-36.5	15.05
1750	-36.95	15.5
1751	-36.95	16.5
1751	-36.5	16.95
1751	-36.05	16.5
1751	-36.5	16.05
1751	-36.95	16.5
1752	-36.95	17.5
1752	-36.5	17.95
1752	-36.05	17.5
1752	-36.5	17.05
1752	-36.95	17.5
1753	-36.95	18.5
1753	-36.5	18.95
1753	-36.05	18.5
1753	-36.5	18.05
1753	-36.95	18.5
1754	-36.95	19.5
1754	-36.5	19.95
1754	-36.05	19.5
1754	-36.5	19.05
1754	-36.95	19.5
1755	-36.95	2.5
1755	-36.5	2.95
1755	-36.05	2.5
1755	-36.5	2.05
1755	-36.95	2.5
1756	-36.95	20.5
1756	-36.5	20.95
1756	-36.05	20.5
1756	-36.5	20.05
1756	-36.95	20.5
1757	-36.95	21.5
1757	-36.5	21.95
1757	-36.05	21.5
1757	-36.5	21.05
1757	-36.95	21.5
1758	-36.95	22.5
1758	-36.5	22.95
1758	-36.05	22.5
1758	-36.5	22.05
1758	-36.95	22.5
1759	-36.95	23.5
1759	-36.5	23.95
1759	-36.05	23.5
1759	-36.5	23.05
1759	-36.95	23.5
1760	-36.95	27.5
1760	-36.5	27.95
1760	-36.05	27.5
1760	-36.5	27.05
1760	-36.95	27.5
1761	-36.95	28.5
1761	-36.5	28.95
1761	-36.05	28.5
1761	-36.5	28.05
1761	-36.95	28.5
1762	-36.95	29.5
1762	-36.5	29.95
1762	-36.05	29.5
1762	-36.5	29.05
1762	-36.95	29.5
1763	-36.95	3.5
1763	-36.5	3.95
1763	-36.05	3.5
1763	-36.5	3.05
1763	-36.95	3.5
1764	-36.95	30.5
1764	-36.5	30.95
1764	-36.05	30.5
1764	-36.5	30.05
1764	-36.95	30.5
1765	-36.95	31.5
1765	-36.5	31.95
1765	-36.05	31.5
1765	-36.5	31.05
1765	-36.95	31.5
1766	-36.95	32.5
1766	-36.5	32.95
1766	-36.05	32.5
1766	-36.5	32.05
1766	-36.95	32.5
1767	-36.95	33.5
1767	-36.5	33.95
1767	-36.05	33.5
1767	-36.5	33.05
1767	-36.95	33.5
1768	-36.95	34.5
1768	-36.5	34.95
1768	-36.05	34.5
1768	-36.5	34.05
1768	-36.95	34.5
1769	-36.95	35.5
1769	-36.5	35.95
1769	-36.05	35.5
1769	-36.5	35.05
1769	-36.95	35.5
1770	-36.95	36.5
1770	-36.5	36.95
1770	-36.05	36.5
1770	-36.5	36.05
1770	-36.95	36.5
1771	-36.95	38.5
1771	-36.5	38.95
1771	-36.05	38.5
1771	-36.5	38.05
1771	-36.95	38.5
1772	-36.95	4.5
1772	-36.5	4.95
1772	-36.05	4.5
1772	-36.5	4.05
1772	-36.95	4.5
1773	-36.95	5.5
1773	-36.5	5.95
1773	-36.05	5.5
1773	-36.5	5.05
1773	-36.95	5.5
1774	-36.95	6.5
1774	-36.5	6.95
1774	-36.05	6.5
1774	-36.5	6.05
1774	-36.95	6.5
1775	-36.95	7.5
1775	-36.5	7.95
1775	-36.05	7.5
1775	-36.5	7.05
1775	-36.95	7.5
1776	-36.95	8.5
1776	-36.5	8.95
1776	-36.05	8.5
1776	-36.5	8.05
1776	-36.95	8.5
1777	-36.95	9.5
1777	-36.5	9.95
1777	-36.05	9.5
1777	-36.5	9.05
1777	-36.95	9.5
1778	-37.45	0
1778	-37	0.45
1778	-36.55	0
1778	-37	-0.45
1778	-37.45	0
1779	-37.45	1
1779	-37	1.45
1779	-36.55	1
1779	-37	0.55
1779	-37.45	1
1780	-37.45	10
1780	-37	10.45
1780	-36.55	10
1780	-37	9.55
1780	-37.45	10
1781	-37.45	11
1781	-37	11.45
1781	-36.55	11
1781	-37	10.55
1781	-37.45	11
1782	-37.45	12
1782	-37	12.45
1782	-36.55	12
1782	-37	11.55
1782	-37.45	12
1783	-37.45	13
1783	-37	13.45
1783	-36.55	13
1783	-37	12.55
1783	-37.45	13
1784	-37.45	14
1784	-37	14.45
1784	-36.55	14
1784	-37	13.55
1784	-37.45	14
1785	-37.45	15
1785	-37	15.45
1785	-36.55	15
1785	-37	14.55
1785	-37.45	15
1786	-37.45	16
1786	-37	16.45
1786	-36.55	16
1786	-37	15.55
1786	-37.45	16
1787	-37.45	17
1787	-37	17.45
1787	-36.55	17
1787	-37	16.55
1787	-37.45	17
1788	-37.45	18
1788	-37	18.45
1788	-36.55	18
1788	-37	17.55
1788	-37.45	18
1789	-37.45	19
1789	-37	19.45
1789	-36.55	19
1789	-37	18.55
1789	-37.45	19
1790	-37.45	2
1790	-37	2.45
1790	-36.55	2
1790	-37	1.55
1790	-37.45	2
1791	-37.45	20
1791	-37	20.45
1791	-36.55	20
1791	-37	19.55
1791	-37.45	20
1792	-37.45	21
1792	-37	21.45
1792	-36.55	21
1792	-37	20.55
1792	-37.45	21
1793	-37.45	22
1793	-37	22.45
1793	-36.55	22
1793	-37	21.55
1793	-37.45	22
1794	-37.45	23
1794	-37	23.45
1794	-36.55	23
1794	-37	22.55
1794	-37.45	23
1795	-37.45	27
1795	-37	27.45
1795	-36.55	27
1795	-37	26.55
1795	-37.45	27
1796	-37.45	28
1796	-37	28.45
1796	-36.55	28
1796	-37	27.55
1796	-37.45	28
1797	-37.45	29
1797	-37	29.45
1797	-36.55	29
1797	-37	28.55
1797	-37.45	29
1798	-37.45	3
1798	-37	3.45
1798	-36.55	3
1798	-37	2.55
1798	-37.45	3
1799	-37.45	30
1799	-37	30.45
1799	-36.55	30
1799	-37	29.55
1799	-37.45	30
1800	-37.45	31
1800	-37	31.45
1800	-36.55	31
1800	-37	30.55
1800	-37.45	31
1801	-37.45	32
1801	-37	32.45
1801	-36.55	32
1801	-37	31.55
1801	-37.45	32
1802	-37.45	33
1802	-37	33.45
1802	-36.55	33
1802	-37	32.55
1802	-37.45	33
1803	-37.45	34
1803	-37	34.45
1803	-36.55	34
1803	-37	33.55
1803	-37.45	34
1804	-37.45	35
1804	-37	35.45
1804	-36.55	35
1804	-37	34.55
1804	-37.45	35
1805	-37.45	36
1805	-37	36.45
1805	-36.55	36
1805	-37	35.55
1805	-37.45	36
1806	-37.45	38
1806	-37	38.45
1806	-36.55	38
1806	-37	37.55
1806	-37.45	38
1807	-37.45	4
1807	-37	4.45
1807	-36.55	4
1807	-37	3.55
1807	-37.45	4
1808	-37.45	5
1808	-37	5.45
1808	-36.55	5
1808	-37	4.55
1808	-37.45	5
1809	-37.45	6
1809	-37	6.45
1809	-36.55	6
1809	-37	5.55
1809	-37.45	6
1810	-37.45	7
1810	-37	7.45
1810	-36.55	7
1810	-37	6.55
1810	-37.45	7
1811	-37.45	8
1811	-37	8.45
1811	-36.55	8
1811	-37	7.55
1811	-37.45	8
1812	-37.45	9
1812	-37	9.45
1812	-36.55	9
1812	-37	8.55
1812	-37.45	9
1813	-37.95	0.5
1813	-37.5	0.95
1813	-37.05	0.5
1813	-37.5	0.05
1813	-37.95	0.5
1814	-37.95	1.5
1814	-37.5	1.95
1814	-37.05	1.5
1814	-37.5	1.05
1814	-37.95	1.5
1815	-37.95	10.5
1815	-37.5	10.95
1815	-37.05	10.5
1815	-37.5	10.05
1815	-37.95	10.5
1816	-37.95	11.5
1816	-37.5	11.95
1816	-37.05	11.5
1816	-37.5	11.05
1816	-37.95	11.5
1817	-37.95	12.5
1817	-37.5	12.95
1817	-37.05	12.5
1817	-37.5	12.05
1817	-37.95	12.5
1818	-37.95	13.5
1818	-37.5	13.95
1818	-37.05	13.5
1818	-37.5	13.05
1818	-37.95	13.5
1819	-37.95	14.5
1819	-37.5	14.95
1819	-37.05	14.5
1819	-37.5	14.05
1819	-37.95	14.5
1820	-37.95	15.5
1820	-37.5	15.95
1820	-37.05	15.5
1820	-37.5	15.05
1820	-37.95	15.5
1821	-37.95	16.5
1821	-37.5	16.95
1821	-37.05	16.5
1821	-37.5	16.05
1821	-37.95	16.5
1822	-37.95	17.5
1822	-37.5	17.95
1822	-37.05	17.5
1822	-37.5	17.05
1822	-37.95	17.5
1823	-37.95	18.5
1823	-37.5	18.95
1823	-37.05	18.5
1823	-37.5	18.05
1823	-37.95	18.5
1824	-37.95	19.5
1824	-37.5	19.95
1824	-37.05	19.5
1824	-37.5	19.05
1824	-37.95	19.5
1825	-37.95	2.5
1825	-37.5	2.95
1825	-37.05	2.5
1825	-37.5	2.05
1825	-37.95	2.5
1826	-37.95	20.5
1826	-37.5	20.95
1826	-37.05	20.5
1826	-37.5	20.05
1826	-37.95	20.5
1827	-37.95	21.5
1827	-37.5	21.95
1827	-37.05	21.5
1827	-37.5	21.05
1827	-37.95	21.5
1828	-37.95	22.5
1828	-37.5	22.95
1828	-37.05	22.5
1828	-37.5	22.05
1828	-37.95	22.5
1829	-37.95	26.5
1829	-37.5	26.95
1829	-37.05	26.5
1829	-37.5	26.05
1829	-37.95	26.5
1830	-37.95	27.5
1830	-37.5	27.95
1830	-37.05	27.5
1830	-37.5	27.05
1830	-37.95	27.5
1831	-37.95	28.5
1831	-37.5	28.95
1831	-37.05	28.5
1831	-37.5	28.05
1831	-37.95	28.5
1832	-37.95	29.5
1832	-37.5	29.95
1832	-37.05	29.5
1832	-37.5	29.05
1832	-37.95	29.5
1833	-37.95	3.5
1833	-37.5	3.95
1833	-37.05	3.5
1833	-37.5	3.05
1833	-37.95	3.5
1834	-37.95	30.5
1834	-37.5	30.95
1834	-37.05	30.5
1834	-37.5	30.05
1834	-37.95	30.5
1835	-37.95	31.5
1835	-37.5	31.95
1835	-37.05	31.5
1835	-37.5	31.05
1835	-37.95	31.5
1836	-37.95	32.5
1836	-37.5	32.95
1836	-37.05	32.5
1836	-37.5	32.05
1836	-37.95	32.5
1837	-37.95	33.5
1837	-37.5	33.95
1837	-37.05	33.5
1837	-37.5	33.05
1837	-37.95	33.5
1838	-37.95	34.5
1838	-37.5	34.95
1838	-37.05	34.5
1838	-37.5	34.05
1838	-37.95	34.5
1839	-37.95	35.5
1839	-37.5	35.95
1839	-37.05	35.5
1839	-37.5	35.05
1839	-37.95	35.5
1840	-37.95	37.5
1840	-37.5	37.95
1840	-37.05	37.5
1840	-37.5	37.05
1840	-37.95	37.5
1841	-37.95	4.5
1841	-37.5	4.95
1841	-37.05	4.5
1841	-37.5	4.05
1841	-37.95	4.5
1842	-37.95	5.5
1842	-37.5	5.95
1842	-37.05	5.5
1842	-37.5	5.05
1842	-37.95	5.5
1843	-37.95	6.5
1843	-37.5	6.95
1843	-37.05	6.5
1843	-37.5	6.05
1843	-37.95	6.5
1844	-37.95	7.5
1844	-37.5	7.95
1844	-37.05	7.5
1844	-37.5	7.05
1844	-37.95	7.5
1845	-37.95	8.5
1845	-37.5	8.95
1845	-37.05	8.5
1845	-37.5	8.05
1845	-37.95	8.5
1846	-37.95	9.5
1846	-37.5	9.95
1846	-37.05	9.5
1846	-37.5	9.05
1846	-37.95	9.5
1847	-38.45	0
1847	-38	0.45
1847	-37.55	0
1847	-38	-0.45
1847	-38.45	0
1848	-38.45	1
1848	-38	1.45
1848	-37.55	1
1848	-38	0.55
1848	-38.45	1
1849	-38.45	10
1849	-38	10.45
1849	-37.55	10
1849	-38	9.55
1849	-38.45	10
1850	-38.45	11
1850	-38	11.45
1850	-37.55	11
1850	-38	10.55
1850	-38.45	11
1851	-38.45	12
1851	-38	12.45
1851	-37.55	12
1851	-38	11.55
1851	-38.45	12
1852	-38.45	13
1852	-38	13.45
1852	-37.55	13
1852	-38	12.55
1852	-38.45	13
1853	-38.45	14
1853	-38	14.45
1853	-37.55	14
1853	-38	13.55
1853	-38.45	14
1854	-38.45	15
1854	-38	15.45
1854	-37.55	15
1854	-38	14.55
1854	-38.45	15
1855	-38.45	16
1855	-38	16.45
1855	-37.55	16
1855	-38	15.55
1855	-38.45	16
1856	-38.45	17
1856	-38	17.45
1856	-37.55	17
1856	-38	16.55
1856	-38.45	17
1857	-38.45	18
1857	-38	18.45
1857	-37.55	18
1857	-38	17.55
1857	-38.45	18
1858	-38.45	19
1858	-38	19.45
1858	-37.55	19
1858	-38	18.55
1858	-38.45	19
1859	-38.45	2
1859	-38	2.45
1859	-37.55	2
1859	-38	1.55
1859	-38.45	2
1860	-38.45	20
1860	-38	20.45
1860	-37.55	20
1860	-38	19.55
1860	-38.45	20
1861	-38.45	21
1861	-38	21.45
1861	-37.55	21
1861	-38	20.55
1861	-38.45	21
1862	-38.45	22
1862	-38	22.45
1862	-37.55	22
1862	-38	21.55
1862	-38.45	22
1863	-38.45	26
1863	-38	26.45
1863	-37.55	26
1863	-38	25.55
1863	-38.45	26
1864	-38.45	27
1864	-38	27.45
1864	-37.55	27
1864	-38	26.55
1864	-38.45	27
1865	-38.45	28
1865	-38	28.45
1865	-37.55	28
1865	-38	27.55
1865	-38.45	28
1866	-38.45	29
1866	-38	29.45
1866	-37.55	29
1866	-38	28.55
1866	-38.45	29
1867	-38.45	3
1867	-38	3.45
1867	-37.55	3
1867	-38	2.55
1867	-38.45	3
1868	-38.45	30
1868	-38	30.45
1868	-37.55	30
1868	-38	29.55
1868	-38.45	30
1869	-38.45	31
1869	-38	31.45
1869	-37.55	31
1869	-38	30.55
1869	-38.45	31
1870	-38.45	32
1870	-38	32.45
1870	-37.55	32
1870	-38	31.55
1870	-38.45	32
1871	-38.45	33
1871	-38	33.45
1871	-37.55	33
1871	-38	32.55
1871	-38.45	33
1872	-38.45	34
1872	-38	34.45
1872	-37.55	34
1872	-38	33.55
1872	-38.45	34
1873	-38.45	35
1873	-38	35.45
1873	-37.55	35
1873	-38	34.55
1873	-38.45	35
1874	-38.45	37
1874	-38	37.45
1874	-37.55	37
1874	-38	36.55
1874	-38.45	37
1875	-38.45	4
1875	-38	4.45
1875	-37.55	4
1875	-38	3.55
1875	-38.45	4
1876	-38.45	5
1876	-38	5.45
1876	-37.55	5
1876	-38	4.55
1876	-38.45	5
1877	-38.45	6
1877	-38	6.45
1877	-37.55	6
1877	-38	5.55
1877	-38.45	6
1878	-38.45	7
1878	-38	7.45
1878	-37.55	7
1878	-38	6.55
1878	-38.45	7
1879	-38.45	8
1879	-38	8.45
1879	-37.55	8
1879	-38	7.55
1879	-38.45	8
1880	-38.45	9
1880	-38	9.45
1880	-37.55	9
1880	-38	8.55
1880	-38.45	9
1881	-38.95	0.5
1881	-38.5	0.95
1881	-38.05	0.5
1881	-38.5	0.05
1881	-38.95	0.5
1882	-38.95	1.5
1882	-38.5	1.95
1882	-38.05	1.5
1882	-38.5	1.05
1882	-38.95	1.5
1883	-38.95	10.5
1883	-38.5	10.95
1883	-38.05	10.5
1883	-38.5	10.05
1883	-38.95	10.5
1884	-38.95	11.5
1884	-38.5	11.95
1884	-38.05	11.5
1884	-38.5	11.05
1884	-38.95	11.5
1885	-38.95	12.5
1885	-38.5	12.95
1885	-38.05	12.5
1885	-38.5	12.05
1885	-38.95	12.5
1886	-38.95	13.5
1886	-38.5	13.95
1886	-38.05	13.5
1886	-38.5	13.05
1886	-38.95	13.5
1887	-38.95	14.5
1887	-38.5	14.95
1887	-38.05	14.5
1887	-38.5	14.05
1887	-38.95	14.5
1888	-38.95	15.5
1888	-38.5	15.95
1888	-38.05	15.5
1888	-38.5	15.05
1888	-38.95	15.5
1889	-38.95	16.5
1889	-38.5	16.95
1889	-38.05	16.5
1889	-38.5	16.05
1889	-38.95	16.5
1890	-38.95	17.5
1890	-38.5	17.95
1890	-38.05	17.5
1890	-38.5	17.05
1890	-38.95	17.5
1891	-38.95	18.5
1891	-38.5	18.95
1891	-38.05	18.5
1891	-38.5	18.05
1891	-38.95	18.5
1892	-38.95	19.5
1892	-38.5	19.95
1892	-38.05	19.5
1892	-38.5	19.05
1892	-38.95	19.5
1893	-38.95	2.5
1893	-38.5	2.95
1893	-38.05	2.5
1893	-38.5	2.05
1893	-38.95	2.5
1894	-38.95	20.5
1894	-38.5	20.95
1894	-38.05	20.5
1894	-38.5	20.05
1894	-38.95	20.5
1895	-38.95	21.5
1895	-38.5	21.95
1895	-38.05	21.5
1895	-38.5	21.05
1895	-38.95	21.5
1896	-38.95	25.5
1896	-38.5	25.95
1896	-38.05	25.5
1896	-38.5	25.05
1896	-38.95	25.5
1897	-38.95	26.5
1897	-38.5	26.95
1897	-38.05	26.5
1897	-38.5	26.05
1897	-38.95	26.5
1898	-38.95	27.5
1898	-38.5	27.95
1898	-38.05	27.5
1898	-38.5	27.05
1898	-38.95	27.5
1899	-38.95	28.5
1899	-38.5	28.95
1899	-38.05	28.5
1899	-38.5	28.05
1899	-38.95	28.5
1900	-38.95	29.5
1900	-38.5	29.95
1900	-38.05	29.5
1900	-38.5	29.05
1900	-38.95	29.5
1901	-38.95	3.5
1901	-38.5	3.95
1901	-38.05	3.5
1901	-38.5	3.05
1901	-38.95	3.5
1902	-38.95	30.5
1902	-38.5	30.95
1902	-38.05	30.5
1902	-38.5	30.05
1902	-38.95	30.5
1903	-38.95	31.5
1903	-38.5	31.95
1903	-38.05	31.5
1903	-38.5	31.05
1903	-38.95	31.5
1904	-38.95	32.5
1904	-38.5	32.95
1904	-38.05	32.5
1904	-38.5	32.05
1904	-38.95	32.5
1905	-38.95	33.5
1905	-38.5	33.95
1905	-38.05	33.5
1905	-38.5	33.05
1905	-38.95	33.5
1906	-38.95	34.5
1906	-38.5	34.95
1906	-38.05	34.5
1906	-38.5	34.05
1906	-38.95	34.5
1907	-38.95	36.5
1907	-38.5	36.95
1907	-38.05	36.5
1907	-38.5	36.05
1907	-38.95	36.5
1908	-38.95	4.5
1908	-38.5	4.95
1908	-38.05	4.5
1908	-38.5	4.05
1908	-38.95	4.5
1909	-38.95	5.5
1909	-38.5	5.95
1909	-38.05	5.5
1909	-38.5	5.05
1909	-38.95	5.5
1910	-38.95	6.5
1910	-38.5	6.95
1910	-38.05	6.5
1910	-38.5	6.05
1910	-38.95	6.5
1911	-38.95	7.5
1911	-38.5	7.95
1911	-38.05	7.5
1911	-38.5	7.05
1911	-38.95	7.5
1912	-38.95	8.5
1912	-38.5	8.95
1912	-38.05	8.5
1912	-38.5	8.05
1912	-38.95	8.5
1913	-38.95	9.5
1913	-38.5	9.95
1913	-38.05	9.5
1913	-38.5	9.05
1913	-38.95	9.5
1914	-39.45	0
1914	-39	0.45
1914	-38.55	0
1914	-39	-0.45
1914	-39.45	0
1915	-39.45	1
1915	-39	1.45
1915	-38.55	1
1915	-39	0.55
1915	-39.45	1
1916	-39.45	10
1916	-39	10.45
1916	-38.55	10
1916	-39	9.55
1916	-39.45	10
1917	-39.45	11
1917	-39	11.45
1917	-38.55	11
1917	-39	10.55
1917	-39.45	11
1918	-39.45	12
1918	-39	12.45
1918	-38.55	12
1918	-39	11.55
1918	-39.45	12
1919	-39.45	13
1919	-39	13.45
1919	-38.55	13
1919	-39	12.55
1919	-39.45	13
1920	-39.45	14
1920	-39	14.45
1920	-38.55	14
1920	-39	13.55
1920	-39.45	14
1921	-39.45	15
1921	-39	15.45
1921	-38.55	15
1921	-39	14.55
1921	-39.45	15
1922	-39.45	16
1922	-39	16.45
1922	-38.55	16
1922	-39	15.55
1922	-39.45	16
1923	-39.45	17
1923	-39	17.45
1923	-38.55	17
1923	-39	16.55
1923	-39.45	17
1924	-39.45	18
1924	-39	18.45
1924	-38.55	18
1924	-39	17.55
1924	-39.45	18
1925	-39.45	19
1925	-39	19.45
1925	-38.55	19
1925	-39	18.55
1925	-39.45	19
1926	-39.45	2
1926	-39	2.45
1926	-38.55	2
1926	-39	1.55
1926	-39.45	2
1927	-39.45	20
1927	-39	20.45
1927	-38.55	20
1927	-39	19.55
1927	-39.45	20
1928	-39.45	21
1928	-39	21.45
1928	-38.55	21
1928	-39	20.55
1928	-39.45	21
1929	-39.45	25
1929	-39	25.45
1929	-38.55	25
1929	-39	24.55
1929	-39.45	25
1930	-39.45	26
1930	-39	26.45
1930	-38.55	26
1930	-39	25.55
1930	-39.45	26
1931	-39.45	27
1931	-39	27.45
1931	-38.55	27
1931	-39	26.55
1931	-39.45	27
1932	-39.45	28
1932	-39	28.45
1932	-38.55	28
1932	-39	27.55
1932	-39.45	28
1933	-39.45	29
1933	-39	29.45
1933	-38.55	29
1933	-39	28.55
1933	-39.45	29
1934	-39.45	3
1934	-39	3.45
1934	-38.55	3
1934	-39	2.55
1934	-39.45	3
1935	-39.45	30
1935	-39	30.45
1935	-38.55	30
1935	-39	29.55
1935	-39.45	30
1936	-39.45	31
1936	-39	31.45
1936	-38.55	31
1936	-39	30.55
1936	-39.45	31
1937	-39.45	32
1937	-39	32.45
1937	-38.55	32
1937	-39	31.55
1937	-39.45	32
1938	-39.45	33
1938	-39	33.45
1938	-38.55	33
1938	-39	32.55
1938	-39.45	33
1939	-39.45	34
1939	-39	34.45
1939	-38.55	34
1939	-39	33.55
1939	-39.45	34
1940	-39.45	36
1940	-39	36.45
1940	-38.55	36
1940	-39	35.55
1940	-39.45	36
1941	-39.45	4
1941	-39	4.45
1941	-38.55	4
1941	-39	3.55
1941	-39.45	4
1942	-39.45	5
1942	-39	5.45
1942	-38.55	5
1942	-39	4.55
1942	-39.45	5
1943	-39.45	6
1943	-39	6.45
1943	-38.55	6
1943	-39	5.55
1943	-39.45	6
1944	-39.45	7
1944	-39	7.45
1944	-38.55	7
1944	-39	6.55
1944	-39.45	7
1945	-39.45	8
1945	-39	8.45
1945	-38.55	8
1945	-39	7.55
1945	-39.45	8
1946	-39.45	9
1946	-39	9.45
1946	-38.55	9
1946	-39	8.55
1946	-39.45	9
1947	-39.95	0.5
1947	-39.5	0.95
1947	-39.05	0.5
1947	-39.5	0.05
1947	-39.95	0.5
1948	-39.95	1.5
1948	-39.5	1.95
1948	-39.05	1.5
1948	-39.5	1.05
1948	-39.95	1.5
1949	-39.95	10.5
1949	-39.5	10.95
1949	-39.05	10.5
1949	-39.5	10.05
1949	-39.95	10.5
1950	-39.95	11.5
1950	-39.5	11.95
1950	-39.05	11.5
1950	-39.5	11.05
1950	-39.95	11.5
1951	-39.95	12.5
1951	-39.5	12.95
1951	-39.05	12.5
1951	-39.5	12.05
1951	-39.95	12.5
1952	-39.95	13.5
1952	-39.5	13.95
1952	-39.05	13.5
1952	-39.5	13.05
1952	-39.95	13.5
1953	-39.95	14.5
1953	-39.5	14.95
1953	-39.05	14.5
1953	-39.5	14.05
1953	-39.95	14.5
1954	-39.95	15.5
1954	-39.5	15.95
1954	-39.05	15.5
1954	-39.5	15.05
1954	-39.95	15.5
1955	-39.95	16.5
1955	-39.5	16.95
1955	-39.05	16.5
1955	-39.5	16.05
1955	-39.95	16.5
1956	-39.95	17.5
1956	-39.5	17.95
1956	-39.05	17.5
1956	-39.5	17.05
1956	-39.95	17.5
1957	-39.95	18.5
1957	-39.5	18.95
1957	-39.05	18.5
1957	-39.5	18.05
1957	-39.95	18.5
1958	-39.95	19.5
1958	-39.5	19.95
1958	-39.05	19.5
1958	-39.5	19.05
1958	-39.95	19.5
1959	-39.95	2.5
1959	-39.5	2.95
1959	-39.05	2.5
1959	-39.5	2.05
1959	-39.95	2.5
1960	-39.95	20.5
1960	-39.5	20.95
1960	-39.05	20.5
1960	-39.5	20.05
1960	-39.95	20.5
1961	-39.95	24.5
1961	-39.5	24.95
1961	-39.05	24.5
1961	-39.5	24.05
1961	-39.95	24.5
1962	-39.95	25.5
1962	-39.5	25.95
1962	-39.05	25.5
1962	-39.5	25.05
1962	-39.95	25.5
1963	-39.95	26.5
1963	-39.5	26.95
1963	-39.05	26.5
1963	-39.5	26.05
1963	-39.95	26.5
1964	-39.95	27.5
1964	-39.5	27.95
1964	-39.05	27.5
1964	-39.5	27.05
1964	-39.95	27.5
1965	-39.95	28.5
1965	-39.5	28.95
1965	-39.05	28.5
1965	-39.5	28.05
1965	-39.95	28.5
1966	-39.95	29.5
1966	-39.5	29.95
1966	-39.05	29.5
1966	-39.5	29.05
1966	-39.95	29.5
1967	-39.95	3.5
1967	-39.5	3.95
1967	-39.05	3.5
1967	-39.5	3.05
1967	-39.95	3.5
1968	-39.95	30.5
1968	-39.5	30.95
1968	-39.05	30.5
1968	-39.5	30.05
1968	-39.95	30.5
1969	-39.95	31.5
1969	-39.5	31.95
1969	-39.05	31.5
1969	-39.5	31.05
1969	-39.95	31.5
1970	-39.95	32.5
1970	-39.5	32.95
1970	-39.05	32.5
1970	-39.5	32.05
1970	-39.95	32.5
1971	-39.95	33.5
1971	-39.5	33.95
1971	-39.05	33.5
1971	-39.5	33.05
1971	-39.95	33.5
1972	-39.95	35.5
1972	-39.5	35.95
1972	-39.05	35.5
1972	-39.5	35.05
1972	-39.95	35.5
1973	-39.95	4.5
1973	-39.5	4.95
1973	-39.05	4.5
1973	-39.5	4.05
1973	-39.95	4.5
1974	-39.95	5.5
1974	-39.5	5.95
1974	-39.05	5.5
1974	-39.5	5.05
1974	-39.95	5.5
1975	-39.95	6.5
1975	-39.5	6.95
1975	-39.05	6.5
1975	-39.5	6.05
1975	-39.95	6.5
1976	-39.95	7.5
1976	-39.5	7.95
1976	-39.05	7.5
1976	-39.5	7.05
1976	-39.95	7.5
1977	-39.95	8.5
1977	-39.5	8.95
1977	-39.05	8.5
1977	-39.5	8.05
1977	-39.95	8.5
1978	-39.95	9.5
1978	-39.5	9.95
1978	-39.05	9.5
1978	-39.5	9.05
1978	-39.95	9.5
1979	-4.45	0
1979	-4	0.45
1979	-3.55	0
1979	-4	-0.45
1979	-4.45	0
1980	-4.45	1
1980	-4	1.45
1980	-3.55	1
1980	-4	0.55
1980	-4.45	1
1981	-4.45	10
1981	-4	10.45
1981	-3.55	10
1981	-4	9.55
1981	-4.45	10
1982	-4.45	11
1982	-4	11.45
1982	-3.55	11
1982	-4	10.55
1982	-4.45	11
1983	-4.45	12
1983	-4	12.45
1983	-3.55	12
1983	-4	11.55
1983	-4.45	12
1984	-4.45	13
1984	-4	13.45
1984	-3.55	13
1984	-4	12.55
1984	-4.45	13
1985	-4.45	14
1985	-4	14.45
1985	-3.55	14
1985	-4	13.55
1985	-4.45	14
1986	-4.45	15
1986	-4	15.45
1986	-3.55	15
1986	-4	14.55
1986	-4.45	15
1987	-4.45	16
1987	-4	16.45
1987	-3.55	16
1987	-4	15.55
1987	-4.45	16
1988	-4.45	17
1988	-4	17.45
1988	-3.55	17
1988	-4	16.55
1988	-4.45	17
1989	-4.45	18
1989	-4	18.45
1989	-3.55	18
1989	-4	17.55
1989	-4.45	18
1990	-4.45	19
1990	-4	19.45
1990	-3.55	19
1990	-4	18.55
1990	-4.45	19
1991	-4.45	2
1991	-4	2.45
1991	-3.55	2
1991	-4	1.55
1991	-4.45	2
1992	-4.45	21
1992	-4	21.45
1992	-3.55	21
1992	-4	20.55
1992	-4.45	21
1993	-4.45	3
1993	-4	3.45
1993	-3.55	3
1993	-4	2.55
1993	-4.45	3
1994	-4.45	4
1994	-4	4.45
1994	-3.55	4
1994	-4	3.55
1994	-4.45	4
1995	-4.45	5
1995	-4	5.45
1995	-3.55	5
1995	-4	4.55
1995	-4.45	5
1996	-4.45	6
1996	-4	6.45
1996	-3.55	6
1996	-4	5.55
1996	-4.45	6
1997	-4.45	7
1997	-4	7.45
1997	-3.55	7
1997	-4	6.55
1997	-4.45	7
1998	-4.45	8
1998	-4	8.45
1998	-3.55	8
1998	-4	7.55
1998	-4.45	8
1999	-4.45	9
1999	-4	9.45
1999	-3.55	9
1999	-4	8.55
1999	-4.45	9
2000	-4.95	0.5
2000	-4.5	0.95
2000	-4.05	0.5
2000	-4.5	0.05
2000	-4.95	0.5
2001	-4.95	1.5
2001	-4.5	1.95
2001	-4.05	1.5
2001	-4.5	1.05
2001	-4.95	1.5
2002	-4.95	10.5
2002	-4.5	10.95
2002	-4.05	10.5
2002	-4.5	10.05
2002	-4.95	10.5
2003	-4.95	11.5
2003	-4.5	11.95
2003	-4.05	11.5
2003	-4.5	11.05
2003	-4.95	11.5
2004	-4.95	12.5
2004	-4.5	12.95
2004	-4.05	12.5
2004	-4.5	12.05
2004	-4.95	12.5
2005	-4.95	13.5
2005	-4.5	13.95
2005	-4.05	13.5
2005	-4.5	13.05
2005	-4.95	13.5
2006	-4.95	14.5
2006	-4.5	14.95
2006	-4.05	14.5
2006	-4.5	14.05
2006	-4.95	14.5
2007	-4.95	15.5
2007	-4.5	15.95
2007	-4.05	15.5
2007	-4.5	15.05
2007	-4.95	15.5
2008	-4.95	16.5
2008	-4.5	16.95
2008	-4.05	16.5
2008	-4.5	16.05
2008	-4.95	16.5
2009	-4.95	17.5
2009	-4.5	17.95
2009	-4.05	17.5
2009	-4.5	17.05
2009	-4.95	17.5
2010	-4.95	2.5
2010	-4.5	2.95
2010	-4.05	2.5
2010	-4.5	2.05
2010	-4.95	2.5
2011	-4.95	20.5
2011	-4.5	20.95
2011	-4.05	20.5
2011	-4.5	20.05
2011	-4.95	20.5
2012	-4.95	3.5
2012	-4.5	3.95
2012	-4.05	3.5
2012	-4.5	3.05
2012	-4.95	3.5
2013	-4.95	4.5
2013	-4.5	4.95
2013	-4.05	4.5
2013	-4.5	4.05
2013	-4.95	4.5
2014	-4.95	5.5
2014	-4.5	5.95
2014	-4.05	5.5
2014	-4.5	5.05
2014	-4.95	5.5
2015	-4.95	6.5
2015	-4.5	6.95
2015	-4.05	6.5
2015	-4.5	6.05
2015	-4.95	6.5
2016	-4.95	7.5
2016	-4.5	7.95
2016	-4.05	7.5
2016	-4.5	7.05
2016	-4.95	7.5
2017	-4.95	8.5
2017	-4.5	8.95
2017	-4.05	8.5
2017	-4.5	8.05
2017	-4.95	8.5
2018	-4.95	9.5
2018	-4.5	9.95
2018	-4.05	9.5
2018	-4.5	9.05
2018	-4.95	9.5
2019	-40.45	0
2019	-40	0.45
2019	-39.55	0
2019	-40	-0.45
2019	-40.45	0
2020	-40.45	1
2020	-40	1.45
2020	-39.55	1
2020	-40	0.55
2020	-40.45	1
2021	-40.45	10
2021	-40	10.45
2021	-39.55	10
2021	-40	9.55
2021	-40.45	10
2022	-40.45	11
2022	-40	11.45
2022	-39.55	11
2022	-40	10.55
2022	-40.45	11
2023	-40.45	12
2023	-40	12.45
2023	-39.55	12
2023	-40	11.55
2023	-40.45	12
2024	-40.45	13
2024	-40	13.45
2024	-39.55	13
2024	-40	12.55
2024	-40.45	13
2025	-40.45	14
2025	-40	14.45
2025	-39.55	14
2025	-40	13.55
2025	-40.45	14
2026	-40.45	15
2026	-40	15.45
2026	-39.55	15
2026	-40	14.55
2026	-40.45	15
2027	-40.45	16
2027	-40	16.45
2027	-39.55	16
2027	-40	15.55
2027	-40.45	16
2028	-40.45	17
2028	-40	17.45
2028	-39.55	17
2028	-40	16.55
2028	-40.45	17
2029	-40.45	18
2029	-40	18.45
2029	-39.55	18
2029	-40	17.55
2029	-40.45	18
2030	-40.45	19
2030	-40	19.45
2030	-39.55	19
2030	-40	18.55
2030	-40.45	19
2031	-40.45	2
2031	-40	2.45
2031	-39.55	2
2031	-40	1.55
2031	-40.45	2
2032	-40.45	20
2032	-40	20.45
2032	-39.55	20
2032	-40	19.55
2032	-40.45	20
2033	-40.45	24
2033	-40	24.45
2033	-39.55	24
2033	-40	23.55
2033	-40.45	24
2034	-40.45	25
2034	-40	25.45
2034	-39.55	25
2034	-40	24.55
2034	-40.45	25
2035	-40.45	26
2035	-40	26.45
2035	-39.55	26
2035	-40	25.55
2035	-40.45	26
2036	-40.45	27
2036	-40	27.45
2036	-39.55	27
2036	-40	26.55
2036	-40.45	27
2037	-40.45	28
2037	-40	28.45
2037	-39.55	28
2037	-40	27.55
2037	-40.45	28
2038	-40.45	3
2038	-40	3.45
2038	-39.55	3
2038	-40	2.55
2038	-40.45	3
2039	-40.45	30
2039	-40	30.45
2039	-39.55	30
2039	-40	29.55
2039	-40.45	30
2040	-40.45	31
2040	-40	31.45
2040	-39.55	31
2040	-40	30.55
2040	-40.45	31
2041	-40.45	32
2041	-40	32.45
2041	-39.55	32
2041	-40	31.55
2041	-40.45	32
2042	-40.45	33
2042	-40	33.45
2042	-39.55	33
2042	-40	32.55
2042	-40.45	33
2043	-40.45	35
2043	-40	35.45
2043	-39.55	35
2043	-40	34.55
2043	-40.45	35
2044	-40.45	4
2044	-40	4.45
2044	-39.55	4
2044	-40	3.55
2044	-40.45	4
2045	-40.45	5
2045	-40	5.45
2045	-39.55	5
2045	-40	4.55
2045	-40.45	5
2046	-40.45	6
2046	-40	6.45
2046	-39.55	6
2046	-40	5.55
2046	-40.45	6
2047	-40.45	7
2047	-40	7.45
2047	-39.55	7
2047	-40	6.55
2047	-40.45	7
2048	-40.45	8
2048	-40	8.45
2048	-39.55	8
2048	-40	7.55
2048	-40.45	8
2049	-40.45	9
2049	-40	9.45
2049	-39.55	9
2049	-40	8.55
2049	-40.45	9
2050	-40.95	0.5
2050	-40.5	0.95
2050	-40.05	0.5
2050	-40.5	0.05
2050	-40.95	0.5
2051	-40.95	1.5
2051	-40.5	1.95
2051	-40.05	1.5
2051	-40.5	1.05
2051	-40.95	1.5
2052	-40.95	10.5
2052	-40.5	10.95
2052	-40.05	10.5
2052	-40.5	10.05
2052	-40.95	10.5
2053	-40.95	11.5
2053	-40.5	11.95
2053	-40.05	11.5
2053	-40.5	11.05
2053	-40.95	11.5
2054	-40.95	12.5
2054	-40.5	12.95
2054	-40.05	12.5
2054	-40.5	12.05
2054	-40.95	12.5
2055	-40.95	13.5
2055	-40.5	13.95
2055	-40.05	13.5
2055	-40.5	13.05
2055	-40.95	13.5
2056	-40.95	14.5
2056	-40.5	14.95
2056	-40.05	14.5
2056	-40.5	14.05
2056	-40.95	14.5
2057	-40.95	15.5
2057	-40.5	15.95
2057	-40.05	15.5
2057	-40.5	15.05
2057	-40.95	15.5
2058	-40.95	16.5
2058	-40.5	16.95
2058	-40.05	16.5
2058	-40.5	16.05
2058	-40.95	16.5
2059	-40.95	17.5
2059	-40.5	17.95
2059	-40.05	17.5
2059	-40.5	17.05
2059	-40.95	17.5
2060	-40.95	18.5
2060	-40.5	18.95
2060	-40.05	18.5
2060	-40.5	18.05
2060	-40.95	18.5
2061	-40.95	19.5
2061	-40.5	19.95
2061	-40.05	19.5
2061	-40.5	19.05
2061	-40.95	19.5
2062	-40.95	2.5
2062	-40.5	2.95
2062	-40.05	2.5
2062	-40.5	2.05
2062	-40.95	2.5
2063	-40.95	23.5
2063	-40.5	23.95
2063	-40.05	23.5
2063	-40.5	23.05
2063	-40.95	23.5
2064	-40.95	24.5
2064	-40.5	24.95
2064	-40.05	24.5
2064	-40.5	24.05
2064	-40.95	24.5
2065	-40.95	25.5
2065	-40.5	25.95
2065	-40.05	25.5
2065	-40.5	25.05
2065	-40.95	25.5
2066	-40.95	26.5
2066	-40.5	26.95
2066	-40.05	26.5
2066	-40.5	26.05
2066	-40.95	26.5
2067	-40.95	27.5
2067	-40.5	27.95
2067	-40.05	27.5
2067	-40.5	27.05
2067	-40.95	27.5
2068	-40.95	28.5
2068	-40.5	28.95
2068	-40.05	28.5
2068	-40.5	28.05
2068	-40.95	28.5
2069	-40.95	29.5
2069	-40.5	29.95
2069	-40.05	29.5
2069	-40.5	29.05
2069	-40.95	29.5
2070	-40.95	3.5
2070	-40.5	3.95
2070	-40.05	3.5
2070	-40.5	3.05
2070	-40.95	3.5
2071	-40.95	30.5
2071	-40.5	30.95
2071	-40.05	30.5
2071	-40.5	30.05
2071	-40.95	30.5
2072	-40.95	31.5
2072	-40.5	31.95
2072	-40.05	31.5
2072	-40.5	31.05
2072	-40.95	31.5
2073	-40.95	32.5
2073	-40.5	32.95
2073	-40.05	32.5
2073	-40.5	32.05
2073	-40.95	32.5
2074	-40.95	34.5
2074	-40.5	34.95
2074	-40.05	34.5
2074	-40.5	34.05
2074	-40.95	34.5
2075	-40.95	4.5
2075	-40.5	4.95
2075	-40.05	4.5
2075	-40.5	4.05
2075	-40.95	4.5
2076	-40.95	5.5
2076	-40.5	5.95
2076	-40.05	5.5
2076	-40.5	5.05
2076	-40.95	5.5
2077	-40.95	6.5
2077	-40.5	6.95
2077	-40.05	6.5
2077	-40.5	6.05
2077	-40.95	6.5
2078	-40.95	7.5
2078	-40.5	7.95
2078	-40.05	7.5
2078	-40.5	7.05
2078	-40.95	7.5
2079	-40.95	8.5
2079	-40.5	8.95
2079	-40.05	8.5
2079	-40.5	8.05
2079	-40.95	8.5
2080	-40.95	9.5
2080	-40.5	9.95
2080	-40.05	9.5
2080	-40.5	9.05
2080	-40.95	9.5
2081	-41.45	0
2081	-41	0.45
2081	-40.55	0
2081	-41	-0.45
2081	-41.45	0
2082	-41.45	1
2082	-41	1.45
2082	-40.55	1
2082	-41	0.55
2082	-41.45	1
2083	-41.45	10
2083	-41	10.45
2083	-40.55	10
2083	-41	9.55
2083	-41.45	10
2084	-41.45	11
2084	-41	11.45
2084	-40.55	11
2084	-41	10.55
2084	-41.45	11
2085	-41.45	12
2085	-41	12.45
2085	-40.55	12
2085	-41	11.55
2085	-41.45	12
2086	-41.45	13
2086	-41	13.45
2086	-40.55	13
2086	-41	12.55
2086	-41.45	13
2087	-41.45	14
2087	-41	14.45
2087	-40.55	14
2087	-41	13.55
2087	-41.45	14
2088	-41.45	15
2088	-41	15.45
2088	-40.55	15
2088	-41	14.55
2088	-41.45	15
2089	-41.45	16
2089	-41	16.45
2089	-40.55	16
2089	-41	15.55
2089	-41.45	16
2090	-41.45	17
2090	-41	17.45
2090	-40.55	17
2090	-41	16.55
2090	-41.45	17
2091	-41.45	18
2091	-41	18.45
2091	-40.55	18
2091	-41	17.55
2091	-41.45	18
2092	-41.45	19
2092	-41	19.45
2092	-40.55	19
2092	-41	18.55
2092	-41.45	19
2093	-41.45	2
2093	-41	2.45
2093	-40.55	2
2093	-41	1.55
2093	-41.45	2
2094	-41.45	23
2094	-41	23.45
2094	-40.55	23
2094	-41	22.55
2094	-41.45	23
2095	-41.45	24
2095	-41	24.45
2095	-40.55	24
2095	-41	23.55
2095	-41.45	24
2096	-41.45	25
2096	-41	25.45
2096	-40.55	25
2096	-41	24.55
2096	-41.45	25
2097	-41.45	26
2097	-41	26.45
2097	-40.55	26
2097	-41	25.55
2097	-41.45	26
2098	-41.45	27
2098	-41	27.45
2098	-40.55	27
2098	-41	26.55
2098	-41.45	27
2099	-41.45	28
2099	-41	28.45
2099	-40.55	28
2099	-41	27.55
2099	-41.45	28
2100	-41.45	29
2100	-41	29.45
2100	-40.55	29
2100	-41	28.55
2100	-41.45	29
2101	-41.45	3
2101	-41	3.45
2101	-40.55	3
2101	-41	2.55
2101	-41.45	3
2102	-41.45	30
2102	-41	30.45
2102	-40.55	30
2102	-41	29.55
2102	-41.45	30
2103	-41.45	31
2103	-41	31.45
2103	-40.55	31
2103	-41	30.55
2103	-41.45	31
2104	-41.45	32
2104	-41	32.45
2104	-40.55	32
2104	-41	31.55
2104	-41.45	32
2105	-41.45	34
2105	-41	34.45
2105	-40.55	34
2105	-41	33.55
2105	-41.45	34
2106	-41.45	4
2106	-41	4.45
2106	-40.55	4
2106	-41	3.55
2106	-41.45	4
2107	-41.45	5
2107	-41	5.45
2107	-40.55	5
2107	-41	4.55
2107	-41.45	5
2108	-41.45	6
2108	-41	6.45
2108	-40.55	6
2108	-41	5.55
2108	-41.45	6
2109	-41.45	7
2109	-41	7.45
2109	-40.55	7
2109	-41	6.55
2109	-41.45	7
2110	-41.45	8
2110	-41	8.45
2110	-40.55	8
2110	-41	7.55
2110	-41.45	8
2111	-41.45	9
2111	-41	9.45
2111	-40.55	9
2111	-41	8.55
2111	-41.45	9
2112	-41.95	0.5
2112	-41.5	0.95
2112	-41.05	0.5
2112	-41.5	0.05
2112	-41.95	0.5
2113	-41.95	1.5
2113	-41.5	1.95
2113	-41.05	1.5
2113	-41.5	1.05
2113	-41.95	1.5
2114	-41.95	10.5
2114	-41.5	10.95
2114	-41.05	10.5
2114	-41.5	10.05
2114	-41.95	10.5
2115	-41.95	11.5
2115	-41.5	11.95
2115	-41.05	11.5
2115	-41.5	11.05
2115	-41.95	11.5
2116	-41.95	12.5
2116	-41.5	12.95
2116	-41.05	12.5
2116	-41.5	12.05
2116	-41.95	12.5
2117	-41.95	13.5
2117	-41.5	13.95
2117	-41.05	13.5
2117	-41.5	13.05
2117	-41.95	13.5
2118	-41.95	14.5
2118	-41.5	14.95
2118	-41.05	14.5
2118	-41.5	14.05
2118	-41.95	14.5
2119	-41.95	15.5
2119	-41.5	15.95
2119	-41.05	15.5
2119	-41.5	15.05
2119	-41.95	15.5
2120	-41.95	16.5
2120	-41.5	16.95
2120	-41.05	16.5
2120	-41.5	16.05
2120	-41.95	16.5
2121	-41.95	17.5
2121	-41.5	17.95
2121	-41.05	17.5
2121	-41.5	17.05
2121	-41.95	17.5
2122	-41.95	18.5
2122	-41.5	18.95
2122	-41.05	18.5
2122	-41.5	18.05
2122	-41.95	18.5
2123	-41.95	2.5
2123	-41.5	2.95
2123	-41.05	2.5
2123	-41.5	2.05
2123	-41.95	2.5
2124	-41.95	22.5
2124	-41.5	22.95
2124	-41.05	22.5
2124	-41.5	22.05
2124	-41.95	22.5
2125	-41.95	23.5
2125	-41.5	23.95
2125	-41.05	23.5
2125	-41.5	23.05
2125	-41.95	23.5
2126	-41.95	24.5
2126	-41.5	24.95
2126	-41.05	24.5
2126	-41.5	24.05
2126	-41.95	24.5
2127	-41.95	25.5
2127	-41.5	25.95
2127	-41.05	25.5
2127	-41.5	25.05
2127	-41.95	25.5
2128	-41.95	26.5
2128	-41.5	26.95
2128	-41.05	26.5
2128	-41.5	26.05
2128	-41.95	26.5
2129	-41.95	28.5
2129	-41.5	28.95
2129	-41.05	28.5
2129	-41.5	28.05
2129	-41.95	28.5
2130	-41.95	29.5
2130	-41.5	29.95
2130	-41.05	29.5
2130	-41.5	29.05
2130	-41.95	29.5
2131	-41.95	3.5
2131	-41.5	3.95
2131	-41.05	3.5
2131	-41.5	3.05
2131	-41.95	3.5
2132	-41.95	30.5
2132	-41.5	30.95
2132	-41.05	30.5
2132	-41.5	30.05
2132	-41.95	30.5
2133	-41.95	31.5
2133	-41.5	31.95
2133	-41.05	31.5
2133	-41.5	31.05
2133	-41.95	31.5
2134	-41.95	33.5
2134	-41.5	33.95
2134	-41.05	33.5
2134	-41.5	33.05
2134	-41.95	33.5
2135	-41.95	4.5
2135	-41.5	4.95
2135	-41.05	4.5
2135	-41.5	4.05
2135	-41.95	4.5
2136	-41.95	5.5
2136	-41.5	5.95
2136	-41.05	5.5
2136	-41.5	5.05
2136	-41.95	5.5
2137	-41.95	6.5
2137	-41.5	6.95
2137	-41.05	6.5
2137	-41.5	6.05
2137	-41.95	6.5
2138	-41.95	7.5
2138	-41.5	7.95
2138	-41.05	7.5
2138	-41.5	7.05
2138	-41.95	7.5
2139	-41.95	8.5
2139	-41.5	8.95
2139	-41.05	8.5
2139	-41.5	8.05
2139	-41.95	8.5
2140	-41.95	9.5
2140	-41.5	9.95
2140	-41.05	9.5
2140	-41.5	9.05
2140	-41.95	9.5
2141	-42.45	0
2141	-42	0.45
2141	-41.55	0
2141	-42	-0.45
2141	-42.45	0
2142	-42.45	1
2142	-42	1.45
2142	-41.55	1
2142	-42	0.55
2142	-42.45	1
2143	-42.45	10
2143	-42	10.45
2143	-41.55	10
2143	-42	9.55
2143	-42.45	10
2144	-42.45	11
2144	-42	11.45
2144	-41.55	11
2144	-42	10.55
2144	-42.45	11
2145	-42.45	12
2145	-42	12.45
2145	-41.55	12
2145	-42	11.55
2145	-42.45	12
2146	-42.45	13
2146	-42	13.45
2146	-41.55	13
2146	-42	12.55
2146	-42.45	13
2147	-42.45	14
2147	-42	14.45
2147	-41.55	14
2147	-42	13.55
2147	-42.45	14
2148	-42.45	15
2148	-42	15.45
2148	-41.55	15
2148	-42	14.55
2148	-42.45	15
2149	-42.45	16
2149	-42	16.45
2149	-41.55	16
2149	-42	15.55
2149	-42.45	16
2150	-42.45	17
2150	-42	17.45
2150	-41.55	17
2150	-42	16.55
2150	-42.45	17
2151	-42.45	18
2151	-42	18.45
2151	-41.55	18
2151	-42	17.55
2151	-42.45	18
2152	-42.45	2
2152	-42	2.45
2152	-41.55	2
2152	-42	1.55
2152	-42.45	2
2153	-42.45	22
2153	-42	22.45
2153	-41.55	22
2153	-42	21.55
2153	-42.45	22
2154	-42.45	23
2154	-42	23.45
2154	-41.55	23
2154	-42	22.55
2154	-42.45	23
2155	-42.45	24
2155	-42	24.45
2155	-41.55	24
2155	-42	23.55
2155	-42.45	24
2156	-42.45	25
2156	-42	25.45
2156	-41.55	25
2156	-42	24.55
2156	-42.45	25
2157	-42.45	26
2157	-42	26.45
2157	-41.55	26
2157	-42	25.55
2157	-42.45	26
2158	-42.45	27
2158	-42	27.45
2158	-41.55	27
2158	-42	26.55
2158	-42.45	27
2159	-42.45	28
2159	-42	28.45
2159	-41.55	28
2159	-42	27.55
2159	-42.45	28
2160	-42.45	29
2160	-42	29.45
2160	-41.55	29
2160	-42	28.55
2160	-42.45	29
2161	-42.45	3
2161	-42	3.45
2161	-41.55	3
2161	-42	2.55
2161	-42.45	3
2162	-42.45	30
2162	-42	30.45
2162	-41.55	30
2162	-42	29.55
2162	-42.45	30
2163	-42.45	31
2163	-42	31.45
2163	-41.55	31
2163	-42	30.55
2163	-42.45	31
2164	-42.45	33
2164	-42	33.45
2164	-41.55	33
2164	-42	32.55
2164	-42.45	33
2165	-42.45	4
2165	-42	4.45
2165	-41.55	4
2165	-42	3.55
2165	-42.45	4
2166	-42.45	5
2166	-42	5.45
2166	-41.55	5
2166	-42	4.55
2166	-42.45	5
2167	-42.45	6
2167	-42	6.45
2167	-41.55	6
2167	-42	5.55
2167	-42.45	6
2168	-42.45	7
2168	-42	7.45
2168	-41.55	7
2168	-42	6.55
2168	-42.45	7
2169	-42.45	8
2169	-42	8.45
2169	-41.55	8
2169	-42	7.55
2169	-42.45	8
2170	-42.45	9
2170	-42	9.45
2170	-41.55	9
2170	-42	8.55
2170	-42.45	9
2171	-42.95	0.5
2171	-42.5	0.95
2171	-42.05	0.5
2171	-42.5	0.05
2171	-42.95	0.5
2172	-42.95	1.5
2172	-42.5	1.95
2172	-42.05	1.5
2172	-42.5	1.05
2172	-42.95	1.5
2173	-42.95	10.5
2173	-42.5	10.95
2173	-42.05	10.5
2173	-42.5	10.05
2173	-42.95	10.5
2174	-42.95	11.5
2174	-42.5	11.95
2174	-42.05	11.5
2174	-42.5	11.05
2174	-42.95	11.5
2175	-42.95	12.5
2175	-42.5	12.95
2175	-42.05	12.5
2175	-42.5	12.05
2175	-42.95	12.5
2176	-42.95	13.5
2176	-42.5	13.95
2176	-42.05	13.5
2176	-42.5	13.05
2176	-42.95	13.5
2177	-42.95	14.5
2177	-42.5	14.95
2177	-42.05	14.5
2177	-42.5	14.05
2177	-42.95	14.5
2178	-42.95	15.5
2178	-42.5	15.95
2178	-42.05	15.5
2178	-42.5	15.05
2178	-42.95	15.5
2179	-42.95	16.5
2179	-42.5	16.95
2179	-42.05	16.5
2179	-42.5	16.05
2179	-42.95	16.5
2180	-42.95	17.5
2180	-42.5	17.95
2180	-42.05	17.5
2180	-42.5	17.05
2180	-42.95	17.5
2181	-42.95	2.5
2181	-42.5	2.95
2181	-42.05	2.5
2181	-42.5	2.05
2181	-42.95	2.5
2182	-42.95	21.5
2182	-42.5	21.95
2182	-42.05	21.5
2182	-42.5	21.05
2182	-42.95	21.5
2183	-42.95	22.5
2183	-42.5	22.95
2183	-42.05	22.5
2183	-42.5	22.05
2183	-42.95	22.5
2184	-42.95	23.5
2184	-42.5	23.95
2184	-42.05	23.5
2184	-42.5	23.05
2184	-42.95	23.5
2185	-42.95	24.5
2185	-42.5	24.95
2185	-42.05	24.5
2185	-42.5	24.05
2185	-42.95	24.5
2186	-42.95	25.5
2186	-42.5	25.95
2186	-42.05	25.5
2186	-42.5	25.05
2186	-42.95	25.5
2187	-42.95	26.5
2187	-42.5	26.95
2187	-42.05	26.5
2187	-42.5	26.05
2187	-42.95	26.5
2188	-42.95	27.5
2188	-42.5	27.95
2188	-42.05	27.5
2188	-42.5	27.05
2188	-42.95	27.5
2189	-42.95	28.5
2189	-42.5	28.95
2189	-42.05	28.5
2189	-42.5	28.05
2189	-42.95	28.5
2190	-42.95	29.5
2190	-42.5	29.95
2190	-42.05	29.5
2190	-42.5	29.05
2190	-42.95	29.5
2191	-42.95	3.5
2191	-42.5	3.95
2191	-42.05	3.5
2191	-42.5	3.05
2191	-42.95	3.5
2192	-42.95	30.5
2192	-42.5	30.95
2192	-42.05	30.5
2192	-42.5	30.05
2192	-42.95	30.5
2193	-42.95	32.5
2193	-42.5	32.95
2193	-42.05	32.5
2193	-42.5	32.05
2193	-42.95	32.5
2194	-42.95	4.5
2194	-42.5	4.95
2194	-42.05	4.5
2194	-42.5	4.05
2194	-42.95	4.5
2195	-42.95	5.5
2195	-42.5	5.95
2195	-42.05	5.5
2195	-42.5	5.05
2195	-42.95	5.5
2196	-42.95	6.5
2196	-42.5	6.95
2196	-42.05	6.5
2196	-42.5	6.05
2196	-42.95	6.5
2197	-42.95	7.5
2197	-42.5	7.95
2197	-42.05	7.5
2197	-42.5	7.05
2197	-42.95	7.5
2198	-42.95	8.5
2198	-42.5	8.95
2198	-42.05	8.5
2198	-42.5	8.05
2198	-42.95	8.5
2199	-42.95	9.5
2199	-42.5	9.95
2199	-42.05	9.5
2199	-42.5	9.05
2199	-42.95	9.5
2200	-43.45	0
2200	-43	0.45
2200	-42.55	0
2200	-43	-0.45
2200	-43.45	0
2201	-43.45	1
2201	-43	1.45
2201	-42.55	1
2201	-43	0.55
2201	-43.45	1
2202	-43.45	10
2202	-43	10.45
2202	-42.55	10
2202	-43	9.55
2202	-43.45	10
2203	-43.45	11
2203	-43	11.45
2203	-42.55	11
2203	-43	10.55
2203	-43.45	11
2204	-43.45	12
2204	-43	12.45
2204	-42.55	12
2204	-43	11.55
2204	-43.45	12
2205	-43.45	13
2205	-43	13.45
2205	-42.55	13
2205	-43	12.55
2205	-43.45	13
2206	-43.45	14
2206	-43	14.45
2206	-42.55	14
2206	-43	13.55
2206	-43.45	14
2207	-43.45	15
2207	-43	15.45
2207	-42.55	15
2207	-43	14.55
2207	-43.45	15
2208	-43.45	16
2208	-43	16.45
2208	-42.55	16
2208	-43	15.55
2208	-43.45	16
2209	-43.45	17
2209	-43	17.45
2209	-42.55	17
2209	-43	16.55
2209	-43.45	17
2210	-43.45	18
2210	-43	18.45
2210	-42.55	18
2210	-43	17.55
2210	-43.45	18
2211	-43.45	2
2211	-43	2.45
2211	-42.55	2
2211	-43	1.55
2211	-43.45	2
2212	-43.45	21
2212	-43	21.45
2212	-42.55	21
2212	-43	20.55
2212	-43.45	21
2213	-43.45	22
2213	-43	22.45
2213	-42.55	22
2213	-43	21.55
2213	-43.45	22
2214	-43.45	23
2214	-43	23.45
2214	-42.55	23
2214	-43	22.55
2214	-43.45	23
2215	-43.45	24
2215	-43	24.45
2215	-42.55	24
2215	-43	23.55
2215	-43.45	24
2216	-43.45	25
2216	-43	25.45
2216	-42.55	25
2216	-43	24.55
2216	-43.45	25
2217	-43.45	26
2217	-43	26.45
2217	-42.55	26
2217	-43	25.55
2217	-43.45	26
2218	-43.45	27
2218	-43	27.45
2218	-42.55	27
2218	-43	26.55
2218	-43.45	27
2219	-43.45	28
2219	-43	28.45
2219	-42.55	28
2219	-43	27.55
2219	-43.45	28
2220	-43.45	29
2220	-43	29.45
2220	-42.55	29
2220	-43	28.55
2220	-43.45	29
2221	-43.45	3
2221	-43	3.45
2221	-42.55	3
2221	-43	2.55
2221	-43.45	3
2222	-43.45	30
2222	-43	30.45
2222	-42.55	30
2222	-43	29.55
2222	-43.45	30
2223	-43.45	32
2223	-43	32.45
2223	-42.55	32
2223	-43	31.55
2223	-43.45	32
2224	-43.45	4
2224	-43	4.45
2224	-42.55	4
2224	-43	3.55
2224	-43.45	4
2225	-43.45	5
2225	-43	5.45
2225	-42.55	5
2225	-43	4.55
2225	-43.45	5
2226	-43.45	6
2226	-43	6.45
2226	-42.55	6
2226	-43	5.55
2226	-43.45	6
2227	-43.45	7
2227	-43	7.45
2227	-42.55	7
2227	-43	6.55
2227	-43.45	7
2228	-43.45	8
2228	-43	8.45
2228	-42.55	8
2228	-43	7.55
2228	-43.45	8
2229	-43.45	9
2229	-43	9.45
2229	-42.55	9
2229	-43	8.55
2229	-43.45	9
2230	-43.95	0.5
2230	-43.5	0.95
2230	-43.05	0.5
2230	-43.5	0.05
2230	-43.95	0.5
2231	-43.95	1.5
2231	-43.5	1.95
2231	-43.05	1.5
2231	-43.5	1.05
2231	-43.95	1.5
2232	-43.95	10.5
2232	-43.5	10.95
2232	-43.05	10.5
2232	-43.5	10.05
2232	-43.95	10.5
2233	-43.95	11.5
2233	-43.5	11.95
2233	-43.05	11.5
2233	-43.5	11.05
2233	-43.95	11.5
2234	-43.95	12.5
2234	-43.5	12.95
2234	-43.05	12.5
2234	-43.5	12.05
2234	-43.95	12.5
2235	-43.95	13.5
2235	-43.5	13.95
2235	-43.05	13.5
2235	-43.5	13.05
2235	-43.95	13.5
2236	-43.95	14.5
2236	-43.5	14.95
2236	-43.05	14.5
2236	-43.5	14.05
2236	-43.95	14.5
2237	-43.95	15.5
2237	-43.5	15.95
2237	-43.05	15.5
2237	-43.5	15.05
2237	-43.95	15.5
2238	-43.95	16.5
2238	-43.5	16.95
2238	-43.05	16.5
2238	-43.5	16.05
2238	-43.95	16.5
2239	-43.95	2.5
2239	-43.5	2.95
2239	-43.05	2.5
2239	-43.5	2.05
2239	-43.95	2.5
2240	-43.95	20.5
2240	-43.5	20.95
2240	-43.05	20.5
2240	-43.5	20.05
2240	-43.95	20.5
2241	-43.95	21.5
2241	-43.5	21.95
2241	-43.05	21.5
2241	-43.5	21.05
2241	-43.95	21.5
2242	-43.95	22.5
2242	-43.5	22.95
2242	-43.05	22.5
2242	-43.5	22.05
2242	-43.95	22.5
2243	-43.95	23.5
2243	-43.5	23.95
2243	-43.05	23.5
2243	-43.5	23.05
2243	-43.95	23.5
2244	-43.95	24.5
2244	-43.5	24.95
2244	-43.05	24.5
2244	-43.5	24.05
2244	-43.95	24.5
2245	-43.95	25.5
2245	-43.5	25.95
2245	-43.05	25.5
2245	-43.5	25.05
2245	-43.95	25.5
2246	-43.95	26.5
2246	-43.5	26.95
2246	-43.05	26.5
2246	-43.5	26.05
2246	-43.95	26.5
2247	-43.95	27.5
2247	-43.5	27.95
2247	-43.05	27.5
2247	-43.5	27.05
2247	-43.95	27.5
2248	-43.95	28.5
2248	-43.5	28.95
2248	-43.05	28.5
2248	-43.5	28.05
2248	-43.95	28.5
2249	-43.95	29.5
2249	-43.5	29.95
2249	-43.05	29.5
2249	-43.5	29.05
2249	-43.95	29.5
2250	-43.95	3.5
2250	-43.5	3.95
2250	-43.05	3.5
2250	-43.5	3.05
2250	-43.95	3.5
2251	-43.95	30.5
2251	-43.5	30.95
2251	-43.05	30.5
2251	-43.5	30.05
2251	-43.95	30.5
2252	-43.95	31.5
2252	-43.5	31.95
2252	-43.05	31.5
2252	-43.5	31.05
2252	-43.95	31.5
2253	-43.95	4.5
2253	-43.5	4.95
2253	-43.05	4.5
2253	-43.5	4.05
2253	-43.95	4.5
2254	-43.95	5.5
2254	-43.5	5.95
2254	-43.05	5.5
2254	-43.5	5.05
2254	-43.95	5.5
2255	-43.95	6.5
2255	-43.5	6.95
2255	-43.05	6.5
2255	-43.5	6.05
2255	-43.95	6.5
2256	-43.95	7.5
2256	-43.5	7.95
2256	-43.05	7.5
2256	-43.5	7.05
2256	-43.95	7.5
2257	-43.95	8.5
2257	-43.5	8.95
2257	-43.05	8.5
2257	-43.5	8.05
2257	-43.95	8.5
2258	-43.95	9.5
2258	-43.5	9.95
2258	-43.05	9.5
2258	-43.5	9.05
2258	-43.95	9.5
2259	-44.45	0
2259	-44	0.45
2259	-43.55	0
2259	-44	-0.45
2259	-44.45	0
2260	-44.45	1
2260	-44	1.45
2260	-43.55	1
2260	-44	0.55
2260	-44.45	1
2261	-44.45	10
2261	-44	10.45
2261	-43.55	10
2261	-44	9.55
2261	-44.45	10
2262	-44.45	11
2262	-44	11.45
2262	-43.55	11
2262	-44	10.55
2262	-44.45	11
2263	-44.45	12
2263	-44	12.45
2263	-43.55	12
2263	-44	11.55
2263	-44.45	12
2264	-44.45	13
2264	-44	13.45
2264	-43.55	13
2264	-44	12.55
2264	-44.45	13
2265	-44.45	14
2265	-44	14.45
2265	-43.55	14
2265	-44	13.55
2265	-44.45	14
2266	-44.45	15
2266	-44	15.45
2266	-43.55	15
2266	-44	14.55
2266	-44.45	15
2267	-44.45	16
2267	-44	16.45
2267	-43.55	16
2267	-44	15.55
2267	-44.45	16
2268	-44.45	2
2268	-44	2.45
2268	-43.55	2
2268	-44	1.55
2268	-44.45	2
2269	-44.45	20
2269	-44	20.45
2269	-43.55	20
2269	-44	19.55
2269	-44.45	20
2270	-44.45	21
2270	-44	21.45
2270	-43.55	21
2270	-44	20.55
2270	-44.45	21
2271	-44.45	22
2271	-44	22.45
2271	-43.55	22
2271	-44	21.55
2271	-44.45	22
2272	-44.45	23
2272	-44	23.45
2272	-43.55	23
2272	-44	22.55
2272	-44.45	23
2273	-44.45	24
2273	-44	24.45
2273	-43.55	24
2273	-44	23.55
2273	-44.45	24
2274	-44.45	25
2274	-44	25.45
2274	-43.55	25
2274	-44	24.55
2274	-44.45	25
2275	-44.45	26
2275	-44	26.45
2275	-43.55	26
2275	-44	25.55
2275	-44.45	26
2276	-44.45	27
2276	-44	27.45
2276	-43.55	27
2276	-44	26.55
2276	-44.45	27
2277	-44.45	28
2277	-44	28.45
2277	-43.55	28
2277	-44	27.55
2277	-44.45	28
2278	-44.45	29
2278	-44	29.45
2278	-43.55	29
2278	-44	28.55
2278	-44.45	29
2279	-44.45	3
2279	-44	3.45
2279	-43.55	3
2279	-44	2.55
2279	-44.45	3
2280	-44.45	31
2280	-44	31.45
2280	-43.55	31
2280	-44	30.55
2280	-44.45	31
2281	-44.45	4
2281	-44	4.45
2281	-43.55	4
2281	-44	3.55
2281	-44.45	4
2282	-44.45	5
2282	-44	5.45
2282	-43.55	5
2282	-44	4.55
2282	-44.45	5
2283	-44.45	6
2283	-44	6.45
2283	-43.55	6
2283	-44	5.55
2283	-44.45	6
2284	-44.45	7
2284	-44	7.45
2284	-43.55	7
2284	-44	6.55
2284	-44.45	7
2285	-44.45	8
2285	-44	8.45
2285	-43.55	8
2285	-44	7.55
2285	-44.45	8
2286	-44.45	9
2286	-44	9.45
2286	-43.55	9
2286	-44	8.55
2286	-44.45	9
2287	-44.95	0.5
2287	-44.5	0.95
2287	-44.05	0.5
2287	-44.5	0.05
2287	-44.95	0.5
2288	-44.95	1.5
2288	-44.5	1.95
2288	-44.05	1.5
2288	-44.5	1.05
2288	-44.95	1.5
2289	-44.95	10.5
2289	-44.5	10.95
2289	-44.05	10.5
2289	-44.5	10.05
2289	-44.95	10.5
2290	-44.95	11.5
2290	-44.5	11.95
2290	-44.05	11.5
2290	-44.5	11.05
2290	-44.95	11.5
2291	-44.95	12.5
2291	-44.5	12.95
2291	-44.05	12.5
2291	-44.5	12.05
2291	-44.95	12.5
2292	-44.95	13.5
2292	-44.5	13.95
2292	-44.05	13.5
2292	-44.5	13.05
2292	-44.95	13.5
2293	-44.95	14.5
2293	-44.5	14.95
2293	-44.05	14.5
2293	-44.5	14.05
2293	-44.95	14.5
2294	-44.95	15.5
2294	-44.5	15.95
2294	-44.05	15.5
2294	-44.5	15.05
2294	-44.95	15.5
2295	-44.95	19.5
2295	-44.5	19.95
2295	-44.05	19.5
2295	-44.5	19.05
2295	-44.95	19.5
2296	-44.95	2.5
2296	-44.5	2.95
2296	-44.05	2.5
2296	-44.5	2.05
2296	-44.95	2.5
2297	-44.95	20.5
2297	-44.5	20.95
2297	-44.05	20.5
2297	-44.5	20.05
2297	-44.95	20.5
2298	-44.95	21.5
2298	-44.5	21.95
2298	-44.05	21.5
2298	-44.5	21.05
2298	-44.95	21.5
2299	-44.95	22.5
2299	-44.5	22.95
2299	-44.05	22.5
2299	-44.5	22.05
2299	-44.95	22.5
2300	-44.95	23.5
2300	-44.5	23.95
2300	-44.05	23.5
2300	-44.5	23.05
2300	-44.95	23.5
2301	-44.95	24.5
2301	-44.5	24.95
2301	-44.05	24.5
2301	-44.5	24.05
2301	-44.95	24.5
2302	-44.95	25.5
2302	-44.5	25.95
2302	-44.05	25.5
2302	-44.5	25.05
2302	-44.95	25.5
2303	-44.95	26.5
2303	-44.5	26.95
2303	-44.05	26.5
2303	-44.5	26.05
2303	-44.95	26.5
2304	-44.95	27.5
2304	-44.5	27.95
2304	-44.05	27.5
2304	-44.5	27.05
2304	-44.95	27.5
2305	-44.95	28.5
2305	-44.5	28.95
2305	-44.05	28.5
2305	-44.5	28.05
2305	-44.95	28.5
2306	-44.95	3.5
2306	-44.5	3.95
2306	-44.05	3.5
2306	-44.5	3.05
2306	-44.95	3.5
2307	-44.95	30.5
2307	-44.5	30.95
2307	-44.05	30.5
2307	-44.5	30.05
2307	-44.95	30.5
2308	-44.95	4.5
2308	-44.5	4.95
2308	-44.05	4.5
2308	-44.5	4.05
2308	-44.95	4.5
2309	-44.95	5.5
2309	-44.5	5.95
2309	-44.05	5.5
2309	-44.5	5.05
2309	-44.95	5.5
2310	-44.95	6.5
2310	-44.5	6.95
2310	-44.05	6.5
2310	-44.5	6.05
2310	-44.95	6.5
2311	-44.95	7.5
2311	-44.5	7.95
2311	-44.05	7.5
2311	-44.5	7.05
2311	-44.95	7.5
2312	-44.95	8.5
2312	-44.5	8.95
2312	-44.05	8.5
2312	-44.5	8.05
2312	-44.95	8.5
2313	-44.95	9.5
2313	-44.5	9.95
2313	-44.05	9.5
2313	-44.5	9.05
2313	-44.95	9.5
2314	-45.45	0
2314	-45	0.45
2314	-44.55	0
2314	-45	-0.45
2314	-45.45	0
2315	-45.45	1
2315	-45	1.45
2315	-44.55	1
2315	-45	0.55
2315	-45.45	1
2316	-45.45	2
2316	-45	2.45
2316	-44.55	2
2316	-45	1.55
2316	-45.45	2
2317	-45.45	3
2317	-45	3.45
2317	-44.55	3
2317	-45	2.55
2317	-45.45	3
2318	-5.45	0
2318	-5	0.45
2318	-4.55	0
2318	-5	-0.45
2318	-5.45	0
2319	-5.45	1
2319	-5	1.45
2319	-4.55	1
2319	-5	0.55
2319	-5.45	1
2320	-5.45	10
2320	-5	10.45
2320	-4.55	10
2320	-5	9.55
2320	-5.45	10
2321	-5.45	11
2321	-5	11.45
2321	-4.55	11
2321	-5	10.55
2321	-5.45	11
2322	-5.45	12
2322	-5	12.45
2322	-4.55	12
2322	-5	11.55
2322	-5.45	12
2323	-5.45	13
2323	-5	13.45
2323	-4.55	13
2323	-5	12.55
2323	-5.45	13
2324	-5.45	14
2324	-5	14.45
2324	-4.55	14
2324	-5	13.55
2324	-5.45	14
2325	-5.45	15
2325	-5	15.45
2325	-4.55	15
2325	-5	14.55
2325	-5.45	15
2326	-5.45	16
2326	-5	16.45
2326	-4.55	16
2326	-5	15.55
2326	-5.45	16
2327	-5.45	17
2327	-5	17.45
2327	-4.55	17
2327	-5	16.55
2327	-5.45	17
2328	-5.45	18
2328	-5	18.45
2328	-4.55	18
2328	-5	17.55
2328	-5.45	18
2329	-5.45	2
2329	-5	2.45
2329	-4.55	2
2329	-5	1.55
2329	-5.45	2
2330	-5.45	20
2330	-5	20.45
2330	-4.55	20
2330	-5	19.55
2330	-5.45	20
2331	-5.45	3
2331	-5	3.45
2331	-4.55	3
2331	-5	2.55
2331	-5.45	3
2332	-5.45	4
2332	-5	4.45
2332	-4.55	4
2332	-5	3.55
2332	-5.45	4
2333	-5.45	5
2333	-5	5.45
2333	-4.55	5
2333	-5	4.55
2333	-5.45	5
2334	-5.45	6
2334	-5	6.45
2334	-4.55	6
2334	-5	5.55
2334	-5.45	6
2335	-5.45	7
2335	-5	7.45
2335	-4.55	7
2335	-5	6.55
2335	-5.45	7
2336	-5.45	8
2336	-5	8.45
2336	-4.55	8
2336	-5	7.55
2336	-5.45	8
2337	-5.45	9
2337	-5	9.45
2337	-4.55	9
2337	-5	8.55
2337	-5.45	9
2338	-5.95	0.5
2338	-5.5	0.95
2338	-5.05	0.5
2338	-5.5	0.05
2338	-5.95	0.5
2339	-5.95	1.5
2339	-5.5	1.95
2339	-5.05	1.5
2339	-5.5	1.05
2339	-5.95	1.5
2340	-5.95	10.5
2340	-5.5	10.95
2340	-5.05	10.5
2340	-5.5	10.05
2340	-5.95	10.5
2341	-5.95	11.5
2341	-5.5	11.95
2341	-5.05	11.5
2341	-5.5	11.05
2341	-5.95	11.5
2342	-5.95	12.5
2342	-5.5	12.95
2342	-5.05	12.5
2342	-5.5	12.05
2342	-5.95	12.5
2343	-5.95	13.5
2343	-5.5	13.95
2343	-5.05	13.5
2343	-5.5	13.05
2343	-5.95	13.5
2344	-5.95	14.5
2344	-5.5	14.95
2344	-5.05	14.5
2344	-5.5	14.05
2344	-5.95	14.5
2345	-5.95	15.5
2345	-5.5	15.95
2345	-5.05	15.5
2345	-5.5	15.05
2345	-5.95	15.5
2346	-5.95	16.5
2346	-5.5	16.95
2346	-5.05	16.5
2346	-5.5	16.05
2346	-5.95	16.5
2347	-5.95	17.5
2347	-5.5	17.95
2347	-5.05	17.5
2347	-5.5	17.05
2347	-5.95	17.5
2348	-5.95	19.5
2348	-5.5	19.95
2348	-5.05	19.5
2348	-5.5	19.05
2348	-5.95	19.5
2349	-5.95	2.5
2349	-5.5	2.95
2349	-5.05	2.5
2349	-5.5	2.05
2349	-5.95	2.5
2350	-5.95	3.5
2350	-5.5	3.95
2350	-5.05	3.5
2350	-5.5	3.05
2350	-5.95	3.5
2351	-5.95	4.5
2351	-5.5	4.95
2351	-5.05	4.5
2351	-5.5	4.05
2351	-5.95	4.5
2352	-5.95	5.5
2352	-5.5	5.95
2352	-5.05	5.5
2352	-5.5	5.05
2352	-5.95	5.5
2353	-5.95	6.5
2353	-5.5	6.95
2353	-5.05	6.5
2353	-5.5	6.05
2353	-5.95	6.5
2354	-5.95	7.5
2354	-5.5	7.95
2354	-5.05	7.5
2354	-5.5	7.05
2354	-5.95	7.5
2355	-5.95	8.5
2355	-5.5	8.95
2355	-5.05	8.5
2355	-5.5	8.05
2355	-5.95	8.5
2356	-5.95	9.5
2356	-5.5	9.95
2356	-5.05	9.5
2356	-5.5	9.05
2356	-5.95	9.5
2357	-6.45	0
2357	-6	0.45
2357	-5.55	0
2357	-6	-0.45
2357	-6.45	0
2358	-6.45	1
2358	-6	1.45
2358	-5.55	1
2358	-6	0.55
2358	-6.45	1
2359	-6.45	10
2359	-6	10.45
2359	-5.55	10
2359	-6	9.55
2359	-6.45	10
2360	-6.45	11
2360	-6	11.45
2360	-5.55	11
2360	-6	10.55
2360	-6.45	11
2361	-6.45	12
2361	-6	12.45
2361	-5.55	12
2361	-6	11.55
2361	-6.45	12
2362	-6.45	13
2362	-6	13.45
2362	-5.55	13
2362	-6	12.55
2362	-6.45	13
2363	-6.45	14
2363	-6	14.45
2363	-5.55	14
2363	-6	13.55
2363	-6.45	14
2364	-6.45	15
2364	-6	15.45
2364	-5.55	15
2364	-6	14.55
2364	-6.45	15
2365	-6.45	16
2365	-6	16.45
2365	-5.55	16
2365	-6	15.55
2365	-6.45	16
2366	-6.45	17
2366	-6	17.45
2366	-5.55	17
2366	-6	16.55
2366	-6.45	17
2367	-6.45	19
2367	-6	19.45
2367	-5.55	19
2367	-6	18.55
2367	-6.45	19
2368	-6.45	2
2368	-6	2.45
2368	-5.55	2
2368	-6	1.55
2368	-6.45	2
2369	-6.45	3
2369	-6	3.45
2369	-5.55	3
2369	-6	2.55
2369	-6.45	3
2370	-6.45	4
2370	-6	4.45
2370	-5.55	4
2370	-6	3.55
2370	-6.45	4
2371	-6.45	5
2371	-6	5.45
2371	-5.55	5
2371	-6	4.55
2371	-6.45	5
2372	-6.45	6
2372	-6	6.45
2372	-5.55	6
2372	-6	5.55
2372	-6.45	6
2373	-6.45	7
2373	-6	7.45
2373	-5.55	7
2373	-6	6.55
2373	-6.45	7
2374	-6.45	8
2374	-6	8.45
2374	-5.55	8
2374	-6	7.55
2374	-6.45	8
2375	-6.45	9
2375	-6	9.45
2375	-5.55	9
2375	-6	8.55
2375	-6.45	9
2376	-6.95	0.5
2376	-6.5	0.95
2376	-6.05	0.5
2376	-6.5	0.05
2376	-6.95	0.5
2377	-6.95	1.5
2377	-6.5	1.95
2377	-6.05	1.5
2377	-6.5	1.05
2377	-6.95	1.5
2378	-6.95	10.5
2378	-6.5	10.95
2378	-6.05	10.5
2378	-6.5	10.05
2378	-6.95	10.5
2379	-6.95	11.5
2379	-6.5	11.95
2379	-6.05	11.5
2379	-6.5	11.05
2379	-6.95	11.5
2380	-6.95	12.5
2380	-6.5	12.95
2380	-6.05	12.5
2380	-6.5	12.05
2380	-6.95	12.5
2381	-6.95	13.5
2381	-6.5	13.95
2381	-6.05	13.5
2381	-6.5	13.05
2381	-6.95	13.5
2382	-6.95	14.5
2382	-6.5	14.95
2382	-6.05	14.5
2382	-6.5	14.05
2382	-6.95	14.5
2383	-6.95	15.5
2383	-6.5	15.95
2383	-6.05	15.5
2383	-6.5	15.05
2383	-6.95	15.5
2384	-6.95	16.5
2384	-6.5	16.95
2384	-6.05	16.5
2384	-6.5	16.05
2384	-6.95	16.5
2385	-6.95	18.5
2385	-6.5	18.95
2385	-6.05	18.5
2385	-6.5	18.05
2385	-6.95	18.5
2386	-6.95	2.5
2386	-6.5	2.95
2386	-6.05	2.5
2386	-6.5	2.05
2386	-6.95	2.5
2387	-6.95	3.5
2387	-6.5	3.95
2387	-6.05	3.5
2387	-6.5	3.05
2387	-6.95	3.5
2388	-6.95	4.5
2388	-6.5	4.95
2388	-6.05	4.5
2388	-6.5	4.05
2388	-6.95	4.5
2389	-6.95	5.5
2389	-6.5	5.95
2389	-6.05	5.5
2389	-6.5	5.05
2389	-6.95	5.5
2390	-6.95	6.5
2390	-6.5	6.95
2390	-6.05	6.5
2390	-6.5	6.05
2390	-6.95	6.5
2391	-6.95	7.5
2391	-6.5	7.95
2391	-6.05	7.5
2391	-6.5	7.05
2391	-6.95	7.5
2392	-6.95	8.5
2392	-6.5	8.95
2392	-6.05	8.5
2392	-6.5	8.05
2392	-6.95	8.5
2393	-6.95	9.5
2393	-6.5	9.95
2393	-6.05	9.5
2393	-6.5	9.05
2393	-6.95	9.5
2394	-7.45	0
2394	-7	0.45
2394	-6.55	0
2394	-7	-0.45
2394	-7.45	0
2395	-7.45	1
2395	-7	1.45
2395	-6.55	1
2395	-7	0.55
2395	-7.45	1
2396	-7.45	10
2396	-7	10.45
2396	-6.55	10
2396	-7	9.55
2396	-7.45	10
2397	-7.45	11
2397	-7	11.45
2397	-6.55	11
2397	-7	10.55
2397	-7.45	11
2398	-7.45	12
2398	-7	12.45
2398	-6.55	12
2398	-7	11.55
2398	-7.45	12
2399	-7.45	13
2399	-7	13.45
2399	-6.55	13
2399	-7	12.55
2399	-7.45	13
2400	-7.45	14
2400	-7	14.45
2400	-6.55	14
2400	-7	13.55
2400	-7.45	14
2401	-7.45	15
2401	-7	15.45
2401	-6.55	15
2401	-7	14.55
2401	-7.45	15
2402	-7.45	16
2402	-7	16.45
2402	-6.55	16
2402	-7	15.55
2402	-7.45	16
2403	-7.45	18
2403	-7	18.45
2403	-6.55	18
2403	-7	17.55
2403	-7.45	18
2404	-7.45	2
2404	-7	2.45
2404	-6.55	2
2404	-7	1.55
2404	-7.45	2
2405	-7.45	3
2405	-7	3.45
2405	-6.55	3
2405	-7	2.55
2405	-7.45	3
2406	-7.45	4
2406	-7	4.45
2406	-6.55	4
2406	-7	3.55
2406	-7.45	4
2407	-7.45	5
2407	-7	5.45
2407	-6.55	5
2407	-7	4.55
2407	-7.45	5
2408	-7.45	6
2408	-7	6.45
2408	-6.55	6
2408	-7	5.55
2408	-7.45	6
2409	-7.45	7
2409	-7	7.45
2409	-6.55	7
2409	-7	6.55
2409	-7.45	7
2410	-7.45	8
2410	-7	8.45
2410	-6.55	8
2410	-7	7.55
2410	-7.45	8
2411	-7.45	9
2411	-7	9.45
2411	-6.55	9
2411	-7	8.55
2411	-7.45	9
2412	-7.95	0.5
2412	-7.5	0.95
2412	-7.05	0.5
2412	-7.5	0.05
2412	-7.95	0.5
2413	-7.95	1.5
2413	-7.5	1.95
2413	-7.05	1.5
2413	-7.5	1.05
2413	-7.95	1.5
2414	-7.95	10.5
2414	-7.5	10.95
2414	-7.05	10.5
2414	-7.5	10.05
2414	-7.95	10.5
2415	-7.95	11.5
2415	-7.5	11.95
2415	-7.05	11.5
2415	-7.5	11.05
2415	-7.95	11.5
2416	-7.95	12.5
2416	-7.5	12.95
2416	-7.05	12.5
2416	-7.5	12.05
2416	-7.95	12.5
2417	-7.95	13.5
2417	-7.5	13.95
2417	-7.05	13.5
2417	-7.5	13.05
2417	-7.95	13.5
2418	-7.95	14.5
2418	-7.5	14.95
2418	-7.05	14.5
2418	-7.5	14.05
2418	-7.95	14.5
2419	-7.95	15.5
2419	-7.5	15.95
2419	-7.05	15.5
2419	-7.5	15.05
2419	-7.95	15.5
2420	-7.95	17.5
2420	-7.5	17.95
2420	-7.05	17.5
2420	-7.5	17.05
2420	-7.95	17.5
2421	-7.95	2.5
2421	-7.5	2.95
2421	-7.05	2.5
2421	-7.5	2.05
2421	-7.95	2.5
2422	-7.95	3.5
2422	-7.5	3.95
2422	-7.05	3.5
2422	-7.5	3.05
2422	-7.95	3.5
2423	-7.95	4.5
2423	-7.5	4.95
2423	-7.05	4.5
2423	-7.5	4.05
2423	-7.95	4.5
2424	-7.95	5.5
2424	-7.5	5.95
2424	-7.05	5.5
2424	-7.5	5.05
2424	-7.95	5.5
2425	-7.95	6.5
2425	-7.5	6.95
2425	-7.05	6.5
2425	-7.5	6.05
2425	-7.95	6.5
2426	-7.95	7.5
2426	-7.5	7.95
2426	-7.05	7.5
2426	-7.5	7.05
2426	-7.95	7.5
2427	-7.95	8.5
2427	-7.5	8.95
2427	-7.05	8.5
2427	-7.5	8.05
2427	-7.95	8.5
2428	-7.95	9.5
2428	-7.5	9.95
2428	-7.05	9.5
2428	-7.5	9.05
2428	-7.95	9.5
2429	-8.45	0
2429	-8	0.45
2429	-7.55	0
2429	-8	-0.45
2429	-8.45	0
2430	-8.45	1
2430	-8	1.45
2430	-7.55	1
2430	-8	0.55
2430	-8.45	1
2431	-8.45	10
2431	-8	10.45
2431	-7.55	10
2431	-8	9.55
2431	-8.45	10
2432	-8.45	11
2432	-8	11.45
2432	-7.55	11
2432	-8	10.55
2432	-8.45	11
2433	-8.45	12
2433	-8	12.45
2433	-7.55	12
2433	-8	11.55
2433	-8.45	12
2434	-8.45	13
2434	-8	13.45
2434	-7.55	13
2434	-8	12.55
2434	-8.45	13
2435	-8.45	14
2435	-8	14.45
2435	-7.55	14
2435	-8	13.55
2435	-8.45	14
2436	-8.45	15
2436	-8	15.45
2436	-7.55	15
2436	-8	14.55
2436	-8.45	15
2437	-8.45	16
2437	-8	16.45
2437	-7.55	16
2437	-8	15.55
2437	-8.45	16
2438	-8.45	17
2438	-8	17.45
2438	-7.55	17
2438	-8	16.55
2438	-8.45	17
2439	-8.45	2
2439	-8	2.45
2439	-7.55	2
2439	-8	1.55
2439	-8.45	2
2440	-8.45	3
2440	-8	3.45
2440	-7.55	3
2440	-8	2.55
2440	-8.45	3
2441	-8.45	4
2441	-8	4.45
2441	-7.55	4
2441	-8	3.55
2441	-8.45	4
2442	-8.45	5
2442	-8	5.45
2442	-7.55	5
2442	-8	4.55
2442	-8.45	5
2443	-8.45	6
2443	-8	6.45
2443	-7.55	6
2443	-8	5.55
2443	-8.45	6
2444	-8.45	7
2444	-8	7.45
2444	-7.55	7
2444	-8	6.55
2444	-8.45	7
2445	-8.45	8
2445	-8	8.45
2445	-7.55	8
2445	-8	7.55
2445	-8.45	8
2446	-8.45	9
2446	-8	9.45
2446	-7.55	9
2446	-8	8.55
2446	-8.45	9
2447	-8.95	0.5
2447	-8.5	0.95
2447	-8.05	0.5
2447	-8.5	0.05
2447	-8.95	0.5
2448	-8.95	1.5
2448	-8.5	1.95
2448	-8.05	1.5
2448	-8.5	1.05
2448	-8.95	1.5
2449	-8.95	10.5
2449	-8.5	10.95
2449	-8.05	10.5
2449	-8.5	10.05
2449	-8.95	10.5
2450	-8.95	11.5
2450	-8.5	11.95
2450	-8.05	11.5
2450	-8.5	11.05
2450	-8.95	11.5
2451	-8.95	12.5
2451	-8.5	12.95
2451	-8.05	12.5
2451	-8.5	12.05
2451	-8.95	12.5
2452	-8.95	13.5
2452	-8.5	13.95
2452	-8.05	13.5
2452	-8.5	13.05
2452	-8.95	13.5
2453	-8.95	14.5
2453	-8.5	14.95
2453	-8.05	14.5
2453	-8.5	14.05
2453	-8.95	14.5
2454	-8.95	15.5
2454	-8.5	15.95
2454	-8.05	15.5
2454	-8.5	15.05
2454	-8.95	15.5
2455	-8.95	16.5
2455	-8.5	16.95
2455	-8.05	16.5
2455	-8.5	16.05
2455	-8.95	16.5
2456	-8.95	2.5
2456	-8.5	2.95
2456	-8.05	2.5
2456	-8.5	2.05
2456	-8.95	2.5
2457	-8.95	3.5
2457	-8.5	3.95
2457	-8.05	3.5
2457	-8.5	3.05
2457	-8.95	3.5
2458	-8.95	4.5
2458	-8.5	4.95
2458	-8.05	4.5
2458	-8.5	4.05
2458	-8.95	4.5
2459	-8.95	5.5
2459	-8.5	5.95
2459	-8.05	5.5
2459	-8.5	5.05
2459	-8.95	5.5
2460	-8.95	6.5
2460	-8.5	6.95
2460	-8.05	6.5
2460	-8.5	6.05
2460	-8.95	6.5
2461	-8.95	7.5
2461	-8.5	7.95
2461	-8.05	7.5
2461	-8.5	7.05
2461	-8.95	7.5
2462	-8.95	8.5
2462	-8.5	8.95
2462	-8.05	8.5
2462	-8.5	8.05
2462	-8.95	8.5
2463	-8.95	9.5
2463	-8.5	9.95
2463	-8.05	9.5
2463	-8.5	9.05
2463	-8.95	9.5
2464	-9.45	0
2464	-9	0.45
2464	-8.55	0
2464	-9	-0.45
2464	-9.45	0
2465	-9.45	1
2465	-9	1.45
2465	-8.55	1
2465	-9	0.55
2465	-9.45	1
2466	-9.45	10
2466	-9	10.45
2466	-8.55	10
2466	-9	9.55
2466	-9.45	10
2467	-9.45	11
2467	-9	11.45
2467	-8.55	11
2467	-9	10.55
2467	-9.45	11
2468	-9.45	12
2468	-9	12.45
2468	-8.55	12
2468	-9	11.55
2468	-9.45	12
2469	-9.45	13
2469	-9	13.45
2469	-8.55	13
2469	-9	12.55
2469	-9.45	13
2470	-9.45	14
2470	-9	14.45
2470	-8.55	14
2470	-9	13.55
2470	-9.45	14
2471	-9.45	15
2471	-9	15.45
2471	-8.55	15
2471	-9	14.55
2471	-9.45	15
2472	-9.45	16
2472	-9	16.45
2472	-8.55	16
2472	-9	15.55
2472	-9.45	16
2473	-9.45	17
2473	-9	17.45
2473	-8.55	17
2473	-9	16.55
2473	-9.45	17
2474	-9.45	2
2474	-9	2.45
2474	-8.55	2
2474	-9	1.55
2474	-9.45	2
2475	-9.45	3
2475	-9	3.45
2475	-8.55	3
2475	-9	2.55
2475	-9.45	3
2476	-9.45	4
2476	-9	4.45
2476	-8.55	4
2476	-9	3.55
2476	-9.45	4
2477	-9.45	5
2477	-9	5.45
2477	-8.55	5
2477	-9	4.55
2477	-9.45	5
2478	-9.45	6
2478	-9	6.45
2478	-8.55	6
2478	-9	5.55
2478	-9.45	6
2479	-9.45	7
2479	-9	7.45
2479	-8.55	7
2479	-9	6.55
2479	-9.45	7
2480	-9.45	8
2480	-9	8.45
2480	-8.55	8
2480	-9	7.55
2480	-9.45	8
2481	-9.45	9
2481	-9	9.45
2481	-8.55	9
2481	-9	8.55
2481	-9.45	9
2482	-9.95	0.5
2482	-9.5	0.95
2482	-9.05	0.5
2482	-9.5	0.05
2482	-9.95	0.5
2483	-9.95	1.5
2483	-9.5	1.95
2483	-9.05	1.5
2483	-9.5	1.05
2483	-9.95	1.5
2484	-9.95	10.5
2484	-9.5	10.95
2484	-9.05	10.5
2484	-9.5	10.05
2484	-9.95	10.5
2485	-9.95	11.5
2485	-9.5	11.95
2485	-9.05	11.5
2485	-9.5	11.05
2485	-9.95	11.5
2486	-9.95	12.5
2486	-9.5	12.95
2486	-9.05	12.5
2486	-9.5	12.05
2486	-9.95	12.5
2487	-9.95	13.5
2487	-9.5	13.95
2487	-9.05	13.5
2487	-9.5	13.05
2487	-9.95	13.5
2488	-9.95	14.5
2488	-9.5	14.95
2488	-9.05	14.5
2488	-9.5	14.05
2488	-9.95	14.5
2489	-9.95	15.5
2489	-9.5	15.95
2489	-9.05	15.5
2489	-9.5	15.05
2489	-9.95	15.5
2490	-9.95	16.5
2490	-9.5	16.95
2490	-9.05	16.5
2490	-9.5	16.05
2490	-9.95	16.5
2491	-9.95	17.5
2491	-9.5	17.95
2491	-9.05	17.5
2491	-9.5	17.05
2491	-9.95	17.5
2492	-9.95	2.5
2492	-9.5	2.95
2492	-9.05	2.5
2492	-9.5	2.05
2492	-9.95	2.5
2493	-9.95	3.5
2493	-9.5	3.95
2493	-9.05	3.5
2493	-9.5	3.05
2493	-9.95	3.5
2494	-9.95	4.5
2494	-9.5	4.95
2494	-9.05	4.5
2494	-9.5	4.05
2494	-9.95	4.5
2495	-9.95	5.5
2495	-9.5	5.95
2495	-9.05	5.5
2495	-9.5	5.05
2495	-9.95	5.5
2496	-9.95	6.5
2496	-9.5	6.95
2496	-9.05	6.5
2496	-9.5	6.05
2496	-9.95	6.5
2497	-9.95	7.5
2497	-9.5	7.95
2497	-9.05	7.5
2497	-9.5	7.05
2497	-9.95	7.5
2498	-9.95	8.5
2498	-9.5	8.95
2498	-9.05	8.5
2498	-9.5	8.05
2498	-9.95	8.5
2499	-9.95	9.5
2499	-9.5	9.95
2499	-9.05	9.5
2499	-9.5	9.05
2499	-9.95	9.5
2500	-0.45	0
2500	0	0.45
2500	0.45	0
2500	0	-0.45
2500	-0.45	0
2501	-0.45	1
2501	0	1.45
2501	0.45	1
2501	0	0.55
2501	-0.45	1
2502	-0.45	10
2502	0	10.45
2502	0.45	10
2502	0	9.55
2502	-0.45	10
2503	-0.45	14
2503	0	14.45
2503	0.45	14
2503	0	13.55
2503	-0.45	14
2504	-0.45	15
2504	0	15.45
2504	0.45	15
2504	0	14.55
2504	-0.45	15
2505	-0.45	16
2505	0	16.45
2505	0.45	16
2505	0	15.55
2505	-0.45	16
2506	-0.45	17
2506	0	17.45
2506	0.45	17
2506	0	16.55
2506	-0.45	17
2507	-0.45	18
2507	0	18.45
2507	0.45	18
2507	0	17.55
2507	-0.45	18
2508	-0.45	19
2508	0	19.45
2508	0.45	19
2508	0	18.55
2508	-0.45	19
2509	-0.45	2
2509	0	2.45
2509	0.45	2
2509	0	1.55
2509	-0.45	2
2510	-0.45	20
2510	0	20.45
2510	0.45	20
2510	0	19.55
2510	-0.45	20
2511	-0.45	21
2511	0	21.45
2511	0.45	21
2511	0	20.55
2511	-0.45	21
2512	-0.45	22
2512	0	22.45
2512	0.45	22
2512	0	21.55
2512	-0.45	22
2513	-0.45	23
2513	0	23.45
2513	0.45	23
2513	0	22.55
2513	-0.45	23
2514	-0.45	25
2514	0	25.45
2514	0.45	25
2514	0	24.55
2514	-0.45	25
2515	-0.45	3
2515	0	3.45
2515	0.45	3
2515	0	2.55
2515	-0.45	3
2516	-0.45	4
2516	0	4.45
2516	0.45	4
2516	0	3.55
2516	-0.45	4
2517	-0.45	5
2517	0	5.45
2517	0.45	5
2517	0	4.55
2517	-0.45	5
2518	-0.45	6
2518	0	6.45
2518	0.45	6
2518	0	5.55
2518	-0.45	6
2519	-0.45	7
2519	0	7.45
2519	0.45	7
2519	0	6.55
2519	-0.45	7
2520	-0.45	8
2520	0	8.45
2520	0.45	8
2520	0	7.55
2520	-0.45	8
2521	-0.45	9
2521	0	9.45
2521	0.45	9
2521	0	8.55
2521	-0.45	9
2522	0.05	0.5
2522	0.5	0.95
2522	0.95	0.5
2522	0.5	0.05
2522	0.05	0.5
2523	0.05	1.5
2523	0.5	1.95
2523	0.95	1.5
2523	0.5	1.05
2523	0.05	1.5
2524	0.05	10.5
2524	0.5	10.95
2524	0.95	10.5
2524	0.5	10.05
2524	0.05	10.5
2525	0.05	13.5
2525	0.5	13.95
2525	0.95	13.5
2525	0.5	13.05
2525	0.05	13.5
2526	0.05	14.5
2526	0.5	14.95
2526	0.95	14.5
2526	0.5	14.05
2526	0.05	14.5
2527	0.05	15.5
2527	0.5	15.95
2527	0.95	15.5
2527	0.5	15.05
2527	0.05	15.5
2528	0.05	16.5
2528	0.5	16.95
2528	0.95	16.5
2528	0.5	16.05
2528	0.05	16.5
2529	0.05	17.5
2529	0.5	17.95
2529	0.95	17.5
2529	0.5	17.05
2529	0.05	17.5
2530	0.05	18.5
2530	0.5	18.95
2530	0.95	18.5
2530	0.5	18.05
2530	0.05	18.5
2531	0.05	19.5
2531	0.5	19.95
2531	0.95	19.5
2531	0.5	19.05
2531	0.05	19.5
2532	0.05	2.5
2532	0.5	2.95
2532	0.95	2.5
2532	0.5	2.05
2532	0.05	2.5
2533	0.05	20.5
2533	0.5	20.95
2533	0.95	20.5
2533	0.5	20.05
2533	0.05	20.5
2534	0.05	21.5
2534	0.5	21.95
2534	0.95	21.5
2534	0.5	21.05
2534	0.05	21.5
2535	0.05	22.5
2535	0.5	22.95
2535	0.95	22.5
2535	0.5	22.05
2535	0.05	22.5
2536	0.05	23.5
2536	0.5	23.95
2536	0.95	23.5
2536	0.5	23.05
2536	0.05	23.5
2537	0.05	25.5
2537	0.5	25.95
2537	0.95	25.5
2537	0.5	25.05
2537	0.05	25.5
2538	0.05	3.5
2538	0.5	3.95
2538	0.95	3.5
2538	0.5	3.05
2538	0.05	3.5
2539	0.05	4.5
2539	0.5	4.95
2539	0.95	4.5
2539	0.5	4.05
2539	0.05	4.5
2540	0.05	5.5
2540	0.5	5.95
2540	0.95	5.5
2540	0.5	5.05
2540	0.05	5.5
2541	0.05	6.5
2541	0.5	6.95
2541	0.95	6.5
2541	0.5	6.05
2541	0.05	6.5
2542	0.05	7.5
2542	0.5	7.95
2542	0.95	7.5
2542	0.5	7.05
2542	0.05	7.5
2543	0.05	8.5
2543	0.5	8.95
2543	0.95	8.5
2543	0.5	8.05
2543	0.05	8.5
2544	0.05	9.5
2544	0.5	9.95
2544	0.95	9.5
2544	0.5	9.05
2544	0.05	9.5
2545	0.55	0
2545	1	0.45
2545	1.45	0
2545	1	-0.45
2545	0.55	0
2546	0.55	1
2546	1	1.45
2546	1.45	1
2546	1	0.55
2546	0.55	1
2547	0.55	10
2547	1	10.45
2547	1.45	10
2547	1	9.55
2547	0.55	10
2548	0.55	11
2548	1	11.45
2548	1.45	11
2548	1	10.55
2548	0.55	11
2549	0.55	15
2549	1	15.45
2549	1.45	15
2549	1	14.55
2549	0.55	15
2550	0.55	16
2550	1	16.45
2550	1.45	16
2550	1	15.55
2550	0.55	16
2551	0.55	17
2551	1	17.45
2551	1.45	17
2551	1	16.55
2551	0.55	17
2552	0.55	18
2552	1	18.45
2552	1.45	18
2552	1	17.55
2552	0.55	18
2553	0.55	19
2553	1	19.45
2553	1.45	19
2553	1	18.55
2553	0.55	19
2554	0.55	2
2554	1	2.45
2554	1.45	2
2554	1	1.55
2554	0.55	2
2555	0.55	20
2555	1	20.45
2555	1.45	20
2555	1	19.55
2555	0.55	20
2556	0.55	21
2556	1	21.45
2556	1.45	21
2556	1	20.55
2556	0.55	21
2557	0.55	22
2557	1	22.45
2557	1.45	22
2557	1	21.55
2557	0.55	22
2558	0.55	23
2558	1	23.45
2558	1.45	23
2558	1	22.55
2558	0.55	23
2559	0.55	24
2559	1	24.45
2559	1.45	24
2559	1	23.55
2559	0.55	24
2560	0.55	26
2560	1	26.45
2560	1.45	26
2560	1	25.55
2560	0.55	26
2561	0.55	3
2561	1	3.45
2561	1.45	3
2561	1	2.55
2561	0.55	3
2562	0.55	4
2562	1	4.45
2562	1.45	4
2562	1	3.55
2562	0.55	4
2563	0.55	5
2563	1	5.45
2563	1.45	5
2563	1	4.55
2563	0.55	5
2564	0.55	6
2564	1	6.45
2564	1.45	6
2564	1	5.55
2564	0.55	6
2565	0.55	7
2565	1	7.45
2565	1.45	7
2565	1	6.55
2565	0.55	7
2566	0.55	8
2566	1	8.45
2566	1.45	8
2566	1	7.55
2566	0.55	8
2567	0.55	9
2567	1	9.45
2567	1.45	9
2567	1	8.55
2567	0.55	9
2568	1.05	0.5
2568	1.5	0.95
2568	1.95	0.5
2568	1.5	0.05
2568	1.05	0.5
2569	1.05	1.5
2569	1.5	1.95
2569	1.95	1.5
2569	1.5	1.05
2569	1.05	1.5
2570	1.05	10.5
2570	1.5	10.95
2570	1.95	10.5
2570	1.5	10.05
2570	1.05	10.5
2571	1.05	11.5
2571	1.5	11.95
2571	1.95	11.5
2571	1.5	11.05
2571	1.05	11.5
2572	1.05	15.5
2572	1.5	15.95
2572	1.95	15.5
2572	1.5	15.05
2572	1.05	15.5
2573	1.05	16.5
2573	1.5	16.95
2573	1.95	16.5
2573	1.5	16.05
2573	1.05	16.5
2574	1.05	17.5
2574	1.5	17.95
2574	1.95	17.5
2574	1.5	17.05
2574	1.05	17.5
2575	1.05	18.5
2575	1.5	18.95
2575	1.95	18.5
2575	1.5	18.05
2575	1.05	18.5
2576	1.05	19.5
2576	1.5	19.95
2576	1.95	19.5
2576	1.5	19.05
2576	1.05	19.5
2577	1.05	2.5
2577	1.5	2.95
2577	1.95	2.5
2577	1.5	2.05
2577	1.05	2.5
2578	1.05	20.5
2578	1.5	20.95
2578	1.95	20.5
2578	1.5	20.05
2578	1.05	20.5
2579	1.05	21.5
2579	1.5	21.95
2579	1.95	21.5
2579	1.5	21.05
2579	1.05	21.5
2580	1.05	22.5
2580	1.5	22.95
2580	1.95	22.5
2580	1.5	22.05
2580	1.05	22.5
2581	1.05	23.5
2581	1.5	23.95
2581	1.95	23.5
2581	1.5	23.05
2581	1.05	23.5
2582	1.05	24.5
2582	1.5	24.95
2582	1.95	24.5
2582	1.5	24.05
2582	1.05	24.5
2583	1.05	26.5
2583	1.5	26.95
2583	1.95	26.5
2583	1.5	26.05
2583	1.05	26.5
2584	1.05	3.5
2584	1.5	3.95
2584	1.95	3.5
2584	1.5	3.05
2584	1.05	3.5
2585	1.05	4.5
2585	1.5	4.95
2585	1.95	4.5
2585	1.5	4.05
2585	1.05	4.5
2586	1.05	5.5
2586	1.5	5.95
2586	1.95	5.5
2586	1.5	5.05
2586	1.05	5.5
2587	1.05	6.5
2587	1.5	6.95
2587	1.95	6.5
2587	1.5	6.05
2587	1.05	6.5
2588	1.05	7.5
2588	1.5	7.95
2588	1.95	7.5
2588	1.5	7.05
2588	1.05	7.5
2589	1.05	8.5
2589	1.5	8.95
2589	1.95	8.5
2589	1.5	8.05
2589	1.05	8.5
2590	1.05	9.5
2590	1.5	9.95
2590	1.95	9.5
2590	1.5	9.05
2590	1.05	9.5
2591	1.55	0
2591	2	0.45
2591	2.45	0
2591	2	-0.45
2591	1.55	0
2592	1.55	1
2592	2	1.45
2592	2.45	1
2592	2	0.55
2592	1.55	1
2593	1.55	10
2593	2	10.45
2593	2.45	10
2593	2	9.55
2593	1.55	10
2594	1.55	11
2594	2	11.45
2594	2.45	11
2594	2	10.55
2594	1.55	11
2595	1.55	12
2595	2	12.45
2595	2.45	12
2595	2	11.55
2595	1.55	12
2596	1.55	16
2596	2	16.45
2596	2.45	16
2596	2	15.55
2596	1.55	16
2597	1.55	17
2597	2	17.45
2597	2.45	17
2597	2	16.55
2597	1.55	17
2598	1.55	18
2598	2	18.45
2598	2.45	18
2598	2	17.55
2598	1.55	18
2599	1.55	19
2599	2	19.45
2599	2.45	19
2599	2	18.55
2599	1.55	19
2600	1.55	2
2600	2	2.45
2600	2.45	2
2600	2	1.55
2600	1.55	2
2601	1.55	20
2601	2	20.45
2601	2.45	20
2601	2	19.55
2601	1.55	20
2602	1.55	22
2602	2	22.45
2602	2.45	22
2602	2	21.55
2602	1.55	22
2603	1.55	23
2603	2	23.45
2603	2.45	23
2603	2	22.55
2603	1.55	23
2604	1.55	24
2604	2	24.45
2604	2.45	24
2604	2	23.55
2604	1.55	24
2605	1.55	25
2605	2	25.45
2605	2.45	25
2605	2	24.55
2605	1.55	25
2606	1.55	27
2606	2	27.45
2606	2.45	27
2606	2	26.55
2606	1.55	27
2607	1.55	3
2607	2	3.45
2607	2.45	3
2607	2	2.55
2607	1.55	3
2608	1.55	4
2608	2	4.45
2608	2.45	4
2608	2	3.55
2608	1.55	4
2609	1.55	5
2609	2	5.45
2609	2.45	5
2609	2	4.55
2609	1.55	5
2610	1.55	6
2610	2	6.45
2610	2.45	6
2610	2	5.55
2610	1.55	6
2611	1.55	7
2611	2	7.45
2611	2.45	7
2611	2	6.55
2611	1.55	7
2612	1.55	8
2612	2	8.45
2612	2.45	8
2612	2	7.55
2612	1.55	8
2613	1.55	9
2613	2	9.45
2613	2.45	9
2613	2	8.55
2613	1.55	9
2614	2.05	0.5
2614	2.5	0.95
2614	2.95	0.5
2614	2.5	0.05
2614	2.05	0.5
2615	2.05	1.5
2615	2.5	1.95
2615	2.95	1.5
2615	2.5	1.05
2615	2.05	1.5
2616	2.05	10.5
2616	2.5	10.95
2616	2.95	10.5
2616	2.5	10.05
2616	2.05	10.5
2617	2.05	11.5
2617	2.5	11.95
2617	2.95	11.5
2617	2.5	11.05
2617	2.05	11.5
2618	2.05	12.5
2618	2.5	12.95
2618	2.95	12.5
2618	2.5	12.05
2618	2.05	12.5
2619	2.05	16.5
2619	2.5	16.95
2619	2.95	16.5
2619	2.5	16.05
2619	2.05	16.5
2620	2.05	17.5
2620	2.5	17.95
2620	2.95	17.5
2620	2.5	17.05
2620	2.05	17.5
2621	2.05	18.5
2621	2.5	18.95
2621	2.95	18.5
2621	2.5	18.05
2621	2.05	18.5
2622	2.05	19.5
2622	2.5	19.95
2622	2.95	19.5
2622	2.5	19.05
2622	2.05	19.5
2623	2.05	2.5
2623	2.5	2.95
2623	2.95	2.5
2623	2.5	2.05
2623	2.05	2.5
2624	2.05	20.5
2624	2.5	20.95
2624	2.95	20.5
2624	2.5	20.05
2624	2.05	20.5
2625	2.05	21.5
2625	2.5	21.95
2625	2.95	21.5
2625	2.5	21.05
2625	2.05	21.5
2626	2.05	22.5
2626	2.5	22.95
2626	2.95	22.5
2626	2.5	22.05
2626	2.05	22.5
2627	2.05	23.5
2627	2.5	23.95
2627	2.95	23.5
2627	2.5	23.05
2627	2.05	23.5
2628	2.05	24.5
2628	2.5	24.95
2628	2.95	24.5
2628	2.5	24.05
2628	2.05	24.5
2629	2.05	25.5
2629	2.5	25.95
2629	2.95	25.5
2629	2.5	25.05
2629	2.05	25.5
2630	2.05	27.5
2630	2.5	27.95
2630	2.95	27.5
2630	2.5	27.05
2630	2.05	27.5
2631	2.05	3.5
2631	2.5	3.95
2631	2.95	3.5
2631	2.5	3.05
2631	2.05	3.5
2632	2.05	4.5
2632	2.5	4.95
2632	2.95	4.5
2632	2.5	4.05
2632	2.05	4.5
2633	2.05	5.5
2633	2.5	5.95
2633	2.95	5.5
2633	2.5	5.05
2633	2.05	5.5
2634	2.05	6.5
2634	2.5	6.95
2634	2.95	6.5
2634	2.5	6.05
2634	2.05	6.5
2635	2.05	7.5
2635	2.5	7.95
2635	2.95	7.5
2635	2.5	7.05
2635	2.05	7.5
2636	2.05	8.5
2636	2.5	8.95
2636	2.95	8.5
2636	2.5	8.05
2636	2.05	8.5
2637	2.05	9.5
2637	2.5	9.95
2637	2.95	9.5
2637	2.5	9.05
2637	2.05	9.5
2638	2.55	0
2638	3	0.45
2638	3.45	0
2638	3	-0.45
2638	2.55	0
2639	2.55	1
2639	3	1.45
2639	3.45	1
2639	3	0.55
2639	2.55	1
2640	2.55	10
2640	3	10.45
2640	3.45	10
2640	3	9.55
2640	2.55	10
2641	2.55	11
2641	3	11.45
2641	3.45	11
2641	3	10.55
2641	2.55	11
2642	2.55	12
2642	3	12.45
2642	3.45	12
2642	3	11.55
2642	2.55	12
2643	2.55	13
2643	3	13.45
2643	3.45	13
2643	3	12.55
2643	2.55	13
2644	2.55	17
2644	3	17.45
2644	3.45	17
2644	3	16.55
2644	2.55	17
2645	2.55	18
2645	3	18.45
2645	3.45	18
2645	3	17.55
2645	2.55	18
2646	2.55	19
2646	3	19.45
2646	3.45	19
2646	3	18.55
2646	2.55	19
2647	2.55	2
2647	3	2.45
2647	3.45	2
2647	3	1.55
2647	2.55	2
2648	2.55	20
2648	3	20.45
2648	3.45	20
2648	3	19.55
2648	2.55	20
2649	2.55	21
2649	3	21.45
2649	3.45	21
2649	3	20.55
2649	2.55	21
2650	2.55	22
2650	3	22.45
2650	3.45	22
2650	3	21.55
2650	2.55	22
2651	2.55	23
2651	3	23.45
2651	3.45	23
2651	3	22.55
2651	2.55	23
2652	2.55	24
2652	3	24.45
2652	3.45	24
2652	3	23.55
2652	2.55	24
2653	2.55	25
2653	3	25.45
2653	3.45	25
2653	3	24.55
2653	2.55	25
2654	2.55	26
2654	3	26.45
2654	3.45	26
2654	3	25.55
2654	2.55	26
2655	2.55	28
2655	3	28.45
2655	3.45	28
2655	3	27.55
2655	2.55	28
2656	2.55	3
2656	3	3.45
2656	3.45	3
2656	3	2.55
2656	2.55	3
2657	2.55	4
2657	3	4.45
2657	3.45	4
2657	3	3.55
2657	2.55	4
2658	2.55	5
2658	3	5.45
2658	3.45	5
2658	3	4.55
2658	2.55	5
2659	2.55	6
2659	3	6.45
2659	3.45	6
2659	3	5.55
2659	2.55	6
2660	2.55	7
2660	3	7.45
2660	3.45	7
2660	3	6.55
2660	2.55	7
2661	2.55	8
2661	3	8.45
2661	3.45	8
2661	3	7.55
2661	2.55	8
2662	2.55	9
2662	3	9.45
2662	3.45	9
2662	3	8.55
2662	2.55	9
2663	3.05	0.5
2663	3.5	0.95
2663	3.95	0.5
2663	3.5	0.05
2663	3.05	0.5
2664	3.05	1.5
2664	3.5	1.95
2664	3.95	1.5
2664	3.5	1.05
2664	3.05	1.5
2665	3.05	10.5
2665	3.5	10.95
2665	3.95	10.5
2665	3.5	10.05
2665	3.05	10.5
2666	3.05	11.5
2666	3.5	11.95
2666	3.95	11.5
2666	3.5	11.05
2666	3.05	11.5
2667	3.05	12.5
2667	3.5	12.95
2667	3.95	12.5
2667	3.5	12.05
2667	3.05	12.5
2668	3.05	13.5
2668	3.5	13.95
2668	3.95	13.5
2668	3.5	13.05
2668	3.05	13.5
2669	3.05	17.5
2669	3.5	17.95
2669	3.95	17.5
2669	3.5	17.05
2669	3.05	17.5
2670	3.05	18.5
2670	3.5	18.95
2670	3.95	18.5
2670	3.5	18.05
2670	3.05	18.5
2671	3.05	19.5
2671	3.5	19.95
2671	3.95	19.5
2671	3.5	19.05
2671	3.05	19.5
2672	3.05	2.5
2672	3.5	2.95
2672	3.95	2.5
2672	3.5	2.05
2672	3.05	2.5
2673	3.05	20.5
2673	3.5	20.95
2673	3.95	20.5
2673	3.5	20.05
2673	3.05	20.5
2674	3.05	21.5
2674	3.5	21.95
2674	3.95	21.5
2674	3.5	21.05
2674	3.05	21.5
2675	3.05	22.5
2675	3.5	22.95
2675	3.95	22.5
2675	3.5	22.05
2675	3.05	22.5
2676	3.05	23.5
2676	3.5	23.95
2676	3.95	23.5
2676	3.5	23.05
2676	3.05	23.5
2677	3.05	24.5
2677	3.5	24.95
2677	3.95	24.5
2677	3.5	24.05
2677	3.05	24.5
2678	3.05	25.5
2678	3.5	25.95
2678	3.95	25.5
2678	3.5	25.05
2678	3.05	25.5
2679	3.05	26.5
2679	3.5	26.95
2679	3.95	26.5
2679	3.5	26.05
2679	3.05	26.5
2680	3.05	28.5
2680	3.5	28.95
2680	3.95	28.5
2680	3.5	28.05
2680	3.05	28.5
2681	3.05	3.5
2681	3.5	3.95
2681	3.95	3.5
2681	3.5	3.05
2681	3.05	3.5
2682	3.05	4.5
2682	3.5	4.95
2682	3.95	4.5
2682	3.5	4.05
2682	3.05	4.5
2683	3.05	5.5
2683	3.5	5.95
2683	3.95	5.5
2683	3.5	5.05
2683	3.05	5.5
2684	3.05	6.5
2684	3.5	6.95
2684	3.95	6.5
2684	3.5	6.05
2684	3.05	6.5
2685	3.05	7.5
2685	3.5	7.95
2685	3.95	7.5
2685	3.5	7.05
2685	3.05	7.5
2686	3.05	8.5
2686	3.5	8.95
2686	3.95	8.5
2686	3.5	8.05
2686	3.05	8.5
2687	3.05	9.5
2687	3.5	9.95
2687	3.95	9.5
2687	3.5	9.05
2687	3.05	9.5
2688	3.55	0
2688	4	0.45
2688	4.45	0
2688	4	-0.45
2688	3.55	0
2689	3.55	1
2689	4	1.45
2689	4.45	1
2689	4	0.55
2689	3.55	1
2690	3.55	10
2690	4	10.45
2690	4.45	10
2690	4	9.55
2690	3.55	10
2691	3.55	11
2691	4	11.45
2691	4.45	11
2691	4	10.55
2691	3.55	11
2692	3.55	12
2692	4	12.45
2692	4.45	12
2692	4	11.55
2692	3.55	12
2693	3.55	13
2693	4	13.45
2693	4.45	13
2693	4	12.55
2693	3.55	13
2694	3.55	14
2694	4	14.45
2694	4.45	14
2694	4	13.55
2694	3.55	14
2695	3.55	18
2695	4	18.45
2695	4.45	18
2695	4	17.55
2695	3.55	18
2696	3.55	19
2696	4	19.45
2696	4.45	19
2696	4	18.55
2696	3.55	19
2697	3.55	2
2697	4	2.45
2697	4.45	2
2697	4	1.55
2697	3.55	2
2698	3.55	20
2698	4	20.45
2698	4.45	20
2698	4	19.55
2698	3.55	20
2699	3.55	21
2699	4	21.45
2699	4.45	21
2699	4	20.55
2699	3.55	21
2700	3.55	22
2700	4	22.45
2700	4.45	22
2700	4	21.55
2700	3.55	22
2701	3.55	23
2701	4	23.45
2701	4.45	23
2701	4	22.55
2701	3.55	23
2702	3.55	24
2702	4	24.45
2702	4.45	24
2702	4	23.55
2702	3.55	24
2703	3.55	25
2703	4	25.45
2703	4.45	25
2703	4	24.55
2703	3.55	25
2704	3.55	26
2704	4	26.45
2704	4.45	26
2704	4	25.55
2704	3.55	26
2705	3.55	27
2705	4	27.45
2705	4.45	27
2705	4	26.55
2705	3.55	27
2706	3.55	29
2706	4	29.45
2706	4.45	29
2706	4	28.55
2706	3.55	29
2707	3.55	3
2707	4	3.45
2707	4.45	3
2707	4	2.55
2707	3.55	3
2708	3.55	4
2708	4	4.45
2708	4.45	4
2708	4	3.55
2708	3.55	4
2709	3.55	5
2709	4	5.45
2709	4.45	5
2709	4	4.55
2709	3.55	5
2710	3.55	6
2710	4	6.45
2710	4.45	6
2710	4	5.55
2710	3.55	6
2711	3.55	7
2711	4	7.45
2711	4.45	7
2711	4	6.55
2711	3.55	7
2712	3.55	8
2712	4	8.45
2712	4.45	8
2712	4	7.55
2712	3.55	8
2713	3.55	9
2713	4	9.45
2713	4.45	9
2713	4	8.55
2713	3.55	9
2714	4.05	0.5
2714	4.5	0.95
2714	4.95	0.5
2714	4.5	0.05
2714	4.05	0.5
2715	4.05	1.5
2715	4.5	1.95
2715	4.95	1.5
2715	4.5	1.05
2715	4.05	1.5
2716	4.05	10.5
2716	4.5	10.95
2716	4.95	10.5
2716	4.5	10.05
2716	4.05	10.5
2717	4.05	11.5
2717	4.5	11.95
2717	4.95	11.5
2717	4.5	11.05
2717	4.05	11.5
2718	4.05	12.5
2718	4.5	12.95
2718	4.95	12.5
2718	4.5	12.05
2718	4.05	12.5
2719	4.05	13.5
2719	4.5	13.95
2719	4.95	13.5
2719	4.5	13.05
2719	4.05	13.5
2720	4.05	14.5
2720	4.5	14.95
2720	4.95	14.5
2720	4.5	14.05
2720	4.05	14.5
2721	4.05	18.5
2721	4.5	18.95
2721	4.95	18.5
2721	4.5	18.05
2721	4.05	18.5
2722	4.05	19.5
2722	4.5	19.95
2722	4.95	19.5
2722	4.5	19.05
2722	4.05	19.5
2723	4.05	2.5
2723	4.5	2.95
2723	4.95	2.5
2723	4.5	2.05
2723	4.05	2.5
2724	4.05	20.5
2724	4.5	20.95
2724	4.95	20.5
2724	4.5	20.05
2724	4.05	20.5
2725	4.05	21.5
2725	4.5	21.95
2725	4.95	21.5
2725	4.5	21.05
2725	4.05	21.5
2726	4.05	22.5
2726	4.5	22.95
2726	4.95	22.5
2726	4.5	22.05
2726	4.05	22.5
2727	4.05	23.5
2727	4.5	23.95
2727	4.95	23.5
2727	4.5	23.05
2727	4.05	23.5
2728	4.05	24.5
2728	4.5	24.95
2728	4.95	24.5
2728	4.5	24.05
2728	4.05	24.5
2729	4.05	25.5
2729	4.5	25.95
2729	4.95	25.5
2729	4.5	25.05
2729	4.05	25.5
2730	4.05	26.5
2730	4.5	26.95
2730	4.95	26.5
2730	4.5	26.05
2730	4.05	26.5
2731	4.05	27.5
2731	4.5	27.95
2731	4.95	27.5
2731	4.5	27.05
2731	4.05	27.5
2732	4.05	29.5
2732	4.5	29.95
2732	4.95	29.5
2732	4.5	29.05
2732	4.05	29.5
2733	4.05	3.5
2733	4.5	3.95
2733	4.95	3.5
2733	4.5	3.05
2733	4.05	3.5
2734	4.05	4.5
2734	4.5	4.95
2734	4.95	4.5
2734	4.5	4.05
2734	4.05	4.5
2735	4.05	5.5
2735	4.5	5.95
2735	4.95	5.5
2735	4.5	5.05
2735	4.05	5.5
2736	4.05	6.5
2736	4.5	6.95
2736	4.95	6.5
2736	4.5	6.05
2736	4.05	6.5
2737	4.05	7.5
2737	4.5	7.95
2737	4.95	7.5
2737	4.5	7.05
2737	4.05	7.5
2738	4.05	8.5
2738	4.5	8.95
2738	4.95	8.5
2738	4.5	8.05
2738	4.05	8.5
2739	4.05	9.5
2739	4.5	9.95
2739	4.95	9.5
2739	4.5	9.05
2739	4.05	9.5
2740	4.55	0
2740	5	0.45
2740	5.45	0
2740	5	-0.45
2740	4.55	0
2741	4.55	1
2741	5	1.45
2741	5.45	1
2741	5	0.55
2741	4.55	1
2742	4.55	10
2742	5	10.45
2742	5.45	10
2742	5	9.55
2742	4.55	10
2743	4.55	11
2743	5	11.45
2743	5.45	11
2743	5	10.55
2743	4.55	11
2744	4.55	12
2744	5	12.45
2744	5.45	12
2744	5	11.55
2744	4.55	12
2745	4.55	13
2745	5	13.45
2745	5.45	13
2745	5	12.55
2745	4.55	13
2746	4.55	14
2746	5	14.45
2746	5.45	14
2746	5	13.55
2746	4.55	14
2747	4.55	15
2747	5	15.45
2747	5.45	15
2747	5	14.55
2747	4.55	15
2748	4.55	19
2748	5	19.45
2748	5.45	19
2748	5	18.55
2748	4.55	19
2749	4.55	2
2749	5	2.45
2749	5.45	2
2749	5	1.55
2749	4.55	2
2750	4.55	20
2750	5	20.45
2750	5.45	20
2750	5	19.55
2750	4.55	20
2751	4.55	21
2751	5	21.45
2751	5.45	21
2751	5	20.55
2751	4.55	21
2752	4.55	22
2752	5	22.45
2752	5.45	22
2752	5	21.55
2752	4.55	22
2753	4.55	23
2753	5	23.45
2753	5.45	23
2753	5	22.55
2753	4.55	23
2754	4.55	24
2754	5	24.45
2754	5.45	24
2754	5	23.55
2754	4.55	24
2755	4.55	25
2755	5	25.45
2755	5.45	25
2755	5	24.55
2755	4.55	25
2756	4.55	26
2756	5	26.45
2756	5.45	26
2756	5	25.55
2756	4.55	26
2757	4.55	27
2757	5	27.45
2757	5.45	27
2757	5	26.55
2757	4.55	27
2758	4.55	28
2758	5	28.45
2758	5.45	28
2758	5	27.55
2758	4.55	28
2759	4.55	3
2759	5	3.45
2759	5.45	3
2759	5	2.55
2759	4.55	3
2760	4.55	30
2760	5	30.45
2760	5.45	30
2760	5	29.55
2760	4.55	30
2761	4.55	4
2761	5	4.45
2761	5.45	4
2761	5	3.55
2761	4.55	4
2762	4.55	5
2762	5	5.45
2762	5.45	5
2762	5	4.55
2762	4.55	5
2763	4.55	6
2763	5	6.45
2763	5.45	6
2763	5	5.55
2763	4.55	6
2764	4.55	7
2764	5	7.45
2764	5.45	7
2764	5	6.55
2764	4.55	7
2765	4.55	8
2765	5	8.45
2765	5.45	8
2765	5	7.55
2765	4.55	8
2766	4.55	9
2766	5	9.45
2766	5.45	9
2766	5	8.55
2766	4.55	9
