group	fill	colour	x	y	clickSelects	showSelected1
886	#FFFFFF	#D3D3D3	-25.45	0	107	5600,0
886	#CD1076	#000000	-25.45	0	10	5650,0
886	#FFFFFF	#D3D3D3	-25	0.45	107	5600,0
886	#CD1076	#000000	-25	0.45	10	5650,0
886	#FFFFFF	#D3D3D3	-24.55	0	107	5600,0
886	#CD1076	#000000	-24.55	0	10	5650,0
886	#FFFFFF	#D3D3D3	-25	-0.45	107	5600,0
886	#CD1076	#000000	-25	-0.45	10	5650,0
886	#FFFFFF	#D3D3D3	-25.45	0	107	5600,0
886	#CD1076	#000000	-25.45	0	10	5650,0
821	#FFFFFF	#D3D3D3	-24.45	1	81	5600,0
821	#CD1076	#000000	-24.45	1	10	5650,0
821	#FFFFFF	#D3D3D3	-24	1.45	81	5600,0
821	#CD1076	#000000	-24	1.45	10	5650,0
821	#FFFFFF	#D3D3D3	-23.55	1	81	5600,0
821	#CD1076	#000000	-23.55	1	10	5650,0
821	#FFFFFF	#D3D3D3	-24	0.55	81	5600,0
821	#CD1076	#000000	-24	0.55	10	5650,0
821	#FFFFFF	#D3D3D3	-24.45	1	81	5600,0
821	#CD1076	#000000	-24.45	1	10	5650,0
789	#FFFFFF	#D3D3D3	-23.95	1.5	91	5600,0
789	#CD1076	#000000	-23.95	1.5	10	5650,0
789	#FFFFFF	#D3D3D3	-23.5	1.95	91	5600,0
789	#CD1076	#000000	-23.5	1.95	10	5650,0
789	#FFFFFF	#D3D3D3	-23.05	1.5	91	5600,0
789	#CD1076	#000000	-23.05	1.5	10	5650,0
789	#FFFFFF	#D3D3D3	-23.5	1.05	91	5600,0
789	#CD1076	#000000	-23.5	1.05	10	5650,0
789	#FFFFFF	#D3D3D3	-23.95	1.5	91	5600,0
789	#CD1076	#000000	-23.95	1.5	10	5650,0
768	#FFFFFF	#D3D3D3	-23.45	2	3	5600,0
768	#CD1076	#000000	-23.45	2	10	5650,0
768	#FFFFFF	#D3D3D3	-23	2.45	3	5600,0
768	#CD1076	#000000	-23	2.45	10	5650,0
768	#FFFFFF	#D3D3D3	-22.55	2	3	5600,0
768	#CD1076	#000000	-22.55	2	10	5650,0
768	#FFFFFF	#D3D3D3	-23	1.55	3	5600,0
768	#CD1076	#000000	-23	1.55	10	5650,0
768	#FFFFFF	#D3D3D3	-23.45	2	3	5600,0
768	#CD1076	#000000	-23.45	2	10	5650,0
737	#FFFFFF	#D3D3D3	-22.95	2.5	3	5600,0
737	#CD1076	#000000	-22.95	2.5	97	5650,0
737	#FFFFFF	#D3D3D3	-22.5	2.95	3	5600,0
737	#CD1076	#000000	-22.5	2.95	97	5650,0
737	#FFFFFF	#D3D3D3	-22.05	2.5	3	5600,0
737	#CD1076	#000000	-22.05	2.5	97	5650,0
737	#FFFFFF	#D3D3D3	-22.5	2.05	3	5600,0
737	#CD1076	#000000	-22.5	2.05	97	5650,0
737	#FFFFFF	#D3D3D3	-22.95	2.5	3	5600,0
737	#CD1076	#000000	-22.95	2.5	97	5650,0
717	#FFFFFF	#D3D3D3	-22.45	3	3	5600,0
717	#CD1076	#000000	-22.45	3	97	5650,0
717	#FFFFFF	#D3D3D3	-22	3.45	3	5600,0
717	#CD1076	#000000	-22	3.45	97	5650,0
717	#FFFFFF	#D3D3D3	-21.55	3	3	5600,0
717	#CD1076	#000000	-21.55	3	97	5650,0
717	#FFFFFF	#D3D3D3	-22	2.55	3	5600,0
717	#CD1076	#000000	-22	2.55	97	5650,0
717	#FFFFFF	#D3D3D3	-22.45	3	3	5600,0
717	#CD1076	#000000	-22.45	3	97	5650,0
687	#FFFFFF	#D3D3D3	-21.95	3.5	3	5600,0
687	#CD1076	#000000	-21.95	3.5	97	5650,0
687	#FFFFFF	#D3D3D3	-21.5	3.95	3	5600,0
687	#CD1076	#000000	-21.5	3.95	97	5650,0
687	#FFFFFF	#D3D3D3	-21.05	3.5	3	5600,0
687	#CD1076	#000000	-21.05	3.5	97	5650,0
687	#FFFFFF	#D3D3D3	-21.5	3.05	3	5600,0
687	#CD1076	#000000	-21.5	3.05	97	5650,0
687	#FFFFFF	#D3D3D3	-21.95	3.5	3	5600,0
687	#CD1076	#000000	-21.95	3.5	97	5650,0
658	#FFFFFF	#D3D3D3	-21.45	4	3	5600,0
658	#CD1076	#000000	-21.45	4	99	5650,0
658	#FFFFFF	#D3D3D3	-21	4.45	3	5600,0
658	#CD1076	#000000	-21	4.45	99	5650,0
658	#FFFFFF	#D3D3D3	-20.55	4	3	5600,0
658	#CD1076	#000000	-20.55	4	99	5650,0
658	#FFFFFF	#D3D3D3	-21	3.55	3	5600,0
658	#CD1076	#000000	-21	3.55	99	5650,0
658	#FFFFFF	#D3D3D3	-21.45	4	3	5600,0
658	#CD1076	#000000	-21.45	4	99	5650,0
628	#FFFFFF	#D3D3D3	-20.95	4.5	3	5600,0
628	#CD1076	#000000	-20.95	4.5	99	5650,0
628	#FFFFFF	#D3D3D3	-20.5	4.95	3	5600,0
628	#CD1076	#000000	-20.5	4.95	99	5650,0
628	#FFFFFF	#D3D3D3	-20.05	4.5	3	5600,0
628	#CD1076	#000000	-20.05	4.5	99	5650,0
628	#FFFFFF	#D3D3D3	-20.5	4.05	3	5600,0
628	#CD1076	#000000	-20.5	4.05	99	5650,0
628	#FFFFFF	#D3D3D3	-20.95	4.5	3	5600,0
628	#CD1076	#000000	-20.95	4.5	99	5650,0
600	#FFFFFF	#D3D3D3	-20.45	5	3	5600,0
600	#CD1076	#000000	-20.45	5	99	5650,0
600	#FFFFFF	#D3D3D3	-20	5.45	3	5600,0
600	#CD1076	#000000	-20	5.45	99	5650,0
600	#FFFFFF	#D3D3D3	-19.55	5	3	5600,0
600	#CD1076	#000000	-19.55	5	99	5650,0
600	#FFFFFF	#D3D3D3	-20	4.55	3	5600,0
600	#CD1076	#000000	-20	4.55	99	5650,0
600	#FFFFFF	#D3D3D3	-20.45	5	3	5600,0
600	#CD1076	#000000	-20.45	5	99	5650,0
527	#FFFFFF	#D3D3D3	-19.95	5.5	3	5600,0
527	#CD1076	#000000	-19.95	5.5	39	5650,0
527	#FFFFFF	#D3D3D3	-19.5	5.95	3	5600,0
527	#CD1076	#000000	-19.5	5.95	39	5650,0
527	#FFFFFF	#D3D3D3	-19.05	5.5	3	5600,0
527	#CD1076	#000000	-19.05	5.5	39	5650,0
527	#FFFFFF	#D3D3D3	-19.5	5.05	3	5600,0
527	#CD1076	#000000	-19.5	5.05	39	5650,0
527	#FFFFFF	#D3D3D3	-19.95	5.5	3	5600,0
527	#CD1076	#000000	-19.95	5.5	39	5650,0
419	#FFFFFF	#D3D3D3	-17.95	7.5	3	5600,0
419	#FFFFFF	#D3D3D3	-17.95	7.5	4	5650,0
419	#FFFFFF	#D3D3D3	-17.5	7.95	3	5600,0
419	#FFFFFF	#D3D3D3	-17.5	7.95	4	5650,0
419	#FFFFFF	#D3D3D3	-17.05	7.5	3	5600,0
419	#FFFFFF	#D3D3D3	-17.05	7.5	4	5650,0
419	#FFFFFF	#D3D3D3	-17.5	7.05	3	5600,0
419	#FFFFFF	#D3D3D3	-17.5	7.05	4	5650,0
419	#FFFFFF	#D3D3D3	-17.95	7.5	3	5600,0
419	#FFFFFF	#D3D3D3	-17.95	7.5	4	5650,0
394	#FFFFFF	#D3D3D3	-17.45	8	3	5600,0
394	#FFFFFF	#D3D3D3	-17.45	8	4	5650,0
394	#FFFFFF	#D3D3D3	-17	8.45	3	5600,0
394	#FFFFFF	#D3D3D3	-17	8.45	4	5650,0
394	#FFFFFF	#D3D3D3	-16.55	8	3	5600,0
394	#FFFFFF	#D3D3D3	-16.55	8	4	5650,0
394	#FFFFFF	#D3D3D3	-17	7.55	3	5600,0
394	#FFFFFF	#D3D3D3	-17	7.55	4	5650,0
394	#FFFFFF	#D3D3D3	-17.45	8	3	5600,0
394	#FFFFFF	#D3D3D3	-17.45	8	4	5650,0
368	#FFFFFF	#D3D3D3	-16.95	8.5	3	5600,0
368	#FFFFFF	#D3D3D3	-16.95	8.5	4	5650,0
368	#FFFFFF	#D3D3D3	-16.5	8.95	3	5600,0
368	#FFFFFF	#D3D3D3	-16.5	8.95	4	5650,0
368	#FFFFFF	#D3D3D3	-16.05	8.5	3	5600,0
368	#FFFFFF	#D3D3D3	-16.05	8.5	4	5650,0
368	#FFFFFF	#D3D3D3	-16.5	8.05	3	5600,0
368	#FFFFFF	#D3D3D3	-16.5	8.05	4	5650,0
368	#FFFFFF	#D3D3D3	-16.95	8.5	3	5600,0
368	#FFFFFF	#D3D3D3	-16.95	8.5	4	5650,0
344	#FFFFFF	#D3D3D3	-16.45	9	3	5600,0
344	#FFFFFF	#D3D3D3	-16.45	9	4	5650,0
344	#FFFFFF	#D3D3D3	-16	9.45	3	5600,0
344	#FFFFFF	#D3D3D3	-16	9.45	4	5650,0
344	#FFFFFF	#D3D3D3	-15.55	9	3	5600,0
344	#FFFFFF	#D3D3D3	-15.55	9	4	5650,0
344	#FFFFFF	#D3D3D3	-16	8.55	3	5600,0
344	#FFFFFF	#D3D3D3	-16	8.55	4	5650,0
344	#FFFFFF	#D3D3D3	-16.45	9	3	5600,0
344	#FFFFFF	#D3D3D3	-16.45	9	4	5650,0
319	#FFFFFF	#D3D3D3	-15.95	9.5	3	5600,0
319	#FFFFFF	#D3D3D3	-15.95	9.5	4	5650,0
319	#FFFFFF	#D3D3D3	-15.5	9.95	3	5600,0
319	#FFFFFF	#D3D3D3	-15.5	9.95	4	5650,0
319	#FFFFFF	#D3D3D3	-15.05	9.5	3	5600,0
319	#FFFFFF	#D3D3D3	-15.05	9.5	4	5650,0
319	#FFFFFF	#D3D3D3	-15.5	9.05	3	5600,0
319	#FFFFFF	#D3D3D3	-15.5	9.05	4	5650,0
319	#FFFFFF	#D3D3D3	-15.95	9.5	3	5600,0
319	#FFFFFF	#D3D3D3	-15.95	9.5	4	5650,0
274	#FFFFFF	#D3D3D3	-15.45	10	6	5600,0
274	#FFFFFF	#D3D3D3	-15.45	10	4	5650,0
274	#FFFFFF	#D3D3D3	-15	10.45	6	5600,0
274	#FFFFFF	#D3D3D3	-15	10.45	4	5650,0
274	#FFFFFF	#D3D3D3	-14.55	10	6	5600,0
274	#FFFFFF	#D3D3D3	-14.55	10	4	5650,0
274	#FFFFFF	#D3D3D3	-15	9.55	6	5600,0
274	#FFFFFF	#D3D3D3	-15	9.55	4	5650,0
274	#FFFFFF	#D3D3D3	-15.45	10	6	5600,0
274	#FFFFFF	#D3D3D3	-15.45	10	4	5650,0
251	#FFFFFF	#D3D3D3	-14.95	10.5	6	5600,0
251	#FFFFFF	#D3D3D3	-14.95	10.5	4	5650,0
251	#FFFFFF	#D3D3D3	-14.5	10.95	6	5600,0
251	#FFFFFF	#D3D3D3	-14.5	10.95	4	5650,0
251	#FFFFFF	#D3D3D3	-14.05	10.5	6	5600,0
251	#FFFFFF	#D3D3D3	-14.05	10.5	4	5650,0
251	#FFFFFF	#D3D3D3	-14.5	10.05	6	5600,0
251	#FFFFFF	#D3D3D3	-14.5	10.05	4	5650,0
251	#FFFFFF	#D3D3D3	-14.95	10.5	6	5600,0
251	#FFFFFF	#D3D3D3	-14.95	10.5	4	5650,0
229	#FFFFFF	#D3D3D3	-14.45	11	6	5600,0
229	#FFFFFF	#D3D3D3	-14.45	11	4	5650,0
229	#FFFFFF	#D3D3D3	-14	11.45	6	5600,0
229	#FFFFFF	#D3D3D3	-14	11.45	4	5650,0
229	#FFFFFF	#D3D3D3	-13.55	11	6	5600,0
229	#FFFFFF	#D3D3D3	-13.55	11	4	5650,0
229	#FFFFFF	#D3D3D3	-14	10.55	6	5600,0
229	#FFFFFF	#D3D3D3	-14	10.55	4	5650,0
229	#FFFFFF	#D3D3D3	-14.45	11	6	5600,0
229	#FFFFFF	#D3D3D3	-14.45	11	4	5650,0
207	#FFFFFF	#D3D3D3	-13.95	11.5	6	5600,0
207	#FFFFFF	#D3D3D3	-13.95	11.5	4	5650,0
207	#FFFFFF	#D3D3D3	-13.5	11.95	6	5600,0
207	#FFFFFF	#D3D3D3	-13.5	11.95	4	5650,0
207	#FFFFFF	#D3D3D3	-13.05	11.5	6	5600,0
207	#FFFFFF	#D3D3D3	-13.05	11.5	4	5650,0
207	#FFFFFF	#D3D3D3	-13.5	11.05	6	5600,0
207	#FFFFFF	#D3D3D3	-13.5	11.05	4	5650,0
207	#FFFFFF	#D3D3D3	-13.95	11.5	6	5600,0
207	#FFFFFF	#D3D3D3	-13.95	11.5	4	5650,0
186	#FFFFFF	#D3D3D3	-13.45	12	6	5600,0
186	#FFFFFF	#D3D3D3	-13.45	12	4	5650,0
186	#FFFFFF	#D3D3D3	-13	12.45	6	5600,0
186	#FFFFFF	#D3D3D3	-13	12.45	4	5650,0
186	#FFFFFF	#D3D3D3	-12.55	12	6	5600,0
186	#FFFFFF	#D3D3D3	-12.55	12	4	5650,0
186	#FFFFFF	#D3D3D3	-13	11.55	6	5600,0
186	#FFFFFF	#D3D3D3	-13	11.55	4	5650,0
186	#FFFFFF	#D3D3D3	-13.45	12	6	5600,0
186	#FFFFFF	#D3D3D3	-13.45	12	4	5650,0
165	#FFFFFF	#D3D3D3	-12.95	12.5	23	5600,0
165	#FFFFFF	#D3D3D3	-12.95	12.5	4	5650,0
165	#FFFFFF	#D3D3D3	-12.5	12.95	23	5600,0
165	#FFFFFF	#D3D3D3	-12.5	12.95	4	5650,0
165	#FFFFFF	#D3D3D3	-12.05	12.5	23	5600,0
165	#FFFFFF	#D3D3D3	-12.05	12.5	4	5650,0
165	#FFFFFF	#D3D3D3	-12.5	12.05	23	5600,0
165	#FFFFFF	#D3D3D3	-12.5	12.05	4	5650,0
165	#FFFFFF	#D3D3D3	-12.95	12.5	23	5600,0
165	#FFFFFF	#D3D3D3	-12.95	12.5	4	5650,0
145	#FFFFFF	#D3D3D3	-12.45	13	23	5600,0
145	#FFFFFF	#D3D3D3	-12.45	13	4	5650,0
145	#FFFFFF	#D3D3D3	-12	13.45	23	5600,0
145	#FFFFFF	#D3D3D3	-12	13.45	4	5650,0
145	#FFFFFF	#D3D3D3	-11.55	13	23	5600,0
145	#FFFFFF	#D3D3D3	-11.55	13	4	5650,0
145	#FFFFFF	#D3D3D3	-12	12.55	23	5600,0
145	#FFFFFF	#D3D3D3	-12	12.55	4	5650,0
145	#FFFFFF	#D3D3D3	-12.45	13	23	5600,0
145	#FFFFFF	#D3D3D3	-12.45	13	4	5650,0
125	#FFFFFF	#D3D3D3	-11.95	13.5	23	5600,0
125	#FFFFFF	#D3D3D3	-11.95	13.5	4	5650,0
125	#FFFFFF	#D3D3D3	-11.5	13.95	23	5600,0
125	#FFFFFF	#D3D3D3	-11.5	13.95	4	5650,0
125	#FFFFFF	#D3D3D3	-11.05	13.5	23	5600,0
125	#FFFFFF	#D3D3D3	-11.05	13.5	4	5650,0
125	#FFFFFF	#D3D3D3	-11.5	13.05	23	5600,0
125	#FFFFFF	#D3D3D3	-11.5	13.05	4	5650,0
125	#FFFFFF	#D3D3D3	-11.95	13.5	23	5600,0
125	#FFFFFF	#D3D3D3	-11.95	13.5	4	5650,0
106	#FFFFFF	#D3D3D3	-11.45	14	23	5600,0
106	#FFFFFF	#D3D3D3	-11.45	14	4	5650,0
106	#FFFFFF	#D3D3D3	-11	14.45	23	5600,0
106	#FFFFFF	#D3D3D3	-11	14.45	4	5650,0
106	#FFFFFF	#D3D3D3	-10.55	14	23	5600,0
106	#FFFFFF	#D3D3D3	-10.55	14	4	5650,0
106	#FFFFFF	#D3D3D3	-11	13.55	23	5600,0
106	#FFFFFF	#D3D3D3	-11	13.55	4	5650,0
106	#FFFFFF	#D3D3D3	-11.45	14	23	5600,0
106	#FFFFFF	#D3D3D3	-11.45	14	4	5650,0
87	#FFFFFF	#D3D3D3	-10.95	14.5	23	5600,0
87	#FFFFFF	#D3D3D3	-10.95	14.5	4	5650,0
87	#FFFFFF	#D3D3D3	-10.5	14.95	23	5600,0
87	#FFFFFF	#D3D3D3	-10.5	14.95	4	5650,0
87	#FFFFFF	#D3D3D3	-10.05	14.5	23	5600,0
87	#FFFFFF	#D3D3D3	-10.05	14.5	4	5650,0
87	#FFFFFF	#D3D3D3	-10.5	14.05	23	5600,0
87	#FFFFFF	#D3D3D3	-10.5	14.05	4	5650,0
87	#FFFFFF	#D3D3D3	-10.95	14.5	23	5600,0
87	#FFFFFF	#D3D3D3	-10.95	14.5	4	5650,0
69	#FFFFFF	#D3D3D3	-10.45	15	23	5600,0
69	#FFFFFF	#D3D3D3	-10.45	15	4	5650,0
69	#FFFFFF	#D3D3D3	-10	15.45	23	5600,0
69	#FFFFFF	#D3D3D3	-10	15.45	4	5650,0
69	#FFFFFF	#D3D3D3	-9.55	15	23	5600,0
69	#FFFFFF	#D3D3D3	-9.55	15	4	5650,0
69	#FFFFFF	#D3D3D3	-10	14.55	23	5600,0
69	#FFFFFF	#D3D3D3	-10	14.55	4	5650,0
69	#FFFFFF	#D3D3D3	-10.45	15	23	5600,0
69	#FFFFFF	#D3D3D3	-10.45	15	4	5650,0
2489	#FFFFFF	#D3D3D3	-9.95	15.5	23	5600,0
2489	#FFFFFF	#D3D3D3	-9.95	15.5	4	5650,0
2489	#FFFFFF	#D3D3D3	-9.5	15.95	23	5600,0
2489	#FFFFFF	#D3D3D3	-9.5	15.95	4	5650,0
2489	#FFFFFF	#D3D3D3	-9.05	15.5	23	5600,0
2489	#FFFFFF	#D3D3D3	-9.05	15.5	4	5650,0
2489	#FFFFFF	#D3D3D3	-9.5	15.05	23	5600,0
2489	#FFFFFF	#D3D3D3	-9.5	15.05	4	5650,0
2489	#FFFFFF	#D3D3D3	-9.95	15.5	23	5600,0
2489	#FFFFFF	#D3D3D3	-9.95	15.5	4	5650,0
2472	#FFFFFF	#D3D3D3	-9.45	16	23	5600,0
2472	#FFFFFF	#D3D3D3	-9.45	16	4	5650,0
2472	#FFFFFF	#D3D3D3	-9	16.45	23	5600,0
2472	#FFFFFF	#D3D3D3	-9	16.45	4	5650,0
2472	#FFFFFF	#D3D3D3	-8.55	16	23	5600,0
2472	#FFFFFF	#D3D3D3	-8.55	16	4	5650,0
2472	#FFFFFF	#D3D3D3	-9	15.55	23	5600,0
2472	#FFFFFF	#D3D3D3	-9	15.55	4	5650,0
2472	#FFFFFF	#D3D3D3	-9.45	16	23	5600,0
2472	#FFFFFF	#D3D3D3	-9.45	16	4	5650,0
2455	#FFFFFF	#D3D3D3	-8.95	16.5	23	5600,0
2455	#FFFFFF	#D3D3D3	-8.95	16.5	4	5650,0
2455	#FFFFFF	#D3D3D3	-8.5	16.95	23	5600,0
2455	#FFFFFF	#D3D3D3	-8.5	16.95	4	5650,0
2455	#FFFFFF	#D3D3D3	-8.05	16.5	23	5600,0
2455	#FFFFFF	#D3D3D3	-8.05	16.5	4	5650,0
2455	#FFFFFF	#D3D3D3	-8.5	16.05	23	5600,0
2455	#FFFFFF	#D3D3D3	-8.5	16.05	4	5650,0
2455	#FFFFFF	#D3D3D3	-8.95	16.5	23	5600,0
2455	#FFFFFF	#D3D3D3	-8.95	16.5	4	5650,0
2438	#FFFFFF	#D3D3D3	-8.45	17	6	5600,0
2438	#FFFFFF	#D3D3D3	-8	17.45	6	5600,0
2438	#FFFFFF	#D3D3D3	-7.55	17	6	5600,0
2438	#FFFFFF	#D3D3D3	-8	16.55	6	5600,0
2438	#FFFFFF	#D3D3D3	-8.45	17	6	5600,0
2420	#FFFFFF	#D3D3D3	-7.95	17.5	6	5600,0
2420	#FFFFFF	#D3D3D3	-7.5	17.95	6	5600,0
2420	#FFFFFF	#D3D3D3	-7.05	17.5	6	5600,0
2420	#FFFFFF	#D3D3D3	-7.5	17.05	6	5600,0
2420	#FFFFFF	#D3D3D3	-7.95	17.5	6	5600,0
2403	#FFFFFF	#D3D3D3	-7.45	18	6	5600,0
2403	#FFFFFF	#D3D3D3	-7	18.45	6	5600,0
2403	#FFFFFF	#D3D3D3	-6.55	18	6	5600,0
2403	#FFFFFF	#D3D3D3	-7	17.55	6	5600,0
2403	#FFFFFF	#D3D3D3	-7.45	18	6	5600,0
2385	#FFFFFF	#D3D3D3	-6.95	18.5	6	5600,0
2385	#FFFFFF	#D3D3D3	-6.5	18.95	6	5600,0
2385	#FFFFFF	#D3D3D3	-6.05	18.5	6	5600,0
2385	#FFFFFF	#D3D3D3	-6.5	18.05	6	5600,0
2385	#FFFFFF	#D3D3D3	-6.95	18.5	6	5600,0
2367	#FFFFFF	#D3D3D3	-6.45	19	6	5600,0
2367	#FFFFFF	#D3D3D3	-6	19.45	6	5600,0
2367	#FFFFFF	#D3D3D3	-5.55	19	6	5600,0
2367	#FFFFFF	#D3D3D3	-6	18.55	6	5600,0
2367	#FFFFFF	#D3D3D3	-6.45	19	6	5600,0
2348	#FFFFFF	#D3D3D3	-5.95	19.5	6	5600,0
2348	#FFFFFF	#D3D3D3	-5.5	19.95	6	5600,0
2348	#FFFFFF	#D3D3D3	-5.05	19.5	6	5600,0
2348	#FFFFFF	#D3D3D3	-5.5	19.05	6	5600,0
2348	#FFFFFF	#D3D3D3	-5.95	19.5	6	5600,0
2330	#FFFFFF	#D3D3D3	-5.45	20	6	5600,0
2330	#FFFFFF	#D3D3D3	-5	20.45	6	5600,0
2330	#FFFFFF	#D3D3D3	-4.55	20	6	5600,0
2330	#FFFFFF	#D3D3D3	-5	19.55	6	5600,0
2330	#FFFFFF	#D3D3D3	-5.45	20	6	5600,0
2011	#FFFFFF	#D3D3D3	-4.95	20.5	6	5600,0
2011	#FFFFFF	#D3D3D3	-4.5	20.95	6	5600,0
2011	#FFFFFF	#D3D3D3	-4.05	20.5	6	5600,0
2011	#FFFFFF	#D3D3D3	-4.5	20.05	6	5600,0
2011	#FFFFFF	#D3D3D3	-4.95	20.5	6	5600,0
1992	#FFFFFF	#D3D3D3	-4.45	21	6	5600,0
1992	#FFFFFF	#D3D3D3	-4	21.45	6	5600,0
1992	#FFFFFF	#D3D3D3	-3.55	21	6	5600,0
1992	#FFFFFF	#D3D3D3	-4	20.55	6	5600,0
1992	#FFFFFF	#D3D3D3	-4.45	21	6	5600,0
1260	#FFFFFF	#D3D3D3	-3.95	21.5	6	5600,0
1260	#FFFFFF	#D3D3D3	-3.5	21.95	6	5600,0
1260	#FFFFFF	#D3D3D3	-3.05	21.5	6	5600,0
1260	#FFFFFF	#D3D3D3	-3.5	21.05	6	5600,0
1260	#FFFFFF	#D3D3D3	-3.95	21.5	6	5600,0
1239	#FFFFFF	#D3D3D3	-3.45	22	6	5600,0
1239	#FFFFFF	#D3D3D3	-3	22.45	6	5600,0
1239	#FFFFFF	#D3D3D3	-2.55	22	6	5600,0
1239	#FFFFFF	#D3D3D3	-3	21.55	6	5600,0
1239	#FFFFFF	#D3D3D3	-3.45	22	6	5600,0
568	#FFFFFF	#D3D3D3	-2.95	22.5	6	5600,0
568	#FFFFFF	#D3D3D3	-2.5	22.95	6	5600,0
568	#FFFFFF	#D3D3D3	-2.05	22.5	6	5600,0
568	#FFFFFF	#D3D3D3	-2.5	22.05	6	5600,0
568	#FFFFFF	#D3D3D3	-2.95	22.5	6	5600,0
546	#FFFFFF	#D3D3D3	-2.45	23	7	5600,0
546	#FFFFFF	#D3D3D3	-2	23.45	7	5600,0
546	#FFFFFF	#D3D3D3	-1.55	23	7	5600,0
546	#FFFFFF	#D3D3D3	-2	22.55	7	5600,0
546	#FFFFFF	#D3D3D3	-2.45	23	7	5600,0
54	#FFFFFF	#D3D3D3	-1.95	23.5	7	5600,0
54	#FFFFFF	#D3D3D3	-1.5	23.95	7	5600,0
54	#FFFFFF	#D3D3D3	-1.05	23.5	7	5600,0
54	#FFFFFF	#D3D3D3	-1.5	23.05	7	5600,0
54	#FFFFFF	#D3D3D3	-1.95	23.5	7	5600,0
34	#FFFFFF	#D3D3D3	-1.45	24	7	5600,0
34	#FFFFFF	#D3D3D3	-1	24.45	7	5600,0
34	#FFFFFF	#D3D3D3	-0.55	24	7	5600,0
34	#FFFFFF	#D3D3D3	-1	23.55	7	5600,0
34	#FFFFFF	#D3D3D3	-1.45	24	7	5600,0
14	#FFFFFF	#D3D3D3	-0.95	24.5	7	5600,0
14	#FFFFFF	#D3D3D3	-0.5	24.95	7	5600,0
14	#FFFFFF	#D3D3D3	-0.05	24.5	7	5600,0
14	#FFFFFF	#D3D3D3	-0.5	24.05	7	5600,0
14	#FFFFFF	#D3D3D3	-0.95	24.5	7	5600,0
2514	#FFFFFF	#D3D3D3	-0.45	25	7	5600,0
2514	#FFFFFF	#D3D3D3	0	25.45	7	5600,0
2514	#FFFFFF	#D3D3D3	0.45	25	7	5600,0
2514	#FFFFFF	#D3D3D3	0	24.55	7	5600,0
2514	#FFFFFF	#D3D3D3	-0.45	25	7	5600,0
2537	#FFFFFF	#D3D3D3	0.05	25.5	7	5600,0
2537	#FFFFFF	#D3D3D3	0.5	25.95	7	5600,0
2537	#FFFFFF	#D3D3D3	0.95	25.5	7	5600,0
2537	#FFFFFF	#D3D3D3	0.5	25.05	7	5600,0
2537	#FFFFFF	#D3D3D3	0.05	25.5	7	5600,0
2560	#FFFFFF	#D3D3D3	0.55	26	7	5600,0
2560	#FFFFFF	#D3D3D3	1	26.45	7	5600,0
2560	#FFFFFF	#D3D3D3	1.45	26	7	5600,0
2560	#FFFFFF	#D3D3D3	1	25.55	7	5600,0
2560	#FFFFFF	#D3D3D3	0.55	26	7	5600,0
2583	#FFFFFF	#D3D3D3	1.05	26.5	7	5600,0
2583	#FFFFFF	#D3D3D3	1.5	26.95	7	5600,0
2583	#FFFFFF	#D3D3D3	1.95	26.5	7	5600,0
2583	#FFFFFF	#D3D3D3	1.5	26.05	7	5600,0
2583	#FFFFFF	#D3D3D3	1.05	26.5	7	5600,0
2606	#FFFFFF	#D3D3D3	1.55	27	7	5600,0
2606	#FFFFFF	#D3D3D3	2	27.45	7	5600,0
2606	#FFFFFF	#D3D3D3	2.45	27	7	5600,0
2606	#FFFFFF	#D3D3D3	2	26.55	7	5600,0
2606	#FFFFFF	#D3D3D3	1.55	27	7	5600,0
2630	#FFFFFF	#D3D3D3	2.05	27.5	7	5600,0
2630	#FFFFFF	#D3D3D3	2.5	27.95	7	5600,0
2630	#FFFFFF	#D3D3D3	2.95	27.5	7	5600,0
2630	#FFFFFF	#D3D3D3	2.5	27.05	7	5600,0
2630	#FFFFFF	#D3D3D3	2.05	27.5	7	5600,0
2655	#FFFFFF	#D3D3D3	2.55	28	7	5600,0
2655	#FFFFFF	#D3D3D3	3	28.45	7	5600,0
2655	#FFFFFF	#D3D3D3	3.45	28	7	5600,0
2655	#FFFFFF	#D3D3D3	3	27.55	7	5600,0
2655	#FFFFFF	#D3D3D3	2.55	28	7	5600,0
2680	#FFFFFF	#D3D3D3	3.05	28.5	7	5600,0
2680	#FFFFFF	#D3D3D3	3.5	28.95	7	5600,0
2680	#FFFFFF	#D3D3D3	3.95	28.5	7	5600,0
2680	#FFFFFF	#D3D3D3	3.5	28.05	7	5600,0
2680	#FFFFFF	#D3D3D3	3.05	28.5	7	5600,0
2706	#FFFFFF	#D3D3D3	3.55	29	7	5600,0
2706	#FFFFFF	#D3D3D3	4	29.45	7	5600,0
2706	#FFFFFF	#D3D3D3	4.45	29	7	5600,0
2706	#FFFFFF	#D3D3D3	4	28.55	7	5600,0
2706	#FFFFFF	#D3D3D3	3.55	29	7	5600,0
2732	#FFFFFF	#D3D3D3	4.05	29.5	7	5600,0
2732	#FFFFFF	#D3D3D3	4.5	29.95	7	5600,0
2732	#FFFFFF	#D3D3D3	4.95	29.5	7	5600,0
2732	#FFFFFF	#D3D3D3	4.5	29.05	7	5600,0
2732	#FFFFFF	#D3D3D3	4.05	29.5	7	5600,0
2760	#FFFFFF	#D3D3D3	4.55	30	7	5600,0
2760	#FFFFFF	#D3D3D3	5	30.45	7	5600,0
2760	#FFFFFF	#D3D3D3	5.45	30	7	5600,0
2760	#FFFFFF	#D3D3D3	5	29.55	7	5600,0
2760	#FFFFFF	#D3D3D3	4.55	30	7	5600,0
2307	#FFFFFF	#D3D3D3	-44.95	30.5	7	5650,0
2307	#FFFFFF	#D3D3D3	-44.5	30.95	7	5650,0
2307	#FFFFFF	#D3D3D3	-44.05	30.5	7	5650,0
2307	#FFFFFF	#D3D3D3	-44.5	30.05	7	5650,0
2307	#FFFFFF	#D3D3D3	-44.95	30.5	7	5650,0
2280	#FFFFFF	#D3D3D3	-44.45	31	7	5650,0
2280	#FFFFFF	#D3D3D3	-44	31.45	7	5650,0
2280	#FFFFFF	#D3D3D3	-43.55	31	7	5650,0
2280	#FFFFFF	#D3D3D3	-44	30.55	7	5650,0
2280	#FFFFFF	#D3D3D3	-44.45	31	7	5650,0
2252	#FFFFFF	#D3D3D3	-43.95	31.5	7	5650,0
2252	#FFFFFF	#D3D3D3	-43.5	31.95	7	5650,0
2252	#FFFFFF	#D3D3D3	-43.05	31.5	7	5650,0
2252	#FFFFFF	#D3D3D3	-43.5	31.05	7	5650,0
2252	#FFFFFF	#D3D3D3	-43.95	31.5	7	5650,0
2223	#FFFFFF	#D3D3D3	-43.45	32	103	5650,0
2223	#FFFFFF	#D3D3D3	-43	32.45	103	5650,0
2223	#FFFFFF	#D3D3D3	-42.55	32	103	5650,0
2223	#FFFFFF	#D3D3D3	-43	31.55	103	5650,0
2223	#FFFFFF	#D3D3D3	-43.45	32	103	5650,0
2193	#FFFFFF	#D3D3D3	-42.95	32.5	25	5650,0
2193	#FFFFFF	#D3D3D3	-42.5	32.95	25	5650,0
2193	#FFFFFF	#D3D3D3	-42.05	32.5	25	5650,0
2193	#FFFFFF	#D3D3D3	-42.5	32.05	25	5650,0
2193	#FFFFFF	#D3D3D3	-42.95	32.5	25	5650,0
2164	#FFFFFF	#D3D3D3	-42.45	33	25	5650,0
2164	#FFFFFF	#D3D3D3	-42	33.45	25	5650,0
2164	#FFFFFF	#D3D3D3	-41.55	33	25	5650,0
2164	#FFFFFF	#D3D3D3	-42	32.55	25	5650,0
2164	#FFFFFF	#D3D3D3	-42.45	33	25	5650,0
2134	#FFFFFF	#D3D3D3	-41.95	33.5	47	5650,0
2134	#FFFFFF	#D3D3D3	-41.5	33.95	47	5650,0
2134	#FFFFFF	#D3D3D3	-41.05	33.5	47	5650,0
2134	#FFFFFF	#D3D3D3	-41.5	33.05	47	5650,0
2134	#FFFFFF	#D3D3D3	-41.95	33.5	47	5650,0
2105	#FFFFFF	#D3D3D3	-41.45	34	47	5650,0
2105	#FFFFFF	#D3D3D3	-41	34.45	47	5650,0
2105	#FFFFFF	#D3D3D3	-40.55	34	47	5650,0
2105	#FFFFFF	#D3D3D3	-41	33.55	47	5650,0
2105	#FFFFFF	#D3D3D3	-41.45	34	47	5650,0
2074	#FFFFFF	#D3D3D3	-40.95	34.5	47	5650,0
2074	#FFFFFF	#D3D3D3	-40.5	34.95	47	5650,0
2074	#FFFFFF	#D3D3D3	-40.05	34.5	47	5650,0
2074	#FFFFFF	#D3D3D3	-40.5	34.05	47	5650,0
2074	#FFFFFF	#D3D3D3	-40.95	34.5	47	5650,0
2043	#FFFFFF	#D3D3D3	-40.45	35	47	5650,0
2043	#FFFFFF	#D3D3D3	-40	35.45	47	5650,0
2043	#FFFFFF	#D3D3D3	-39.55	35	47	5650,0
2043	#FFFFFF	#D3D3D3	-40	34.55	47	5650,0
2043	#FFFFFF	#D3D3D3	-40.45	35	47	5650,0
1972	#FFFFFF	#D3D3D3	-39.95	35.5	47	5650,0
1972	#FFFFFF	#D3D3D3	-39.5	35.95	47	5650,0
1972	#FFFFFF	#D3D3D3	-39.05	35.5	47	5650,0
1972	#FFFFFF	#D3D3D3	-39.5	35.05	47	5650,0
1972	#FFFFFF	#D3D3D3	-39.95	35.5	47	5650,0
1940	#FFFFFF	#D3D3D3	-39.45	36	47	5650,0
1940	#FFFFFF	#D3D3D3	-39	36.45	47	5650,0
1940	#FFFFFF	#D3D3D3	-38.55	36	47	5650,0
1940	#FFFFFF	#D3D3D3	-39	35.55	47	5650,0
1940	#FFFFFF	#D3D3D3	-39.45	36	47	5650,0
1907	#FFFFFF	#D3D3D3	-38.95	36.5	25	5650,0
1907	#FFFFFF	#D3D3D3	-38.5	36.95	25	5650,0
1907	#FFFFFF	#D3D3D3	-38.05	36.5	25	5650,0
1907	#FFFFFF	#D3D3D3	-38.5	36.05	25	5650,0
1907	#FFFFFF	#D3D3D3	-38.95	36.5	25	5650,0
1874	#FFFFFF	#D3D3D3	-38.45	37	25	5650,0
1874	#FFFFFF	#D3D3D3	-38	37.45	25	5650,0
1874	#FFFFFF	#D3D3D3	-37.55	37	25	5650,0
1874	#FFFFFF	#D3D3D3	-38	36.55	25	5650,0
1874	#FFFFFF	#D3D3D3	-38.45	37	25	5650,0
1840	#FFFFFF	#D3D3D3	-37.95	37.5	25	5650,0
1840	#FFFFFF	#D3D3D3	-37.5	37.95	25	5650,0
1840	#FFFFFF	#D3D3D3	-37.05	37.5	25	5650,0
1840	#FFFFFF	#D3D3D3	-37.5	37.05	25	5650,0
1840	#FFFFFF	#D3D3D3	-37.95	37.5	25	5650,0
1806	#FFFFFF	#D3D3D3	-37.45	38	25	5650,0
1806	#FFFFFF	#D3D3D3	-37	38.45	25	5650,0
1806	#FFFFFF	#D3D3D3	-36.55	38	25	5650,0
1806	#FFFFFF	#D3D3D3	-37	37.55	25	5650,0
1806	#FFFFFF	#D3D3D3	-37.45	38	25	5650,0
1771	#FFFFFF	#D3D3D3	-36.95	38.5	25	5650,0
1771	#FFFFFF	#D3D3D3	-36.5	38.95	25	5650,0
1771	#FFFFFF	#D3D3D3	-36.05	38.5	25	5650,0
1771	#FFFFFF	#D3D3D3	-36.5	38.05	25	5650,0
1771	#FFFFFF	#D3D3D3	-36.95	38.5	25	5650,0
1736	#FFFFFF	#D3D3D3	-36.45	39	25	5650,0
1736	#FFFFFF	#D3D3D3	-36	39.45	25	5650,0
1736	#FFFFFF	#D3D3D3	-35.55	39	25	5650,0
1736	#FFFFFF	#D3D3D3	-36	38.55	25	5650,0
1736	#FFFFFF	#D3D3D3	-36.45	39	25	5650,0
1701	#FFFFFF	#D3D3D3	-35.95	39.5	25	5650,0
1701	#FFFFFF	#D3D3D3	-35.5	39.95	25	5650,0
1701	#FFFFFF	#D3D3D3	-35.05	39.5	25	5650,0
1701	#FFFFFF	#D3D3D3	-35.5	39.05	25	5650,0
1701	#FFFFFF	#D3D3D3	-35.95	39.5	25	5650,0
1666	#FFFFFF	#D3D3D3	-35.45	40	25	5650,0
1666	#FFFFFF	#D3D3D3	-35	40.45	25	5650,0
1666	#FFFFFF	#D3D3D3	-34.55	40	25	5650,0
1666	#FFFFFF	#D3D3D3	-35	39.55	25	5650,0
1666	#FFFFFF	#D3D3D3	-35.45	40	25	5650,0
1630	#FFFFFF	#D3D3D3	-34.95	40.5	25	5650,0
1630	#FFFFFF	#D3D3D3	-34.5	40.95	25	5650,0
1630	#FFFFFF	#D3D3D3	-34.05	40.5	25	5650,0
1630	#FFFFFF	#D3D3D3	-34.5	40.05	25	5650,0
1630	#FFFFFF	#D3D3D3	-34.95	40.5	25	5650,0
1593	#FFFFFF	#D3D3D3	-34.45	41	25	5650,0
1593	#FFFFFF	#D3D3D3	-34	41.45	25	5650,0
1593	#FFFFFF	#D3D3D3	-33.55	41	25	5650,0
1593	#FFFFFF	#D3D3D3	-34	40.55	25	5650,0
1593	#FFFFFF	#D3D3D3	-34.45	41	25	5650,0
1555	#FFFFFF	#D3D3D3	-33.95	41.5	104	5650,0
1555	#FFFFFF	#D3D3D3	-33.5	41.95	104	5650,0
1555	#FFFFFF	#D3D3D3	-33.05	41.5	104	5650,0
1555	#FFFFFF	#D3D3D3	-33.5	41.05	104	5650,0
1555	#FFFFFF	#D3D3D3	-33.95	41.5	104	5650,0
2251	#FFFFFF	#D3D3D3	-43.95	30.5	7	5650,0
2251	#FFFFFF	#D3D3D3	-43.5	30.95	7	5650,0
2251	#FFFFFF	#D3D3D3	-43.05	30.5	7	5650,0
2251	#FFFFFF	#D3D3D3	-43.5	30.05	7	5650,0
2251	#FFFFFF	#D3D3D3	-43.95	30.5	7	5650,0
756	#FFFFFF	#D3D3D3	-23.45	0	3	5600,0
756	#CD1076	#000000	-23.45	0	10	5650,0
756	#FFFFFF	#D3D3D3	-23	0.45	3	5600,0
756	#CD1076	#000000	-23	0.45	10	5650,0
756	#FFFFFF	#D3D3D3	-22.55	0	3	5600,0
756	#CD1076	#000000	-22.55	0	10	5650,0
756	#FFFFFF	#D3D3D3	-23	-0.45	3	5600,0
756	#CD1076	#000000	-23	-0.45	10	5650,0
756	#FFFFFF	#D3D3D3	-23.45	0	3	5600,0
756	#CD1076	#000000	-23.45	0	10	5650,0
725	#FFFFFF	#D3D3D3	-22.95	0.5	3	5600,0
725	#CD1076	#000000	-22.95	0.5	10	5650,0
725	#FFFFFF	#D3D3D3	-22.5	0.95	3	5600,0
725	#CD1076	#000000	-22.5	0.95	10	5650,0
725	#FFFFFF	#D3D3D3	-22.05	0.5	3	5600,0
725	#CD1076	#000000	-22.05	0.5	10	5650,0
725	#FFFFFF	#D3D3D3	-22.5	0.05	3	5600,0
725	#CD1076	#000000	-22.5	0.05	10	5650,0
725	#FFFFFF	#D3D3D3	-22.95	0.5	3	5600,0
725	#CD1076	#000000	-22.95	0.5	10	5650,0
665	#FFFFFF	#D3D3D3	-21.95	1.5	20	5600,0
665	#CD1076	#000000	-21.95	1.5	10	5650,0
665	#FFFFFF	#D3D3D3	-21.5	1.95	20	5600,0
665	#CD1076	#000000	-21.5	1.95	10	5650,0
665	#FFFFFF	#D3D3D3	-21.05	1.5	20	5600,0
665	#CD1076	#000000	-21.05	1.5	10	5650,0
665	#FFFFFF	#D3D3D3	-21.5	1.05	20	5600,0
665	#CD1076	#000000	-21.5	1.05	10	5650,0
665	#FFFFFF	#D3D3D3	-21.95	1.5	20	5600,0
665	#CD1076	#000000	-21.95	1.5	10	5650,0
617	#FFFFFF	#D3D3D3	-20.95	2.5	20	5600,0
617	#CD1076	#000000	-20.95	2.5	40	5650,0
617	#FFFFFF	#D3D3D3	-20.5	2.95	20	5600,0
617	#CD1076	#000000	-20.5	2.95	40	5650,0
617	#FFFFFF	#D3D3D3	-20.05	2.5	20	5600,0
617	#CD1076	#000000	-20.05	2.5	40	5650,0
617	#FFFFFF	#D3D3D3	-20.5	2.05	20	5600,0
617	#CD1076	#000000	-20.5	2.05	40	5650,0
617	#FFFFFF	#D3D3D3	-20.95	2.5	20	5600,0
617	#CD1076	#000000	-20.95	2.5	40	5650,0
598	#FFFFFF	#D3D3D3	-20.45	3	3	5600,0
598	#CD1076	#000000	-20.45	3	39	5650,0
598	#FFFFFF	#D3D3D3	-20	3.45	3	5600,0
598	#CD1076	#000000	-20	3.45	39	5650,0
598	#FFFFFF	#D3D3D3	-19.55	3	3	5600,0
598	#CD1076	#000000	-19.55	3	39	5650,0
598	#FFFFFF	#D3D3D3	-20	2.55	3	5600,0
598	#CD1076	#000000	-20	2.55	39	5650,0
598	#FFFFFF	#D3D3D3	-20.45	3	3	5600,0
598	#CD1076	#000000	-20.45	3	39	5650,0
525	#FFFFFF	#D3D3D3	-19.95	3.5	3	5600,0
525	#CD1076	#000000	-19.95	3.5	39	5650,0
525	#FFFFFF	#D3D3D3	-19.5	3.95	3	5600,0
525	#CD1076	#000000	-19.5	3.95	39	5650,0
525	#FFFFFF	#D3D3D3	-19.05	3.5	3	5600,0
525	#CD1076	#000000	-19.05	3.5	39	5650,0
525	#FFFFFF	#D3D3D3	-19.5	3.05	3	5600,0
525	#CD1076	#000000	-19.5	3.05	39	5650,0
525	#FFFFFF	#D3D3D3	-19.95	3.5	3	5600,0
525	#CD1076	#000000	-19.95	3.5	39	5650,0
498	#FFFFFF	#D3D3D3	-19.45	4	3	5600,0
498	#CD1076	#000000	-19.45	4	39	5650,0
498	#FFFFFF	#D3D3D3	-19	4.45	3	5600,0
498	#CD1076	#000000	-19	4.45	39	5650,0
498	#FFFFFF	#D3D3D3	-18.55	4	3	5600,0
498	#CD1076	#000000	-18.55	4	39	5650,0
498	#FFFFFF	#D3D3D3	-19	3.55	3	5600,0
498	#CD1076	#000000	-19	3.55	39	5650,0
498	#FFFFFF	#D3D3D3	-19.45	4	3	5600,0
498	#CD1076	#000000	-19.45	4	39	5650,0
470	#FFFFFF	#D3D3D3	-18.95	4.5	93	5600,0
470	#CD1076	#000000	-18.95	4.5	39	5650,0
470	#FFFFFF	#D3D3D3	-18.5	4.95	93	5600,0
470	#CD1076	#000000	-18.5	4.95	39	5650,0
470	#FFFFFF	#D3D3D3	-18.05	4.5	93	5600,0
470	#CD1076	#000000	-18.05	4.5	39	5650,0
470	#FFFFFF	#D3D3D3	-18.5	4.05	93	5600,0
470	#CD1076	#000000	-18.5	4.05	39	5650,0
470	#FFFFFF	#D3D3D3	-18.95	4.5	93	5600,0
470	#CD1076	#000000	-18.95	4.5	39	5650,0
317	#FFFFFF	#D3D3D3	-15.95	7.5	19	5600,0
317	#FFFFFF	#D3D3D3	-15.95	7.5	4	5650,0
317	#FFFFFF	#D3D3D3	-15.5	7.95	19	5600,0
317	#FFFFFF	#D3D3D3	-15.5	7.95	4	5650,0
317	#FFFFFF	#D3D3D3	-15.05	7.5	19	5600,0
317	#FFFFFF	#D3D3D3	-15.05	7.5	4	5650,0
317	#FFFFFF	#D3D3D3	-15.5	7.05	19	5600,0
317	#FFFFFF	#D3D3D3	-15.5	7.05	4	5650,0
317	#FFFFFF	#D3D3D3	-15.95	7.5	19	5600,0
317	#FFFFFF	#D3D3D3	-15.95	7.5	4	5650,0
294	#FFFFFF	#D3D3D3	-15.45	8	19	5600,0
294	#FFFFFF	#D3D3D3	-15.45	8	4	5650,0
294	#FFFFFF	#D3D3D3	-15	8.45	19	5600,0
294	#FFFFFF	#D3D3D3	-15	8.45	4	5650,0
294	#FFFFFF	#D3D3D3	-14.55	8	19	5600,0
294	#FFFFFF	#D3D3D3	-14.55	8	4	5650,0
294	#FFFFFF	#D3D3D3	-15	7.55	19	5600,0
294	#FFFFFF	#D3D3D3	-15	7.55	4	5650,0
294	#FFFFFF	#D3D3D3	-15.45	8	19	5600,0
294	#FFFFFF	#D3D3D3	-15.45	8	4	5650,0
270	#FFFFFF	#D3D3D3	-14.95	8.5	3	5600,0
270	#FFFFFF	#D3D3D3	-14.95	8.5	4	5650,0
270	#FFFFFF	#D3D3D3	-14.5	8.95	3	5600,0
270	#FFFFFF	#D3D3D3	-14.5	8.95	4	5650,0
270	#FFFFFF	#D3D3D3	-14.05	8.5	3	5600,0
270	#FFFFFF	#D3D3D3	-14.05	8.5	4	5650,0
270	#FFFFFF	#D3D3D3	-14.5	8.05	3	5600,0
270	#FFFFFF	#D3D3D3	-14.5	8.05	4	5650,0
270	#FFFFFF	#D3D3D3	-14.95	8.5	3	5600,0
270	#FFFFFF	#D3D3D3	-14.95	8.5	4	5650,0
248	#FFFFFF	#D3D3D3	-14.45	9	76	5600,0
248	#FFFFFF	#D3D3D3	-14.45	9	4	5650,0
248	#FFFFFF	#D3D3D3	-14	9.45	76	5600,0
248	#FFFFFF	#D3D3D3	-14	9.45	4	5650,0
248	#FFFFFF	#D3D3D3	-13.55	9	76	5600,0
248	#FFFFFF	#D3D3D3	-13.55	9	4	5650,0
248	#FFFFFF	#D3D3D3	-14	8.55	76	5600,0
248	#FFFFFF	#D3D3D3	-14	8.55	4	5650,0
248	#FFFFFF	#D3D3D3	-14.45	9	76	5600,0
248	#FFFFFF	#D3D3D3	-14.45	9	4	5650,0
225	#FFFFFF	#D3D3D3	-13.95	9.5	74	5600,0
225	#FFFFFF	#D3D3D3	-13.95	9.5	4	5650,0
225	#FFFFFF	#D3D3D3	-13.5	9.95	74	5600,0
225	#FFFFFF	#D3D3D3	-13.5	9.95	4	5650,0
225	#FFFFFF	#D3D3D3	-13.05	9.5	74	5600,0
225	#FFFFFF	#D3D3D3	-13.05	9.5	4	5650,0
225	#FFFFFF	#D3D3D3	-13.5	9.05	74	5600,0
225	#FFFFFF	#D3D3D3	-13.5	9.05	4	5650,0
225	#FFFFFF	#D3D3D3	-13.95	9.5	74	5600,0
225	#FFFFFF	#D3D3D3	-13.95	9.5	4	5650,0
184	#FFFFFF	#D3D3D3	-13.45	10	6	5600,0
184	#FFFFFF	#D3D3D3	-13.45	10	4	5650,0
184	#FFFFFF	#D3D3D3	-13	10.45	6	5600,0
184	#FFFFFF	#D3D3D3	-13	10.45	4	5650,0
184	#FFFFFF	#D3D3D3	-12.55	10	6	5600,0
184	#FFFFFF	#D3D3D3	-12.55	10	4	5650,0
184	#FFFFFF	#D3D3D3	-13	9.55	6	5600,0
184	#FFFFFF	#D3D3D3	-13	9.55	4	5650,0
184	#FFFFFF	#D3D3D3	-13.45	10	6	5600,0
184	#FFFFFF	#D3D3D3	-13.45	10	4	5650,0
163	#FFFFFF	#D3D3D3	-12.95	10.5	3	5600,0
163	#FFFFFF	#D3D3D3	-12.95	10.5	4	5650,0
163	#FFFFFF	#D3D3D3	-12.5	10.95	3	5600,0
163	#FFFFFF	#D3D3D3	-12.5	10.95	4	5650,0
163	#FFFFFF	#D3D3D3	-12.05	10.5	3	5600,0
163	#FFFFFF	#D3D3D3	-12.05	10.5	4	5650,0
163	#FFFFFF	#D3D3D3	-12.5	10.05	3	5600,0
163	#FFFFFF	#D3D3D3	-12.5	10.05	4	5650,0
163	#FFFFFF	#D3D3D3	-12.95	10.5	3	5600,0
163	#FFFFFF	#D3D3D3	-12.95	10.5	4	5650,0
143	#FFFFFF	#D3D3D3	-12.45	11	6	5600,0
143	#FFFFFF	#D3D3D3	-12.45	11	4	5650,0
143	#FFFFFF	#D3D3D3	-12	11.45	6	5600,0
143	#FFFFFF	#D3D3D3	-12	11.45	4	5650,0
143	#FFFFFF	#D3D3D3	-11.55	11	6	5600,0
143	#FFFFFF	#D3D3D3	-11.55	11	4	5650,0
143	#FFFFFF	#D3D3D3	-12	10.55	6	5600,0
143	#FFFFFF	#D3D3D3	-12	10.55	4	5650,0
143	#FFFFFF	#D3D3D3	-12.45	11	6	5600,0
143	#FFFFFF	#D3D3D3	-12.45	11	4	5650,0
123	#FFFFFF	#D3D3D3	-11.95	11.5	23	5600,0
123	#FFFFFF	#D3D3D3	-11.95	11.5	4	5650,0
123	#FFFFFF	#D3D3D3	-11.5	11.95	23	5600,0
123	#FFFFFF	#D3D3D3	-11.5	11.95	4	5650,0
123	#FFFFFF	#D3D3D3	-11.05	11.5	23	5600,0
123	#FFFFFF	#D3D3D3	-11.05	11.5	4	5650,0
123	#FFFFFF	#D3D3D3	-11.5	11.05	23	5600,0
123	#FFFFFF	#D3D3D3	-11.5	11.05	4	5650,0
123	#FFFFFF	#D3D3D3	-11.95	11.5	23	5600,0
123	#FFFFFF	#D3D3D3	-11.95	11.5	4	5650,0
85	#FFFFFF	#D3D3D3	-10.95	12.5	34	5600,0
85	#FFFFFF	#D3D3D3	-10.95	12.5	4	5650,0
85	#FFFFFF	#D3D3D3	-10.5	12.95	34	5600,0
85	#FFFFFF	#D3D3D3	-10.5	12.95	4	5650,0
85	#FFFFFF	#D3D3D3	-10.05	12.5	34	5600,0
85	#FFFFFF	#D3D3D3	-10.05	12.5	4	5650,0
85	#FFFFFF	#D3D3D3	-10.5	12.05	34	5600,0
85	#FFFFFF	#D3D3D3	-10.5	12.05	4	5650,0
85	#FFFFFF	#D3D3D3	-10.95	12.5	34	5600,0
85	#FFFFFF	#D3D3D3	-10.95	12.5	4	5650,0
67	#FFFFFF	#D3D3D3	-10.45	13	34	5600,0
67	#FFFFFF	#D3D3D3	-10.45	13	4	5650,0
67	#FFFFFF	#D3D3D3	-10	13.45	34	5600,0
67	#FFFFFF	#D3D3D3	-10	13.45	4	5650,0
67	#FFFFFF	#D3D3D3	-9.55	13	34	5600,0
67	#FFFFFF	#D3D3D3	-9.55	13	4	5650,0
67	#FFFFFF	#D3D3D3	-10	12.55	34	5600,0
67	#FFFFFF	#D3D3D3	-10	12.55	4	5650,0
67	#FFFFFF	#D3D3D3	-10.45	13	34	5600,0
67	#FFFFFF	#D3D3D3	-10.45	13	4	5650,0
2487	#FFFFFF	#D3D3D3	-9.95	13.5	6	5600,0
2487	#FFFFFF	#D3D3D3	-9.95	13.5	4	5650,0
2487	#FFFFFF	#D3D3D3	-9.5	13.95	6	5600,0
2487	#FFFFFF	#D3D3D3	-9.5	13.95	4	5650,0
2487	#FFFFFF	#D3D3D3	-9.05	13.5	6	5600,0
2487	#FFFFFF	#D3D3D3	-9.05	13.5	4	5650,0
2487	#FFFFFF	#D3D3D3	-9.5	13.05	6	5600,0
2487	#FFFFFF	#D3D3D3	-9.5	13.05	4	5650,0
2487	#FFFFFF	#D3D3D3	-9.95	13.5	6	5600,0
2487	#FFFFFF	#D3D3D3	-9.95	13.5	4	5650,0
2470	#FFFFFF	#D3D3D3	-9.45	14	23	5600,0
2470	#FFFFFF	#D3D3D3	-9.45	14	4	5650,0
2470	#FFFFFF	#D3D3D3	-9	14.45	23	5600,0
2470	#FFFFFF	#D3D3D3	-9	14.45	4	5650,0
2470	#FFFFFF	#D3D3D3	-8.55	14	23	5600,0
2470	#FFFFFF	#D3D3D3	-8.55	14	4	5650,0
2470	#FFFFFF	#D3D3D3	-9	13.55	23	5600,0
2470	#FFFFFF	#D3D3D3	-9	13.55	4	5650,0
2470	#FFFFFF	#D3D3D3	-9.45	14	23	5600,0
2470	#FFFFFF	#D3D3D3	-9.45	14	4	5650,0
2453	#FFFFFF	#D3D3D3	-8.95	14.5	87	5600,0
2453	#FFFFFF	#D3D3D3	-8.95	14.5	4	5650,0
2453	#FFFFFF	#D3D3D3	-8.5	14.95	87	5600,0
2453	#FFFFFF	#D3D3D3	-8.5	14.95	4	5650,0
2453	#FFFFFF	#D3D3D3	-8.05	14.5	87	5600,0
2453	#FFFFFF	#D3D3D3	-8.05	14.5	4	5650,0
2453	#FFFFFF	#D3D3D3	-8.5	14.05	87	5600,0
2453	#FFFFFF	#D3D3D3	-8.5	14.05	4	5650,0
2453	#FFFFFF	#D3D3D3	-8.95	14.5	87	5600,0
2453	#FFFFFF	#D3D3D3	-8.95	14.5	4	5650,0
2436	#FFFFFF	#D3D3D3	-8.45	15	23	5600,0
2436	#FFFFFF	#D3D3D3	-8.45	15	4	5650,0
2436	#FFFFFF	#D3D3D3	-8	15.45	23	5600,0
2436	#FFFFFF	#D3D3D3	-8	15.45	4	5650,0
2436	#FFFFFF	#D3D3D3	-7.55	15	23	5600,0
2436	#FFFFFF	#D3D3D3	-7.55	15	4	5650,0
2436	#FFFFFF	#D3D3D3	-8	14.55	23	5600,0
2436	#FFFFFF	#D3D3D3	-8	14.55	4	5650,0
2436	#FFFFFF	#D3D3D3	-8.45	15	23	5600,0
2436	#FFFFFF	#D3D3D3	-8.45	15	4	5650,0
2419	#FFFFFF	#D3D3D3	-7.95	15.5	6	5600,0
2419	#FFFFFF	#D3D3D3	-7.95	15.5	4	5650,0
2419	#FFFFFF	#D3D3D3	-7.5	15.95	6	5600,0
2419	#FFFFFF	#D3D3D3	-7.5	15.95	4	5650,0
2419	#FFFFFF	#D3D3D3	-7.05	15.5	6	5600,0
2419	#FFFFFF	#D3D3D3	-7.05	15.5	4	5650,0
2419	#FFFFFF	#D3D3D3	-7.5	15.05	6	5600,0
2419	#FFFFFF	#D3D3D3	-7.5	15.05	4	5650,0
2419	#FFFFFF	#D3D3D3	-7.95	15.5	6	5600,0
2419	#FFFFFF	#D3D3D3	-7.95	15.5	4	5650,0
2402	#FFFFFF	#D3D3D3	-7.45	16	6	5600,0
2402	#FFFFFF	#D3D3D3	-7	16.45	6	5600,0
2402	#FFFFFF	#D3D3D3	-6.55	16	6	5600,0
2402	#FFFFFF	#D3D3D3	-7	15.55	6	5600,0
2402	#FFFFFF	#D3D3D3	-7.45	16	6	5600,0
2384	#FFFFFF	#D3D3D3	-6.95	16.5	22	5600,0
2384	#FFFFFF	#D3D3D3	-6.5	16.95	22	5600,0
2384	#FFFFFF	#D3D3D3	-6.05	16.5	22	5600,0
2384	#FFFFFF	#D3D3D3	-6.5	16.05	22	5600,0
2384	#FFFFFF	#D3D3D3	-6.95	16.5	22	5600,0
2366	#FFFFFF	#D3D3D3	-6.45	17	22	5600,0
2366	#FFFFFF	#D3D3D3	-6	17.45	22	5600,0
2366	#FFFFFF	#D3D3D3	-5.55	17	22	5600,0
2366	#FFFFFF	#D3D3D3	-6	16.55	22	5600,0
2366	#FFFFFF	#D3D3D3	-6.45	17	22	5600,0
2347	#FFFFFF	#D3D3D3	-5.95	17.5	22	5600,0
2347	#FFFFFF	#D3D3D3	-5.5	17.95	22	5600,0
2347	#FFFFFF	#D3D3D3	-5.05	17.5	22	5600,0
2347	#FFFFFF	#D3D3D3	-5.5	17.05	22	5600,0
2347	#FFFFFF	#D3D3D3	-5.95	17.5	22	5600,0
2328	#FFFFFF	#D3D3D3	-5.45	18	22	5600,0
2328	#FFFFFF	#D3D3D3	-5	18.45	22	5600,0
2328	#FFFFFF	#D3D3D3	-4.55	18	22	5600,0
2328	#FFFFFF	#D3D3D3	-5	17.55	22	5600,0
2328	#FFFFFF	#D3D3D3	-5.45	18	22	5600,0
1990	#FFFFFF	#D3D3D3	-4.45	19	22	5600,0
1990	#FFFFFF	#D3D3D3	-4	19.45	22	5600,0
1990	#FFFFFF	#D3D3D3	-3.55	19	22	5600,0
1990	#FFFFFF	#D3D3D3	-4	18.55	22	5600,0
1990	#FFFFFF	#D3D3D3	-4.45	19	22	5600,0
1258	#FFFFFF	#D3D3D3	-3.95	19.5	48	5600,0
1258	#FFFFFF	#D3D3D3	-3.5	19.95	48	5600,0
1258	#FFFFFF	#D3D3D3	-3.05	19.5	48	5600,0
1258	#FFFFFF	#D3D3D3	-3.5	19.05	48	5600,0
1258	#FFFFFF	#D3D3D3	-3.95	19.5	48	5600,0
1238	#FFFFFF	#D3D3D3	-3.45	20	78	5600,0
1238	#FFFFFF	#D3D3D3	-3	20.45	78	5600,0
1238	#FFFFFF	#D3D3D3	-2.55	20	78	5600,0
1238	#FFFFFF	#D3D3D3	-3	19.55	78	5600,0
1238	#FFFFFF	#D3D3D3	-3.45	20	78	5600,0
567	#FFFFFF	#D3D3D3	-2.95	20.5	78	5600,0
567	#FFFFFF	#D3D3D3	-2.5	20.95	78	5600,0
567	#FFFFFF	#D3D3D3	-2.05	20.5	78	5600,0
567	#FFFFFF	#D3D3D3	-2.5	20.05	78	5600,0
567	#FFFFFF	#D3D3D3	-2.95	20.5	78	5600,0
545	#FFFFFF	#D3D3D3	-2.45	21	78	5600,0
545	#FFFFFF	#D3D3D3	-2	21.45	78	5600,0
545	#FFFFFF	#D3D3D3	-1.55	21	78	5600,0
545	#FFFFFF	#D3D3D3	-2	20.55	78	5600,0
545	#FFFFFF	#D3D3D3	-2.45	21	78	5600,0
53	#FFFFFF	#D3D3D3	-1.95	21.5	6	5600,0
53	#FFFFFF	#D3D3D3	-1.5	21.95	6	5600,0
53	#FFFFFF	#D3D3D3	-1.05	21.5	6	5600,0
53	#FFFFFF	#D3D3D3	-1.5	21.05	6	5600,0
53	#FFFFFF	#D3D3D3	-1.95	21.5	6	5600,0
33	#FFFFFF	#D3D3D3	-1.45	22	90	5600,0
33	#FFFFFF	#D3D3D3	-1	22.45	90	5600,0
33	#FFFFFF	#D3D3D3	-0.55	22	90	5600,0
33	#FFFFFF	#D3D3D3	-1	21.55	90	5600,0
33	#FFFFFF	#D3D3D3	-1.45	22	90	5600,0
13	#FFFFFF	#D3D3D3	-0.95	22.5	90	5600,0
13	#FFFFFF	#D3D3D3	-0.5	22.95	90	5600,0
13	#FFFFFF	#D3D3D3	-0.05	22.5	90	5600,0
13	#FFFFFF	#D3D3D3	-0.5	22.05	90	5600,0
13	#FFFFFF	#D3D3D3	-0.95	22.5	90	5600,0
2513	#FFFFFF	#D3D3D3	-0.45	23	7	5600,0
2513	#FFFFFF	#D3D3D3	0	23.45	7	5600,0
2513	#FFFFFF	#D3D3D3	0.45	23	7	5600,0
2513	#FFFFFF	#D3D3D3	0	22.55	7	5600,0
2513	#FFFFFF	#D3D3D3	-0.45	23	7	5600,0
2536	#FFFFFF	#D3D3D3	0.05	23.5	64	5600,0
2536	#FFFFFF	#D3D3D3	0.5	23.95	64	5600,0
2536	#FFFFFF	#D3D3D3	0.95	23.5	64	5600,0
2536	#FFFFFF	#D3D3D3	0.5	23.05	64	5600,0
2536	#FFFFFF	#D3D3D3	0.05	23.5	64	5600,0
2559	#FFFFFF	#D3D3D3	0.55	24	64	5600,0
2559	#FFFFFF	#D3D3D3	1	24.45	64	5600,0
2559	#FFFFFF	#D3D3D3	1.45	24	64	5600,0
2559	#FFFFFF	#D3D3D3	1	23.55	64	5600,0
2559	#FFFFFF	#D3D3D3	0.55	24	64	5600,0
2582	#FFFFFF	#D3D3D3	1.05	24.5	6	5600,0
2582	#FFFFFF	#D3D3D3	1.5	24.95	6	5600,0
2582	#FFFFFF	#D3D3D3	1.95	24.5	6	5600,0
2582	#FFFFFF	#D3D3D3	1.5	24.05	6	5600,0
2582	#FFFFFF	#D3D3D3	1.05	24.5	6	5600,0
2605	#FFFFFF	#D3D3D3	1.55	25	6	5600,0
2605	#FFFFFF	#D3D3D3	2	25.45	6	5600,0
2605	#FFFFFF	#D3D3D3	2.45	25	6	5600,0
2605	#FFFFFF	#D3D3D3	2	24.55	6	5600,0
2605	#FFFFFF	#D3D3D3	1.55	25	6	5600,0
2629	#FFFFFF	#D3D3D3	2.05	25.5	7	5600,0
2629	#FFFFFF	#D3D3D3	2.5	25.95	7	5600,0
2629	#FFFFFF	#D3D3D3	2.95	25.5	7	5600,0
2629	#FFFFFF	#D3D3D3	2.5	25.05	7	5600,0
2629	#FFFFFF	#D3D3D3	2.05	25.5	7	5600,0
2654	#FFFFFF	#D3D3D3	2.55	26	7	5600,0
2654	#FFFFFF	#D3D3D3	3	26.45	7	5600,0
2654	#FFFFFF	#D3D3D3	3.45	26	7	5600,0
2654	#FFFFFF	#D3D3D3	3	25.55	7	5600,0
2654	#FFFFFF	#D3D3D3	2.55	26	7	5600,0
2679	#FFFFFF	#D3D3D3	3.05	26.5	7	5600,0
2679	#FFFFFF	#D3D3D3	3.5	26.95	7	5600,0
2679	#FFFFFF	#D3D3D3	3.95	26.5	7	5600,0
2679	#FFFFFF	#D3D3D3	3.5	26.05	7	5600,0
2679	#FFFFFF	#D3D3D3	3.05	26.5	7	5600,0
2705	#FFFFFF	#D3D3D3	3.55	27	7	5600,0
2705	#FFFFFF	#D3D3D3	4	27.45	7	5600,0
2705	#FFFFFF	#D3D3D3	4.45	27	7	5600,0
2705	#FFFFFF	#D3D3D3	4	26.55	7	5600,0
2705	#FFFFFF	#D3D3D3	3.55	27	7	5600,0
2731	#FFFFFF	#D3D3D3	4.05	27.5	7	5600,0
2731	#FFFFFF	#D3D3D3	4.5	27.95	7	5600,0
2731	#FFFFFF	#D3D3D3	4.95	27.5	7	5600,0
2731	#FFFFFF	#D3D3D3	4.5	27.05	7	5600,0
2731	#FFFFFF	#D3D3D3	4.05	27.5	7	5600,0
2758	#FFFFFF	#D3D3D3	4.55	28	7	5600,0
2758	#FFFFFF	#D3D3D3	5	28.45	7	5600,0
2758	#FFFFFF	#D3D3D3	5.45	28	7	5600,0
2758	#FFFFFF	#D3D3D3	5	27.55	7	5600,0
2758	#FFFFFF	#D3D3D3	4.55	28	7	5600,0
2305	#FFFFFF	#D3D3D3	-44.95	28.5	7	5650,0
2305	#FFFFFF	#D3D3D3	-44.5	28.95	7	5650,0
2305	#FFFFFF	#D3D3D3	-44.05	28.5	7	5650,0
2305	#FFFFFF	#D3D3D3	-44.5	28.05	7	5650,0
2305	#FFFFFF	#D3D3D3	-44.95	28.5	7	5650,0
2278	#FFFFFF	#D3D3D3	-44.45	29	100	5650,0
2278	#FFFFFF	#D3D3D3	-44	29.45	100	5650,0
2278	#FFFFFF	#D3D3D3	-43.55	29	100	5650,0
2278	#FFFFFF	#D3D3D3	-44	28.55	100	5650,0
2278	#FFFFFF	#D3D3D3	-44.45	29	100	5650,0
2249	#FFFFFF	#D3D3D3	-43.95	29.5	63	5650,0
2249	#FFFFFF	#D3D3D3	-43.5	29.95	63	5650,0
2249	#FFFFFF	#D3D3D3	-43.05	29.5	63	5650,0
2249	#FFFFFF	#D3D3D3	-43.5	29.05	63	5650,0
2249	#FFFFFF	#D3D3D3	-43.95	29.5	63	5650,0
2222	#FFFFFF	#D3D3D3	-43.45	30	63	5650,0
2222	#FFFFFF	#D3D3D3	-43	30.45	63	5650,0
2222	#FFFFFF	#D3D3D3	-42.55	30	63	5650,0
2222	#FFFFFF	#D3D3D3	-43	29.55	63	5650,0
2222	#FFFFFF	#D3D3D3	-43.45	30	63	5650,0
2192	#FFFFFF	#D3D3D3	-42.95	30.5	7	5650,0
2192	#FFFFFF	#D3D3D3	-42.5	30.95	7	5650,0
2192	#FFFFFF	#D3D3D3	-42.05	30.5	7	5650,0
2192	#FFFFFF	#D3D3D3	-42.5	30.05	7	5650,0
2192	#FFFFFF	#D3D3D3	-42.95	30.5	7	5650,0
2163	#FFFFFF	#D3D3D3	-42.45	31	25	5650,0
2163	#FFFFFF	#D3D3D3	-42	31.45	25	5650,0
2163	#FFFFFF	#D3D3D3	-41.55	31	25	5650,0
2163	#FFFFFF	#D3D3D3	-42	30.55	25	5650,0
2163	#FFFFFF	#D3D3D3	-42.45	31	25	5650,0
2133	#FFFFFF	#D3D3D3	-41.95	31.5	25	5650,0
2133	#FFFFFF	#D3D3D3	-41.5	31.95	25	5650,0
2133	#FFFFFF	#D3D3D3	-41.05	31.5	25	5650,0
2133	#FFFFFF	#D3D3D3	-41.5	31.05	25	5650,0
2133	#FFFFFF	#D3D3D3	-41.95	31.5	25	5650,0
2104	#FFFFFF	#D3D3D3	-41.45	32	25	5650,0
2104	#FFFFFF	#D3D3D3	-41	32.45	25	5650,0
2104	#FFFFFF	#D3D3D3	-40.55	32	25	5650,0
2104	#FFFFFF	#D3D3D3	-41	31.55	25	5650,0
2104	#FFFFFF	#D3D3D3	-41.45	32	25	5650,0
2073	#FFFFFF	#D3D3D3	-40.95	32.5	26	5650,0
2073	#FFFFFF	#D3D3D3	-40.5	32.95	26	5650,0
2073	#FFFFFF	#D3D3D3	-40.05	32.5	26	5650,0
2073	#FFFFFF	#D3D3D3	-40.5	32.05	26	5650,0
2073	#FFFFFF	#D3D3D3	-40.95	32.5	26	5650,0
2042	#FFFFFF	#D3D3D3	-40.45	33	47	5650,0
2042	#FFFFFF	#D3D3D3	-40	33.45	47	5650,0
2042	#FFFFFF	#D3D3D3	-39.55	33	47	5650,0
2042	#FFFFFF	#D3D3D3	-40	32.55	47	5650,0
2042	#FFFFFF	#D3D3D3	-40.45	33	47	5650,0
1971	#FFFFFF	#D3D3D3	-39.95	33.5	47	5650,0
1971	#FFFFFF	#D3D3D3	-39.5	33.95	47	5650,0
1971	#FFFFFF	#D3D3D3	-39.05	33.5	47	5650,0
1971	#FFFFFF	#D3D3D3	-39.5	33.05	47	5650,0
1971	#FFFFFF	#D3D3D3	-39.95	33.5	47	5650,0
1939	#FFFFFF	#D3D3D3	-39.45	34	47	5650,0
1939	#FFFFFF	#D3D3D3	-39	34.45	47	5650,0
1939	#FFFFFF	#D3D3D3	-38.55	34	47	5650,0
1939	#FFFFFF	#D3D3D3	-39	33.55	47	5650,0
1939	#FFFFFF	#D3D3D3	-39.45	34	47	5650,0
1906	#FFFFFF	#D3D3D3	-38.95	34.5	47	5650,0
1906	#FFFFFF	#D3D3D3	-38.5	34.95	47	5650,0
1906	#FFFFFF	#D3D3D3	-38.05	34.5	47	5650,0
1906	#FFFFFF	#D3D3D3	-38.5	34.05	47	5650,0
1906	#FFFFFF	#D3D3D3	-38.95	34.5	47	5650,0
1873	#FFFFFF	#D3D3D3	-38.45	35	25	5650,0
1873	#FFFFFF	#D3D3D3	-38	35.45	25	5650,0
1873	#FFFFFF	#D3D3D3	-37.55	35	25	5650,0
1873	#FFFFFF	#D3D3D3	-38	34.55	25	5650,0
1873	#FFFFFF	#D3D3D3	-38.45	35	25	5650,0
1839	#FFFFFF	#D3D3D3	-37.95	35.5	25	5650,0
1839	#FFFFFF	#D3D3D3	-37.5	35.95	25	5650,0
1839	#FFFFFF	#D3D3D3	-37.05	35.5	25	5650,0
1839	#FFFFFF	#D3D3D3	-37.5	35.05	25	5650,0
1839	#FFFFFF	#D3D3D3	-37.95	35.5	25	5650,0
1805	#FFFFFF	#D3D3D3	-37.45	36	25	5650,0
1805	#FFFFFF	#D3D3D3	-37	36.45	25	5650,0
1805	#FFFFFF	#D3D3D3	-36.55	36	25	5650,0
1805	#FFFFFF	#D3D3D3	-37	35.55	25	5650,0
1805	#FFFFFF	#D3D3D3	-37.45	36	25	5650,0
1770	#FFFFFF	#D3D3D3	-36.95	36.5	25	5650,0
1770	#FFFFFF	#D3D3D3	-36.5	36.95	25	5650,0
1770	#FFFFFF	#D3D3D3	-36.05	36.5	25	5650,0
1770	#FFFFFF	#D3D3D3	-36.5	36.05	25	5650,0
1770	#FFFFFF	#D3D3D3	-36.95	36.5	25	5650,0
1735	#FFFFFF	#D3D3D3	-36.45	37	25	5650,0
1735	#FFFFFF	#D3D3D3	-36	37.45	25	5650,0
1735	#FFFFFF	#D3D3D3	-35.55	37	25	5650,0
1735	#FFFFFF	#D3D3D3	-36	36.55	25	5650,0
1735	#FFFFFF	#D3D3D3	-36.45	37	25	5650,0
1700	#FFFFFF	#D3D3D3	-35.95	37.5	25	5650,0
1700	#FFFFFF	#D3D3D3	-35.5	37.95	25	5650,0
1700	#FFFFFF	#D3D3D3	-35.05	37.5	25	5650,0
1700	#FFFFFF	#D3D3D3	-35.5	37.05	25	5650,0
1700	#FFFFFF	#D3D3D3	-35.95	37.5	25	5650,0
1664	#FFFFFF	#D3D3D3	-35.45	38	25	5650,0
1664	#FFFFFF	#D3D3D3	-35	38.45	25	5650,0
1664	#FFFFFF	#D3D3D3	-34.55	38	25	5650,0
1664	#FFFFFF	#D3D3D3	-35	37.55	25	5650,0
1664	#FFFFFF	#D3D3D3	-35.45	38	25	5650,0
1628	#FFFFFF	#D3D3D3	-34.95	38.5	25	5650,0
1628	#FFFFFF	#D3D3D3	-34.5	38.95	25	5650,0
1628	#FFFFFF	#D3D3D3	-34.05	38.5	25	5650,0
1628	#FFFFFF	#D3D3D3	-34.5	38.05	25	5650,0
1628	#FFFFFF	#D3D3D3	-34.95	38.5	25	5650,0
1591	#FFFFFF	#D3D3D3	-34.45	39	25	5650,0
1591	#FFFFFF	#D3D3D3	-34	39.45	25	5650,0
1591	#FFFFFF	#D3D3D3	-33.55	39	25	5650,0
1591	#FFFFFF	#D3D3D3	-34	38.55	25	5650,0
1591	#FFFFFF	#D3D3D3	-34.45	39	25	5650,0
1553	#FFFFFF	#D3D3D3	-33.95	39.5	25	5650,0
1553	#FFFFFF	#D3D3D3	-33.5	39.95	25	5650,0
1553	#FFFFFF	#D3D3D3	-33.05	39.5	25	5650,0
1553	#FFFFFF	#D3D3D3	-33.5	39.05	25	5650,0
1553	#FFFFFF	#D3D3D3	-33.95	39.5	25	5650,0
1518	#FFFFFF	#D3D3D3	-33.45	40	25	5650,0
1518	#FFFFFF	#D3D3D3	-33	40.45	25	5650,0
1518	#FFFFFF	#D3D3D3	-32.55	40	25	5650,0
1518	#FFFFFF	#D3D3D3	-33	39.55	25	5650,0
1518	#FFFFFF	#D3D3D3	-33.45	40	25	5650,0
1480	#FFFFFF	#D3D3D3	-32.95	40.5	25	5650,0
1480	#FFFFFF	#D3D3D3	-32.5	40.95	25	5650,0
1480	#FFFFFF	#D3D3D3	-32.05	40.5	25	5650,0
1480	#FFFFFF	#D3D3D3	-32.5	40.05	25	5650,0
1480	#FFFFFF	#D3D3D3	-32.95	40.5	25	5650,0
694	#FFFFFF	#D3D3D3	-22.45	0	3	5600,0
694	#CD1076	#000000	-22.45	0	10	5650,0
694	#FFFFFF	#D3D3D3	-22	0.45	3	5600,0
694	#CD1076	#000000	-22	0.45	10	5650,0
694	#FFFFFF	#D3D3D3	-21.55	0	3	5600,0
694	#CD1076	#000000	-21.55	0	10	5650,0
694	#FFFFFF	#D3D3D3	-22	-0.45	3	5600,0
694	#CD1076	#000000	-22	-0.45	10	5650,0
694	#FFFFFF	#D3D3D3	-22.45	0	3	5600,0
694	#CD1076	#000000	-22.45	0	10	5650,0
588	#FFFFFF	#D3D3D3	-20.45	2	3	5600,0
588	#CD1076	#000000	-20.45	2	40	5650,0
588	#FFFFFF	#D3D3D3	-20	2.45	3	5600,0
588	#CD1076	#000000	-20	2.45	40	5650,0
588	#FFFFFF	#D3D3D3	-19.55	2	3	5600,0
588	#CD1076	#000000	-19.55	2	40	5650,0
588	#FFFFFF	#D3D3D3	-20	1.55	3	5600,0
588	#CD1076	#000000	-20	1.55	40	5650,0
588	#FFFFFF	#D3D3D3	-20.45	2	3	5600,0
588	#CD1076	#000000	-20.45	2	40	5650,0
516	#FFFFFF	#D3D3D3	-19.95	2.5	86	5600,0
516	#CD1076	#000000	-19.95	2.5	40	5650,0
516	#FFFFFF	#D3D3D3	-19.5	2.95	86	5600,0
516	#CD1076	#000000	-19.5	2.95	40	5650,0
516	#FFFFFF	#D3D3D3	-19.05	2.5	86	5600,0
516	#CD1076	#000000	-19.05	2.5	40	5650,0
516	#FFFFFF	#D3D3D3	-19.5	2.05	86	5600,0
516	#CD1076	#000000	-19.5	2.05	40	5650,0
516	#FFFFFF	#D3D3D3	-19.95	2.5	86	5600,0
516	#CD1076	#000000	-19.95	2.5	40	5650,0
497	#FFFFFF	#D3D3D3	-19.45	3	3	5600,0
497	#CD1076	#000000	-19.45	3	39	5650,0
497	#FFFFFF	#D3D3D3	-19	3.45	3	5600,0
497	#CD1076	#000000	-19	3.45	39	5650,0
497	#FFFFFF	#D3D3D3	-18.55	3	3	5600,0
497	#CD1076	#000000	-18.55	3	39	5650,0
497	#FFFFFF	#D3D3D3	-19	2.55	3	5600,0
497	#CD1076	#000000	-19	2.55	39	5650,0
497	#FFFFFF	#D3D3D3	-19.45	3	3	5600,0
497	#CD1076	#000000	-19.45	3	39	5650,0
469	#FFFFFF	#D3D3D3	-18.95	3.5	3	5600,0
469	#CD1076	#000000	-18.95	3.5	39	5650,0
469	#FFFFFF	#D3D3D3	-18.5	3.95	3	5600,0
469	#CD1076	#000000	-18.5	3.95	39	5650,0
469	#FFFFFF	#D3D3D3	-18.05	3.5	3	5600,0
469	#CD1076	#000000	-18.05	3.5	39	5650,0
469	#FFFFFF	#D3D3D3	-18.5	3.05	3	5600,0
469	#CD1076	#000000	-18.5	3.05	39	5650,0
469	#FFFFFF	#D3D3D3	-18.95	3.5	3	5600,0
469	#CD1076	#000000	-18.95	3.5	39	5650,0
443	#FFFFFF	#D3D3D3	-18.45	4	3	5600,0
443	#CD1076	#000000	-18.45	4	39	5650,0
443	#FFFFFF	#D3D3D3	-18	4.45	3	5600,0
443	#CD1076	#000000	-18	4.45	39	5650,0
443	#FFFFFF	#D3D3D3	-17.55	4	3	5600,0
443	#CD1076	#000000	-17.55	4	39	5650,0
443	#FFFFFF	#D3D3D3	-18	3.55	3	5600,0
443	#CD1076	#000000	-18	3.55	39	5650,0
443	#FFFFFF	#D3D3D3	-18.45	4	3	5600,0
443	#CD1076	#000000	-18.45	4	39	5650,0
316	#FFFFFF	#D3D3D3	-15.95	6.5	3	5600,0
316	#FFFFFF	#D3D3D3	-15.95	6.5	4	5650,0
316	#FFFFFF	#D3D3D3	-15.5	6.95	3	5600,0
316	#FFFFFF	#D3D3D3	-15.5	6.95	4	5650,0
316	#FFFFFF	#D3D3D3	-15.05	6.5	3	5600,0
316	#FFFFFF	#D3D3D3	-15.05	6.5	4	5650,0
316	#FFFFFF	#D3D3D3	-15.5	6.05	3	5600,0
316	#FFFFFF	#D3D3D3	-15.5	6.05	4	5650,0
316	#FFFFFF	#D3D3D3	-15.95	6.5	3	5600,0
316	#FFFFFF	#D3D3D3	-15.95	6.5	4	5650,0
293	#FFFFFF	#D3D3D3	-15.45	7	3	5600,0
293	#FFFFFF	#D3D3D3	-15.45	7	4	5650,0
293	#FFFFFF	#D3D3D3	-15	7.45	3	5600,0
293	#FFFFFF	#D3D3D3	-15	7.45	4	5650,0
293	#FFFFFF	#D3D3D3	-14.55	7	3	5600,0
293	#FFFFFF	#D3D3D3	-14.55	7	4	5650,0
293	#FFFFFF	#D3D3D3	-15	6.55	3	5600,0
293	#FFFFFF	#D3D3D3	-15	6.55	4	5650,0
293	#FFFFFF	#D3D3D3	-15.45	7	3	5600,0
293	#FFFFFF	#D3D3D3	-15.45	7	4	5650,0
269	#FFFFFF	#D3D3D3	-14.95	7.5	3	5600,0
269	#FFFFFF	#D3D3D3	-14.95	7.5	4	5650,0
269	#FFFFFF	#D3D3D3	-14.5	7.95	3	5600,0
269	#FFFFFF	#D3D3D3	-14.5	7.95	4	5650,0
269	#FFFFFF	#D3D3D3	-14.05	7.5	3	5600,0
269	#FFFFFF	#D3D3D3	-14.05	7.5	4	5650,0
269	#FFFFFF	#D3D3D3	-14.5	7.05	3	5600,0
269	#FFFFFF	#D3D3D3	-14.5	7.05	4	5650,0
269	#FFFFFF	#D3D3D3	-14.95	7.5	3	5600,0
269	#FFFFFF	#D3D3D3	-14.95	7.5	4	5650,0
247	#FFFFFF	#D3D3D3	-14.45	8	3	5600,0
247	#FFFFFF	#D3D3D3	-14.45	8	4	5650,0
247	#FFFFFF	#D3D3D3	-14	8.45	3	5600,0
247	#FFFFFF	#D3D3D3	-14	8.45	4	5650,0
247	#FFFFFF	#D3D3D3	-13.55	8	3	5600,0
247	#FFFFFF	#D3D3D3	-13.55	8	4	5650,0
247	#FFFFFF	#D3D3D3	-14	7.55	3	5600,0
247	#FFFFFF	#D3D3D3	-14	7.55	4	5650,0
247	#FFFFFF	#D3D3D3	-14.45	8	3	5600,0
247	#FFFFFF	#D3D3D3	-14.45	8	4	5650,0
224	#FFFFFF	#D3D3D3	-13.95	8.5	3	5600,0
224	#FFFFFF	#D3D3D3	-13.95	8.5	4	5650,0
224	#FFFFFF	#D3D3D3	-13.5	8.95	3	5600,0
224	#FFFFFF	#D3D3D3	-13.5	8.95	4	5650,0
224	#FFFFFF	#D3D3D3	-13.05	8.5	3	5600,0
224	#FFFFFF	#D3D3D3	-13.05	8.5	4	5650,0
224	#FFFFFF	#D3D3D3	-13.5	8.05	3	5600,0
224	#FFFFFF	#D3D3D3	-13.5	8.05	4	5650,0
224	#FFFFFF	#D3D3D3	-13.95	8.5	3	5600,0
224	#FFFFFF	#D3D3D3	-13.95	8.5	4	5650,0
203	#FFFFFF	#D3D3D3	-13.45	9	3	5600,0
203	#FFFFFF	#D3D3D3	-13.45	9	4	5650,0
203	#FFFFFF	#D3D3D3	-13	9.45	3	5600,0
203	#FFFFFF	#D3D3D3	-13	9.45	4	5650,0
203	#FFFFFF	#D3D3D3	-12.55	9	3	5600,0
203	#FFFFFF	#D3D3D3	-12.55	9	4	5650,0
203	#FFFFFF	#D3D3D3	-13	8.55	3	5600,0
203	#FFFFFF	#D3D3D3	-13	8.55	4	5650,0
203	#FFFFFF	#D3D3D3	-13.45	9	3	5600,0
203	#FFFFFF	#D3D3D3	-13.45	9	4	5650,0
181	#FFFFFF	#D3D3D3	-12.95	9.5	3	5600,0
181	#FFFFFF	#D3D3D3	-12.95	9.5	4	5650,0
181	#FFFFFF	#D3D3D3	-12.5	9.95	3	5600,0
181	#FFFFFF	#D3D3D3	-12.5	9.95	4	5650,0
181	#FFFFFF	#D3D3D3	-12.05	9.5	3	5600,0
181	#FFFFFF	#D3D3D3	-12.05	9.5	4	5650,0
181	#FFFFFF	#D3D3D3	-12.5	9.05	3	5600,0
181	#FFFFFF	#D3D3D3	-12.5	9.05	4	5650,0
181	#FFFFFF	#D3D3D3	-12.95	9.5	3	5600,0
181	#FFFFFF	#D3D3D3	-12.95	9.5	4	5650,0
142	#FFFFFF	#D3D3D3	-12.45	10	3	5600,0
142	#FFFFFF	#D3D3D3	-12.45	10	4	5650,0
142	#FFFFFF	#D3D3D3	-12	10.45	3	5600,0
142	#FFFFFF	#D3D3D3	-12	10.45	4	5650,0
142	#FFFFFF	#D3D3D3	-11.55	10	3	5600,0
142	#FFFFFF	#D3D3D3	-11.55	10	4	5650,0
142	#FFFFFF	#D3D3D3	-12	9.55	3	5600,0
142	#FFFFFF	#D3D3D3	-12	9.55	4	5650,0
142	#FFFFFF	#D3D3D3	-12.45	10	3	5600,0
142	#FFFFFF	#D3D3D3	-12.45	10	4	5650,0
122	#FFFFFF	#D3D3D3	-11.95	10.5	6	5600,0
122	#FFFFFF	#D3D3D3	-11.95	10.5	4	5650,0
122	#FFFFFF	#D3D3D3	-11.5	10.95	6	5600,0
122	#FFFFFF	#D3D3D3	-11.5	10.95	4	5650,0
122	#FFFFFF	#D3D3D3	-11.05	10.5	6	5600,0
122	#FFFFFF	#D3D3D3	-11.05	10.5	4	5650,0
122	#FFFFFF	#D3D3D3	-11.5	10.05	6	5600,0
122	#FFFFFF	#D3D3D3	-11.5	10.05	4	5650,0
122	#FFFFFF	#D3D3D3	-11.95	10.5	6	5600,0
122	#FFFFFF	#D3D3D3	-11.95	10.5	4	5650,0
103	#FFFFFF	#D3D3D3	-11.45	11	6	5600,0
103	#FFFFFF	#D3D3D3	-11.45	11	4	5650,0
103	#FFFFFF	#D3D3D3	-11	11.45	6	5600,0
103	#FFFFFF	#D3D3D3	-11	11.45	4	5650,0
103	#FFFFFF	#D3D3D3	-10.55	11	6	5600,0
103	#FFFFFF	#D3D3D3	-10.55	11	4	5650,0
103	#FFFFFF	#D3D3D3	-11	10.55	6	5600,0
103	#FFFFFF	#D3D3D3	-11	10.55	4	5650,0
103	#FFFFFF	#D3D3D3	-11.45	11	6	5600,0
103	#FFFFFF	#D3D3D3	-11.45	11	4	5650,0
84	#FFFFFF	#D3D3D3	-10.95	11.5	23	5600,0
84	#FFFFFF	#D3D3D3	-10.95	11.5	4	5650,0
84	#FFFFFF	#D3D3D3	-10.5	11.95	23	5600,0
84	#FFFFFF	#D3D3D3	-10.5	11.95	4	5650,0
84	#FFFFFF	#D3D3D3	-10.05	11.5	23	5600,0
84	#FFFFFF	#D3D3D3	-10.05	11.5	4	5650,0
84	#FFFFFF	#D3D3D3	-10.5	11.05	23	5600,0
84	#FFFFFF	#D3D3D3	-10.5	11.05	4	5650,0
84	#FFFFFF	#D3D3D3	-10.95	11.5	23	5600,0
84	#FFFFFF	#D3D3D3	-10.95	11.5	4	5650,0
66	#FFFFFF	#D3D3D3	-10.45	12	23	5600,0
66	#FFFFFF	#D3D3D3	-10.45	12	4	5650,0
66	#FFFFFF	#D3D3D3	-10	12.45	23	5600,0
66	#FFFFFF	#D3D3D3	-10	12.45	4	5650,0
66	#FFFFFF	#D3D3D3	-9.55	12	23	5600,0
66	#FFFFFF	#D3D3D3	-9.55	12	4	5650,0
66	#FFFFFF	#D3D3D3	-10	11.55	23	5600,0
66	#FFFFFF	#D3D3D3	-10	11.55	4	5650,0
66	#FFFFFF	#D3D3D3	-10.45	12	23	5600,0
66	#FFFFFF	#D3D3D3	-10.45	12	4	5650,0
2486	#FFFFFF	#D3D3D3	-9.95	12.5	102	5600,0
2486	#FFFFFF	#D3D3D3	-9.95	12.5	4	5650,0
2486	#FFFFFF	#D3D3D3	-9.5	12.95	102	5600,0
2486	#FFFFFF	#D3D3D3	-9.5	12.95	4	5650,0
2486	#FFFFFF	#D3D3D3	-9.05	12.5	102	5600,0
2486	#FFFFFF	#D3D3D3	-9.05	12.5	4	5650,0
2486	#FFFFFF	#D3D3D3	-9.5	12.05	102	5600,0
2486	#FFFFFF	#D3D3D3	-9.5	12.05	4	5650,0
2486	#FFFFFF	#D3D3D3	-9.95	12.5	102	5600,0
2486	#FFFFFF	#D3D3D3	-9.95	12.5	4	5650,0
2469	#FFFFFF	#D3D3D3	-9.45	13	6	5600,0
2469	#FFFFFF	#D3D3D3	-9.45	13	4	5650,0
2469	#FFFFFF	#D3D3D3	-9	13.45	6	5600,0
2469	#FFFFFF	#D3D3D3	-9	13.45	4	5650,0
2469	#FFFFFF	#D3D3D3	-8.55	13	6	5600,0
2469	#FFFFFF	#D3D3D3	-8.55	13	4	5650,0
2469	#FFFFFF	#D3D3D3	-9	12.55	6	5600,0
2469	#FFFFFF	#D3D3D3	-9	12.55	4	5650,0
2469	#FFFFFF	#D3D3D3	-9.45	13	6	5600,0
2469	#FFFFFF	#D3D3D3	-9.45	13	4	5650,0
2452	#FFFFFF	#D3D3D3	-8.95	13.5	6	5600,0
2452	#FFFFFF	#D3D3D3	-8.95	13.5	4	5650,0
2452	#FFFFFF	#D3D3D3	-8.5	13.95	6	5600,0
2452	#FFFFFF	#D3D3D3	-8.5	13.95	4	5650,0
2452	#FFFFFF	#D3D3D3	-8.05	13.5	6	5600,0
2452	#FFFFFF	#D3D3D3	-8.05	13.5	4	5650,0
2452	#FFFFFF	#D3D3D3	-8.5	13.05	6	5600,0
2452	#FFFFFF	#D3D3D3	-8.5	13.05	4	5650,0
2452	#FFFFFF	#D3D3D3	-8.95	13.5	6	5600,0
2452	#FFFFFF	#D3D3D3	-8.95	13.5	4	5650,0
2435	#FFFFFF	#D3D3D3	-8.45	14	6	5600,0
2435	#FFFFFF	#D3D3D3	-8.45	14	4	5650,0
2435	#FFFFFF	#D3D3D3	-8	14.45	6	5600,0
2435	#FFFFFF	#D3D3D3	-8	14.45	4	5650,0
2435	#FFFFFF	#D3D3D3	-7.55	14	6	5600,0
2435	#FFFFFF	#D3D3D3	-7.55	14	4	5650,0
2435	#FFFFFF	#D3D3D3	-8	13.55	6	5600,0
2435	#FFFFFF	#D3D3D3	-8	13.55	4	5650,0
2435	#FFFFFF	#D3D3D3	-8.45	14	6	5600,0
2435	#FFFFFF	#D3D3D3	-8.45	14	4	5650,0
2418	#FFFFFF	#D3D3D3	-7.95	14.5	88	5600,0
2418	#FFFFFF	#D3D3D3	-7.95	14.5	4	5650,0
2418	#FFFFFF	#D3D3D3	-7.5	14.95	88	5600,0
2418	#FFFFFF	#D3D3D3	-7.5	14.95	4	5650,0
2418	#FFFFFF	#D3D3D3	-7.05	14.5	88	5600,0
2418	#FFFFFF	#D3D3D3	-7.05	14.5	4	5650,0
2418	#FFFFFF	#D3D3D3	-7.5	14.05	88	5600,0
2418	#FFFFFF	#D3D3D3	-7.5	14.05	4	5650,0
2418	#FFFFFF	#D3D3D3	-7.95	14.5	88	5600,0
2418	#FFFFFF	#D3D3D3	-7.95	14.5	4	5650,0
2401	#FFFFFF	#D3D3D3	-7.45	15	6	5600,0
2401	#FFFFFF	#D3D3D3	-7.45	15	4	5650,0
2401	#FFFFFF	#D3D3D3	-7	15.45	6	5600,0
2401	#FFFFFF	#D3D3D3	-7	15.45	4	5650,0
2401	#FFFFFF	#D3D3D3	-6.55	15	6	5600,0
2401	#FFFFFF	#D3D3D3	-6.55	15	4	5650,0
2401	#FFFFFF	#D3D3D3	-7	14.55	6	5600,0
2401	#FFFFFF	#D3D3D3	-7	14.55	4	5650,0
2401	#FFFFFF	#D3D3D3	-7.45	15	6	5600,0
2401	#FFFFFF	#D3D3D3	-7.45	15	4	5650,0
2383	#FFFFFF	#D3D3D3	-6.95	15.5	6	5600,0
2383	#FFFFFF	#D3D3D3	-6.5	15.95	6	5600,0
2383	#FFFFFF	#D3D3D3	-6.05	15.5	6	5600,0
2383	#FFFFFF	#D3D3D3	-6.5	15.05	6	5600,0
2383	#FFFFFF	#D3D3D3	-6.95	15.5	6	5600,0
2365	#FFFFFF	#D3D3D3	-6.45	16	22	5600,0
2365	#FFFFFF	#D3D3D3	-6	16.45	22	5600,0
2365	#FFFFFF	#D3D3D3	-5.55	16	22	5600,0
2365	#FFFFFF	#D3D3D3	-6	15.55	22	5600,0
2365	#FFFFFF	#D3D3D3	-6.45	16	22	5600,0
2346	#FFFFFF	#D3D3D3	-5.95	16.5	16	5600,0
2346	#FFFFFF	#D3D3D3	-5.5	16.95	16	5600,0
2346	#FFFFFF	#D3D3D3	-5.05	16.5	16	5600,0
2346	#FFFFFF	#D3D3D3	-5.5	16.05	16	5600,0
2346	#FFFFFF	#D3D3D3	-5.95	16.5	16	5600,0
2327	#FFFFFF	#D3D3D3	-5.45	17	16	5600,0
2327	#FFFFFF	#D3D3D3	-5	17.45	16	5600,0
2327	#FFFFFF	#D3D3D3	-4.55	17	16	5600,0
2327	#FFFFFF	#D3D3D3	-5	16.55	16	5600,0
2327	#FFFFFF	#D3D3D3	-5.45	17	16	5600,0
2009	#FFFFFF	#D3D3D3	-4.95	17.5	16	5600,0
2009	#FFFFFF	#D3D3D3	-4.5	17.95	16	5600,0
2009	#FFFFFF	#D3D3D3	-4.05	17.5	16	5600,0
2009	#FFFFFF	#D3D3D3	-4.5	17.05	16	5600,0
2009	#FFFFFF	#D3D3D3	-4.95	17.5	16	5600,0
1989	#FFFFFF	#D3D3D3	-4.45	18	6	5600,0
1989	#FFFFFF	#D3D3D3	-4	18.45	6	5600,0
1989	#FFFFFF	#D3D3D3	-3.55	18	6	5600,0
1989	#FFFFFF	#D3D3D3	-4	17.55	6	5600,0
1989	#FFFFFF	#D3D3D3	-4.45	18	6	5600,0
1257	#FFFFFF	#D3D3D3	-3.95	18.5	6	5600,0
1257	#FFFFFF	#D3D3D3	-3.5	18.95	6	5600,0
1257	#FFFFFF	#D3D3D3	-3.05	18.5	6	5600,0
1257	#FFFFFF	#D3D3D3	-3.5	18.05	6	5600,0
1257	#FFFFFF	#D3D3D3	-3.95	18.5	6	5600,0
1236	#FFFFFF	#D3D3D3	-3.45	19	48	5600,0
1236	#FFFFFF	#D3D3D3	-3	19.45	48	5600,0
1236	#FFFFFF	#D3D3D3	-2.55	19	48	5600,0
1236	#FFFFFF	#D3D3D3	-3	18.55	48	5600,0
1236	#FFFFFF	#D3D3D3	-3.45	19	48	5600,0
565	#FFFFFF	#D3D3D3	-2.95	19.5	48	5600,0
565	#FFFFFF	#D3D3D3	-2.5	19.95	48	5600,0
565	#FFFFFF	#D3D3D3	-2.05	19.5	48	5600,0
565	#FFFFFF	#D3D3D3	-2.5	19.05	48	5600,0
565	#FFFFFF	#D3D3D3	-2.95	19.5	48	5600,0
544	#FFFFFF	#D3D3D3	-2.45	20	6	5600,0
544	#FFFFFF	#D3D3D3	-2	20.45	6	5600,0
544	#FFFFFF	#D3D3D3	-1.55	20	6	5600,0
544	#FFFFFF	#D3D3D3	-2	19.55	6	5600,0
544	#FFFFFF	#D3D3D3	-2.45	20	6	5600,0
52	#FFFFFF	#D3D3D3	-1.95	20.5	6	5600,0
52	#FFFFFF	#D3D3D3	-1.5	20.95	6	5600,0
52	#FFFFFF	#D3D3D3	-1.05	20.5	6	5600,0
52	#FFFFFF	#D3D3D3	-1.5	20.05	6	5600,0
52	#FFFFFF	#D3D3D3	-1.95	20.5	6	5600,0
12	#FFFFFF	#D3D3D3	-0.95	21.5	90	5600,0
12	#FFFFFF	#D3D3D3	-0.5	21.95	90	5600,0
12	#FFFFFF	#D3D3D3	-0.05	21.5	90	5600,0
12	#FFFFFF	#D3D3D3	-0.5	21.05	90	5600,0
12	#FFFFFF	#D3D3D3	-0.95	21.5	90	5600,0
2512	#FFFFFF	#D3D3D3	-0.45	22	90	5600,0
2512	#FFFFFF	#D3D3D3	0	22.45	90	5600,0
2512	#FFFFFF	#D3D3D3	0.45	22	90	5600,0
2512	#FFFFFF	#D3D3D3	0	21.55	90	5600,0
2512	#FFFFFF	#D3D3D3	-0.45	22	90	5600,0
2535	#FFFFFF	#D3D3D3	0.05	22.5	6	5600,0
2535	#FFFFFF	#D3D3D3	0.5	22.95	6	5600,0
2535	#FFFFFF	#D3D3D3	0.95	22.5	6	5600,0
2535	#FFFFFF	#D3D3D3	0.5	22.05	6	5600,0
2535	#FFFFFF	#D3D3D3	0.05	22.5	6	5600,0
2558	#FFFFFF	#D3D3D3	0.55	23	6	5600,0
2558	#FFFFFF	#D3D3D3	1	23.45	6	5600,0
2558	#FFFFFF	#D3D3D3	1.45	23	6	5600,0
2558	#FFFFFF	#D3D3D3	1	22.55	6	5600,0
2558	#FFFFFF	#D3D3D3	0.55	23	6	5600,0
2581	#FFFFFF	#D3D3D3	1.05	23.5	6	5600,0
2581	#FFFFFF	#D3D3D3	1.5	23.95	6	5600,0
2581	#FFFFFF	#D3D3D3	1.95	23.5	6	5600,0
2581	#FFFFFF	#D3D3D3	1.5	23.05	6	5600,0
2581	#FFFFFF	#D3D3D3	1.05	23.5	6	5600,0
2604	#FFFFFF	#D3D3D3	1.55	24	6	5600,0
2604	#FFFFFF	#D3D3D3	2	24.45	6	5600,0
2604	#FFFFFF	#D3D3D3	2.45	24	6	5600,0
2604	#FFFFFF	#D3D3D3	2	23.55	6	5600,0
2604	#FFFFFF	#D3D3D3	1.55	24	6	5600,0
2628	#FFFFFF	#D3D3D3	2.05	24.5	6	5600,0
2628	#FFFFFF	#D3D3D3	2.5	24.95	6	5600,0
2628	#FFFFFF	#D3D3D3	2.95	24.5	6	5600,0
2628	#FFFFFF	#D3D3D3	2.5	24.05	6	5600,0
2628	#FFFFFF	#D3D3D3	2.05	24.5	6	5600,0
2653	#FFFFFF	#D3D3D3	2.55	25	17	5600,0
2653	#FFFFFF	#D3D3D3	3	25.45	17	5600,0
2653	#FFFFFF	#D3D3D3	3.45	25	17	5600,0
2653	#FFFFFF	#D3D3D3	3	24.55	17	5600,0
2653	#FFFFFF	#D3D3D3	2.55	25	17	5600,0
2678	#FFFFFF	#D3D3D3	3.05	25.5	17	5600,0
2678	#FFFFFF	#D3D3D3	3.5	25.95	17	5600,0
2678	#FFFFFF	#D3D3D3	3.95	25.5	17	5600,0
2678	#FFFFFF	#D3D3D3	3.5	25.05	17	5600,0
2678	#FFFFFF	#D3D3D3	3.05	25.5	17	5600,0
2704	#FFFFFF	#D3D3D3	3.55	26	17	5600,0
2704	#FFFFFF	#D3D3D3	4	26.45	17	5600,0
2704	#FFFFFF	#D3D3D3	4.45	26	17	5600,0
2704	#FFFFFF	#D3D3D3	4	25.55	17	5600,0
2704	#FFFFFF	#D3D3D3	3.55	26	17	5600,0
2730	#FFFFFF	#D3D3D3	4.05	26.5	77	5600,0
2730	#FFFFFF	#D3D3D3	4.5	26.95	77	5600,0
2730	#FFFFFF	#D3D3D3	4.95	26.5	77	5600,0
2730	#FFFFFF	#D3D3D3	4.5	26.05	77	5600,0
2730	#FFFFFF	#D3D3D3	4.05	26.5	77	5600,0
2757	#FFFFFF	#D3D3D3	4.55	27	51	5600,0
2757	#FFFFFF	#D3D3D3	5	27.45	51	5600,0
2757	#FFFFFF	#D3D3D3	5.45	27	51	5600,0
2757	#FFFFFF	#D3D3D3	5	26.55	51	5600,0
2757	#FFFFFF	#D3D3D3	4.55	27	51	5600,0
2304	#FFFFFF	#D3D3D3	-44.95	27.5	7	5650,0
2304	#FFFFFF	#D3D3D3	-44.5	27.95	7	5650,0
2304	#FFFFFF	#D3D3D3	-44.05	27.5	7	5650,0
2304	#FFFFFF	#D3D3D3	-44.5	27.05	7	5650,0
2304	#FFFFFF	#D3D3D3	-44.95	27.5	7	5650,0
2277	#FFFFFF	#D3D3D3	-44.45	28	12	5650,0
2277	#FFFFFF	#D3D3D3	-44	28.45	12	5650,0
2277	#FFFFFF	#D3D3D3	-43.55	28	12	5650,0
2277	#FFFFFF	#D3D3D3	-44	27.55	12	5650,0
2277	#FFFFFF	#D3D3D3	-44.45	28	12	5650,0
2248	#FFFFFF	#D3D3D3	-43.95	28.5	12	5650,0
2248	#FFFFFF	#D3D3D3	-43.5	28.95	12	5650,0
2248	#FFFFFF	#D3D3D3	-43.05	28.5	12	5650,0
2248	#FFFFFF	#D3D3D3	-43.5	28.05	12	5650,0
2248	#FFFFFF	#D3D3D3	-43.95	28.5	12	5650,0
2220	#FFFFFF	#D3D3D3	-43.45	29	7	5650,0
2220	#FFFFFF	#D3D3D3	-43	29.45	7	5650,0
2220	#FFFFFF	#D3D3D3	-42.55	29	7	5650,0
2220	#FFFFFF	#D3D3D3	-43	28.55	7	5650,0
2220	#FFFFFF	#D3D3D3	-43.45	29	7	5650,0
2190	#FFFFFF	#D3D3D3	-42.95	29.5	7	5650,0
2190	#FFFFFF	#D3D3D3	-42.5	29.95	7	5650,0
2190	#FFFFFF	#D3D3D3	-42.05	29.5	7	5650,0
2190	#FFFFFF	#D3D3D3	-42.5	29.05	7	5650,0
2190	#FFFFFF	#D3D3D3	-42.95	29.5	7	5650,0
2162	#FFFFFF	#D3D3D3	-42.45	30	7	5650,0
2162	#FFFFFF	#D3D3D3	-42	30.45	7	5650,0
2162	#FFFFFF	#D3D3D3	-41.55	30	7	5650,0
2162	#FFFFFF	#D3D3D3	-42	29.55	7	5650,0
2162	#FFFFFF	#D3D3D3	-42.45	30	7	5650,0
2132	#FFFFFF	#D3D3D3	-41.95	30.5	27	5650,0
2132	#FFFFFF	#D3D3D3	-41.5	30.95	27	5650,0
2132	#FFFFFF	#D3D3D3	-41.05	30.5	27	5650,0
2132	#FFFFFF	#D3D3D3	-41.5	30.05	27	5650,0
2132	#FFFFFF	#D3D3D3	-41.95	30.5	27	5650,0
2103	#FFFFFF	#D3D3D3	-41.45	31	25	5650,0
2103	#FFFFFF	#D3D3D3	-41	31.45	25	5650,0
2103	#FFFFFF	#D3D3D3	-40.55	31	25	5650,0
2103	#FFFFFF	#D3D3D3	-41	30.55	25	5650,0
2103	#FFFFFF	#D3D3D3	-41.45	31	25	5650,0
2072	#FFFFFF	#D3D3D3	-40.95	31.5	69	5650,0
2072	#FFFFFF	#D3D3D3	-40.5	31.95	69	5650,0
2072	#FFFFFF	#D3D3D3	-40.05	31.5	69	5650,0
2072	#FFFFFF	#D3D3D3	-40.5	31.05	69	5650,0
2072	#FFFFFF	#D3D3D3	-40.95	31.5	69	5650,0
2041	#FFFFFF	#D3D3D3	-40.45	32	26	5650,0
2041	#FFFFFF	#D3D3D3	-40	32.45	26	5650,0
2041	#FFFFFF	#D3D3D3	-39.55	32	26	5650,0
2041	#FFFFFF	#D3D3D3	-40	31.55	26	5650,0
2041	#FFFFFF	#D3D3D3	-40.45	32	26	5650,0
1970	#FFFFFF	#D3D3D3	-39.95	32.5	59	5650,0
1970	#FFFFFF	#D3D3D3	-39.5	32.95	59	5650,0
1970	#FFFFFF	#D3D3D3	-39.05	32.5	59	5650,0
1970	#FFFFFF	#D3D3D3	-39.5	32.05	59	5650,0
1970	#FFFFFF	#D3D3D3	-39.95	32.5	59	5650,0
1938	#FFFFFF	#D3D3D3	-39.45	33	47	5650,0
1938	#FFFFFF	#D3D3D3	-39	33.45	47	5650,0
1938	#FFFFFF	#D3D3D3	-38.55	33	47	5650,0
1938	#FFFFFF	#D3D3D3	-39	32.55	47	5650,0
1938	#FFFFFF	#D3D3D3	-39.45	33	47	5650,0
1905	#FFFFFF	#D3D3D3	-38.95	33.5	60	5650,0
1905	#FFFFFF	#D3D3D3	-38.5	33.95	60	5650,0
1905	#FFFFFF	#D3D3D3	-38.05	33.5	60	5650,0
1905	#FFFFFF	#D3D3D3	-38.5	33.05	60	5650,0
1905	#FFFFFF	#D3D3D3	-38.95	33.5	60	5650,0
1872	#FFFFFF	#D3D3D3	-38.45	34	25	5650,0
1872	#FFFFFF	#D3D3D3	-38	34.45	25	5650,0
1872	#FFFFFF	#D3D3D3	-37.55	34	25	5650,0
1872	#FFFFFF	#D3D3D3	-38	33.55	25	5650,0
1872	#FFFFFF	#D3D3D3	-38.45	34	25	5650,0
1838	#FFFFFF	#D3D3D3	-37.95	34.5	25	5650,0
1838	#FFFFFF	#D3D3D3	-37.5	34.95	25	5650,0
1838	#FFFFFF	#D3D3D3	-37.05	34.5	25	5650,0
1838	#FFFFFF	#D3D3D3	-37.5	34.05	25	5650,0
1838	#FFFFFF	#D3D3D3	-37.95	34.5	25	5650,0
1804	#FFFFFF	#D3D3D3	-37.45	35	41	5650,0
1804	#FFFFFF	#D3D3D3	-37	35.45	41	5650,0
1804	#FFFFFF	#D3D3D3	-36.55	35	41	5650,0
1804	#FFFFFF	#D3D3D3	-37	34.55	41	5650,0
1804	#FFFFFF	#D3D3D3	-37.45	35	41	5650,0
1769	#FFFFFF	#D3D3D3	-36.95	35.5	41	5650,0
1769	#FFFFFF	#D3D3D3	-36.5	35.95	41	5650,0
1769	#FFFFFF	#D3D3D3	-36.05	35.5	41	5650,0
1769	#FFFFFF	#D3D3D3	-36.5	35.05	41	5650,0
1769	#FFFFFF	#D3D3D3	-36.95	35.5	41	5650,0
1734	#FFFFFF	#D3D3D3	-36.45	36	25	5650,0
1734	#FFFFFF	#D3D3D3	-36	36.45	25	5650,0
1734	#FFFFFF	#D3D3D3	-35.55	36	25	5650,0
1734	#FFFFFF	#D3D3D3	-36	35.55	25	5650,0
1734	#FFFFFF	#D3D3D3	-36.45	36	25	5650,0
1699	#FFFFFF	#D3D3D3	-35.95	36.5	25	5650,0
1699	#FFFFFF	#D3D3D3	-35.5	36.95	25	5650,0
1699	#FFFFFF	#D3D3D3	-35.05	36.5	25	5650,0
1699	#FFFFFF	#D3D3D3	-35.5	36.05	25	5650,0
1699	#FFFFFF	#D3D3D3	-35.95	36.5	25	5650,0
1663	#FFFFFF	#D3D3D3	-35.45	37	25	5650,0
1663	#FFFFFF	#D3D3D3	-35	37.45	25	5650,0
1663	#FFFFFF	#D3D3D3	-34.55	37	25	5650,0
1663	#FFFFFF	#D3D3D3	-35	36.55	25	5650,0
1663	#FFFFFF	#D3D3D3	-35.45	37	25	5650,0
1627	#FFFFFF	#D3D3D3	-34.95	37.5	25	5650,0
1627	#FFFFFF	#D3D3D3	-34.5	37.95	25	5650,0
1627	#FFFFFF	#D3D3D3	-34.05	37.5	25	5650,0
1627	#FFFFFF	#D3D3D3	-34.5	37.05	25	5650,0
1627	#FFFFFF	#D3D3D3	-34.95	37.5	25	5650,0
1590	#FFFFFF	#D3D3D3	-34.45	38	62	5650,0
1590	#FFFFFF	#D3D3D3	-34	38.45	62	5650,0
1590	#FFFFFF	#D3D3D3	-33.55	38	62	5650,0
1590	#FFFFFF	#D3D3D3	-34	37.55	62	5650,0
1590	#FFFFFF	#D3D3D3	-34.45	38	62	5650,0
1552	#FFFFFF	#D3D3D3	-33.95	38.5	25	5650,0
1552	#FFFFFF	#D3D3D3	-33.5	38.95	25	5650,0
1552	#FFFFFF	#D3D3D3	-33.05	38.5	25	5650,0
1552	#FFFFFF	#D3D3D3	-33.5	38.05	25	5650,0
1552	#FFFFFF	#D3D3D3	-33.95	38.5	25	5650,0
1516	#FFFFFF	#D3D3D3	-33.45	39	25	5650,0
1516	#FFFFFF	#D3D3D3	-33	39.45	25	5650,0
1516	#FFFFFF	#D3D3D3	-32.55	39	25	5650,0
1516	#FFFFFF	#D3D3D3	-33	38.55	25	5650,0
1516	#FFFFFF	#D3D3D3	-33.45	39	25	5650,0
1478	#FFFFFF	#D3D3D3	-32.95	39.5	42	5650,0
1478	#FFFFFF	#D3D3D3	-32.5	39.95	42	5650,0
1478	#FFFFFF	#D3D3D3	-32.05	39.5	42	5650,0
1478	#FFFFFF	#D3D3D3	-32.5	39.05	42	5650,0
1478	#FFFFFF	#D3D3D3	-32.95	39.5	42	5650,0
1442	#FFFFFF	#D3D3D3	-32.45	40	42	5650,0
1442	#FFFFFF	#D3D3D3	-32	40.45	42	5650,0
1442	#FFFFFF	#D3D3D3	-31.55	40	42	5650,0
1442	#FFFFFF	#D3D3D3	-32	39.55	42	5650,0
1442	#FFFFFF	#D3D3D3	-32.45	40	42	5650,0
634	#FFFFFF	#D3D3D3	-21.45	0	3	5600,0
634	#CD1076	#000000	-21.45	0	10	5650,0
634	#FFFFFF	#D3D3D3	-21	0.45	3	5600,0
634	#CD1076	#000000	-21	0.45	10	5650,0
634	#FFFFFF	#D3D3D3	-20.55	0	3	5600,0
634	#CD1076	#000000	-20.55	0	10	5650,0
634	#FFFFFF	#D3D3D3	-21	-0.45	3	5600,0
634	#CD1076	#000000	-21	-0.45	10	5650,0
634	#FFFFFF	#D3D3D3	-21.45	0	3	5600,0
634	#CD1076	#000000	-21.45	0	10	5650,0
605	#FFFFFF	#D3D3D3	-20.95	0.5	20	5600,0
605	#CD1076	#000000	-20.95	0.5	10	5650,0
605	#FFFFFF	#D3D3D3	-20.5	0.95	20	5600,0
605	#CD1076	#000000	-20.5	0.95	10	5650,0
605	#FFFFFF	#D3D3D3	-20.05	0.5	20	5600,0
605	#CD1076	#000000	-20.05	0.5	10	5650,0
605	#FFFFFF	#D3D3D3	-20.5	0.05	20	5600,0
605	#CD1076	#000000	-20.5	0.05	10	5650,0
605	#FFFFFF	#D3D3D3	-20.95	0.5	20	5600,0
605	#CD1076	#000000	-20.95	0.5	10	5650,0
577	#FFFFFF	#D3D3D3	-20.45	1	92	5600,0
577	#CD1076	#000000	-20.45	1	10	5650,0
577	#FFFFFF	#D3D3D3	-20	1.45	92	5600,0
577	#CD1076	#000000	-20	1.45	10	5650,0
577	#FFFFFF	#D3D3D3	-19.55	1	92	5600,0
577	#CD1076	#000000	-19.55	1	10	5650,0
577	#FFFFFF	#D3D3D3	-20	0.55	92	5600,0
577	#CD1076	#000000	-20	0.55	10	5650,0
577	#FFFFFF	#D3D3D3	-20.45	1	92	5600,0
577	#CD1076	#000000	-20.45	1	10	5650,0
505	#FFFFFF	#D3D3D3	-19.95	1.5	3	5600,0
505	#CD1076	#000000	-19.95	1.5	10	5650,0
505	#FFFFFF	#D3D3D3	-19.5	1.95	3	5600,0
505	#CD1076	#000000	-19.5	1.95	10	5650,0
505	#FFFFFF	#D3D3D3	-19.05	1.5	3	5600,0
505	#CD1076	#000000	-19.05	1.5	10	5650,0
505	#FFFFFF	#D3D3D3	-19.5	1.05	3	5600,0
505	#CD1076	#000000	-19.5	1.05	10	5650,0
505	#FFFFFF	#D3D3D3	-19.95	1.5	3	5600,0
505	#CD1076	#000000	-19.95	1.5	10	5650,0
488	#FFFFFF	#D3D3D3	-19.45	2	3	5600,0
488	#CD1076	#000000	-19.45	2	40	5650,0
488	#FFFFFF	#D3D3D3	-19	2.45	3	5600,0
488	#CD1076	#000000	-19	2.45	40	5650,0
488	#FFFFFF	#D3D3D3	-18.55	2	3	5600,0
488	#CD1076	#000000	-18.55	2	40	5650,0
488	#FFFFFF	#D3D3D3	-19	1.55	3	5600,0
488	#CD1076	#000000	-19	1.55	40	5650,0
488	#FFFFFF	#D3D3D3	-19.45	2	3	5600,0
488	#CD1076	#000000	-19.45	2	40	5650,0
461	#FFFFFF	#D3D3D3	-18.95	2.5	3	5600,0
461	#CD1076	#000000	-18.95	2.5	39	5650,0
461	#FFFFFF	#D3D3D3	-18.5	2.95	3	5600,0
461	#CD1076	#000000	-18.5	2.95	39	5650,0
461	#FFFFFF	#D3D3D3	-18.05	2.5	3	5600,0
461	#CD1076	#000000	-18.05	2.5	39	5650,0
461	#FFFFFF	#D3D3D3	-18.5	2.05	3	5600,0
461	#CD1076	#000000	-18.5	2.05	39	5650,0
461	#FFFFFF	#D3D3D3	-18.95	2.5	3	5600,0
461	#CD1076	#000000	-18.95	2.5	39	5650,0
442	#FFFFFF	#D3D3D3	-18.45	3	3	5600,0
442	#CD1076	#000000	-18.45	3	39	5650,0
442	#FFFFFF	#D3D3D3	-18	3.45	3	5600,0
442	#CD1076	#000000	-18	3.45	39	5650,0
442	#FFFFFF	#D3D3D3	-17.55	3	3	5600,0
442	#CD1076	#000000	-17.55	3	39	5650,0
442	#FFFFFF	#D3D3D3	-18	2.55	3	5600,0
442	#CD1076	#000000	-18	2.55	39	5650,0
442	#FFFFFF	#D3D3D3	-18.45	3	3	5600,0
442	#CD1076	#000000	-18.45	3	39	5650,0
415	#FFFFFF	#D3D3D3	-17.95	3.5	3	5600,0
415	#CD1076	#000000	-17.95	3.5	39	5650,0
415	#FFFFFF	#D3D3D3	-17.5	3.95	3	5600,0
415	#CD1076	#000000	-17.5	3.95	39	5650,0
415	#FFFFFF	#D3D3D3	-17.05	3.5	3	5600,0
415	#CD1076	#000000	-17.05	3.5	39	5650,0
415	#FFFFFF	#D3D3D3	-17.5	3.05	3	5600,0
415	#CD1076	#000000	-17.5	3.05	39	5650,0
415	#FFFFFF	#D3D3D3	-17.95	3.5	3	5600,0
415	#CD1076	#000000	-17.95	3.5	39	5650,0
315	#FFFFFF	#D3D3D3	-15.95	5.5	3	5600,0
315	#FFFFFF	#D3D3D3	-15.95	5.5	4	5650,0
315	#FFFFFF	#D3D3D3	-15.5	5.95	3	5600,0
315	#FFFFFF	#D3D3D3	-15.5	5.95	4	5650,0
315	#FFFFFF	#D3D3D3	-15.05	5.5	3	5600,0
315	#FFFFFF	#D3D3D3	-15.05	5.5	4	5650,0
315	#FFFFFF	#D3D3D3	-15.5	5.05	3	5600,0
315	#FFFFFF	#D3D3D3	-15.5	5.05	4	5650,0
315	#FFFFFF	#D3D3D3	-15.95	5.5	3	5600,0
315	#FFFFFF	#D3D3D3	-15.95	5.5	4	5650,0
292	#FFFFFF	#D3D3D3	-15.45	6	3	5600,0
292	#FFFFFF	#D3D3D3	-15.45	6	4	5650,0
292	#FFFFFF	#D3D3D3	-15	6.45	3	5600,0
292	#FFFFFF	#D3D3D3	-15	6.45	4	5650,0
292	#FFFFFF	#D3D3D3	-14.55	6	3	5600,0
292	#FFFFFF	#D3D3D3	-14.55	6	4	5650,0
292	#FFFFFF	#D3D3D3	-15	5.55	3	5600,0
292	#FFFFFF	#D3D3D3	-15	5.55	4	5650,0
292	#FFFFFF	#D3D3D3	-15.45	6	3	5600,0
292	#FFFFFF	#D3D3D3	-15.45	6	4	5650,0
268	#FFFFFF	#D3D3D3	-14.95	6.5	3	5600,0
268	#FFFFFF	#D3D3D3	-14.95	6.5	4	5650,0
268	#FFFFFF	#D3D3D3	-14.5	6.95	3	5600,0
268	#FFFFFF	#D3D3D3	-14.5	6.95	4	5650,0
268	#FFFFFF	#D3D3D3	-14.05	6.5	3	5600,0
268	#FFFFFF	#D3D3D3	-14.05	6.5	4	5650,0
268	#FFFFFF	#D3D3D3	-14.5	6.05	3	5600,0
268	#FFFFFF	#D3D3D3	-14.5	6.05	4	5650,0
268	#FFFFFF	#D3D3D3	-14.95	6.5	3	5600,0
268	#FFFFFF	#D3D3D3	-14.95	6.5	4	5650,0
246	#FFFFFF	#D3D3D3	-14.45	7	3	5600,0
246	#FFFFFF	#D3D3D3	-14.45	7	4	5650,0
246	#FFFFFF	#D3D3D3	-14	7.45	3	5600,0
246	#FFFFFF	#D3D3D3	-14	7.45	4	5650,0
246	#FFFFFF	#D3D3D3	-13.55	7	3	5600,0
246	#FFFFFF	#D3D3D3	-13.55	7	4	5650,0
246	#FFFFFF	#D3D3D3	-14	6.55	3	5600,0
246	#FFFFFF	#D3D3D3	-14	6.55	4	5650,0
246	#FFFFFF	#D3D3D3	-14.45	7	3	5600,0
246	#FFFFFF	#D3D3D3	-14.45	7	4	5650,0
223	#FFFFFF	#D3D3D3	-13.95	7.5	3	5600,0
223	#FFFFFF	#D3D3D3	-13.95	7.5	4	5650,0
223	#FFFFFF	#D3D3D3	-13.5	7.95	3	5600,0
223	#FFFFFF	#D3D3D3	-13.5	7.95	4	5650,0
223	#FFFFFF	#D3D3D3	-13.05	7.5	3	5600,0
223	#FFFFFF	#D3D3D3	-13.05	7.5	4	5650,0
223	#FFFFFF	#D3D3D3	-13.5	7.05	3	5600,0
223	#FFFFFF	#D3D3D3	-13.5	7.05	4	5650,0
223	#FFFFFF	#D3D3D3	-13.95	7.5	3	5600,0
223	#FFFFFF	#D3D3D3	-13.95	7.5	4	5650,0
202	#FFFFFF	#D3D3D3	-13.45	8	3	5600,0
202	#FFFFFF	#D3D3D3	-13.45	8	4	5650,0
202	#FFFFFF	#D3D3D3	-13	8.45	3	5600,0
202	#FFFFFF	#D3D3D3	-13	8.45	4	5650,0
202	#FFFFFF	#D3D3D3	-12.55	8	3	5600,0
202	#FFFFFF	#D3D3D3	-12.55	8	4	5650,0
202	#FFFFFF	#D3D3D3	-13	7.55	3	5600,0
202	#FFFFFF	#D3D3D3	-13	7.55	4	5650,0
202	#FFFFFF	#D3D3D3	-13.45	8	3	5600,0
202	#FFFFFF	#D3D3D3	-13.45	8	4	5650,0
180	#FFFFFF	#D3D3D3	-12.95	8.5	3	5600,0
180	#FFFFFF	#D3D3D3	-12.95	8.5	4	5650,0
180	#FFFFFF	#D3D3D3	-12.5	8.95	3	5600,0
180	#FFFFFF	#D3D3D3	-12.5	8.95	4	5650,0
180	#FFFFFF	#D3D3D3	-12.05	8.5	3	5600,0
180	#FFFFFF	#D3D3D3	-12.05	8.5	4	5650,0
180	#FFFFFF	#D3D3D3	-12.5	8.05	3	5600,0
180	#FFFFFF	#D3D3D3	-12.5	8.05	4	5650,0
180	#FFFFFF	#D3D3D3	-12.95	8.5	3	5600,0
180	#FFFFFF	#D3D3D3	-12.95	8.5	4	5650,0
160	#FFFFFF	#D3D3D3	-12.45	9	6	5600,0
160	#FFFFFF	#D3D3D3	-12.45	9	4	5650,0
160	#FFFFFF	#D3D3D3	-12	9.45	6	5600,0
160	#FFFFFF	#D3D3D3	-12	9.45	4	5650,0
160	#FFFFFF	#D3D3D3	-11.55	9	6	5600,0
160	#FFFFFF	#D3D3D3	-11.55	9	4	5650,0
160	#FFFFFF	#D3D3D3	-12	8.55	6	5600,0
160	#FFFFFF	#D3D3D3	-12	8.55	4	5650,0
160	#FFFFFF	#D3D3D3	-12.45	9	6	5600,0
160	#FFFFFF	#D3D3D3	-12.45	9	4	5650,0
139	#FFFFFF	#D3D3D3	-11.95	9.5	3	5600,0
139	#FFFFFF	#D3D3D3	-11.95	9.5	4	5650,0
139	#FFFFFF	#D3D3D3	-11.5	9.95	3	5600,0
139	#FFFFFF	#D3D3D3	-11.5	9.95	4	5650,0
139	#FFFFFF	#D3D3D3	-11.05	9.5	3	5600,0
139	#FFFFFF	#D3D3D3	-11.05	9.5	4	5650,0
139	#FFFFFF	#D3D3D3	-11.5	9.05	3	5600,0
139	#FFFFFF	#D3D3D3	-11.5	9.05	4	5650,0
139	#FFFFFF	#D3D3D3	-11.95	9.5	3	5600,0
139	#FFFFFF	#D3D3D3	-11.95	9.5	4	5650,0
102	#FFFFFF	#D3D3D3	-11.45	10	3	5600,0
102	#FFFFFF	#D3D3D3	-11.45	10	4	5650,0
102	#FFFFFF	#D3D3D3	-11	10.45	3	5600,0
102	#FFFFFF	#D3D3D3	-11	10.45	4	5650,0
102	#FFFFFF	#D3D3D3	-10.55	10	3	5600,0
102	#FFFFFF	#D3D3D3	-10.55	10	4	5650,0
102	#FFFFFF	#D3D3D3	-11	9.55	3	5600,0
102	#FFFFFF	#D3D3D3	-11	9.55	4	5650,0
102	#FFFFFF	#D3D3D3	-11.45	10	3	5600,0
102	#FFFFFF	#D3D3D3	-11.45	10	4	5650,0
83	#FFFFFF	#D3D3D3	-10.95	10.5	6	5600,0
83	#FFFFFF	#D3D3D3	-10.95	10.5	4	5650,0
83	#FFFFFF	#D3D3D3	-10.5	10.95	6	5600,0
83	#FFFFFF	#D3D3D3	-10.5	10.95	4	5650,0
83	#FFFFFF	#D3D3D3	-10.05	10.5	6	5600,0
83	#FFFFFF	#D3D3D3	-10.05	10.5	4	5650,0
83	#FFFFFF	#D3D3D3	-10.5	10.05	6	5600,0
83	#FFFFFF	#D3D3D3	-10.5	10.05	4	5650,0
83	#FFFFFF	#D3D3D3	-10.95	10.5	6	5600,0
83	#FFFFFF	#D3D3D3	-10.95	10.5	4	5650,0
65	#FFFFFF	#D3D3D3	-10.45	11	23	5600,0
65	#FFFFFF	#D3D3D3	-10.45	11	4	5650,0
65	#FFFFFF	#D3D3D3	-10	11.45	23	5600,0
65	#FFFFFF	#D3D3D3	-10	11.45	4	5650,0
65	#FFFFFF	#D3D3D3	-9.55	11	23	5600,0
65	#FFFFFF	#D3D3D3	-9.55	11	4	5650,0
65	#FFFFFF	#D3D3D3	-10	10.55	23	5600,0
65	#FFFFFF	#D3D3D3	-10	10.55	4	5650,0
65	#FFFFFF	#D3D3D3	-10.45	11	23	5600,0
65	#FFFFFF	#D3D3D3	-10.45	11	4	5650,0
2485	#FFFFFF	#D3D3D3	-9.95	11.5	6	5600,0
2485	#FFFFFF	#D3D3D3	-9.95	11.5	4	5650,0
2485	#FFFFFF	#D3D3D3	-9.5	11.95	6	5600,0
2485	#FFFFFF	#D3D3D3	-9.5	11.95	4	5650,0
2485	#FFFFFF	#D3D3D3	-9.05	11.5	6	5600,0
2485	#FFFFFF	#D3D3D3	-9.05	11.5	4	5650,0
2485	#FFFFFF	#D3D3D3	-9.5	11.05	6	5600,0
2485	#FFFFFF	#D3D3D3	-9.5	11.05	4	5650,0
2485	#FFFFFF	#D3D3D3	-9.95	11.5	6	5600,0
2485	#FFFFFF	#D3D3D3	-9.95	11.5	4	5650,0
2468	#FFFFFF	#D3D3D3	-9.45	12	6	5600,0
2468	#FFFFFF	#D3D3D3	-9.45	12	4	5650,0
2468	#FFFFFF	#D3D3D3	-9	12.45	6	5600,0
2468	#FFFFFF	#D3D3D3	-9	12.45	4	5650,0
2468	#FFFFFF	#D3D3D3	-8.55	12	6	5600,0
2468	#FFFFFF	#D3D3D3	-8.55	12	4	5650,0
2468	#FFFFFF	#D3D3D3	-9	11.55	6	5600,0
2468	#FFFFFF	#D3D3D3	-9	11.55	4	5650,0
2468	#FFFFFF	#D3D3D3	-9.45	12	6	5600,0
2468	#FFFFFF	#D3D3D3	-9.45	12	4	5650,0
2451	#FFFFFF	#D3D3D3	-8.95	12.5	6	5600,0
2451	#FFFFFF	#D3D3D3	-8.95	12.5	4	5650,0
2451	#FFFFFF	#D3D3D3	-8.5	12.95	6	5600,0
2451	#FFFFFF	#D3D3D3	-8.5	12.95	4	5650,0
2451	#FFFFFF	#D3D3D3	-8.05	12.5	6	5600,0
2451	#FFFFFF	#D3D3D3	-8.05	12.5	4	5650,0
2451	#FFFFFF	#D3D3D3	-8.5	12.05	6	5600,0
2451	#FFFFFF	#D3D3D3	-8.5	12.05	4	5650,0
2451	#FFFFFF	#D3D3D3	-8.95	12.5	6	5600,0
2451	#FFFFFF	#D3D3D3	-8.95	12.5	4	5650,0
2434	#FFFFFF	#D3D3D3	-8.45	13	6	5600,0
2434	#FFFFFF	#D3D3D3	-8.45	13	4	5650,0
2434	#FFFFFF	#D3D3D3	-8	13.45	6	5600,0
2434	#FFFFFF	#D3D3D3	-8	13.45	4	5650,0
2434	#FFFFFF	#D3D3D3	-7.55	13	6	5600,0
2434	#FFFFFF	#D3D3D3	-7.55	13	4	5650,0
2434	#FFFFFF	#D3D3D3	-8	12.55	6	5600,0
2434	#FFFFFF	#D3D3D3	-8	12.55	4	5650,0
2434	#FFFFFF	#D3D3D3	-8.45	13	6	5600,0
2434	#FFFFFF	#D3D3D3	-8.45	13	4	5650,0
2417	#FFFFFF	#D3D3D3	-7.95	13.5	6	5600,0
2417	#FFFFFF	#D3D3D3	-7.95	13.5	4	5650,0
2417	#FFFFFF	#D3D3D3	-7.5	13.95	6	5600,0
2417	#FFFFFF	#D3D3D3	-7.5	13.95	4	5650,0
2417	#FFFFFF	#D3D3D3	-7.05	13.5	6	5600,0
2417	#FFFFFF	#D3D3D3	-7.05	13.5	4	5650,0
2417	#FFFFFF	#D3D3D3	-7.5	13.05	6	5600,0
2417	#FFFFFF	#D3D3D3	-7.5	13.05	4	5650,0
2417	#FFFFFF	#D3D3D3	-7.95	13.5	6	5600,0
2417	#FFFFFF	#D3D3D3	-7.95	13.5	4	5650,0
2400	#FFFFFF	#D3D3D3	-7.45	14	6	5600,0
2400	#FFFFFF	#D3D3D3	-7.45	14	4	5650,0
2400	#FFFFFF	#D3D3D3	-7	14.45	6	5600,0
2400	#FFFFFF	#D3D3D3	-7	14.45	4	5650,0
2400	#FFFFFF	#D3D3D3	-6.55	14	6	5600,0
2400	#FFFFFF	#D3D3D3	-6.55	14	4	5650,0
2400	#FFFFFF	#D3D3D3	-7	13.55	6	5600,0
2400	#FFFFFF	#D3D3D3	-7	13.55	4	5650,0
2400	#FFFFFF	#D3D3D3	-7.45	14	6	5600,0
2400	#FFFFFF	#D3D3D3	-7.45	14	4	5650,0
2382	#FFFFFF	#D3D3D3	-6.95	14.5	6	5600,0
2382	#FFFFFF	#D3D3D3	-6.95	14.5	4	5650,0
2382	#FFFFFF	#D3D3D3	-6.5	14.95	6	5600,0
2382	#FFFFFF	#D3D3D3	-6.5	14.95	4	5650,0
2382	#FFFFFF	#D3D3D3	-6.05	14.5	6	5600,0
2382	#FFFFFF	#D3D3D3	-6.05	14.5	4	5650,0
2382	#FFFFFF	#D3D3D3	-6.5	14.05	6	5600,0
2382	#FFFFFF	#D3D3D3	-6.5	14.05	4	5650,0
2382	#FFFFFF	#D3D3D3	-6.95	14.5	6	5600,0
2382	#FFFFFF	#D3D3D3	-6.95	14.5	4	5650,0
2364	#FFFFFF	#D3D3D3	-6.45	15	6	5600,0
2364	#FFFFFF	#D3D3D3	-6	15.45	6	5600,0
2364	#FFFFFF	#D3D3D3	-5.55	15	6	5600,0
2364	#FFFFFF	#D3D3D3	-6	14.55	6	5600,0
2364	#FFFFFF	#D3D3D3	-6.45	15	6	5600,0
2345	#FFFFFF	#D3D3D3	-5.95	15.5	6	5600,0
2345	#FFFFFF	#D3D3D3	-5.5	15.95	6	5600,0
2345	#FFFFFF	#D3D3D3	-5.05	15.5	6	5600,0
2345	#FFFFFF	#D3D3D3	-5.5	15.05	6	5600,0
2345	#FFFFFF	#D3D3D3	-5.95	15.5	6	5600,0
2326	#FFFFFF	#D3D3D3	-5.45	16	6	5600,0
2326	#FFFFFF	#D3D3D3	-5	16.45	6	5600,0
2326	#FFFFFF	#D3D3D3	-4.55	16	6	5600,0
2326	#FFFFFF	#D3D3D3	-5	15.55	6	5600,0
2326	#FFFFFF	#D3D3D3	-5.45	16	6	5600,0
2008	#FFFFFF	#D3D3D3	-4.95	16.5	16	5600,0
2008	#FFFFFF	#D3D3D3	-4.5	16.95	16	5600,0
2008	#FFFFFF	#D3D3D3	-4.05	16.5	16	5600,0
2008	#FFFFFF	#D3D3D3	-4.5	16.05	16	5600,0
2008	#FFFFFF	#D3D3D3	-4.95	16.5	16	5600,0
1988	#FFFFFF	#D3D3D3	-4.45	17	16	5600,0
1988	#FFFFFF	#D3D3D3	-4	17.45	16	5600,0
1988	#FFFFFF	#D3D3D3	-3.55	17	16	5600,0
1988	#FFFFFF	#D3D3D3	-4	16.55	16	5600,0
1988	#FFFFFF	#D3D3D3	-4.45	17	16	5600,0
1256	#FFFFFF	#D3D3D3	-3.95	17.5	6	5600,0
1256	#FFFFFF	#D3D3D3	-3.5	17.95	6	5600,0
1256	#FFFFFF	#D3D3D3	-3.05	17.5	6	5600,0
1256	#FFFFFF	#D3D3D3	-3.5	17.05	6	5600,0
1256	#FFFFFF	#D3D3D3	-3.95	17.5	6	5600,0
1235	#FFFFFF	#D3D3D3	-3.45	18	6	5600,0
1235	#FFFFFF	#D3D3D3	-3	18.45	6	5600,0
1235	#FFFFFF	#D3D3D3	-2.55	18	6	5600,0
1235	#FFFFFF	#D3D3D3	-3	17.55	6	5600,0
1235	#FFFFFF	#D3D3D3	-3.45	18	6	5600,0
564	#FFFFFF	#D3D3D3	-2.95	18.5	6	5600,0
564	#FFFFFF	#D3D3D3	-2.5	18.95	6	5600,0
564	#FFFFFF	#D3D3D3	-2.05	18.5	6	5600,0
564	#FFFFFF	#D3D3D3	-2.5	18.05	6	5600,0
564	#FFFFFF	#D3D3D3	-2.95	18.5	6	5600,0
542	#FFFFFF	#D3D3D3	-2.45	19	6	5600,0
542	#FFFFFF	#D3D3D3	-2	19.45	6	5600,0
542	#FFFFFF	#D3D3D3	-1.55	19	6	5600,0
542	#FFFFFF	#D3D3D3	-2	18.55	6	5600,0
542	#FFFFFF	#D3D3D3	-2.45	19	6	5600,0
50	#FFFFFF	#D3D3D3	-1.95	19.5	6	5600,0
50	#FFFFFF	#D3D3D3	-1.5	19.95	6	5600,0
50	#FFFFFF	#D3D3D3	-1.05	19.5	6	5600,0
50	#FFFFFF	#D3D3D3	-1.5	19.05	6	5600,0
50	#FFFFFF	#D3D3D3	-1.95	19.5	6	5600,0
32	#FFFFFF	#D3D3D3	-1.45	20	6	5600,0
32	#FFFFFF	#D3D3D3	-1	20.45	6	5600,0
32	#FFFFFF	#D3D3D3	-0.55	20	6	5600,0
32	#FFFFFF	#D3D3D3	-1	19.55	6	5600,0
32	#FFFFFF	#D3D3D3	-1.45	20	6	5600,0
11	#FFFFFF	#D3D3D3	-0.95	20.5	6	5600,0
11	#FFFFFF	#D3D3D3	-0.5	20.95	6	5600,0
11	#FFFFFF	#D3D3D3	-0.05	20.5	6	5600,0
11	#FFFFFF	#D3D3D3	-0.5	20.05	6	5600,0
11	#FFFFFF	#D3D3D3	-0.95	20.5	6	5600,0
2511	#FFFFFF	#D3D3D3	-0.45	21	6	5600,0
2511	#FFFFFF	#D3D3D3	0	21.45	6	5600,0
2511	#FFFFFF	#D3D3D3	0.45	21	6	5600,0
2511	#FFFFFF	#D3D3D3	0	20.55	6	5600,0
2511	#FFFFFF	#D3D3D3	-0.45	21	6	5600,0
2534	#FFFFFF	#D3D3D3	0.05	21.5	6	5600,0
2534	#FFFFFF	#D3D3D3	0.5	21.95	6	5600,0
2534	#FFFFFF	#D3D3D3	0.95	21.5	6	5600,0
2534	#FFFFFF	#D3D3D3	0.5	21.05	6	5600,0
2534	#FFFFFF	#D3D3D3	0.05	21.5	6	5600,0
2557	#FFFFFF	#D3D3D3	0.55	22	6	5600,0
2557	#FFFFFF	#D3D3D3	1	22.45	6	5600,0
2557	#FFFFFF	#D3D3D3	1.45	22	6	5600,0
2557	#FFFFFF	#D3D3D3	1	21.55	6	5600,0
2557	#FFFFFF	#D3D3D3	0.55	22	6	5600,0
2580	#FFFFFF	#D3D3D3	1.05	22.5	9	5600,0
2580	#FFFFFF	#D3D3D3	1.5	22.95	9	5600,0
2580	#FFFFFF	#D3D3D3	1.95	22.5	9	5600,0
2580	#FFFFFF	#D3D3D3	1.5	22.05	9	5600,0
2580	#FFFFFF	#D3D3D3	1.05	22.5	9	5600,0
2603	#FFFFFF	#D3D3D3	1.55	23	9	5600,0
2603	#FFFFFF	#D3D3D3	2	23.45	9	5600,0
2603	#FFFFFF	#D3D3D3	2.45	23	9	5600,0
2603	#FFFFFF	#D3D3D3	2	22.55	9	5600,0
2603	#FFFFFF	#D3D3D3	1.55	23	9	5600,0
2627	#FFFFFF	#D3D3D3	2.05	23.5	9	5600,0
2627	#FFFFFF	#D3D3D3	2.5	23.95	9	5600,0
2627	#FFFFFF	#D3D3D3	2.95	23.5	9	5600,0
2627	#FFFFFF	#D3D3D3	2.5	23.05	9	5600,0
2627	#FFFFFF	#D3D3D3	2.05	23.5	9	5600,0
2652	#FFFFFF	#D3D3D3	2.55	24	17	5600,0
2652	#FFFFFF	#D3D3D3	3	24.45	17	5600,0
2652	#FFFFFF	#D3D3D3	3.45	24	17	5600,0
2652	#FFFFFF	#D3D3D3	3	23.55	17	5600,0
2652	#FFFFFF	#D3D3D3	2.55	24	17	5600,0
2677	#FFFFFF	#D3D3D3	3.05	24.5	17	5600,0
2677	#FFFFFF	#D3D3D3	3.5	24.95	17	5600,0
2677	#FFFFFF	#D3D3D3	3.95	24.5	17	5600,0
2677	#FFFFFF	#D3D3D3	3.5	24.05	17	5600,0
2677	#FFFFFF	#D3D3D3	3.05	24.5	17	5600,0
2703	#FFFFFF	#D3D3D3	3.55	25	17	5600,0
2703	#FFFFFF	#D3D3D3	4	25.45	17	5600,0
2703	#FFFFFF	#D3D3D3	4.45	25	17	5600,0
2703	#FFFFFF	#D3D3D3	4	24.55	17	5600,0
2703	#FFFFFF	#D3D3D3	3.55	25	17	5600,0
2729	#FFFFFF	#D3D3D3	4.05	25.5	108	5600,0
2729	#FFFFFF	#D3D3D3	4.5	25.95	108	5600,0
2729	#FFFFFF	#D3D3D3	4.95	25.5	108	5600,0
2729	#FFFFFF	#D3D3D3	4.5	25.05	108	5600,0
2729	#FFFFFF	#D3D3D3	4.05	25.5	108	5600,0
2756	#FFFFFF	#D3D3D3	4.55	26	7	5600,0
2756	#FFFFFF	#D3D3D3	5	26.45	7	5600,0
2756	#FFFFFF	#D3D3D3	5.45	26	7	5600,0
2756	#FFFFFF	#D3D3D3	5	25.55	7	5600,0
2756	#FFFFFF	#D3D3D3	4.55	26	7	5600,0
2303	#FFFFFF	#D3D3D3	-44.95	26.5	7	5650,0
2303	#FFFFFF	#D3D3D3	-44.5	26.95	7	5650,0
2303	#FFFFFF	#D3D3D3	-44.05	26.5	7	5650,0
2303	#FFFFFF	#D3D3D3	-44.5	26.05	7	5650,0
2303	#FFFFFF	#D3D3D3	-44.95	26.5	7	5650,0
2276	#FFFFFF	#D3D3D3	-44.45	27	7	5650,0
2276	#FFFFFF	#D3D3D3	-44	27.45	7	5650,0
2276	#FFFFFF	#D3D3D3	-43.55	27	7	5650,0
2276	#FFFFFF	#D3D3D3	-44	26.55	7	5650,0
2276	#FFFFFF	#D3D3D3	-44.45	27	7	5650,0
2247	#FFFFFF	#D3D3D3	-43.95	27.5	75	5650,0
2247	#FFFFFF	#D3D3D3	-43.5	27.95	75	5650,0
2247	#FFFFFF	#D3D3D3	-43.05	27.5	75	5650,0
2247	#FFFFFF	#D3D3D3	-43.5	27.05	75	5650,0
2247	#FFFFFF	#D3D3D3	-43.95	27.5	75	5650,0
2219	#FFFFFF	#D3D3D3	-43.45	28	12	5650,0
2219	#FFFFFF	#D3D3D3	-43	28.45	12	5650,0
2219	#FFFFFF	#D3D3D3	-42.55	28	12	5650,0
2219	#FFFFFF	#D3D3D3	-43	27.55	12	5650,0
2219	#FFFFFF	#D3D3D3	-43.45	28	12	5650,0
2189	#FFFFFF	#D3D3D3	-42.95	28.5	61	5650,0
2189	#FFFFFF	#D3D3D3	-42.5	28.95	61	5650,0
2189	#FFFFFF	#D3D3D3	-42.05	28.5	61	5650,0
2189	#FFFFFF	#D3D3D3	-42.5	28.05	61	5650,0
2189	#FFFFFF	#D3D3D3	-42.95	28.5	61	5650,0
2160	#FFFFFF	#D3D3D3	-42.45	29	5	5650,0
2160	#FFFFFF	#D3D3D3	-42	29.45	5	5650,0
2160	#FFFFFF	#D3D3D3	-41.55	29	5	5650,0
2160	#FFFFFF	#D3D3D3	-42	28.55	5	5650,0
2160	#FFFFFF	#D3D3D3	-42.45	29	5	5650,0
2130	#FFFFFF	#D3D3D3	-41.95	29.5	7	5650,0
2130	#FFFFFF	#D3D3D3	-41.5	29.95	7	5650,0
2130	#FFFFFF	#D3D3D3	-41.05	29.5	7	5650,0
2130	#FFFFFF	#D3D3D3	-41.5	29.05	7	5650,0
2130	#FFFFFF	#D3D3D3	-41.95	29.5	7	5650,0
2102	#FFFFFF	#D3D3D3	-41.45	30	27	5650,0
2102	#FFFFFF	#D3D3D3	-41	30.45	27	5650,0
2102	#FFFFFF	#D3D3D3	-40.55	30	27	5650,0
2102	#FFFFFF	#D3D3D3	-41	29.55	27	5650,0
2102	#FFFFFF	#D3D3D3	-41.45	30	27	5650,0
2071	#FFFFFF	#D3D3D3	-40.95	30.5	25	5650,0
2071	#FFFFFF	#D3D3D3	-40.5	30.95	25	5650,0
2071	#FFFFFF	#D3D3D3	-40.05	30.5	25	5650,0
2071	#FFFFFF	#D3D3D3	-40.5	30.05	25	5650,0
2071	#FFFFFF	#D3D3D3	-40.95	30.5	25	5650,0
2040	#FFFFFF	#D3D3D3	-40.45	31	26	5650,0
2040	#FFFFFF	#D3D3D3	-40	31.45	26	5650,0
2040	#FFFFFF	#D3D3D3	-39.55	31	26	5650,0
2040	#FFFFFF	#D3D3D3	-40	30.55	26	5650,0
2040	#FFFFFF	#D3D3D3	-40.45	31	26	5650,0
1969	#FFFFFF	#D3D3D3	-39.95	31.5	26	5650,0
1969	#FFFFFF	#D3D3D3	-39.5	31.95	26	5650,0
1969	#FFFFFF	#D3D3D3	-39.05	31.5	26	5650,0
1969	#FFFFFF	#D3D3D3	-39.5	31.05	26	5650,0
1969	#FFFFFF	#D3D3D3	-39.95	31.5	26	5650,0
1937	#FFFFFF	#D3D3D3	-39.45	32	25	5650,0
1937	#FFFFFF	#D3D3D3	-39	32.45	25	5650,0
1937	#FFFFFF	#D3D3D3	-38.55	32	25	5650,0
1937	#FFFFFF	#D3D3D3	-39	31.55	25	5650,0
1937	#FFFFFF	#D3D3D3	-39.45	32	25	5650,0
1904	#FFFFFF	#D3D3D3	-38.95	32.5	47	5650,0
1904	#FFFFFF	#D3D3D3	-38.5	32.95	47	5650,0
1904	#FFFFFF	#D3D3D3	-38.05	32.5	47	5650,0
1904	#FFFFFF	#D3D3D3	-38.5	32.05	47	5650,0
1904	#FFFFFF	#D3D3D3	-38.95	32.5	47	5650,0
1871	#FFFFFF	#D3D3D3	-38.45	33	47	5650,0
1871	#FFFFFF	#D3D3D3	-38	33.45	47	5650,0
1871	#FFFFFF	#D3D3D3	-37.55	33	47	5650,0
1871	#FFFFFF	#D3D3D3	-38	32.55	47	5650,0
1871	#FFFFFF	#D3D3D3	-38.45	33	47	5650,0
1837	#FFFFFF	#D3D3D3	-37.95	33.5	47	5650,0
1837	#FFFFFF	#D3D3D3	-37.5	33.95	47	5650,0
1837	#FFFFFF	#D3D3D3	-37.05	33.5	47	5650,0
1837	#FFFFFF	#D3D3D3	-37.5	33.05	47	5650,0
1837	#FFFFFF	#D3D3D3	-37.95	33.5	47	5650,0
1803	#FFFFFF	#D3D3D3	-37.45	34	25	5650,0
1803	#FFFFFF	#D3D3D3	-37	34.45	25	5650,0
1803	#FFFFFF	#D3D3D3	-36.55	34	25	5650,0
1803	#FFFFFF	#D3D3D3	-37	33.55	25	5650,0
1803	#FFFFFF	#D3D3D3	-37.45	34	25	5650,0
1768	#FFFFFF	#D3D3D3	-36.95	34.5	25	5650,0
1768	#FFFFFF	#D3D3D3	-36.5	34.95	25	5650,0
1768	#FFFFFF	#D3D3D3	-36.05	34.5	25	5650,0
1768	#FFFFFF	#D3D3D3	-36.5	34.05	25	5650,0
1768	#FFFFFF	#D3D3D3	-36.95	34.5	25	5650,0
1733	#FFFFFF	#D3D3D3	-36.45	35	41	5650,0
1733	#FFFFFF	#D3D3D3	-36	35.45	41	5650,0
1733	#FFFFFF	#D3D3D3	-35.55	35	41	5650,0
1733	#FFFFFF	#D3D3D3	-36	34.55	41	5650,0
1733	#FFFFFF	#D3D3D3	-36.45	35	41	5650,0
1698	#FFFFFF	#D3D3D3	-35.95	35.5	1	5650,0
1698	#FFFFFF	#D3D3D3	-35.5	35.95	1	5650,0
1698	#FFFFFF	#D3D3D3	-35.05	35.5	1	5650,0
1698	#FFFFFF	#D3D3D3	-35.5	35.05	1	5650,0
1698	#FFFFFF	#D3D3D3	-35.95	35.5	1	5650,0
1662	#FFFFFF	#D3D3D3	-35.45	36	35	5650,0
1662	#FFFFFF	#D3D3D3	-35	36.45	35	5650,0
1662	#FFFFFF	#D3D3D3	-34.55	36	35	5650,0
1662	#FFFFFF	#D3D3D3	-35	35.55	35	5650,0
1662	#FFFFFF	#D3D3D3	-35.45	36	35	5650,0
1626	#FFFFFF	#D3D3D3	-34.95	36.5	35	5650,0
1626	#FFFFFF	#D3D3D3	-34.5	36.95	35	5650,0
1626	#FFFFFF	#D3D3D3	-34.05	36.5	35	5650,0
1626	#FFFFFF	#D3D3D3	-34.5	36.05	35	5650,0
1626	#FFFFFF	#D3D3D3	-34.95	36.5	35	5650,0
1589	#FFFFFF	#D3D3D3	-34.45	37	25	5650,0
1589	#FFFFFF	#D3D3D3	-34	37.45	25	5650,0
1589	#FFFFFF	#D3D3D3	-33.55	37	25	5650,0
1589	#FFFFFF	#D3D3D3	-34	36.55	25	5650,0
1589	#FFFFFF	#D3D3D3	-34.45	37	25	5650,0
1551	#FFFFFF	#D3D3D3	-33.95	37.5	62	5650,0
1551	#FFFFFF	#D3D3D3	-33.5	37.95	62	5650,0
1551	#FFFFFF	#D3D3D3	-33.05	37.5	62	5650,0
1551	#FFFFFF	#D3D3D3	-33.5	37.05	62	5650,0
1551	#FFFFFF	#D3D3D3	-33.95	37.5	62	5650,0
1515	#FFFFFF	#D3D3D3	-33.45	38	110	5650,0
1515	#FFFFFF	#D3D3D3	-33	38.45	110	5650,0
1515	#FFFFFF	#D3D3D3	-32.55	38	110	5650,0
1515	#FFFFFF	#D3D3D3	-33	37.55	110	5650,0
1515	#FFFFFF	#D3D3D3	-33.45	38	110	5650,0
1477	#FFFFFF	#D3D3D3	-32.95	38.5	24	5650,0
1477	#FFFFFF	#D3D3D3	-32.5	38.95	24	5650,0
1477	#FFFFFF	#D3D3D3	-32.05	38.5	24	5650,0
1477	#FFFFFF	#D3D3D3	-32.5	38.05	24	5650,0
1477	#FFFFFF	#D3D3D3	-32.95	38.5	24	5650,0
1440	#FFFFFF	#D3D3D3	-32.45	39	42	5650,0
1440	#FFFFFF	#D3D3D3	-32	39.45	42	5650,0
1440	#FFFFFF	#D3D3D3	-31.55	39	42	5650,0
1440	#FFFFFF	#D3D3D3	-32	38.55	42	5650,0
1440	#FFFFFF	#D3D3D3	-32.45	39	42	5650,0
1403	#FFFFFF	#D3D3D3	-31.95	39.5	42	5650,0
1403	#FFFFFF	#D3D3D3	-31.5	39.95	42	5650,0
1403	#FFFFFF	#D3D3D3	-31.05	39.5	42	5650,0
1403	#FFFFFF	#D3D3D3	-31.5	39.05	42	5650,0
1403	#FFFFFF	#D3D3D3	-31.95	39.5	42	5650,0
576	#FFFFFF	#D3D3D3	-20.45	0	20	5600,0
576	#CD1076	#000000	-20.45	0	10	5650,0
576	#FFFFFF	#D3D3D3	-20	0.45	20	5600,0
576	#CD1076	#000000	-20	0.45	10	5650,0
576	#FFFFFF	#D3D3D3	-19.55	0	20	5600,0
576	#CD1076	#000000	-19.55	0	10	5650,0
576	#FFFFFF	#D3D3D3	-20	-0.45	20	5600,0
576	#CD1076	#000000	-20	-0.45	10	5650,0
576	#FFFFFF	#D3D3D3	-20.45	0	20	5600,0
576	#CD1076	#000000	-20.45	0	10	5650,0
504	#FFFFFF	#D3D3D3	-19.95	0.5	20	5600,0
504	#CD1076	#000000	-19.95	0.5	10	5650,0
504	#FFFFFF	#D3D3D3	-19.5	0.95	20	5600,0
504	#CD1076	#000000	-19.5	0.95	10	5650,0
504	#FFFFFF	#D3D3D3	-19.05	0.5	20	5600,0
504	#CD1076	#000000	-19.05	0.5	10	5650,0
504	#FFFFFF	#D3D3D3	-19.5	0.05	20	5600,0
504	#CD1076	#000000	-19.5	0.05	10	5650,0
504	#FFFFFF	#D3D3D3	-19.95	0.5	20	5600,0
504	#CD1076	#000000	-19.95	0.5	10	5650,0
477	#FFFFFF	#D3D3D3	-19.45	1	3	5600,0
477	#CD1076	#000000	-19.45	1	10	5650,0
477	#FFFFFF	#D3D3D3	-19	1.45	3	5600,0
477	#CD1076	#000000	-19	1.45	10	5650,0
477	#FFFFFF	#D3D3D3	-18.55	1	3	5600,0
477	#CD1076	#000000	-18.55	1	10	5650,0
477	#FFFFFF	#D3D3D3	-19	0.55	3	5600,0
477	#CD1076	#000000	-19	0.55	10	5650,0
477	#FFFFFF	#D3D3D3	-19.45	1	3	5600,0
477	#CD1076	#000000	-19.45	1	10	5650,0
450	#FFFFFF	#D3D3D3	-18.95	1.5	3	5600,0
450	#CD1076	#000000	-18.95	1.5	40	5650,0
450	#FFFFFF	#D3D3D3	-18.5	1.95	3	5600,0
450	#CD1076	#000000	-18.5	1.95	40	5650,0
450	#FFFFFF	#D3D3D3	-18.05	1.5	3	5600,0
450	#CD1076	#000000	-18.05	1.5	40	5650,0
450	#FFFFFF	#D3D3D3	-18.5	1.05	3	5600,0
450	#CD1076	#000000	-18.5	1.05	40	5650,0
450	#FFFFFF	#D3D3D3	-18.95	1.5	3	5600,0
450	#CD1076	#000000	-18.95	1.5	40	5650,0
434	#FFFFFF	#D3D3D3	-18.45	2	3	5600,0
434	#CD1076	#000000	-18.45	2	40	5650,0
434	#FFFFFF	#D3D3D3	-18	2.45	3	5600,0
434	#CD1076	#000000	-18	2.45	40	5650,0
434	#FFFFFF	#D3D3D3	-17.55	2	3	5600,0
434	#CD1076	#000000	-17.55	2	40	5650,0
434	#FFFFFF	#D3D3D3	-18	1.55	3	5600,0
434	#CD1076	#000000	-18	1.55	40	5650,0
434	#FFFFFF	#D3D3D3	-18.45	2	3	5600,0
434	#CD1076	#000000	-18.45	2	40	5650,0
408	#FFFFFF	#D3D3D3	-17.95	2.5	3	5600,0
408	#CD1076	#000000	-17.95	2.5	40	5650,0
408	#FFFFFF	#D3D3D3	-17.5	2.95	3	5600,0
408	#CD1076	#000000	-17.5	2.95	40	5650,0
408	#FFFFFF	#D3D3D3	-17.05	2.5	3	5600,0
408	#CD1076	#000000	-17.05	2.5	40	5650,0
408	#FFFFFF	#D3D3D3	-17.5	2.05	3	5600,0
408	#CD1076	#000000	-17.5	2.05	40	5650,0
408	#FFFFFF	#D3D3D3	-17.95	2.5	3	5600,0
408	#CD1076	#000000	-17.95	2.5	40	5650,0
389	#FFFFFF	#D3D3D3	-17.45	3	3	5600,0
389	#CD1076	#000000	-17.45	3	40	5650,0
389	#FFFFFF	#D3D3D3	-17	3.45	3	5600,0
389	#CD1076	#000000	-17	3.45	40	5650,0
389	#FFFFFF	#D3D3D3	-16.55	3	3	5600,0
389	#CD1076	#000000	-16.55	3	40	5650,0
389	#FFFFFF	#D3D3D3	-17	2.55	3	5600,0
389	#CD1076	#000000	-17	2.55	40	5650,0
389	#FFFFFF	#D3D3D3	-17.45	3	3	5600,0
389	#CD1076	#000000	-17.45	3	40	5650,0
291	#F7C5D6	#929292	-15.45	5	33	5600,0
291	#FFFFFF	#D3D3D3	-15.45	5	4	5650,0
291	#F7C5D6	#929292	-15	5.45	33	5600,0
291	#FFFFFF	#D3D3D3	-15	5.45	4	5650,0
291	#F7C5D6	#929292	-14.55	5	33	5600,0
291	#FFFFFF	#D3D3D3	-14.55	5	4	5650,0
291	#F7C5D6	#929292	-15	4.55	33	5600,0
291	#FFFFFF	#D3D3D3	-15	4.55	4	5650,0
291	#F7C5D6	#929292	-15.45	5	33	5600,0
291	#FFFFFF	#D3D3D3	-15.45	5	4	5650,0
267	#FFFFFF	#D3D3D3	-14.95	5.5	3	5600,0
267	#FFFFFF	#D3D3D3	-14.95	5.5	4	5650,0
267	#FFFFFF	#D3D3D3	-14.5	5.95	3	5600,0
267	#FFFFFF	#D3D3D3	-14.5	5.95	4	5650,0
267	#FFFFFF	#D3D3D3	-14.05	5.5	3	5600,0
267	#FFFFFF	#D3D3D3	-14.05	5.5	4	5650,0
267	#FFFFFF	#D3D3D3	-14.5	5.05	3	5600,0
267	#FFFFFF	#D3D3D3	-14.5	5.05	4	5650,0
267	#FFFFFF	#D3D3D3	-14.95	5.5	3	5600,0
267	#FFFFFF	#D3D3D3	-14.95	5.5	4	5650,0
245	#FFFFFF	#D3D3D3	-14.45	6	31	5600,0
245	#FFFFFF	#D3D3D3	-14.45	6	4	5650,0
245	#FFFFFF	#D3D3D3	-14	6.45	31	5600,0
245	#FFFFFF	#D3D3D3	-14	6.45	4	5650,0
245	#FFFFFF	#D3D3D3	-13.55	6	31	5600,0
245	#FFFFFF	#D3D3D3	-13.55	6	4	5650,0
245	#FFFFFF	#D3D3D3	-14	5.55	31	5600,0
245	#FFFFFF	#D3D3D3	-14	5.55	4	5650,0
245	#FFFFFF	#D3D3D3	-14.45	6	31	5600,0
245	#FFFFFF	#D3D3D3	-14.45	6	4	5650,0
222	#FFFFFF	#D3D3D3	-13.95	6.5	31	5600,0
222	#FFFFFF	#D3D3D3	-13.95	6.5	4	5650,0
222	#FFFFFF	#D3D3D3	-13.5	6.95	31	5600,0
222	#FFFFFF	#D3D3D3	-13.5	6.95	4	5650,0
222	#FFFFFF	#D3D3D3	-13.05	6.5	31	5600,0
222	#FFFFFF	#D3D3D3	-13.05	6.5	4	5650,0
222	#FFFFFF	#D3D3D3	-13.5	6.05	31	5600,0
222	#FFFFFF	#D3D3D3	-13.5	6.05	4	5650,0
222	#FFFFFF	#D3D3D3	-13.95	6.5	31	5600,0
222	#FFFFFF	#D3D3D3	-13.95	6.5	4	5650,0
201	#FFFFFF	#D3D3D3	-13.45	7	3	5600,0
201	#FFFFFF	#D3D3D3	-13.45	7	4	5650,0
201	#FFFFFF	#D3D3D3	-13	7.45	3	5600,0
201	#FFFFFF	#D3D3D3	-13	7.45	4	5650,0
201	#FFFFFF	#D3D3D3	-12.55	7	3	5600,0
201	#FFFFFF	#D3D3D3	-12.55	7	4	5650,0
201	#FFFFFF	#D3D3D3	-13	6.55	3	5600,0
201	#FFFFFF	#D3D3D3	-13	6.55	4	5650,0
201	#FFFFFF	#D3D3D3	-13.45	7	3	5600,0
201	#FFFFFF	#D3D3D3	-13.45	7	4	5650,0
179	#FFFFFF	#D3D3D3	-12.95	7.5	3	5600,0
179	#FFFFFF	#D3D3D3	-12.95	7.5	4	5650,0
179	#FFFFFF	#D3D3D3	-12.5	7.95	3	5600,0
179	#FFFFFF	#D3D3D3	-12.5	7.95	4	5650,0
179	#FFFFFF	#D3D3D3	-12.05	7.5	3	5600,0
179	#FFFFFF	#D3D3D3	-12.05	7.5	4	5650,0
179	#FFFFFF	#D3D3D3	-12.5	7.05	3	5600,0
179	#FFFFFF	#D3D3D3	-12.5	7.05	4	5650,0
179	#FFFFFF	#D3D3D3	-12.95	7.5	3	5600,0
179	#FFFFFF	#D3D3D3	-12.95	7.5	4	5650,0
159	#FFFFFF	#D3D3D3	-12.45	8	56	5600,0
159	#FFFFFF	#D3D3D3	-12.45	8	4	5650,0
159	#FFFFFF	#D3D3D3	-12	8.45	56	5600,0
159	#FFFFFF	#D3D3D3	-12	8.45	4	5650,0
159	#FFFFFF	#D3D3D3	-11.55	8	56	5600,0
159	#FFFFFF	#D3D3D3	-11.55	8	4	5650,0
159	#FFFFFF	#D3D3D3	-12	7.55	56	5600,0
159	#FFFFFF	#D3D3D3	-12	7.55	4	5650,0
159	#FFFFFF	#D3D3D3	-12.45	8	56	5600,0
159	#FFFFFF	#D3D3D3	-12.45	8	4	5650,0
138	#FFFFFF	#D3D3D3	-11.95	8.5	6	5600,0
138	#FFFFFF	#D3D3D3	-11.95	8.5	4	5650,0
138	#FFFFFF	#D3D3D3	-11.5	8.95	6	5600,0
138	#FFFFFF	#D3D3D3	-11.5	8.95	4	5650,0
138	#FFFFFF	#D3D3D3	-11.05	8.5	6	5600,0
138	#FFFFFF	#D3D3D3	-11.05	8.5	4	5650,0
138	#FFFFFF	#D3D3D3	-11.5	8.05	6	5600,0
138	#FFFFFF	#D3D3D3	-11.5	8.05	4	5650,0
138	#FFFFFF	#D3D3D3	-11.95	8.5	6	5600,0
138	#FFFFFF	#D3D3D3	-11.95	8.5	4	5650,0
119	#FFFFFF	#D3D3D3	-11.45	9	6	5600,0
119	#FFFFFF	#D3D3D3	-11.45	9	4	5650,0
119	#FFFFFF	#D3D3D3	-11	9.45	6	5600,0
119	#FFFFFF	#D3D3D3	-11	9.45	4	5650,0
119	#FFFFFF	#D3D3D3	-10.55	9	6	5600,0
119	#FFFFFF	#D3D3D3	-10.55	9	4	5650,0
119	#FFFFFF	#D3D3D3	-11	8.55	6	5600,0
119	#FFFFFF	#D3D3D3	-11	8.55	4	5650,0
119	#FFFFFF	#D3D3D3	-11.45	9	6	5600,0
119	#FFFFFF	#D3D3D3	-11.45	9	4	5650,0
99	#FFFFFF	#D3D3D3	-10.95	9.5	6	5600,0
99	#FFFFFF	#D3D3D3	-10.95	9.5	4	5650,0
99	#FFFFFF	#D3D3D3	-10.5	9.95	6	5600,0
99	#FFFFFF	#D3D3D3	-10.5	9.95	4	5650,0
99	#FFFFFF	#D3D3D3	-10.05	9.5	6	5600,0
99	#FFFFFF	#D3D3D3	-10.05	9.5	4	5650,0
99	#FFFFFF	#D3D3D3	-10.5	9.05	6	5600,0
99	#FFFFFF	#D3D3D3	-10.5	9.05	4	5650,0
99	#FFFFFF	#D3D3D3	-10.95	9.5	6	5600,0
99	#FFFFFF	#D3D3D3	-10.95	9.5	4	5650,0
64	#FFFFFF	#D3D3D3	-10.45	10	6	5600,0
64	#FFFFFF	#D3D3D3	-10.45	10	4	5650,0
64	#FFFFFF	#D3D3D3	-10	10.45	6	5600,0
64	#FFFFFF	#D3D3D3	-10	10.45	4	5650,0
64	#FFFFFF	#D3D3D3	-9.55	10	6	5600,0
64	#FFFFFF	#D3D3D3	-9.55	10	4	5650,0
64	#FFFFFF	#D3D3D3	-10	9.55	6	5600,0
64	#FFFFFF	#D3D3D3	-10	9.55	4	5650,0
64	#FFFFFF	#D3D3D3	-10.45	10	6	5600,0
64	#FFFFFF	#D3D3D3	-10.45	10	4	5650,0
2484	#FFFFFF	#D3D3D3	-9.95	10.5	6	5600,0
2484	#FFFFFF	#D3D3D3	-9.95	10.5	4	5650,0
2484	#FFFFFF	#D3D3D3	-9.5	10.95	6	5600,0
2484	#FFFFFF	#D3D3D3	-9.5	10.95	4	5650,0
2484	#FFFFFF	#D3D3D3	-9.05	10.5	6	5600,0
2484	#FFFFFF	#D3D3D3	-9.05	10.5	4	5650,0
2484	#FFFFFF	#D3D3D3	-9.5	10.05	6	5600,0
2484	#FFFFFF	#D3D3D3	-9.5	10.05	4	5650,0
2484	#FFFFFF	#D3D3D3	-9.95	10.5	6	5600,0
2484	#FFFFFF	#D3D3D3	-9.95	10.5	4	5650,0
2467	#FFFFFF	#D3D3D3	-9.45	11	6	5600,0
2467	#FFFFFF	#D3D3D3	-9.45	11	4	5650,0
2467	#FFFFFF	#D3D3D3	-9	11.45	6	5600,0
2467	#FFFFFF	#D3D3D3	-9	11.45	4	5650,0
2467	#FFFFFF	#D3D3D3	-8.55	11	6	5600,0
2467	#FFFFFF	#D3D3D3	-8.55	11	4	5650,0
2467	#FFFFFF	#D3D3D3	-9	10.55	6	5600,0
2467	#FFFFFF	#D3D3D3	-9	10.55	4	5650,0
2467	#FFFFFF	#D3D3D3	-9.45	11	6	5600,0
2467	#FFFFFF	#D3D3D3	-9.45	11	4	5650,0
2450	#FFFFFF	#D3D3D3	-8.95	11.5	6	5600,0
2450	#FFFFFF	#D3D3D3	-8.95	11.5	4	5650,0
2450	#FFFFFF	#D3D3D3	-8.5	11.95	6	5600,0
2450	#FFFFFF	#D3D3D3	-8.5	11.95	4	5650,0
2450	#FFFFFF	#D3D3D3	-8.05	11.5	6	5600,0
2450	#FFFFFF	#D3D3D3	-8.05	11.5	4	5650,0
2450	#FFFFFF	#D3D3D3	-8.5	11.05	6	5600,0
2450	#FFFFFF	#D3D3D3	-8.5	11.05	4	5650,0
2450	#FFFFFF	#D3D3D3	-8.95	11.5	6	5600,0
2450	#FFFFFF	#D3D3D3	-8.95	11.5	4	5650,0
2433	#FFFFFF	#D3D3D3	-8.45	12	6	5600,0
2433	#FFFFFF	#D3D3D3	-8.45	12	4	5650,0
2433	#FFFFFF	#D3D3D3	-8	12.45	6	5600,0
2433	#FFFFFF	#D3D3D3	-8	12.45	4	5650,0
2433	#FFFFFF	#D3D3D3	-7.55	12	6	5600,0
2433	#FFFFFF	#D3D3D3	-7.55	12	4	5650,0
2433	#FFFFFF	#D3D3D3	-8	11.55	6	5600,0
2433	#FFFFFF	#D3D3D3	-8	11.55	4	5650,0
2433	#FFFFFF	#D3D3D3	-8.45	12	6	5600,0
2433	#FFFFFF	#D3D3D3	-8.45	12	4	5650,0
2416	#FFFFFF	#D3D3D3	-7.95	12.5	16	5600,0
2416	#FFFFFF	#D3D3D3	-7.95	12.5	4	5650,0
2416	#FFFFFF	#D3D3D3	-7.5	12.95	16	5600,0
2416	#FFFFFF	#D3D3D3	-7.5	12.95	4	5650,0
2416	#FFFFFF	#D3D3D3	-7.05	12.5	16	5600,0
2416	#FFFFFF	#D3D3D3	-7.05	12.5	4	5650,0
2416	#FFFFFF	#D3D3D3	-7.5	12.05	16	5600,0
2416	#FFFFFF	#D3D3D3	-7.5	12.05	4	5650,0
2416	#FFFFFF	#D3D3D3	-7.95	12.5	16	5600,0
2416	#FFFFFF	#D3D3D3	-7.95	12.5	4	5650,0
2399	#FFFFFF	#D3D3D3	-7.45	13	16	5600,0
2399	#FFFFFF	#D3D3D3	-7.45	13	4	5650,0
2399	#FFFFFF	#D3D3D3	-7	13.45	16	5600,0
2399	#FFFFFF	#D3D3D3	-7	13.45	4	5650,0
2399	#FFFFFF	#D3D3D3	-6.55	13	16	5600,0
2399	#FFFFFF	#D3D3D3	-6.55	13	4	5650,0
2399	#FFFFFF	#D3D3D3	-7	12.55	16	5600,0
2399	#FFFFFF	#D3D3D3	-7	12.55	4	5650,0
2399	#FFFFFF	#D3D3D3	-7.45	13	16	5600,0
2399	#FFFFFF	#D3D3D3	-7.45	13	4	5650,0
2381	#FFFFFF	#D3D3D3	-6.95	13.5	16	5600,0
2381	#FFFFFF	#D3D3D3	-6.95	13.5	4	5650,0
2381	#FFFFFF	#D3D3D3	-6.5	13.95	16	5600,0
2381	#FFFFFF	#D3D3D3	-6.5	13.95	4	5650,0
2381	#FFFFFF	#D3D3D3	-6.05	13.5	16	5600,0
2381	#FFFFFF	#D3D3D3	-6.05	13.5	4	5650,0
2381	#FFFFFF	#D3D3D3	-6.5	13.05	16	5600,0
2381	#FFFFFF	#D3D3D3	-6.5	13.05	4	5650,0
2381	#FFFFFF	#D3D3D3	-6.95	13.5	16	5600,0
2381	#FFFFFF	#D3D3D3	-6.95	13.5	4	5650,0
2363	#FFFFFF	#D3D3D3	-6.45	14	6	5600,0
2363	#FFFFFF	#D3D3D3	-6.45	14	4	5650,0
2363	#FFFFFF	#D3D3D3	-6	14.45	6	5600,0
2363	#FFFFFF	#D3D3D3	-6	14.45	4	5650,0
2363	#FFFFFF	#D3D3D3	-5.55	14	6	5600,0
2363	#FFFFFF	#D3D3D3	-5.55	14	4	5650,0
2363	#FFFFFF	#D3D3D3	-6	13.55	6	5600,0
2363	#FFFFFF	#D3D3D3	-6	13.55	4	5650,0
2363	#FFFFFF	#D3D3D3	-6.45	14	6	5600,0
2363	#FFFFFF	#D3D3D3	-6.45	14	4	5650,0
2344	#FFFFFF	#D3D3D3	-5.95	14.5	6	5600,0
2344	#FFFFFF	#D3D3D3	-5.5	14.95	6	5600,0
2344	#FFFFFF	#D3D3D3	-5.05	14.5	6	5600,0
2344	#FFFFFF	#D3D3D3	-5.5	14.05	6	5600,0
2344	#FFFFFF	#D3D3D3	-5.95	14.5	6	5600,0
2325	#FFFFFF	#D3D3D3	-5.45	15	6	5600,0
2325	#FFFFFF	#D3D3D3	-5	15.45	6	5600,0
2325	#FFFFFF	#D3D3D3	-4.55	15	6	5600,0
2325	#FFFFFF	#D3D3D3	-5	14.55	6	5600,0
2325	#FFFFFF	#D3D3D3	-5.45	15	6	5600,0
2007	#FFFFFF	#D3D3D3	-4.95	15.5	6	5600,0
2007	#FFFFFF	#D3D3D3	-4.5	15.95	6	5600,0
2007	#FFFFFF	#D3D3D3	-4.05	15.5	6	5600,0
2007	#FFFFFF	#D3D3D3	-4.5	15.05	6	5600,0
2007	#FFFFFF	#D3D3D3	-4.95	15.5	6	5600,0
1987	#FFFFFF	#D3D3D3	-4.45	16	16	5600,0
1987	#FFFFFF	#D3D3D3	-4	16.45	16	5600,0
1987	#FFFFFF	#D3D3D3	-3.55	16	16	5600,0
1987	#FFFFFF	#D3D3D3	-4	15.55	16	5600,0
1987	#FFFFFF	#D3D3D3	-4.45	16	16	5600,0
1255	#FFFFFF	#D3D3D3	-3.95	16.5	6	5600,0
1255	#FFFFFF	#D3D3D3	-3.5	16.95	6	5600,0
1255	#FFFFFF	#D3D3D3	-3.05	16.5	6	5600,0
1255	#FFFFFF	#D3D3D3	-3.5	16.05	6	5600,0
1255	#FFFFFF	#D3D3D3	-3.95	16.5	6	5600,0
1234	#FFFFFF	#D3D3D3	-3.45	17	6	5600,0
1234	#FFFFFF	#D3D3D3	-3	17.45	6	5600,0
1234	#FFFFFF	#D3D3D3	-2.55	17	6	5600,0
1234	#FFFFFF	#D3D3D3	-3	16.55	6	5600,0
1234	#FFFFFF	#D3D3D3	-3.45	17	6	5600,0
563	#FFFFFF	#D3D3D3	-2.95	17.5	11	5600,0
563	#FFFFFF	#D3D3D3	-2.5	17.95	11	5600,0
563	#FFFFFF	#D3D3D3	-2.05	17.5	11	5600,0
563	#FFFFFF	#D3D3D3	-2.5	17.05	11	5600,0
563	#FFFFFF	#D3D3D3	-2.95	17.5	11	5600,0
541	#FFFFFF	#D3D3D3	-2.45	18	11	5600,0
541	#FFFFFF	#D3D3D3	-2	18.45	11	5600,0
541	#FFFFFF	#D3D3D3	-1.55	18	11	5600,0
541	#FFFFFF	#D3D3D3	-2	17.55	11	5600,0
541	#FFFFFF	#D3D3D3	-2.45	18	11	5600,0
49	#FFFFFF	#D3D3D3	-1.95	18.5	6	5600,0
49	#FFFFFF	#D3D3D3	-1.5	18.95	6	5600,0
49	#FFFFFF	#D3D3D3	-1.05	18.5	6	5600,0
49	#FFFFFF	#D3D3D3	-1.5	18.05	6	5600,0
49	#FFFFFF	#D3D3D3	-1.95	18.5	6	5600,0
30	#FFFFFF	#D3D3D3	-1.45	19	6	5600,0
30	#FFFFFF	#D3D3D3	-1	19.45	6	5600,0
30	#FFFFFF	#D3D3D3	-0.55	19	6	5600,0
30	#FFFFFF	#D3D3D3	-1	18.55	6	5600,0
30	#FFFFFF	#D3D3D3	-1.45	19	6	5600,0
9	#FFFFFF	#D3D3D3	-0.95	19.5	6	5600,0
9	#FFFFFF	#D3D3D3	-0.5	19.95	6	5600,0
9	#FFFFFF	#D3D3D3	-0.05	19.5	6	5600,0
9	#FFFFFF	#D3D3D3	-0.5	19.05	6	5600,0
9	#FFFFFF	#D3D3D3	-0.95	19.5	6	5600,0
2510	#FFFFFF	#D3D3D3	-0.45	20	6	5600,0
2510	#FFFFFF	#D3D3D3	0	20.45	6	5600,0
2510	#FFFFFF	#D3D3D3	0.45	20	6	5600,0
2510	#FFFFFF	#D3D3D3	0	19.55	6	5600,0
2510	#FFFFFF	#D3D3D3	-0.45	20	6	5600,0
2533	#FFFFFF	#D3D3D3	0.05	20.5	6	5600,0
2533	#FFFFFF	#D3D3D3	0.5	20.95	6	5600,0
2533	#FFFFFF	#D3D3D3	0.95	20.5	6	5600,0
2533	#FFFFFF	#D3D3D3	0.5	20.05	6	5600,0
2533	#FFFFFF	#D3D3D3	0.05	20.5	6	5600,0
2556	#FFFFFF	#D3D3D3	0.55	21	6	5600,0
2556	#FFFFFF	#D3D3D3	1	21.45	6	5600,0
2556	#FFFFFF	#D3D3D3	1.45	21	6	5600,0
2556	#FFFFFF	#D3D3D3	1	20.55	6	5600,0
2556	#FFFFFF	#D3D3D3	0.55	21	6	5600,0
2579	#FFFFFF	#D3D3D3	1.05	21.5	6	5600,0
2579	#FFFFFF	#D3D3D3	1.5	21.95	6	5600,0
2579	#FFFFFF	#D3D3D3	1.95	21.5	6	5600,0
2579	#FFFFFF	#D3D3D3	1.5	21.05	6	5600,0
2579	#FFFFFF	#D3D3D3	1.05	21.5	6	5600,0
2602	#FFFFFF	#D3D3D3	1.55	22	6	5600,0
2602	#FFFFFF	#D3D3D3	2	22.45	6	5600,0
2602	#FFFFFF	#D3D3D3	2.45	22	6	5600,0
2602	#FFFFFF	#D3D3D3	2	21.55	6	5600,0
2602	#FFFFFF	#D3D3D3	1.55	22	6	5600,0
2626	#FFFFFF	#D3D3D3	2.05	22.5	6	5600,0
2626	#FFFFFF	#D3D3D3	2.5	22.95	6	5600,0
2626	#FFFFFF	#D3D3D3	2.95	22.5	6	5600,0
2626	#FFFFFF	#D3D3D3	2.5	22.05	6	5600,0
2626	#FFFFFF	#D3D3D3	2.05	22.5	6	5600,0
2651	#FFFFFF	#D3D3D3	2.55	23	9	5600,0
2651	#FFFFFF	#D3D3D3	3	23.45	9	5600,0
2651	#FFFFFF	#D3D3D3	3.45	23	9	5600,0
2651	#FFFFFF	#D3D3D3	3	22.55	9	5600,0
2651	#FFFFFF	#D3D3D3	2.55	23	9	5600,0
2676	#FFFFFF	#D3D3D3	3.05	23.5	9	5600,0
2676	#FFFFFF	#D3D3D3	3.5	23.95	9	5600,0
2676	#FFFFFF	#D3D3D3	3.95	23.5	9	5600,0
2676	#FFFFFF	#D3D3D3	3.5	23.05	9	5600,0
2676	#FFFFFF	#D3D3D3	3.05	23.5	9	5600,0
2702	#FFFFFF	#D3D3D3	3.55	24	9	5600,0
2702	#FFFFFF	#D3D3D3	4	24.45	9	5600,0
2702	#FFFFFF	#D3D3D3	4.45	24	9	5600,0
2702	#FFFFFF	#D3D3D3	4	23.55	9	5600,0
2702	#FFFFFF	#D3D3D3	3.55	24	9	5600,0
2728	#FFFFFF	#D3D3D3	4.05	24.5	15	5600,0
2728	#FFFFFF	#D3D3D3	4.5	24.95	15	5600,0
2728	#FFFFFF	#D3D3D3	4.95	24.5	15	5600,0
2728	#FFFFFF	#D3D3D3	4.5	24.05	15	5600,0
2728	#FFFFFF	#D3D3D3	4.05	24.5	15	5600,0
2755	#FFFFFF	#D3D3D3	4.55	25	7	5600,0
2755	#FFFFFF	#D3D3D3	5	25.45	7	5600,0
2755	#FFFFFF	#D3D3D3	5.45	25	7	5600,0
2755	#FFFFFF	#D3D3D3	5	24.55	7	5600,0
2755	#FFFFFF	#D3D3D3	4.55	25	7	5600,0
2302	#FFFFFF	#D3D3D3	-44.95	25.5	7	5650,0
2302	#FFFFFF	#D3D3D3	-44.5	25.95	7	5650,0
2302	#FFFFFF	#D3D3D3	-44.05	25.5	7	5650,0
2302	#FFFFFF	#D3D3D3	-44.5	25.05	7	5650,0
2302	#FFFFFF	#D3D3D3	-44.95	25.5	7	5650,0
2275	#FFFFFF	#D3D3D3	-44.45	26	7	5650,0
2275	#FFFFFF	#D3D3D3	-44	26.45	7	5650,0
2275	#FFFFFF	#D3D3D3	-43.55	26	7	5650,0
2275	#FFFFFF	#D3D3D3	-44	25.55	7	5650,0
2275	#FFFFFF	#D3D3D3	-44.45	26	7	5650,0
2246	#FFFFFF	#D3D3D3	-43.95	26.5	7	5650,0
2246	#FFFFFF	#D3D3D3	-43.5	26.95	7	5650,0
2246	#FFFFFF	#D3D3D3	-43.05	26.5	7	5650,0
2246	#FFFFFF	#D3D3D3	-43.5	26.05	7	5650,0
2246	#FFFFFF	#D3D3D3	-43.95	26.5	7	5650,0
2218	#FFFFFF	#D3D3D3	-43.45	27	7	5650,0
2218	#FFFFFF	#D3D3D3	-43	27.45	7	5650,0
2218	#FFFFFF	#D3D3D3	-42.55	27	7	5650,0
2218	#FFFFFF	#D3D3D3	-43	26.55	7	5650,0
2218	#FFFFFF	#D3D3D3	-43.45	27	7	5650,0
2188	#FFFFFF	#D3D3D3	-42.95	27.5	7	5650,0
2188	#FFFFFF	#D3D3D3	-42.5	27.95	7	5650,0
2188	#FFFFFF	#D3D3D3	-42.05	27.5	7	5650,0
2188	#FFFFFF	#D3D3D3	-42.5	27.05	7	5650,0
2188	#FFFFFF	#D3D3D3	-42.95	27.5	7	5650,0
2159	#FFFFFF	#D3D3D3	-42.45	28	7	5650,0
2159	#FFFFFF	#D3D3D3	-42	28.45	7	5650,0
2159	#FFFFFF	#D3D3D3	-41.55	28	7	5650,0
2159	#FFFFFF	#D3D3D3	-42	27.55	7	5650,0
2159	#FFFFFF	#D3D3D3	-42.45	28	7	5650,0
2129	#FFFFFF	#D3D3D3	-41.95	28.5	5	5650,0
2129	#FFFFFF	#D3D3D3	-41.5	28.95	5	5650,0
2129	#FFFFFF	#D3D3D3	-41.05	28.5	5	5650,0
2129	#FFFFFF	#D3D3D3	-41.5	28.05	5	5650,0
2129	#FFFFFF	#D3D3D3	-41.95	28.5	5	5650,0
2100	#FFFFFF	#D3D3D3	-41.45	29	5	5650,0
2100	#FFFFFF	#D3D3D3	-41	29.45	5	5650,0
2100	#FFFFFF	#D3D3D3	-40.55	29	5	5650,0
2100	#FFFFFF	#D3D3D3	-41	28.55	5	5650,0
2100	#FFFFFF	#D3D3D3	-41.45	29	5	5650,0
2069	#FFFFFF	#D3D3D3	-40.95	29.5	25	5650,0
2069	#FFFFFF	#D3D3D3	-40.5	29.95	25	5650,0
2069	#FFFFFF	#D3D3D3	-40.05	29.5	25	5650,0
2069	#FFFFFF	#D3D3D3	-40.5	29.05	25	5650,0
2069	#FFFFFF	#D3D3D3	-40.95	29.5	25	5650,0
2039	#FFFFFF	#D3D3D3	-40.45	30	25	5650,0
2039	#FFFFFF	#D3D3D3	-40	30.45	25	5650,0
2039	#FFFFFF	#D3D3D3	-39.55	30	25	5650,0
2039	#FFFFFF	#D3D3D3	-40	29.55	25	5650,0
2039	#FFFFFF	#D3D3D3	-40.45	30	25	5650,0
1968	#FFFFFF	#D3D3D3	-39.95	30.5	25	5650,0
1968	#FFFFFF	#D3D3D3	-39.5	30.95	25	5650,0
1968	#FFFFFF	#D3D3D3	-39.05	30.5	25	5650,0
1968	#FFFFFF	#D3D3D3	-39.5	30.05	25	5650,0
1968	#FFFFFF	#D3D3D3	-39.95	30.5	25	5650,0
1936	#FFFFFF	#D3D3D3	-39.45	31	25	5650,0
1936	#FFFFFF	#D3D3D3	-39	31.45	25	5650,0
1936	#FFFFFF	#D3D3D3	-38.55	31	25	5650,0
1936	#FFFFFF	#D3D3D3	-39	30.55	25	5650,0
1936	#FFFFFF	#D3D3D3	-39.45	31	25	5650,0
1903	#FFFFFF	#D3D3D3	-38.95	31.5	25	5650,0
1903	#FFFFFF	#D3D3D3	-38.5	31.95	25	5650,0
1903	#FFFFFF	#D3D3D3	-38.05	31.5	25	5650,0
1903	#FFFFFF	#D3D3D3	-38.5	31.05	25	5650,0
1903	#FFFFFF	#D3D3D3	-38.95	31.5	25	5650,0
1870	#FFFFFF	#D3D3D3	-38.45	32	25	5650,0
1870	#FFFFFF	#D3D3D3	-38	32.45	25	5650,0
1870	#FFFFFF	#D3D3D3	-37.55	32	25	5650,0
1870	#FFFFFF	#D3D3D3	-38	31.55	25	5650,0
1870	#FFFFFF	#D3D3D3	-38.45	32	25	5650,0
1836	#FFFFFF	#D3D3D3	-37.95	32.5	25	5650,0
1836	#FFFFFF	#D3D3D3	-37.5	32.95	25	5650,0
1836	#FFFFFF	#D3D3D3	-37.05	32.5	25	5650,0
1836	#FFFFFF	#D3D3D3	-37.5	32.05	25	5650,0
1836	#FFFFFF	#D3D3D3	-37.95	32.5	25	5650,0
1802	#FFFFFF	#D3D3D3	-37.45	33	25	5650,0
1802	#FFFFFF	#D3D3D3	-37	33.45	25	5650,0
1802	#FFFFFF	#D3D3D3	-36.55	33	25	5650,0
1802	#FFFFFF	#D3D3D3	-37	32.55	25	5650,0
1802	#FFFFFF	#D3D3D3	-37.45	33	25	5650,0
1767	#FFFFFF	#D3D3D3	-36.95	33.5	25	5650,0
1767	#FFFFFF	#D3D3D3	-36.5	33.95	25	5650,0
1767	#FFFFFF	#D3D3D3	-36.05	33.5	25	5650,0
1767	#FFFFFF	#D3D3D3	-36.5	33.05	25	5650,0
1767	#FFFFFF	#D3D3D3	-36.95	33.5	25	5650,0
1732	#FFFFFF	#D3D3D3	-36.45	34	55	5650,0
1732	#FFFFFF	#D3D3D3	-36	34.45	55	5650,0
1732	#FFFFFF	#D3D3D3	-35.55	34	55	5650,0
1732	#FFFFFF	#D3D3D3	-36	33.55	55	5650,0
1732	#FFFFFF	#D3D3D3	-36.45	34	55	5650,0
1697	#FFFFFF	#D3D3D3	-35.95	34.5	55	5650,0
1697	#FFFFFF	#D3D3D3	-35.5	34.95	55	5650,0
1697	#FFFFFF	#D3D3D3	-35.05	34.5	55	5650,0
1697	#FFFFFF	#D3D3D3	-35.5	34.05	55	5650,0
1697	#FFFFFF	#D3D3D3	-35.95	34.5	55	5650,0
1661	#FFFFFF	#D3D3D3	-35.45	35	1	5650,0
1661	#FFFFFF	#D3D3D3	-35	35.45	1	5650,0
1661	#FFFFFF	#D3D3D3	-34.55	35	1	5650,0
1661	#FFFFFF	#D3D3D3	-35	34.55	1	5650,0
1661	#FFFFFF	#D3D3D3	-35.45	35	1	5650,0
1625	#FFFFFF	#D3D3D3	-34.95	35.5	35	5650,0
1625	#FFFFFF	#D3D3D3	-34.5	35.95	35	5650,0
1625	#FFFFFF	#D3D3D3	-34.05	35.5	35	5650,0
1625	#FFFFFF	#D3D3D3	-34.5	35.05	35	5650,0
1625	#FFFFFF	#D3D3D3	-34.95	35.5	35	5650,0
1588	#FFFFFF	#D3D3D3	-34.45	36	35	5650,0
1588	#FFFFFF	#D3D3D3	-34	36.45	35	5650,0
1588	#FFFFFF	#D3D3D3	-33.55	36	35	5650,0
1588	#FFFFFF	#D3D3D3	-34	35.55	35	5650,0
1588	#FFFFFF	#D3D3D3	-34.45	36	35	5650,0
1550	#FFFFFF	#D3D3D3	-33.95	36.5	35	5650,0
1550	#FFFFFF	#D3D3D3	-33.5	36.95	35	5650,0
1550	#FFFFFF	#D3D3D3	-33.05	36.5	35	5650,0
1550	#FFFFFF	#D3D3D3	-33.5	36.05	35	5650,0
1550	#FFFFFF	#D3D3D3	-33.95	36.5	35	5650,0
1514	#FFFFFF	#D3D3D3	-33.45	37	8	5650,0
1514	#FFFFFF	#D3D3D3	-33	37.45	8	5650,0
1514	#FFFFFF	#D3D3D3	-32.55	37	8	5650,0
1514	#FFFFFF	#D3D3D3	-33	36.55	8	5650,0
1514	#FFFFFF	#D3D3D3	-33.45	37	8	5650,0
1476	#FFFFFF	#D3D3D3	-32.95	37.5	24	5650,0
1476	#FFFFFF	#D3D3D3	-32.5	37.95	24	5650,0
1476	#FFFFFF	#D3D3D3	-32.05	37.5	24	5650,0
1476	#FFFFFF	#D3D3D3	-32.5	37.05	24	5650,0
1476	#FFFFFF	#D3D3D3	-32.95	37.5	24	5650,0
1439	#FFFFFF	#D3D3D3	-32.45	38	24	5650,0
1439	#FFFFFF	#D3D3D3	-32	38.45	24	5650,0
1439	#FFFFFF	#D3D3D3	-31.55	38	24	5650,0
1439	#FFFFFF	#D3D3D3	-32	37.55	24	5650,0
1439	#FFFFFF	#D3D3D3	-32.45	38	24	5650,0
476	#FFFFFF	#D3D3D3	-19.45	0	20	5600,0
476	#CD1076	#000000	-19.45	0	10	5650,0
476	#FFFFFF	#D3D3D3	-19	0.45	20	5600,0
476	#CD1076	#000000	-19	0.45	10	5650,0
476	#FFFFFF	#D3D3D3	-18.55	0	20	5600,0
476	#CD1076	#000000	-18.55	0	10	5650,0
476	#FFFFFF	#D3D3D3	-19	-0.45	20	5600,0
476	#CD1076	#000000	-19	-0.45	10	5650,0
476	#FFFFFF	#D3D3D3	-19.45	0	20	5600,0
476	#CD1076	#000000	-19.45	0	10	5650,0
449	#FFFFFF	#D3D3D3	-18.95	0.5	3	5600,0
449	#CD1076	#000000	-18.95	0.5	10	5650,0
449	#FFFFFF	#D3D3D3	-18.5	0.95	3	5600,0
449	#CD1076	#000000	-18.5	0.95	10	5650,0
449	#FFFFFF	#D3D3D3	-18.05	0.5	3	5600,0
449	#CD1076	#000000	-18.05	0.5	10	5650,0
449	#FFFFFF	#D3D3D3	-18.5	0.05	3	5600,0
449	#CD1076	#000000	-18.5	0.05	10	5650,0
449	#FFFFFF	#D3D3D3	-18.95	0.5	3	5600,0
449	#CD1076	#000000	-18.95	0.5	10	5650,0
423	#FFFFFF	#D3D3D3	-18.45	1	3	5600,0
423	#CD1076	#000000	-18.45	1	40	5650,0
423	#FFFFFF	#D3D3D3	-18	1.45	3	5600,0
423	#CD1076	#000000	-18	1.45	40	5650,0
423	#FFFFFF	#D3D3D3	-17.55	1	3	5600,0
423	#CD1076	#000000	-17.55	1	40	5650,0
423	#FFFFFF	#D3D3D3	-18	0.55	3	5600,0
423	#CD1076	#000000	-18	0.55	40	5650,0
423	#FFFFFF	#D3D3D3	-18.45	1	3	5600,0
423	#CD1076	#000000	-18.45	1	40	5650,0
397	#FFFFFF	#D3D3D3	-17.95	1.5	3	5600,0
397	#CD1076	#000000	-17.95	1.5	40	5650,0
397	#FFFFFF	#D3D3D3	-17.5	1.95	3	5600,0
397	#CD1076	#000000	-17.5	1.95	40	5650,0
397	#FFFFFF	#D3D3D3	-17.05	1.5	3	5600,0
397	#CD1076	#000000	-17.05	1.5	40	5650,0
397	#FFFFFF	#D3D3D3	-17.5	1.05	3	5600,0
397	#CD1076	#000000	-17.5	1.05	40	5650,0
397	#FFFFFF	#D3D3D3	-17.95	1.5	3	5600,0
397	#CD1076	#000000	-17.95	1.5	40	5650,0
382	#FFFFFF	#D3D3D3	-17.45	2	3	5600,0
382	#CD1076	#000000	-17.45	2	40	5650,0
382	#FFFFFF	#D3D3D3	-17	2.45	3	5600,0
382	#CD1076	#000000	-17	2.45	40	5650,0
382	#FFFFFF	#D3D3D3	-16.55	2	3	5600,0
382	#CD1076	#000000	-16.55	2	40	5650,0
382	#FFFFFF	#D3D3D3	-17	1.55	3	5600,0
382	#CD1076	#000000	-17	1.55	40	5650,0
382	#FFFFFF	#D3D3D3	-17.45	2	3	5600,0
382	#CD1076	#000000	-17.45	2	40	5650,0
357	#FFFFFF	#D3D3D3	-16.95	2.5	3	5600,0
357	#CD1076	#000000	-16.95	2.5	40	5650,0
357	#FFFFFF	#D3D3D3	-16.5	2.95	3	5600,0
357	#CD1076	#000000	-16.5	2.95	40	5650,0
357	#FFFFFF	#D3D3D3	-16.05	2.5	3	5600,0
357	#CD1076	#000000	-16.05	2.5	40	5650,0
357	#FFFFFF	#D3D3D3	-16.5	2.05	3	5600,0
357	#CD1076	#000000	-16.5	2.05	40	5650,0
357	#FFFFFF	#D3D3D3	-16.95	2.5	3	5600,0
357	#CD1076	#000000	-16.95	2.5	40	5650,0
266	#F7C5D6	#929292	-14.95	4.5	33	5600,0
266	#FFFFFF	#D3D3D3	-14.95	4.5	4	5650,0
266	#F7C5D6	#929292	-14.5	4.95	33	5600,0
266	#FFFFFF	#D3D3D3	-14.5	4.95	4	5650,0
266	#F7C5D6	#929292	-14.05	4.5	33	5600,0
266	#FFFFFF	#D3D3D3	-14.05	4.5	4	5650,0
266	#F7C5D6	#929292	-14.5	4.05	33	5600,0
266	#FFFFFF	#D3D3D3	-14.5	4.05	4	5650,0
266	#F7C5D6	#929292	-14.95	4.5	33	5600,0
266	#FFFFFF	#D3D3D3	-14.95	4.5	4	5650,0
244	#FFFFFF	#D3D3D3	-14.45	5	3	5600,0
244	#FFFFFF	#D3D3D3	-14.45	5	4	5650,0
244	#FFFFFF	#D3D3D3	-14	5.45	3	5600,0
244	#FFFFFF	#D3D3D3	-14	5.45	4	5650,0
244	#FFFFFF	#D3D3D3	-13.55	5	3	5600,0
244	#FFFFFF	#D3D3D3	-13.55	5	4	5650,0
244	#FFFFFF	#D3D3D3	-14	4.55	3	5600,0
244	#FFFFFF	#D3D3D3	-14	4.55	4	5650,0
244	#FFFFFF	#D3D3D3	-14.45	5	3	5600,0
244	#FFFFFF	#D3D3D3	-14.45	5	4	5650,0
221	#FFFFFF	#D3D3D3	-13.95	5.5	31	5600,0
221	#FFFFFF	#D3D3D3	-13.95	5.5	4	5650,0
221	#FFFFFF	#D3D3D3	-13.5	5.95	31	5600,0
221	#FFFFFF	#D3D3D3	-13.5	5.95	4	5650,0
221	#FFFFFF	#D3D3D3	-13.05	5.5	31	5600,0
221	#FFFFFF	#D3D3D3	-13.05	5.5	4	5650,0
221	#FFFFFF	#D3D3D3	-13.5	5.05	31	5600,0
221	#FFFFFF	#D3D3D3	-13.5	5.05	4	5650,0
221	#FFFFFF	#D3D3D3	-13.95	5.5	31	5600,0
221	#FFFFFF	#D3D3D3	-13.95	5.5	4	5650,0
200	#FFFFFF	#D3D3D3	-13.45	6	3	5600,0
200	#FFFFFF	#D3D3D3	-13.45	6	4	5650,0
200	#FFFFFF	#D3D3D3	-13	6.45	3	5600,0
200	#FFFFFF	#D3D3D3	-13	6.45	4	5650,0
200	#FFFFFF	#D3D3D3	-12.55	6	3	5600,0
200	#FFFFFF	#D3D3D3	-12.55	6	4	5650,0
200	#FFFFFF	#D3D3D3	-13	5.55	3	5600,0
200	#FFFFFF	#D3D3D3	-13	5.55	4	5650,0
200	#FFFFFF	#D3D3D3	-13.45	6	3	5600,0
200	#FFFFFF	#D3D3D3	-13.45	6	4	5650,0
178	#FFFFFF	#D3D3D3	-12.95	6.5	68	5600,0
178	#FFFFFF	#D3D3D3	-12.95	6.5	4	5650,0
178	#FFFFFF	#D3D3D3	-12.5	6.95	68	5600,0
178	#FFFFFF	#D3D3D3	-12.5	6.95	4	5650,0
178	#FFFFFF	#D3D3D3	-12.05	6.5	68	5600,0
178	#FFFFFF	#D3D3D3	-12.05	6.5	4	5650,0
178	#FFFFFF	#D3D3D3	-12.5	6.05	68	5600,0
178	#FFFFFF	#D3D3D3	-12.5	6.05	4	5650,0
178	#FFFFFF	#D3D3D3	-12.95	6.5	68	5600,0
178	#FFFFFF	#D3D3D3	-12.95	6.5	4	5650,0
158	#FFFFFF	#D3D3D3	-12.45	7	3	5600,0
158	#FFFFFF	#D3D3D3	-12.45	7	4	5650,0
158	#FFFFFF	#D3D3D3	-12	7.45	3	5600,0
158	#FFFFFF	#D3D3D3	-12	7.45	4	5650,0
158	#FFFFFF	#D3D3D3	-11.55	7	3	5600,0
158	#FFFFFF	#D3D3D3	-11.55	7	4	5650,0
158	#FFFFFF	#D3D3D3	-12	6.55	3	5600,0
158	#FFFFFF	#D3D3D3	-12	6.55	4	5650,0
158	#FFFFFF	#D3D3D3	-12.45	7	3	5600,0
158	#FFFFFF	#D3D3D3	-12.45	7	4	5650,0
137	#FFFFFF	#D3D3D3	-11.95	7.5	56	5600,0
137	#FFFFFF	#D3D3D3	-11.95	7.5	4	5650,0
137	#FFFFFF	#D3D3D3	-11.5	7.95	56	5600,0
137	#FFFFFF	#D3D3D3	-11.5	7.95	4	5650,0
137	#FFFFFF	#D3D3D3	-11.05	7.5	56	5600,0
137	#FFFFFF	#D3D3D3	-11.05	7.5	4	5650,0
137	#FFFFFF	#D3D3D3	-11.5	7.05	56	5600,0
137	#FFFFFF	#D3D3D3	-11.5	7.05	4	5650,0
137	#FFFFFF	#D3D3D3	-11.95	7.5	56	5600,0
137	#FFFFFF	#D3D3D3	-11.95	7.5	4	5650,0
118	#FFFFFF	#D3D3D3	-11.45	8	43	5600,0
118	#FFFFFF	#D3D3D3	-11.45	8	4	5650,0
118	#FFFFFF	#D3D3D3	-11	8.45	43	5600,0
118	#FFFFFF	#D3D3D3	-11	8.45	4	5650,0
118	#FFFFFF	#D3D3D3	-10.55	8	43	5600,0
118	#FFFFFF	#D3D3D3	-10.55	8	4	5650,0
118	#FFFFFF	#D3D3D3	-11	7.55	43	5600,0
118	#FFFFFF	#D3D3D3	-11	7.55	4	5650,0
118	#FFFFFF	#D3D3D3	-11.45	8	43	5600,0
118	#FFFFFF	#D3D3D3	-11.45	8	4	5650,0
98	#FFFFFF	#D3D3D3	-10.95	8.5	6	5600,0
98	#FFFFFF	#D3D3D3	-10.95	8.5	4	5650,0
98	#FFFFFF	#D3D3D3	-10.5	8.95	6	5600,0
98	#FFFFFF	#D3D3D3	-10.5	8.95	4	5650,0
98	#FFFFFF	#D3D3D3	-10.05	8.5	6	5600,0
98	#FFFFFF	#D3D3D3	-10.05	8.5	4	5650,0
98	#FFFFFF	#D3D3D3	-10.5	8.05	6	5600,0
98	#FFFFFF	#D3D3D3	-10.5	8.05	4	5650,0
98	#FFFFFF	#D3D3D3	-10.95	8.5	6	5600,0
98	#FFFFFF	#D3D3D3	-10.95	8.5	4	5650,0
80	#FFFFFF	#D3D3D3	-10.45	9	6	5600,0
80	#FFFFFF	#D3D3D3	-10.45	9	4	5650,0
80	#FFFFFF	#D3D3D3	-10	9.45	6	5600,0
80	#FFFFFF	#D3D3D3	-10	9.45	4	5650,0
80	#FFFFFF	#D3D3D3	-9.55	9	6	5600,0
80	#FFFFFF	#D3D3D3	-9.55	9	4	5650,0
80	#FFFFFF	#D3D3D3	-10	8.55	6	5600,0
80	#FFFFFF	#D3D3D3	-10	8.55	4	5650,0
80	#FFFFFF	#D3D3D3	-10.45	9	6	5600,0
80	#FFFFFF	#D3D3D3	-10.45	9	4	5650,0
2499	#FFFFFF	#D3D3D3	-9.95	9.5	73	5600,0
2499	#FFFFFF	#D3D3D3	-9.95	9.5	4	5650,0
2499	#FFFFFF	#D3D3D3	-9.5	9.95	73	5600,0
2499	#FFFFFF	#D3D3D3	-9.5	9.95	4	5650,0
2499	#FFFFFF	#D3D3D3	-9.05	9.5	73	5600,0
2499	#FFFFFF	#D3D3D3	-9.05	9.5	4	5650,0
2499	#FFFFFF	#D3D3D3	-9.5	9.05	73	5600,0
2499	#FFFFFF	#D3D3D3	-9.5	9.05	4	5650,0
2499	#FFFFFF	#D3D3D3	-9.95	9.5	73	5600,0
2499	#FFFFFF	#D3D3D3	-9.95	9.5	4	5650,0
2466	#FFFFFF	#D3D3D3	-9.45	10	73	5600,0
2466	#FFFFFF	#D3D3D3	-9.45	10	4	5650,0
2466	#FFFFFF	#D3D3D3	-9	10.45	73	5600,0
2466	#FFFFFF	#D3D3D3	-9	10.45	4	5650,0
2466	#FFFFFF	#D3D3D3	-8.55	10	73	5600,0
2466	#FFFFFF	#D3D3D3	-8.55	10	4	5650,0
2466	#FFFFFF	#D3D3D3	-9	9.55	73	5600,0
2466	#FFFFFF	#D3D3D3	-9	9.55	4	5650,0
2466	#FFFFFF	#D3D3D3	-9.45	10	73	5600,0
2466	#FFFFFF	#D3D3D3	-9.45	10	4	5650,0
2449	#FFFFFF	#D3D3D3	-8.95	10.5	6	5600,0
2449	#FFFFFF	#D3D3D3	-8.95	10.5	4	5650,0
2449	#FFFFFF	#D3D3D3	-8.5	10.95	6	5600,0
2449	#FFFFFF	#D3D3D3	-8.5	10.95	4	5650,0
2449	#FFFFFF	#D3D3D3	-8.05	10.5	6	5600,0
2449	#FFFFFF	#D3D3D3	-8.05	10.5	4	5650,0
2449	#FFFFFF	#D3D3D3	-8.5	10.05	6	5600,0
2449	#FFFFFF	#D3D3D3	-8.5	10.05	4	5650,0
2449	#FFFFFF	#D3D3D3	-8.95	10.5	6	5600,0
2449	#FFFFFF	#D3D3D3	-8.95	10.5	4	5650,0
2432	#FFFFFF	#D3D3D3	-8.45	11	89	5600,0
2432	#FFFFFF	#D3D3D3	-8.45	11	4	5650,0
2432	#FFFFFF	#D3D3D3	-8	11.45	89	5600,0
2432	#FFFFFF	#D3D3D3	-8	11.45	4	5650,0
2432	#FFFFFF	#D3D3D3	-7.55	11	89	5600,0
2432	#FFFFFF	#D3D3D3	-7.55	11	4	5650,0
2432	#FFFFFF	#D3D3D3	-8	10.55	89	5600,0
2432	#FFFFFF	#D3D3D3	-8	10.55	4	5650,0
2432	#FFFFFF	#D3D3D3	-8.45	11	89	5600,0
2432	#FFFFFF	#D3D3D3	-8.45	11	4	5650,0
2415	#FFFFFF	#D3D3D3	-7.95	11.5	46	5600,0
2415	#FFFFFF	#D3D3D3	-7.95	11.5	4	5650,0
2415	#FFFFFF	#D3D3D3	-7.5	11.95	46	5600,0
2415	#FFFFFF	#D3D3D3	-7.5	11.95	4	5650,0
2415	#FFFFFF	#D3D3D3	-7.05	11.5	46	5600,0
2415	#FFFFFF	#D3D3D3	-7.05	11.5	4	5650,0
2415	#FFFFFF	#D3D3D3	-7.5	11.05	46	5600,0
2415	#FFFFFF	#D3D3D3	-7.5	11.05	4	5650,0
2415	#FFFFFF	#D3D3D3	-7.95	11.5	46	5600,0
2415	#FFFFFF	#D3D3D3	-7.95	11.5	4	5650,0
2398	#FFFFFF	#D3D3D3	-7.45	12	16	5600,0
2398	#FFFFFF	#D3D3D3	-7.45	12	4	5650,0
2398	#FFFFFF	#D3D3D3	-7	12.45	16	5600,0
2398	#FFFFFF	#D3D3D3	-7	12.45	4	5650,0
2398	#FFFFFF	#D3D3D3	-6.55	12	16	5600,0
2398	#FFFFFF	#D3D3D3	-6.55	12	4	5650,0
2398	#FFFFFF	#D3D3D3	-7	11.55	16	5600,0
2398	#FFFFFF	#D3D3D3	-7	11.55	4	5650,0
2398	#FFFFFF	#D3D3D3	-7.45	12	16	5600,0
2398	#FFFFFF	#D3D3D3	-7.45	12	4	5650,0
2380	#FFFFFF	#D3D3D3	-6.95	12.5	16	5600,0
2380	#FFFFFF	#D3D3D3	-6.95	12.5	4	5650,0
2380	#FFFFFF	#D3D3D3	-6.5	12.95	16	5600,0
2380	#FFFFFF	#D3D3D3	-6.5	12.95	4	5650,0
2380	#FFFFFF	#D3D3D3	-6.05	12.5	16	5600,0
2380	#FFFFFF	#D3D3D3	-6.05	12.5	4	5650,0
2380	#FFFFFF	#D3D3D3	-6.5	12.05	16	5600,0
2380	#FFFFFF	#D3D3D3	-6.5	12.05	4	5650,0
2380	#FFFFFF	#D3D3D3	-6.95	12.5	16	5600,0
2380	#FFFFFF	#D3D3D3	-6.95	12.5	4	5650,0
2362	#FFFFFF	#D3D3D3	-6.45	13	16	5600,0
2362	#FFFFFF	#D3D3D3	-6.45	13	4	5650,0
2362	#FFFFFF	#D3D3D3	-6	13.45	16	5600,0
2362	#FFFFFF	#D3D3D3	-6	13.45	4	5650,0
2362	#FFFFFF	#D3D3D3	-5.55	13	16	5600,0
2362	#FFFFFF	#D3D3D3	-5.55	13	4	5650,0
2362	#FFFFFF	#D3D3D3	-6	12.55	16	5600,0
2362	#FFFFFF	#D3D3D3	-6	12.55	4	5650,0
2362	#FFFFFF	#D3D3D3	-6.45	13	16	5600,0
2362	#FFFFFF	#D3D3D3	-6.45	13	4	5650,0
2343	#FFFFFF	#D3D3D3	-5.95	13.5	85	5600,0
2343	#FFFFFF	#D3D3D3	-5.95	13.5	4	5650,0
2343	#FFFFFF	#D3D3D3	-5.5	13.95	85	5600,0
2343	#FFFFFF	#D3D3D3	-5.5	13.95	4	5650,0
2343	#FFFFFF	#D3D3D3	-5.05	13.5	85	5600,0
2343	#FFFFFF	#D3D3D3	-5.05	13.5	4	5650,0
2343	#FFFFFF	#D3D3D3	-5.5	13.05	85	5600,0
2343	#FFFFFF	#D3D3D3	-5.5	13.05	4	5650,0
2343	#FFFFFF	#D3D3D3	-5.95	13.5	85	5600,0
2343	#FFFFFF	#D3D3D3	-5.95	13.5	4	5650,0
2324	#FFFFFF	#D3D3D3	-5.45	14	16	5600,0
2324	#FFFFFF	#D3D3D3	-5	14.45	16	5600,0
2324	#FFFFFF	#D3D3D3	-4.55	14	16	5600,0
2324	#FFFFFF	#D3D3D3	-5	13.55	16	5600,0
2324	#FFFFFF	#D3D3D3	-5.45	14	16	5600,0
2006	#FFFFFF	#D3D3D3	-4.95	14.5	16	5600,0
2006	#FFFFFF	#D3D3D3	-4.5	14.95	16	5600,0
2006	#FFFFFF	#D3D3D3	-4.05	14.5	16	5600,0
2006	#FFFFFF	#D3D3D3	-4.5	14.05	16	5600,0
2006	#FFFFFF	#D3D3D3	-4.95	14.5	16	5600,0
1986	#FFFFFF	#D3D3D3	-4.45	15	16	5600,0
1986	#FFFFFF	#D3D3D3	-4	15.45	16	5600,0
1986	#FFFFFF	#D3D3D3	-3.55	15	16	5600,0
1986	#FFFFFF	#D3D3D3	-4	14.55	16	5600,0
1986	#FFFFFF	#D3D3D3	-4.45	15	16	5600,0
1254	#FFFFFF	#D3D3D3	-3.95	15.5	16	5600,0
1254	#FFFFFF	#D3D3D3	-3.5	15.95	16	5600,0
1254	#FFFFFF	#D3D3D3	-3.05	15.5	16	5600,0
1254	#FFFFFF	#D3D3D3	-3.5	15.05	16	5600,0
1254	#FFFFFF	#D3D3D3	-3.95	15.5	16	5600,0
1233	#FFFFFF	#D3D3D3	-3.45	16	84	5600,0
1233	#FFFFFF	#D3D3D3	-3	16.45	84	5600,0
1233	#FFFFFF	#D3D3D3	-2.55	16	84	5600,0
1233	#FFFFFF	#D3D3D3	-3	15.55	84	5600,0
1233	#FFFFFF	#D3D3D3	-3.45	16	84	5600,0
562	#FFFFFF	#D3D3D3	-2.95	16.5	6	5600,0
562	#FFFFFF	#D3D3D3	-2.5	16.95	6	5600,0
562	#FFFFFF	#D3D3D3	-2.05	16.5	6	5600,0
562	#FFFFFF	#D3D3D3	-2.5	16.05	6	5600,0
562	#FFFFFF	#D3D3D3	-2.95	16.5	6	5600,0
540	#FFFFFF	#D3D3D3	-2.45	17	45	5600,0
540	#FFFFFF	#D3D3D3	-2	17.45	45	5600,0
540	#FFFFFF	#D3D3D3	-1.55	17	45	5600,0
540	#FFFFFF	#D3D3D3	-2	16.55	45	5600,0
540	#FFFFFF	#D3D3D3	-2.45	17	45	5600,0
29	#FFFFFF	#D3D3D3	-1.45	18	45	5600,0
29	#FFFFFF	#D3D3D3	-1	18.45	45	5600,0
29	#FFFFFF	#D3D3D3	-0.55	18	45	5600,0
29	#FFFFFF	#D3D3D3	-1	17.55	45	5600,0
29	#FFFFFF	#D3D3D3	-1.45	18	45	5600,0
8	#FFFFFF	#D3D3D3	-0.95	18.5	70	5600,0
8	#FFFFFF	#D3D3D3	-0.5	18.95	70	5600,0
8	#FFFFFF	#D3D3D3	-0.05	18.5	70	5600,0
8	#FFFFFF	#D3D3D3	-0.5	18.05	70	5600,0
8	#FFFFFF	#D3D3D3	-0.95	18.5	70	5600,0
2508	#FFFFFF	#D3D3D3	-0.45	19	70	5600,0
2508	#FFFFFF	#D3D3D3	0	19.45	70	5600,0
2508	#FFFFFF	#D3D3D3	0.45	19	70	5600,0
2508	#FFFFFF	#D3D3D3	0	18.55	70	5600,0
2508	#FFFFFF	#D3D3D3	-0.45	19	70	5600,0
2531	#FFFFFF	#D3D3D3	0.05	19.5	70	5600,0
2531	#FFFFFF	#D3D3D3	0.5	19.95	70	5600,0
2531	#FFFFFF	#D3D3D3	0.95	19.5	70	5600,0
2531	#FFFFFF	#D3D3D3	0.5	19.05	70	5600,0
2531	#FFFFFF	#D3D3D3	0.05	19.5	70	5600,0
2555	#FFFFFF	#D3D3D3	0.55	20	70	5600,0
2555	#FFFFFF	#D3D3D3	1	20.45	70	5600,0
2555	#FFFFFF	#D3D3D3	1.45	20	70	5600,0
2555	#FFFFFF	#D3D3D3	1	19.55	70	5600,0
2555	#FFFFFF	#D3D3D3	0.55	20	70	5600,0
2578	#FFFFFF	#D3D3D3	1.05	20.5	21	5600,0
2578	#FFFFFF	#D3D3D3	1.5	20.95	21	5600,0
2578	#FFFFFF	#D3D3D3	1.95	20.5	21	5600,0
2578	#FFFFFF	#D3D3D3	1.5	20.05	21	5600,0
2578	#FFFFFF	#D3D3D3	1.05	20.5	21	5600,0
2625	#FFFFFF	#D3D3D3	2.05	21.5	21	5600,0
2625	#FFFFFF	#D3D3D3	2.5	21.95	21	5600,0
2625	#FFFFFF	#D3D3D3	2.95	21.5	21	5600,0
2625	#FFFFFF	#D3D3D3	2.5	21.05	21	5600,0
2625	#FFFFFF	#D3D3D3	2.05	21.5	21	5600,0
2650	#FFFFFF	#D3D3D3	2.55	22	6	5600,0
2650	#FFFFFF	#D3D3D3	3	22.45	6	5600,0
2650	#FFFFFF	#D3D3D3	3.45	22	6	5600,0
2650	#FFFFFF	#D3D3D3	3	21.55	6	5600,0
2650	#FFFFFF	#D3D3D3	2.55	22	6	5600,0
2675	#FFFFFF	#D3D3D3	3.05	22.5	6	5600,0
2675	#FFFFFF	#D3D3D3	3.5	22.95	6	5600,0
2675	#FFFFFF	#D3D3D3	3.95	22.5	6	5600,0
2675	#FFFFFF	#D3D3D3	3.5	22.05	6	5600,0
2675	#FFFFFF	#D3D3D3	3.05	22.5	6	5600,0
2701	#FFFFFF	#D3D3D3	3.55	23	9	5600,0
2701	#FFFFFF	#D3D3D3	4	23.45	9	5600,0
2701	#FFFFFF	#D3D3D3	4.45	23	9	5600,0
2701	#FFFFFF	#D3D3D3	4	22.55	9	5600,0
2701	#FFFFFF	#D3D3D3	3.55	23	9	5600,0
2727	#FFFFFF	#D3D3D3	4.05	23.5	16	5600,0
2727	#FFFFFF	#D3D3D3	4.5	23.95	16	5600,0
2727	#FFFFFF	#D3D3D3	4.95	23.5	16	5600,0
2727	#FFFFFF	#D3D3D3	4.5	23.05	16	5600,0
2727	#FFFFFF	#D3D3D3	4.05	23.5	16	5600,0
2754	#FFFFFF	#D3D3D3	4.55	24	15	5600,0
2754	#FFFFFF	#D3D3D3	5	24.45	15	5600,0
2754	#FFFFFF	#D3D3D3	5.45	24	15	5600,0
2754	#FFFFFF	#D3D3D3	5	23.55	15	5600,0
2754	#FFFFFF	#D3D3D3	4.55	24	15	5600,0
2301	#FFFFFF	#D3D3D3	-44.95	24.5	15	5650,0
2301	#FFFFFF	#D3D3D3	-44.5	24.95	15	5650,0
2301	#FFFFFF	#D3D3D3	-44.05	24.5	15	5650,0
2301	#FFFFFF	#D3D3D3	-44.5	24.05	15	5650,0
2301	#FFFFFF	#D3D3D3	-44.95	24.5	15	5650,0
2274	#FFFFFF	#D3D3D3	-44.45	25	15	5650,0
2274	#FFFFFF	#D3D3D3	-44	25.45	15	5650,0
2274	#FFFFFF	#D3D3D3	-43.55	25	15	5650,0
2274	#FFFFFF	#D3D3D3	-44	24.55	15	5650,0
2274	#FFFFFF	#D3D3D3	-44.45	25	15	5650,0
2245	#FFFFFF	#D3D3D3	-43.95	25.5	101	5650,0
2245	#FFFFFF	#D3D3D3	-43.5	25.95	101	5650,0
2245	#FFFFFF	#D3D3D3	-43.05	25.5	101	5650,0
2245	#FFFFFF	#D3D3D3	-43.5	25.05	101	5650,0
2245	#FFFFFF	#D3D3D3	-43.95	25.5	101	5650,0
2217	#FFFFFF	#D3D3D3	-43.45	26	7	5650,0
2217	#FFFFFF	#D3D3D3	-43	26.45	7	5650,0
2217	#FFFFFF	#D3D3D3	-42.55	26	7	5650,0
2217	#FFFFFF	#D3D3D3	-43	25.55	7	5650,0
2217	#FFFFFF	#D3D3D3	-43.45	26	7	5650,0
2187	#FFFFFF	#D3D3D3	-42.95	26.5	29	5650,0
2187	#FFFFFF	#D3D3D3	-42.5	26.95	29	5650,0
2187	#FFFFFF	#D3D3D3	-42.05	26.5	29	5650,0
2187	#FFFFFF	#D3D3D3	-42.5	26.05	29	5650,0
2187	#FFFFFF	#D3D3D3	-42.95	26.5	29	5650,0
2158	#FFFFFF	#D3D3D3	-42.45	27	29	5650,0
2158	#FFFFFF	#D3D3D3	-42	27.45	29	5650,0
2158	#FFFFFF	#D3D3D3	-41.55	27	29	5650,0
2158	#FFFFFF	#D3D3D3	-42	26.55	29	5650,0
2158	#FFFFFF	#D3D3D3	-42.45	27	29	5650,0
2099	#FFFFFF	#D3D3D3	-41.45	28	57	5650,0
2099	#FFFFFF	#D3D3D3	-41	28.45	57	5650,0
2099	#FFFFFF	#D3D3D3	-40.55	28	57	5650,0
2099	#FFFFFF	#D3D3D3	-41	27.55	57	5650,0
2099	#FFFFFF	#D3D3D3	-41.45	28	57	5650,0
2068	#FFFFFF	#D3D3D3	-40.95	28.5	5	5650,0
2068	#FFFFFF	#D3D3D3	-40.5	28.95	5	5650,0
2068	#FFFFFF	#D3D3D3	-40.05	28.5	5	5650,0
2068	#FFFFFF	#D3D3D3	-40.5	28.05	5	5650,0
2068	#FFFFFF	#D3D3D3	-40.95	28.5	5	5650,0
1966	#FFFFFF	#D3D3D3	-39.95	29.5	5	5650,0
1966	#FFFFFF	#D3D3D3	-39.5	29.95	5	5650,0
1966	#FFFFFF	#D3D3D3	-39.05	29.5	5	5650,0
1966	#FFFFFF	#D3D3D3	-39.5	29.05	5	5650,0
1966	#FFFFFF	#D3D3D3	-39.95	29.5	5	5650,0
1935	#FFFFFF	#D3D3D3	-39.45	30	5	5650,0
1935	#FFFFFF	#D3D3D3	-39	30.45	5	5650,0
1935	#FFFFFF	#D3D3D3	-38.55	30	5	5650,0
1935	#FFFFFF	#D3D3D3	-39	29.55	5	5650,0
1935	#FFFFFF	#D3D3D3	-39.45	30	5	5650,0
1902	#FFFFFF	#D3D3D3	-38.95	30.5	66	5650,0
1902	#FFFFFF	#D3D3D3	-38.5	30.95	66	5650,0
1902	#FFFFFF	#D3D3D3	-38.05	30.5	66	5650,0
1902	#FFFFFF	#D3D3D3	-38.5	30.05	66	5650,0
1902	#FFFFFF	#D3D3D3	-38.95	30.5	66	5650,0
1869	#FFFFFF	#D3D3D3	-38.45	31	25	5650,0
1869	#FFFFFF	#D3D3D3	-38	31.45	25	5650,0
1869	#FFFFFF	#D3D3D3	-37.55	31	25	5650,0
1869	#FFFFFF	#D3D3D3	-38	30.55	25	5650,0
1869	#FFFFFF	#D3D3D3	-38.45	31	25	5650,0
1835	#FFFFFF	#D3D3D3	-37.95	31.5	16	5650,0
1835	#FFFFFF	#D3D3D3	-37.5	31.95	16	5650,0
1835	#FFFFFF	#D3D3D3	-37.05	31.5	16	5650,0
1835	#FFFFFF	#D3D3D3	-37.5	31.05	16	5650,0
1835	#FFFFFF	#D3D3D3	-37.95	31.5	16	5650,0
1801	#FFFFFF	#D3D3D3	-37.45	32	16	5650,0
1801	#FFFFFF	#D3D3D3	-37	32.45	16	5650,0
1801	#FFFFFF	#D3D3D3	-36.55	32	16	5650,0
1801	#FFFFFF	#D3D3D3	-37	31.55	16	5650,0
1801	#FFFFFF	#D3D3D3	-37.45	32	16	5650,0
1766	#FFFFFF	#D3D3D3	-36.95	32.5	106	5650,0
1766	#FFFFFF	#D3D3D3	-36.5	32.95	106	5650,0
1766	#FFFFFF	#D3D3D3	-36.05	32.5	106	5650,0
1766	#FFFFFF	#D3D3D3	-36.5	32.05	106	5650,0
1766	#FFFFFF	#D3D3D3	-36.95	32.5	106	5650,0
1696	#FFFFFF	#D3D3D3	-35.95	33.5	25	5650,0
1696	#FFFFFF	#D3D3D3	-35.5	33.95	25	5650,0
1696	#FFFFFF	#D3D3D3	-35.05	33.5	25	5650,0
1696	#FFFFFF	#D3D3D3	-35.5	33.05	25	5650,0
1696	#FFFFFF	#D3D3D3	-35.95	33.5	25	5650,0
1624	#FFFFFF	#D3D3D3	-34.95	34.5	1	5650,0
1624	#FFFFFF	#D3D3D3	-34.5	34.95	1	5650,0
1624	#FFFFFF	#D3D3D3	-34.05	34.5	1	5650,0
1624	#FFFFFF	#D3D3D3	-34.5	34.05	1	5650,0
1624	#FFFFFF	#D3D3D3	-34.95	34.5	1	5650,0
1587	#FFFFFF	#D3D3D3	-34.45	35	1	5650,0
1587	#FFFFFF	#D3D3D3	-34	35.45	1	5650,0
1587	#FFFFFF	#D3D3D3	-33.55	35	1	5650,0
1587	#FFFFFF	#D3D3D3	-34	34.55	1	5650,0
1587	#FFFFFF	#D3D3D3	-34.45	35	1	5650,0
1513	#FFFFFF	#D3D3D3	-33.45	36	1	5650,0
1513	#FFFFFF	#D3D3D3	-33	36.45	1	5650,0
1513	#FFFFFF	#D3D3D3	-32.55	36	1	5650,0
1513	#FFFFFF	#D3D3D3	-33	35.55	1	5650,0
1513	#FFFFFF	#D3D3D3	-33.45	36	1	5650,0
1475	#FFFFFF	#D3D3D3	-32.95	36.5	8	5650,0
1475	#FFFFFF	#D3D3D3	-32.5	36.95	8	5650,0
1475	#FFFFFF	#D3D3D3	-32.05	36.5	8	5650,0
1475	#FFFFFF	#D3D3D3	-32.5	36.05	8	5650,0
1475	#FFFFFF	#D3D3D3	-32.95	36.5	8	5650,0
1438	#FFFFFF	#D3D3D3	-32.45	37	28	5650,0
1438	#FFFFFF	#D3D3D3	-32	37.45	28	5650,0
1438	#FFFFFF	#D3D3D3	-31.55	37	28	5650,0
1438	#FFFFFF	#D3D3D3	-32	36.55	28	5650,0
1438	#FFFFFF	#D3D3D3	-32.45	37	28	5650,0
1402	#FFFFFF	#D3D3D3	-31.95	37.5	28	5650,0
1402	#FFFFFF	#D3D3D3	-31.5	37.95	28	5650,0
1402	#FFFFFF	#D3D3D3	-31.05	37.5	28	5650,0
1402	#FFFFFF	#D3D3D3	-31.5	37.05	28	5650,0
1402	#FFFFFF	#D3D3D3	-31.95	37.5	28	5650,0
1367	#FFFFFF	#D3D3D3	-31.45	38	14	5650,0
1367	#FFFFFF	#D3D3D3	-31	38.45	14	5650,0
1367	#FFFFFF	#D3D3D3	-30.55	38	14	5650,0
1367	#FFFFFF	#D3D3D3	-31	37.55	14	5650,0
1367	#FFFFFF	#D3D3D3	-31.45	38	14	5650,0
422	#FFFFFF	#D3D3D3	-18.45	0	3	5600,0
422	#CD1076	#000000	-18.45	0	10	5650,0
422	#FFFFFF	#D3D3D3	-18	0.45	3	5600,0
422	#CD1076	#000000	-18	0.45	10	5650,0
422	#FFFFFF	#D3D3D3	-17.55	0	3	5600,0
422	#CD1076	#000000	-17.55	0	10	5650,0
422	#FFFFFF	#D3D3D3	-18	-0.45	3	5600,0
422	#CD1076	#000000	-18	-0.45	10	5650,0
422	#FFFFFF	#D3D3D3	-18.45	0	3	5600,0
422	#CD1076	#000000	-18.45	0	10	5650,0
396	#FFFFFF	#D3D3D3	-17.95	0.5	3	5600,0
396	#CD1076	#000000	-17.95	0.5	10	5650,0
396	#FFFFFF	#D3D3D3	-17.5	0.95	3	5600,0
396	#CD1076	#000000	-17.5	0.95	10	5650,0
396	#FFFFFF	#D3D3D3	-17.05	0.5	3	5600,0
396	#CD1076	#000000	-17.05	0.5	10	5650,0
396	#FFFFFF	#D3D3D3	-17.5	0.05	3	5600,0
396	#CD1076	#000000	-17.5	0.05	10	5650,0
396	#FFFFFF	#D3D3D3	-17.95	0.5	3	5600,0
396	#CD1076	#000000	-17.95	0.5	10	5650,0
371	#FFFFFF	#D3D3D3	-17.45	1	3	5600,0
371	#CD1076	#000000	-17.45	1	10	5650,0
371	#FFFFFF	#D3D3D3	-17	1.45	3	5600,0
371	#CD1076	#000000	-17	1.45	10	5650,0
371	#FFFFFF	#D3D3D3	-16.55	1	3	5600,0
371	#CD1076	#000000	-16.55	1	10	5650,0
371	#FFFFFF	#D3D3D3	-17	0.55	3	5600,0
371	#CD1076	#000000	-17	0.55	10	5650,0
371	#FFFFFF	#D3D3D3	-17.45	1	3	5600,0
371	#CD1076	#000000	-17.45	1	10	5650,0
346	#FFFFFF	#D3D3D3	-16.95	1.5	3	5600,0
346	#CD1076	#000000	-16.95	1.5	10	5650,0
346	#FFFFFF	#D3D3D3	-16.5	1.95	3	5600,0
346	#CD1076	#000000	-16.5	1.95	10	5650,0
346	#FFFFFF	#D3D3D3	-16.05	1.5	3	5600,0
346	#CD1076	#000000	-16.05	1.5	10	5650,0
346	#FFFFFF	#D3D3D3	-16.5	1.05	3	5600,0
346	#CD1076	#000000	-16.5	1.05	10	5650,0
346	#FFFFFF	#D3D3D3	-16.95	1.5	3	5600,0
346	#CD1076	#000000	-16.95	1.5	10	5650,0
332	#FFFFFF	#D3D3D3	-16.45	2	3	5600,0
332	#CD1076	#000000	-16.45	2	10	5650,0
332	#FFFFFF	#D3D3D3	-16	2.45	3	5600,0
332	#CD1076	#000000	-16	2.45	10	5650,0
332	#FFFFFF	#D3D3D3	-15.55	2	3	5600,0
332	#CD1076	#000000	-15.55	2	10	5650,0
332	#FFFFFF	#D3D3D3	-16	1.55	3	5600,0
332	#CD1076	#000000	-16	1.55	10	5650,0
332	#FFFFFF	#D3D3D3	-16.45	2	3	5600,0
332	#CD1076	#000000	-16.45	2	10	5650,0
243	#F7C5D6	#929292	-14.45	4	33	5600,0
243	#FFFFFF	#D3D3D3	-14.45	4	4	5650,0
243	#F7C5D6	#929292	-14	4.45	33	5600,0
243	#FFFFFF	#D3D3D3	-14	4.45	4	5650,0
243	#F7C5D6	#929292	-13.55	4	33	5600,0
243	#FFFFFF	#D3D3D3	-13.55	4	4	5650,0
243	#F7C5D6	#929292	-14	3.55	33	5600,0
243	#FFFFFF	#D3D3D3	-14	3.55	4	5650,0
243	#F7C5D6	#929292	-14.45	4	33	5600,0
243	#FFFFFF	#D3D3D3	-14.45	4	4	5650,0
220	#FFFFFF	#D3D3D3	-13.95	4.5	3	5600,0
220	#FFFFFF	#D3D3D3	-13.95	4.5	4	5650,0
220	#FFFFFF	#D3D3D3	-13.5	4.95	3	5600,0
220	#FFFFFF	#D3D3D3	-13.5	4.95	4	5650,0
220	#FFFFFF	#D3D3D3	-13.05	4.5	3	5600,0
220	#FFFFFF	#D3D3D3	-13.05	4.5	4	5650,0
220	#FFFFFF	#D3D3D3	-13.5	4.05	3	5600,0
220	#FFFFFF	#D3D3D3	-13.5	4.05	4	5650,0
220	#FFFFFF	#D3D3D3	-13.95	4.5	3	5600,0
220	#FFFFFF	#D3D3D3	-13.95	4.5	4	5650,0
199	#FFFFFF	#D3D3D3	-13.45	5	3	5600,0
199	#FFFFFF	#D3D3D3	-13.45	5	4	5650,0
199	#FFFFFF	#D3D3D3	-13	5.45	3	5600,0
199	#FFFFFF	#D3D3D3	-13	5.45	4	5650,0
199	#FFFFFF	#D3D3D3	-12.55	5	3	5600,0
199	#FFFFFF	#D3D3D3	-12.55	5	4	5650,0
199	#FFFFFF	#D3D3D3	-13	4.55	3	5600,0
199	#FFFFFF	#D3D3D3	-13	4.55	4	5650,0
199	#FFFFFF	#D3D3D3	-13.45	5	3	5600,0
199	#FFFFFF	#D3D3D3	-13.45	5	4	5650,0
177	#FFFFFF	#D3D3D3	-12.95	5.5	3	5600,0
177	#FFFFFF	#D3D3D3	-12.95	5.5	4	5650,0
177	#FFFFFF	#D3D3D3	-12.5	5.95	3	5600,0
177	#FFFFFF	#D3D3D3	-12.5	5.95	4	5650,0
177	#FFFFFF	#D3D3D3	-12.05	5.5	3	5600,0
177	#FFFFFF	#D3D3D3	-12.05	5.5	4	5650,0
177	#FFFFFF	#D3D3D3	-12.5	5.05	3	5600,0
177	#FFFFFF	#D3D3D3	-12.5	5.05	4	5650,0
177	#FFFFFF	#D3D3D3	-12.95	5.5	3	5600,0
177	#FFFFFF	#D3D3D3	-12.95	5.5	4	5650,0
157	#FFFFFF	#D3D3D3	-12.45	6	3	5600,0
157	#FFFFFF	#D3D3D3	-12.45	6	4	5650,0
157	#FFFFFF	#D3D3D3	-12	6.45	3	5600,0
157	#FFFFFF	#D3D3D3	-12	6.45	4	5650,0
157	#FFFFFF	#D3D3D3	-11.55	6	3	5600,0
157	#FFFFFF	#D3D3D3	-11.55	6	4	5650,0
157	#FFFFFF	#D3D3D3	-12	5.55	3	5600,0
157	#FFFFFF	#D3D3D3	-12	5.55	4	5650,0
157	#FFFFFF	#D3D3D3	-12.45	6	3	5600,0
157	#FFFFFF	#D3D3D3	-12.45	6	4	5650,0
136	#FFFFFF	#D3D3D3	-11.95	6.5	3	5600,0
136	#FFFFFF	#D3D3D3	-11.95	6.5	4	5650,0
136	#FFFFFF	#D3D3D3	-11.5	6.95	3	5600,0
136	#FFFFFF	#D3D3D3	-11.5	6.95	4	5650,0
136	#FFFFFF	#D3D3D3	-11.05	6.5	3	5600,0
136	#FFFFFF	#D3D3D3	-11.05	6.5	4	5650,0
136	#FFFFFF	#D3D3D3	-11.5	6.05	3	5600,0
136	#FFFFFF	#D3D3D3	-11.5	6.05	4	5650,0
136	#FFFFFF	#D3D3D3	-11.95	6.5	3	5600,0
136	#FFFFFF	#D3D3D3	-11.95	6.5	4	5650,0
117	#FFFFFF	#D3D3D3	-11.45	7	3	5600,0
117	#FFFFFF	#D3D3D3	-11.45	7	4	5650,0
117	#FFFFFF	#D3D3D3	-11	7.45	3	5600,0
117	#FFFFFF	#D3D3D3	-11	7.45	4	5650,0
117	#FFFFFF	#D3D3D3	-10.55	7	3	5600,0
117	#FFFFFF	#D3D3D3	-10.55	7	4	5650,0
117	#FFFFFF	#D3D3D3	-11	6.55	3	5600,0
117	#FFFFFF	#D3D3D3	-11	6.55	4	5650,0
117	#FFFFFF	#D3D3D3	-11.45	7	3	5600,0
117	#FFFFFF	#D3D3D3	-11.45	7	4	5650,0
97	#FFFFFF	#D3D3D3	-10.95	7.5	6	5600,0
97	#FFFFFF	#D3D3D3	-10.95	7.5	4	5650,0
97	#FFFFFF	#D3D3D3	-10.5	7.95	6	5600,0
97	#FFFFFF	#D3D3D3	-10.5	7.95	4	5650,0
97	#FFFFFF	#D3D3D3	-10.05	7.5	6	5600,0
97	#FFFFFF	#D3D3D3	-10.05	7.5	4	5650,0
97	#FFFFFF	#D3D3D3	-10.5	7.05	6	5600,0
97	#FFFFFF	#D3D3D3	-10.5	7.05	4	5650,0
97	#FFFFFF	#D3D3D3	-10.95	7.5	6	5600,0
97	#FFFFFF	#D3D3D3	-10.95	7.5	4	5650,0
79	#FFFFFF	#D3D3D3	-10.45	8	6	5600,0
79	#FFFFFF	#D3D3D3	-10.45	8	4	5650,0
79	#FFFFFF	#D3D3D3	-10	8.45	6	5600,0
79	#FFFFFF	#D3D3D3	-10	8.45	4	5650,0
79	#FFFFFF	#D3D3D3	-9.55	8	6	5600,0
79	#FFFFFF	#D3D3D3	-9.55	8	4	5650,0
79	#FFFFFF	#D3D3D3	-10	7.55	6	5600,0
79	#FFFFFF	#D3D3D3	-10	7.55	4	5650,0
79	#FFFFFF	#D3D3D3	-10.45	8	6	5600,0
79	#FFFFFF	#D3D3D3	-10.45	8	4	5650,0
2498	#FFFFFF	#D3D3D3	-9.95	8.5	6	5600,0
2498	#FFFFFF	#D3D3D3	-9.95	8.5	4	5650,0
2498	#FFFFFF	#D3D3D3	-9.5	8.95	6	5600,0
2498	#FFFFFF	#D3D3D3	-9.5	8.95	4	5650,0
2498	#FFFFFF	#D3D3D3	-9.05	8.5	6	5600,0
2498	#FFFFFF	#D3D3D3	-9.05	8.5	4	5650,0
2498	#FFFFFF	#D3D3D3	-9.5	8.05	6	5600,0
2498	#FFFFFF	#D3D3D3	-9.5	8.05	4	5650,0
2498	#FFFFFF	#D3D3D3	-9.95	8.5	6	5600,0
2498	#FFFFFF	#D3D3D3	-9.95	8.5	4	5650,0
2481	#FFFFFF	#D3D3D3	-9.45	9	6	5600,0
2481	#FFFFFF	#D3D3D3	-9.45	9	4	5650,0
2481	#FFFFFF	#D3D3D3	-9	9.45	6	5600,0
2481	#FFFFFF	#D3D3D3	-9	9.45	4	5650,0
2481	#FFFFFF	#D3D3D3	-8.55	9	6	5600,0
2481	#FFFFFF	#D3D3D3	-8.55	9	4	5650,0
2481	#FFFFFF	#D3D3D3	-9	8.55	6	5600,0
2481	#FFFFFF	#D3D3D3	-9	8.55	4	5650,0
2481	#FFFFFF	#D3D3D3	-9.45	9	6	5600,0
2481	#FFFFFF	#D3D3D3	-9.45	9	4	5650,0
2463	#FFFFFF	#D3D3D3	-8.95	9.5	6	5600,0
2463	#FFFFFF	#D3D3D3	-8.95	9.5	4	5650,0
2463	#FFFFFF	#D3D3D3	-8.5	9.95	6	5600,0
2463	#FFFFFF	#D3D3D3	-8.5	9.95	4	5650,0
2463	#FFFFFF	#D3D3D3	-8.05	9.5	6	5600,0
2463	#FFFFFF	#D3D3D3	-8.05	9.5	4	5650,0
2463	#FFFFFF	#D3D3D3	-8.5	9.05	6	5600,0
2463	#FFFFFF	#D3D3D3	-8.5	9.05	4	5650,0
2463	#FFFFFF	#D3D3D3	-8.95	9.5	6	5600,0
2463	#FFFFFF	#D3D3D3	-8.95	9.5	4	5650,0
2431	#FFFFFF	#D3D3D3	-8.45	10	6	5600,0
2431	#FFFFFF	#D3D3D3	-8.45	10	4	5650,0
2431	#FFFFFF	#D3D3D3	-8	10.45	6	5600,0
2431	#FFFFFF	#D3D3D3	-8	10.45	4	5650,0
2431	#FFFFFF	#D3D3D3	-7.55	10	6	5600,0
2431	#FFFFFF	#D3D3D3	-7.55	10	4	5650,0
2431	#FFFFFF	#D3D3D3	-8	9.55	6	5600,0
2431	#FFFFFF	#D3D3D3	-8	9.55	4	5650,0
2431	#FFFFFF	#D3D3D3	-8.45	10	6	5600,0
2431	#FFFFFF	#D3D3D3	-8.45	10	4	5650,0
2414	#FFFFFF	#D3D3D3	-7.95	10.5	16	5600,0
2414	#FFFFFF	#D3D3D3	-7.95	10.5	4	5650,0
2414	#FFFFFF	#D3D3D3	-7.5	10.95	16	5600,0
2414	#FFFFFF	#D3D3D3	-7.5	10.95	4	5650,0
2414	#FFFFFF	#D3D3D3	-7.05	10.5	16	5600,0
2414	#FFFFFF	#D3D3D3	-7.05	10.5	4	5650,0
2414	#FFFFFF	#D3D3D3	-7.5	10.05	16	5600,0
2414	#FFFFFF	#D3D3D3	-7.5	10.05	4	5650,0
2414	#FFFFFF	#D3D3D3	-7.95	10.5	16	5600,0
2414	#FFFFFF	#D3D3D3	-7.95	10.5	4	5650,0
2397	#FFFFFF	#D3D3D3	-7.45	11	16	5600,0
2397	#FFFFFF	#D3D3D3	-7.45	11	4	5650,0
2397	#FFFFFF	#D3D3D3	-7	11.45	16	5600,0
2397	#FFFFFF	#D3D3D3	-7	11.45	4	5650,0
2397	#FFFFFF	#D3D3D3	-6.55	11	16	5600,0
2397	#FFFFFF	#D3D3D3	-6.55	11	4	5650,0
2397	#FFFFFF	#D3D3D3	-7	10.55	16	5600,0
2397	#FFFFFF	#D3D3D3	-7	10.55	4	5650,0
2397	#FFFFFF	#D3D3D3	-7.45	11	16	5600,0
2397	#FFFFFF	#D3D3D3	-7.45	11	4	5650,0
2379	#FFFFFF	#D3D3D3	-6.95	11.5	16	5600,0
2379	#FFFFFF	#D3D3D3	-6.95	11.5	4	5650,0
2379	#FFFFFF	#D3D3D3	-6.5	11.95	16	5600,0
2379	#FFFFFF	#D3D3D3	-6.5	11.95	4	5650,0
2379	#FFFFFF	#D3D3D3	-6.05	11.5	16	5600,0
2379	#FFFFFF	#D3D3D3	-6.05	11.5	4	5650,0
2379	#FFFFFF	#D3D3D3	-6.5	11.05	16	5600,0
2379	#FFFFFF	#D3D3D3	-6.5	11.05	4	5650,0
2379	#FFFFFF	#D3D3D3	-6.95	11.5	16	5600,0
2379	#FFFFFF	#D3D3D3	-6.95	11.5	4	5650,0
2361	#FFFFFF	#D3D3D3	-6.45	12	16	5600,0
2361	#FFFFFF	#D3D3D3	-6.45	12	4	5650,0
2361	#FFFFFF	#D3D3D3	-6	12.45	16	5600,0
2361	#FFFFFF	#D3D3D3	-6	12.45	4	5650,0
2361	#FFFFFF	#D3D3D3	-5.55	12	16	5600,0
2361	#FFFFFF	#D3D3D3	-5.55	12	4	5650,0
2361	#FFFFFF	#D3D3D3	-6	11.55	16	5600,0
2361	#FFFFFF	#D3D3D3	-6	11.55	4	5650,0
2361	#FFFFFF	#D3D3D3	-6.45	12	16	5600,0
2361	#FFFFFF	#D3D3D3	-6.45	12	4	5650,0
2342	#FFFFFF	#D3D3D3	-5.95	12.5	16	5600,0
2342	#FFFFFF	#D3D3D3	-5.95	12.5	4	5650,0
2342	#FFFFFF	#D3D3D3	-5.5	12.95	16	5600,0
2342	#FFFFFF	#D3D3D3	-5.5	12.95	4	5650,0
2342	#FFFFFF	#D3D3D3	-5.05	12.5	16	5600,0
2342	#FFFFFF	#D3D3D3	-5.05	12.5	4	5650,0
2342	#FFFFFF	#D3D3D3	-5.5	12.05	16	5600,0
2342	#FFFFFF	#D3D3D3	-5.5	12.05	4	5650,0
2342	#FFFFFF	#D3D3D3	-5.95	12.5	16	5600,0
2342	#FFFFFF	#D3D3D3	-5.95	12.5	4	5650,0
2323	#FFFFFF	#D3D3D3	-5.45	13	16	5600,0
2323	#FFFFFF	#D3D3D3	-5.45	13	4	5650,0
2323	#FFFFFF	#D3D3D3	-5	13.45	16	5600,0
2323	#FFFFFF	#D3D3D3	-5	13.45	4	5650,0
2323	#FFFFFF	#D3D3D3	-4.55	13	16	5600,0
2323	#FFFFFF	#D3D3D3	-4.55	13	4	5650,0
2323	#FFFFFF	#D3D3D3	-5	12.55	16	5600,0
2323	#FFFFFF	#D3D3D3	-5	12.55	4	5650,0
2323	#FFFFFF	#D3D3D3	-5.45	13	16	5600,0
2323	#FFFFFF	#D3D3D3	-5.45	13	4	5650,0
2005	#FFFFFF	#D3D3D3	-4.95	13.5	16	5600,0
2005	#FFFFFF	#D3D3D3	-4.5	13.95	16	5600,0
2005	#FFFFFF	#D3D3D3	-4.05	13.5	16	5600,0
2005	#FFFFFF	#D3D3D3	-4.5	13.05	16	5600,0
2005	#FFFFFF	#D3D3D3	-4.95	13.5	16	5600,0
1985	#FFFFFF	#D3D3D3	-4.45	14	16	5600,0
1985	#FFFFFF	#D3D3D3	-4	14.45	16	5600,0
1985	#FFFFFF	#D3D3D3	-3.55	14	16	5600,0
1985	#FFFFFF	#D3D3D3	-4	13.55	16	5600,0
1985	#FFFFFF	#D3D3D3	-4.45	14	16	5600,0
1253	#FFFFFF	#D3D3D3	-3.95	14.5	16	5600,0
1253	#FFFFFF	#D3D3D3	-3.5	14.95	16	5600,0
1253	#FFFFFF	#D3D3D3	-3.05	14.5	16	5600,0
1253	#FFFFFF	#D3D3D3	-3.5	14.05	16	5600,0
1253	#FFFFFF	#D3D3D3	-3.95	14.5	16	5600,0
1232	#FFFFFF	#D3D3D3	-3.45	15	16	5600,0
1232	#FFFFFF	#D3D3D3	-3	15.45	16	5600,0
1232	#FFFFFF	#D3D3D3	-2.55	15	16	5600,0
1232	#FFFFFF	#D3D3D3	-3	14.55	16	5600,0
1232	#FFFFFF	#D3D3D3	-3.45	15	16	5600,0
561	#FFFFFF	#D3D3D3	-2.95	15.5	11	5600,0
561	#FFFFFF	#D3D3D3	-2.5	15.95	11	5600,0
561	#FFFFFF	#D3D3D3	-2.05	15.5	11	5600,0
561	#FFFFFF	#D3D3D3	-2.5	15.05	11	5600,0
561	#FFFFFF	#D3D3D3	-2.95	15.5	11	5600,0
539	#FFFFFF	#D3D3D3	-2.45	16	6	5600,0
539	#FFFFFF	#D3D3D3	-2	16.45	6	5600,0
539	#FFFFFF	#D3D3D3	-1.55	16	6	5600,0
539	#FFFFFF	#D3D3D3	-2	15.55	6	5600,0
539	#FFFFFF	#D3D3D3	-2.45	16	6	5600,0
48	#FFFFFF	#D3D3D3	-1.95	16.5	6	5600,0
48	#FFFFFF	#D3D3D3	-1.5	16.95	6	5600,0
48	#FFFFFF	#D3D3D3	-1.05	16.5	6	5600,0
48	#FFFFFF	#D3D3D3	-1.5	16.05	6	5600,0
48	#FFFFFF	#D3D3D3	-1.95	16.5	6	5600,0
28	#FFFFFF	#D3D3D3	-1.45	17	11	5600,0
28	#FFFFFF	#D3D3D3	-1	17.45	11	5600,0
28	#FFFFFF	#D3D3D3	-0.55	17	11	5600,0
28	#FFFFFF	#D3D3D3	-1	16.55	11	5600,0
28	#FFFFFF	#D3D3D3	-1.45	17	11	5600,0
7	#FFFFFF	#D3D3D3	-0.95	17.5	11	5600,0
7	#FFFFFF	#D3D3D3	-0.5	17.95	11	5600,0
7	#FFFFFF	#D3D3D3	-0.05	17.5	11	5600,0
7	#FFFFFF	#D3D3D3	-0.5	17.05	11	5600,0
7	#FFFFFF	#D3D3D3	-0.95	17.5	11	5600,0
2507	#FFFFFF	#D3D3D3	-0.45	18	11	5600,0
2507	#FFFFFF	#D3D3D3	0	18.45	11	5600,0
2507	#FFFFFF	#D3D3D3	0.45	18	11	5600,0
2507	#FFFFFF	#D3D3D3	0	17.55	11	5600,0
2507	#FFFFFF	#D3D3D3	-0.45	18	11	5600,0
2530	#FFFFFF	#D3D3D3	0.05	18.5	11	5600,0
2530	#FFFFFF	#D3D3D3	0.5	18.95	11	5600,0
2530	#FFFFFF	#D3D3D3	0.95	18.5	11	5600,0
2530	#FFFFFF	#D3D3D3	0.5	18.05	11	5600,0
2530	#FFFFFF	#D3D3D3	0.05	18.5	11	5600,0
2553	#FFFFFF	#D3D3D3	0.55	19	11	5600,0
2553	#FFFFFF	#D3D3D3	1	19.45	11	5600,0
2553	#FFFFFF	#D3D3D3	1.45	19	11	5600,0
2553	#FFFFFF	#D3D3D3	1	18.55	11	5600,0
2553	#FFFFFF	#D3D3D3	0.55	19	11	5600,0
2576	#FFFFFF	#D3D3D3	1.05	19.5	6	5600,0
2576	#FFFFFF	#D3D3D3	1.5	19.95	6	5600,0
2576	#FFFFFF	#D3D3D3	1.95	19.5	6	5600,0
2576	#FFFFFF	#D3D3D3	1.5	19.05	6	5600,0
2576	#FFFFFF	#D3D3D3	1.05	19.5	6	5600,0
2601	#FFFFFF	#D3D3D3	1.55	20	6	5600,0
2601	#FFFFFF	#D3D3D3	2	20.45	6	5600,0
2601	#FFFFFF	#D3D3D3	2.45	20	6	5600,0
2601	#FFFFFF	#D3D3D3	2	19.55	6	5600,0
2601	#FFFFFF	#D3D3D3	1.55	20	6	5600,0
2624	#FFFFFF	#D3D3D3	2.05	20.5	6	5600,0
2624	#FFFFFF	#D3D3D3	2.5	20.95	6	5600,0
2624	#FFFFFF	#D3D3D3	2.95	20.5	6	5600,0
2624	#FFFFFF	#D3D3D3	2.5	20.05	6	5600,0
2624	#FFFFFF	#D3D3D3	2.05	20.5	6	5600,0
2649	#FFFFFF	#D3D3D3	2.55	21	21	5600,0
2649	#FFFFFF	#D3D3D3	3	21.45	21	5600,0
2649	#FFFFFF	#D3D3D3	3.45	21	21	5600,0
2649	#FFFFFF	#D3D3D3	3	20.55	21	5600,0
2649	#FFFFFF	#D3D3D3	2.55	21	21	5600,0
2674	#FFFFFF	#D3D3D3	3.05	21.5	6	5600,0
2674	#FFFFFF	#D3D3D3	3.5	21.95	6	5600,0
2674	#FFFFFF	#D3D3D3	3.95	21.5	6	5600,0
2674	#FFFFFF	#D3D3D3	3.5	21.05	6	5600,0
2674	#FFFFFF	#D3D3D3	3.05	21.5	6	5600,0
2700	#FFFFFF	#D3D3D3	3.55	22	9	5600,0
2700	#FFFFFF	#D3D3D3	4	22.45	9	5600,0
2700	#FFFFFF	#D3D3D3	4.45	22	9	5600,0
2700	#FFFFFF	#D3D3D3	4	21.55	9	5600,0
2700	#FFFFFF	#D3D3D3	3.55	22	9	5600,0
2726	#FFFFFF	#D3D3D3	4.05	22.5	9	5600,0
2726	#FFFFFF	#D3D3D3	4.5	22.95	9	5600,0
2726	#FFFFFF	#D3D3D3	4.95	22.5	9	5600,0
2726	#FFFFFF	#D3D3D3	4.5	22.05	9	5600,0
2726	#FFFFFF	#D3D3D3	4.05	22.5	9	5600,0
2753	#FFFFFF	#D3D3D3	4.55	23	16	5600,0
2753	#FFFFFF	#D3D3D3	5	23.45	16	5600,0
2753	#FFFFFF	#D3D3D3	5.45	23	16	5600,0
2753	#FFFFFF	#D3D3D3	5	22.55	16	5600,0
2753	#FFFFFF	#D3D3D3	4.55	23	16	5600,0
2300	#FFFFFF	#D3D3D3	-44.95	23.5	16	5650,0
2300	#FFFFFF	#D3D3D3	-44.5	23.95	16	5650,0
2300	#FFFFFF	#D3D3D3	-44.05	23.5	16	5650,0
2300	#FFFFFF	#D3D3D3	-44.5	23.05	16	5650,0
2300	#FFFFFF	#D3D3D3	-44.95	23.5	16	5650,0
2273	#FFFFFF	#D3D3D3	-44.45	24	16	5650,0
2273	#FFFFFF	#D3D3D3	-44	24.45	16	5650,0
2273	#FFFFFF	#D3D3D3	-43.55	24	16	5650,0
2273	#FFFFFF	#D3D3D3	-44	23.55	16	5650,0
2273	#FFFFFF	#D3D3D3	-44.45	24	16	5650,0
2244	#FFFFFF	#D3D3D3	-43.95	24.5	7	5650,0
2244	#FFFFFF	#D3D3D3	-43.5	24.95	7	5650,0
2244	#FFFFFF	#D3D3D3	-43.05	24.5	7	5650,0
2244	#FFFFFF	#D3D3D3	-43.5	24.05	7	5650,0
2244	#FFFFFF	#D3D3D3	-43.95	24.5	7	5650,0
2216	#FFFFFF	#D3D3D3	-43.45	25	7	5650,0
2216	#FFFFFF	#D3D3D3	-43	25.45	7	5650,0
2216	#FFFFFF	#D3D3D3	-42.55	25	7	5650,0
2216	#FFFFFF	#D3D3D3	-43	24.55	7	5650,0
2216	#FFFFFF	#D3D3D3	-43.45	25	7	5650,0
2186	#FFFFFF	#D3D3D3	-42.95	25.5	29	5650,0
2186	#FFFFFF	#D3D3D3	-42.5	25.95	29	5650,0
2186	#FFFFFF	#D3D3D3	-42.05	25.5	29	5650,0
2186	#FFFFFF	#D3D3D3	-42.5	25.05	29	5650,0
2186	#FFFFFF	#D3D3D3	-42.95	25.5	29	5650,0
2157	#FFFFFF	#D3D3D3	-42.45	26	29	5650,0
2157	#FFFFFF	#D3D3D3	-42	26.45	29	5650,0
2157	#FFFFFF	#D3D3D3	-41.55	26	29	5650,0
2157	#FFFFFF	#D3D3D3	-42	25.55	29	5650,0
2157	#FFFFFF	#D3D3D3	-42.45	26	29	5650,0
2128	#FFFFFF	#D3D3D3	-41.95	26.5	7	5650,0
2128	#FFFFFF	#D3D3D3	-41.5	26.95	7	5650,0
2128	#FFFFFF	#D3D3D3	-41.05	26.5	7	5650,0
2128	#FFFFFF	#D3D3D3	-41.5	26.05	7	5650,0
2128	#FFFFFF	#D3D3D3	-41.95	26.5	7	5650,0
2098	#FFFFFF	#D3D3D3	-41.45	27	7	5650,0
2098	#FFFFFF	#D3D3D3	-41	27.45	7	5650,0
2098	#FFFFFF	#D3D3D3	-40.55	27	7	5650,0
2098	#FFFFFF	#D3D3D3	-41	26.55	7	5650,0
2098	#FFFFFF	#D3D3D3	-41.45	27	7	5650,0
2067	#FFFFFF	#D3D3D3	-40.95	27.5	5	5650,0
2067	#FFFFFF	#D3D3D3	-40.5	27.95	5	5650,0
2067	#FFFFFF	#D3D3D3	-40.05	27.5	5	5650,0
2067	#FFFFFF	#D3D3D3	-40.5	27.05	5	5650,0
2067	#FFFFFF	#D3D3D3	-40.95	27.5	5	5650,0
2037	#FFFFFF	#D3D3D3	-40.45	28	5	5650,0
2037	#FFFFFF	#D3D3D3	-40	28.45	5	5650,0
2037	#FFFFFF	#D3D3D3	-39.55	28	5	5650,0
2037	#FFFFFF	#D3D3D3	-40	27.55	5	5650,0
2037	#FFFFFF	#D3D3D3	-40.45	28	5	5650,0
1965	#FFFFFF	#D3D3D3	-39.95	28.5	5	5650,0
1965	#FFFFFF	#D3D3D3	-39.5	28.95	5	5650,0
1965	#FFFFFF	#D3D3D3	-39.05	28.5	5	5650,0
1965	#FFFFFF	#D3D3D3	-39.5	28.05	5	5650,0
1965	#FFFFFF	#D3D3D3	-39.95	28.5	5	5650,0
1933	#FFFFFF	#D3D3D3	-39.45	29	16	5650,0
1933	#FFFFFF	#D3D3D3	-39	29.45	16	5650,0
1933	#FFFFFF	#D3D3D3	-38.55	29	16	5650,0
1933	#FFFFFF	#D3D3D3	-39	28.55	16	5650,0
1933	#FFFFFF	#D3D3D3	-39.45	29	16	5650,0
1900	#FFFFFF	#D3D3D3	-38.95	29.5	16	5650,0
1900	#FFFFFF	#D3D3D3	-38.5	29.95	16	5650,0
1900	#FFFFFF	#D3D3D3	-38.05	29.5	16	5650,0
1900	#FFFFFF	#D3D3D3	-38.5	29.05	16	5650,0
1900	#FFFFFF	#D3D3D3	-38.95	29.5	16	5650,0
1868	#FFFFFF	#D3D3D3	-38.45	30	66	5650,0
1868	#FFFFFF	#D3D3D3	-38	30.45	66	5650,0
1868	#FFFFFF	#D3D3D3	-37.55	30	66	5650,0
1868	#FFFFFF	#D3D3D3	-38	29.55	66	5650,0
1868	#FFFFFF	#D3D3D3	-38.45	30	66	5650,0
1834	#FFFFFF	#D3D3D3	-37.95	30.5	66	5650,0
1834	#FFFFFF	#D3D3D3	-37.5	30.95	66	5650,0
1834	#FFFFFF	#D3D3D3	-37.05	30.5	66	5650,0
1834	#FFFFFF	#D3D3D3	-37.5	30.05	66	5650,0
1834	#FFFFFF	#D3D3D3	-37.95	30.5	66	5650,0
1800	#FFFFFF	#D3D3D3	-37.45	31	16	5650,0
1800	#FFFFFF	#D3D3D3	-37	31.45	16	5650,0
1800	#FFFFFF	#D3D3D3	-36.55	31	16	5650,0
1800	#FFFFFF	#D3D3D3	-37	30.55	16	5650,0
1800	#FFFFFF	#D3D3D3	-37.45	31	16	5650,0
1765	#FFFFFF	#D3D3D3	-36.95	31.5	16	5650,0
1765	#FFFFFF	#D3D3D3	-36.5	31.95	16	5650,0
1765	#FFFFFF	#D3D3D3	-36.05	31.5	16	5650,0
1765	#FFFFFF	#D3D3D3	-36.5	31.05	16	5650,0
1765	#FFFFFF	#D3D3D3	-36.95	31.5	16	5650,0
1731	#FFFFFF	#D3D3D3	-36.45	32	16	5650,0
1731	#FFFFFF	#D3D3D3	-36	32.45	16	5650,0
1731	#FFFFFF	#D3D3D3	-35.55	32	16	5650,0
1731	#FFFFFF	#D3D3D3	-36	31.55	16	5650,0
1731	#FFFFFF	#D3D3D3	-36.45	32	16	5650,0
1695	#FFFFFF	#D3D3D3	-35.95	32.5	25	5650,0
1695	#FFFFFF	#D3D3D3	-35.5	32.95	25	5650,0
1695	#FFFFFF	#D3D3D3	-35.05	32.5	25	5650,0
1695	#FFFFFF	#D3D3D3	-35.5	32.05	25	5650,0
1695	#FFFFFF	#D3D3D3	-35.95	32.5	25	5650,0
1660	#FFFFFF	#D3D3D3	-35.45	33	25	5650,0
1660	#FFFFFF	#D3D3D3	-35	33.45	25	5650,0
1660	#FFFFFF	#D3D3D3	-34.55	33	25	5650,0
1660	#FFFFFF	#D3D3D3	-35	32.55	25	5650,0
1660	#FFFFFF	#D3D3D3	-35.45	33	25	5650,0
1623	#FFFFFF	#D3D3D3	-34.95	33.5	8	5650,0
1623	#FFFFFF	#D3D3D3	-34.5	33.95	8	5650,0
1623	#FFFFFF	#D3D3D3	-34.05	33.5	8	5650,0
1623	#FFFFFF	#D3D3D3	-34.5	33.05	8	5650,0
1623	#FFFFFF	#D3D3D3	-34.95	33.5	8	5650,0
1586	#FFFFFF	#D3D3D3	-34.45	34	8	5650,0
1586	#FFFFFF	#D3D3D3	-34	34.45	8	5650,0
1586	#FFFFFF	#D3D3D3	-33.55	34	8	5650,0
1586	#FFFFFF	#D3D3D3	-34	33.55	8	5650,0
1586	#FFFFFF	#D3D3D3	-34.45	34	8	5650,0
1549	#FFFFFF	#D3D3D3	-33.95	34.5	1	5650,0
1549	#FFFFFF	#D3D3D3	-33.5	34.95	1	5650,0
1549	#FFFFFF	#D3D3D3	-33.05	34.5	1	5650,0
1549	#FFFFFF	#D3D3D3	-33.5	34.05	1	5650,0
1549	#FFFFFF	#D3D3D3	-33.95	34.5	1	5650,0
1512	#FFFFFF	#D3D3D3	-33.45	35	1	5650,0
1512	#FFFFFF	#D3D3D3	-33	35.45	1	5650,0
1512	#FFFFFF	#D3D3D3	-32.55	35	1	5650,0
1512	#FFFFFF	#D3D3D3	-33	34.55	1	5650,0
1512	#FFFFFF	#D3D3D3	-33.45	35	1	5650,0
1474	#FFFFFF	#D3D3D3	-32.95	35.5	8	5650,0
1474	#FFFFFF	#D3D3D3	-32.5	35.95	8	5650,0
1474	#FFFFFF	#D3D3D3	-32.05	35.5	8	5650,0
1474	#FFFFFF	#D3D3D3	-32.5	35.05	8	5650,0
1474	#FFFFFF	#D3D3D3	-32.95	35.5	8	5650,0
1437	#FFFFFF	#D3D3D3	-32.45	36	8	5650,0
1437	#FFFFFF	#D3D3D3	-32	36.45	8	5650,0
1437	#FFFFFF	#D3D3D3	-31.55	36	8	5650,0
1437	#FFFFFF	#D3D3D3	-32	35.55	8	5650,0
1437	#FFFFFF	#D3D3D3	-32.45	36	8	5650,0
1401	#FFFFFF	#D3D3D3	-31.95	36.5	28	5650,0
1401	#FFFFFF	#D3D3D3	-31.5	36.95	28	5650,0
1401	#FFFFFF	#D3D3D3	-31.05	36.5	28	5650,0
1401	#FFFFFF	#D3D3D3	-31.5	36.05	28	5650,0
1401	#FFFFFF	#D3D3D3	-31.95	36.5	28	5650,0
1366	#FFFFFF	#D3D3D3	-31.45	37	14	5650,0
1366	#FFFFFF	#D3D3D3	-31	37.45	14	5650,0
1366	#FFFFFF	#D3D3D3	-30.55	37	14	5650,0
1366	#FFFFFF	#D3D3D3	-31	36.55	14	5650,0
1366	#FFFFFF	#D3D3D3	-31.45	37	14	5650,0
1331	#FFFFFF	#D3D3D3	-30.95	37.5	14	5650,0
1331	#FFFFFF	#D3D3D3	-30.5	37.95	14	5650,0
1331	#FFFFFF	#D3D3D3	-30.05	37.5	14	5650,0
1331	#FFFFFF	#D3D3D3	-30.5	37.05	14	5650,0
1331	#FFFFFF	#D3D3D3	-30.95	37.5	14	5650,0
1296	#FFFFFF	#D3D3D3	-30.45	38	14	5650,0
1296	#FFFFFF	#D3D3D3	-30	38.45	14	5650,0
1296	#FFFFFF	#D3D3D3	-29.55	38	14	5650,0
1296	#FFFFFF	#D3D3D3	-30	37.55	14	5650,0
1296	#FFFFFF	#D3D3D3	-30.45	38	14	5650,0
370	#FFFFFF	#D3D3D3	-17.45	0	3	5600,0
370	#CD1076	#000000	-17.45	0	10	5650,0
370	#FFFFFF	#D3D3D3	-17	0.45	3	5600,0
370	#CD1076	#000000	-17	0.45	10	5650,0
370	#FFFFFF	#D3D3D3	-16.55	0	3	5600,0
370	#CD1076	#000000	-16.55	0	10	5650,0
370	#FFFFFF	#D3D3D3	-17	-0.45	3	5600,0
370	#CD1076	#000000	-17	-0.45	10	5650,0
370	#FFFFFF	#D3D3D3	-17.45	0	3	5600,0
370	#CD1076	#000000	-17.45	0	10	5650,0
345	#FFFFFF	#D3D3D3	-16.95	0.5	3	5600,0
345	#CD1076	#000000	-16.95	0.5	10	5650,0
345	#FFFFFF	#D3D3D3	-16.5	0.95	3	5600,0
345	#CD1076	#000000	-16.5	0.95	10	5650,0
345	#FFFFFF	#D3D3D3	-16.05	0.5	3	5600,0
345	#CD1076	#000000	-16.05	0.5	10	5650,0
345	#FFFFFF	#D3D3D3	-16.5	0.05	3	5600,0
345	#CD1076	#000000	-16.5	0.05	10	5650,0
345	#FFFFFF	#D3D3D3	-16.95	0.5	3	5600,0
345	#CD1076	#000000	-16.95	0.5	10	5650,0
321	#FFFFFF	#D3D3D3	-16.45	1	3	5600,0
321	#CD1076	#000000	-16.45	1	10	5650,0
321	#FFFFFF	#D3D3D3	-16	1.45	3	5600,0
321	#CD1076	#000000	-16	1.45	10	5650,0
321	#FFFFFF	#D3D3D3	-15.55	1	3	5600,0
321	#CD1076	#000000	-15.55	1	10	5650,0
321	#FFFFFF	#D3D3D3	-16	0.55	3	5600,0
321	#CD1076	#000000	-16	0.55	10	5650,0
321	#FFFFFF	#D3D3D3	-16.45	1	3	5600,0
321	#CD1076	#000000	-16.45	1	10	5650,0
297	#FFFFFF	#D3D3D3	-15.95	1.5	3	5600,0
297	#CD1076	#000000	-15.95	1.5	10	5650,0
297	#FFFFFF	#D3D3D3	-15.5	1.95	3	5600,0
297	#CD1076	#000000	-15.5	1.95	10	5650,0
297	#FFFFFF	#D3D3D3	-15.05	1.5	3	5600,0
297	#CD1076	#000000	-15.05	1.5	10	5650,0
297	#FFFFFF	#D3D3D3	-15.5	1.05	3	5600,0
297	#CD1076	#000000	-15.5	1.05	10	5650,0
297	#FFFFFF	#D3D3D3	-15.95	1.5	3	5600,0
297	#CD1076	#000000	-15.95	1.5	10	5650,0
219	#F7C5D6	#929292	-13.95	3.5	33	5600,0
219	#FFFFFF	#D3D3D3	-13.95	3.5	4	5650,0
219	#F7C5D6	#929292	-13.5	3.95	33	5600,0
219	#FFFFFF	#D3D3D3	-13.5	3.95	4	5650,0
219	#F7C5D6	#929292	-13.05	3.5	33	5600,0
219	#FFFFFF	#D3D3D3	-13.05	3.5	4	5650,0
219	#F7C5D6	#929292	-13.5	3.05	33	5600,0
219	#FFFFFF	#D3D3D3	-13.5	3.05	4	5650,0
219	#F7C5D6	#929292	-13.95	3.5	33	5600,0
219	#FFFFFF	#D3D3D3	-13.95	3.5	4	5650,0
198	#FFFFFF	#D3D3D3	-13.45	4	3	5600,0
198	#FFFFFF	#D3D3D3	-13.45	4	4	5650,0
198	#FFFFFF	#D3D3D3	-13	4.45	3	5600,0
198	#FFFFFF	#D3D3D3	-13	4.45	4	5650,0
198	#FFFFFF	#D3D3D3	-12.55	4	3	5600,0
198	#FFFFFF	#D3D3D3	-12.55	4	4	5650,0
198	#FFFFFF	#D3D3D3	-13	3.55	3	5600,0
198	#FFFFFF	#D3D3D3	-13	3.55	4	5650,0
198	#FFFFFF	#D3D3D3	-13.45	4	3	5600,0
198	#FFFFFF	#D3D3D3	-13.45	4	4	5650,0
176	#FFFFFF	#D3D3D3	-12.95	4.5	3	5600,0
176	#FFFFFF	#D3D3D3	-12.95	4.5	4	5650,0
176	#FFFFFF	#D3D3D3	-12.5	4.95	3	5600,0
176	#FFFFFF	#D3D3D3	-12.5	4.95	4	5650,0
176	#FFFFFF	#D3D3D3	-12.05	4.5	3	5600,0
176	#FFFFFF	#D3D3D3	-12.05	4.5	4	5650,0
176	#FFFFFF	#D3D3D3	-12.5	4.05	3	5600,0
176	#FFFFFF	#D3D3D3	-12.5	4.05	4	5650,0
176	#FFFFFF	#D3D3D3	-12.95	4.5	3	5600,0
176	#FFFFFF	#D3D3D3	-12.95	4.5	4	5650,0
156	#FFFFFF	#D3D3D3	-12.45	5	3	5600,0
156	#FFFFFF	#D3D3D3	-12.45	5	4	5650,0
156	#FFFFFF	#D3D3D3	-12	5.45	3	5600,0
156	#FFFFFF	#D3D3D3	-12	5.45	4	5650,0
156	#FFFFFF	#D3D3D3	-11.55	5	3	5600,0
156	#FFFFFF	#D3D3D3	-11.55	5	4	5650,0
156	#FFFFFF	#D3D3D3	-12	4.55	3	5600,0
156	#FFFFFF	#D3D3D3	-12	4.55	4	5650,0
156	#FFFFFF	#D3D3D3	-12.45	5	3	5600,0
156	#FFFFFF	#D3D3D3	-12.45	5	4	5650,0
135	#FFFFFF	#D3D3D3	-11.95	5.5	3	5600,0
135	#FFFFFF	#D3D3D3	-11.95	5.5	4	5650,0
135	#FFFFFF	#D3D3D3	-11.5	5.95	3	5600,0
135	#FFFFFF	#D3D3D3	-11.5	5.95	4	5650,0
135	#FFFFFF	#D3D3D3	-11.05	5.5	3	5600,0
135	#FFFFFF	#D3D3D3	-11.05	5.5	4	5650,0
135	#FFFFFF	#D3D3D3	-11.5	5.05	3	5600,0
135	#FFFFFF	#D3D3D3	-11.5	5.05	4	5650,0
135	#FFFFFF	#D3D3D3	-11.95	5.5	3	5600,0
135	#FFFFFF	#D3D3D3	-11.95	5.5	4	5650,0
116	#FFFFFF	#D3D3D3	-11.45	6	3	5600,0
116	#FFFFFF	#D3D3D3	-11.45	6	4	5650,0
116	#FFFFFF	#D3D3D3	-11	6.45	3	5600,0
116	#FFFFFF	#D3D3D3	-11	6.45	4	5650,0
116	#FFFFFF	#D3D3D3	-10.55	6	3	5600,0
116	#FFFFFF	#D3D3D3	-10.55	6	4	5650,0
116	#FFFFFF	#D3D3D3	-11	5.55	3	5600,0
116	#FFFFFF	#D3D3D3	-11	5.55	4	5650,0
116	#FFFFFF	#D3D3D3	-11.45	6	3	5600,0
116	#FFFFFF	#D3D3D3	-11.45	6	4	5650,0
96	#FFFFFF	#D3D3D3	-10.95	6.5	3	5600,0
96	#FFFFFF	#D3D3D3	-10.95	6.5	4	5650,0
96	#FFFFFF	#D3D3D3	-10.5	6.95	3	5600,0
96	#FFFFFF	#D3D3D3	-10.5	6.95	4	5650,0
96	#FFFFFF	#D3D3D3	-10.05	6.5	3	5600,0
96	#FFFFFF	#D3D3D3	-10.05	6.5	4	5650,0
96	#FFFFFF	#D3D3D3	-10.5	6.05	3	5600,0
96	#FFFFFF	#D3D3D3	-10.5	6.05	4	5650,0
96	#FFFFFF	#D3D3D3	-10.95	6.5	3	5600,0
96	#FFFFFF	#D3D3D3	-10.95	6.5	4	5650,0
78	#FFFFFF	#D3D3D3	-10.45	7	3	5600,0
78	#FFFFFF	#D3D3D3	-10.45	7	4	5650,0
78	#FFFFFF	#D3D3D3	-10	7.45	3	5600,0
78	#FFFFFF	#D3D3D3	-10	7.45	4	5650,0
78	#FFFFFF	#D3D3D3	-9.55	7	3	5600,0
78	#FFFFFF	#D3D3D3	-9.55	7	4	5650,0
78	#FFFFFF	#D3D3D3	-10	6.55	3	5600,0
78	#FFFFFF	#D3D3D3	-10	6.55	4	5650,0
78	#FFFFFF	#D3D3D3	-10.45	7	3	5600,0
78	#FFFFFF	#D3D3D3	-10.45	7	4	5650,0
2497	#FFFFFF	#D3D3D3	-9.95	7.5	3	5600,0
2497	#FFFFFF	#D3D3D3	-9.95	7.5	4	5650,0
2497	#FFFFFF	#D3D3D3	-9.5	7.95	3	5600,0
2497	#FFFFFF	#D3D3D3	-9.5	7.95	4	5650,0
2497	#FFFFFF	#D3D3D3	-9.05	7.5	3	5600,0
2497	#FFFFFF	#D3D3D3	-9.05	7.5	4	5650,0
2497	#FFFFFF	#D3D3D3	-9.5	7.05	3	5600,0
2497	#FFFFFF	#D3D3D3	-9.5	7.05	4	5650,0
2497	#FFFFFF	#D3D3D3	-9.95	7.5	3	5600,0
2497	#FFFFFF	#D3D3D3	-9.95	7.5	4	5650,0
2480	#FFFFFF	#D3D3D3	-9.45	8	6	5600,0
2480	#FFFFFF	#D3D3D3	-9.45	8	4	5650,0
2480	#FFFFFF	#D3D3D3	-9	8.45	6	5600,0
2480	#FFFFFF	#D3D3D3	-9	8.45	4	5650,0
2480	#FFFFFF	#D3D3D3	-8.55	8	6	5600,0
2480	#FFFFFF	#D3D3D3	-8.55	8	4	5650,0
2480	#FFFFFF	#D3D3D3	-9	7.55	6	5600,0
2480	#FFFFFF	#D3D3D3	-9	7.55	4	5650,0
2480	#FFFFFF	#D3D3D3	-9.45	8	6	5600,0
2480	#FFFFFF	#D3D3D3	-9.45	8	4	5650,0
2462	#FFFFFF	#D3D3D3	-8.95	8.5	16	5600,0
2462	#FFFFFF	#D3D3D3	-8.95	8.5	4	5650,0
2462	#FFFFFF	#D3D3D3	-8.5	8.95	16	5600,0
2462	#FFFFFF	#D3D3D3	-8.5	8.95	4	5650,0
2462	#FFFFFF	#D3D3D3	-8.05	8.5	16	5600,0
2462	#FFFFFF	#D3D3D3	-8.05	8.5	4	5650,0
2462	#FFFFFF	#D3D3D3	-8.5	8.05	16	5600,0
2462	#FFFFFF	#D3D3D3	-8.5	8.05	4	5650,0
2462	#FFFFFF	#D3D3D3	-8.95	8.5	16	5600,0
2462	#FFFFFF	#D3D3D3	-8.95	8.5	4	5650,0
2446	#FFFFFF	#D3D3D3	-8.45	9	16	5600,0
2446	#FFFFFF	#D3D3D3	-8.45	9	4	5650,0
2446	#FFFFFF	#D3D3D3	-8	9.45	16	5600,0
2446	#FFFFFF	#D3D3D3	-8	9.45	4	5650,0
2446	#FFFFFF	#D3D3D3	-7.55	9	16	5600,0
2446	#FFFFFF	#D3D3D3	-7.55	9	4	5650,0
2446	#FFFFFF	#D3D3D3	-8	8.55	16	5600,0
2446	#FFFFFF	#D3D3D3	-8	8.55	4	5650,0
2446	#FFFFFF	#D3D3D3	-8.45	9	16	5600,0
2446	#FFFFFF	#D3D3D3	-8.45	9	4	5650,0
2428	#FFFFFF	#D3D3D3	-7.95	9.5	16	5600,0
2428	#FFFFFF	#D3D3D3	-7.95	9.5	4	5650,0
2428	#FFFFFF	#D3D3D3	-7.5	9.95	16	5600,0
2428	#FFFFFF	#D3D3D3	-7.5	9.95	4	5650,0
2428	#FFFFFF	#D3D3D3	-7.05	9.5	16	5600,0
2428	#FFFFFF	#D3D3D3	-7.05	9.5	4	5650,0
2428	#FFFFFF	#D3D3D3	-7.5	9.05	16	5600,0
2428	#FFFFFF	#D3D3D3	-7.5	9.05	4	5650,0
2428	#FFFFFF	#D3D3D3	-7.95	9.5	16	5600,0
2428	#FFFFFF	#D3D3D3	-7.95	9.5	4	5650,0
2396	#FFFFFF	#D3D3D3	-7.45	10	16	5600,0
2396	#FFFFFF	#D3D3D3	-7.45	10	4	5650,0
2396	#FFFFFF	#D3D3D3	-7	10.45	16	5600,0
2396	#FFFFFF	#D3D3D3	-7	10.45	4	5650,0
2396	#FFFFFF	#D3D3D3	-6.55	10	16	5600,0
2396	#FFFFFF	#D3D3D3	-6.55	10	4	5650,0
2396	#FFFFFF	#D3D3D3	-7	9.55	16	5600,0
2396	#FFFFFF	#D3D3D3	-7	9.55	4	5650,0
2396	#FFFFFF	#D3D3D3	-7.45	10	16	5600,0
2396	#FFFFFF	#D3D3D3	-7.45	10	4	5650,0
2378	#FFFFFF	#D3D3D3	-6.95	10.5	16	5600,0
2378	#FFFFFF	#D3D3D3	-6.95	10.5	4	5650,0
2378	#FFFFFF	#D3D3D3	-6.5	10.95	16	5600,0
2378	#FFFFFF	#D3D3D3	-6.5	10.95	4	5650,0
2378	#FFFFFF	#D3D3D3	-6.05	10.5	16	5600,0
2378	#FFFFFF	#D3D3D3	-6.05	10.5	4	5650,0
2378	#FFFFFF	#D3D3D3	-6.5	10.05	16	5600,0
2378	#FFFFFF	#D3D3D3	-6.5	10.05	4	5650,0
2378	#FFFFFF	#D3D3D3	-6.95	10.5	16	5600,0
2378	#FFFFFF	#D3D3D3	-6.95	10.5	4	5650,0
2360	#FFFFFF	#D3D3D3	-6.45	11	16	5600,0
2360	#FFFFFF	#D3D3D3	-6.45	11	4	5650,0
2360	#FFFFFF	#D3D3D3	-6	11.45	16	5600,0
2360	#FFFFFF	#D3D3D3	-6	11.45	4	5650,0
2360	#FFFFFF	#D3D3D3	-5.55	11	16	5600,0
2360	#FFFFFF	#D3D3D3	-5.55	11	4	5650,0
2360	#FFFFFF	#D3D3D3	-6	10.55	16	5600,0
2360	#FFFFFF	#D3D3D3	-6	10.55	4	5650,0
2360	#FFFFFF	#D3D3D3	-6.45	11	16	5600,0
2360	#FFFFFF	#D3D3D3	-6.45	11	4	5650,0
2341	#FFFFFF	#D3D3D3	-5.95	11.5	16	5600,0
2341	#FFFFFF	#D3D3D3	-5.95	11.5	4	5650,0
2341	#FFFFFF	#D3D3D3	-5.5	11.95	16	5600,0
2341	#FFFFFF	#D3D3D3	-5.5	11.95	4	5650,0
2341	#FFFFFF	#D3D3D3	-5.05	11.5	16	5600,0
2341	#FFFFFF	#D3D3D3	-5.05	11.5	4	5650,0
2341	#FFFFFF	#D3D3D3	-5.5	11.05	16	5600,0
2341	#FFFFFF	#D3D3D3	-5.5	11.05	4	5650,0
2341	#FFFFFF	#D3D3D3	-5.95	11.5	16	5600,0
2341	#FFFFFF	#D3D3D3	-5.95	11.5	4	5650,0
2322	#FFFFFF	#D3D3D3	-5.45	12	16	5600,0
2322	#FFFFFF	#D3D3D3	-5.45	12	4	5650,0
2322	#FFFFFF	#D3D3D3	-5	12.45	16	5600,0
2322	#FFFFFF	#D3D3D3	-5	12.45	4	5650,0
2322	#FFFFFF	#D3D3D3	-4.55	12	16	5600,0
2322	#FFFFFF	#D3D3D3	-4.55	12	4	5650,0
2322	#FFFFFF	#D3D3D3	-5	11.55	16	5600,0
2322	#FFFFFF	#D3D3D3	-5	11.55	4	5650,0
2322	#FFFFFF	#D3D3D3	-5.45	12	16	5600,0
2322	#FFFFFF	#D3D3D3	-5.45	12	4	5650,0
2004	#FFFFFF	#D3D3D3	-4.95	12.5	16	5600,0
2004	#FFFFFF	#D3D3D3	-4.95	12.5	4	5650,0
2004	#FFFFFF	#D3D3D3	-4.5	12.95	16	5600,0
2004	#FFFFFF	#D3D3D3	-4.5	12.95	4	5650,0
2004	#FFFFFF	#D3D3D3	-4.05	12.5	16	5600,0
2004	#FFFFFF	#D3D3D3	-4.05	12.5	4	5650,0
2004	#FFFFFF	#D3D3D3	-4.5	12.05	16	5600,0
2004	#FFFFFF	#D3D3D3	-4.5	12.05	4	5650,0
2004	#FFFFFF	#D3D3D3	-4.95	12.5	16	5600,0
2004	#FFFFFF	#D3D3D3	-4.95	12.5	4	5650,0
1984	#FFFFFF	#D3D3D3	-4.45	13	11	5600,0
1984	#FFFFFF	#D3D3D3	-4	13.45	11	5600,0
1984	#FFFFFF	#D3D3D3	-3.55	13	11	5600,0
1984	#FFFFFF	#D3D3D3	-4	12.55	11	5600,0
1984	#FFFFFF	#D3D3D3	-4.45	13	11	5600,0
1252	#FFFFFF	#D3D3D3	-3.95	13.5	16	5600,0
1252	#FFFFFF	#D3D3D3	-3.5	13.95	16	5600,0
1252	#FFFFFF	#D3D3D3	-3.05	13.5	16	5600,0
1252	#FFFFFF	#D3D3D3	-3.5	13.05	16	5600,0
1252	#FFFFFF	#D3D3D3	-3.95	13.5	16	5600,0
1231	#FFFFFF	#D3D3D3	-3.45	14	16	5600,0
1231	#FFFFFF	#D3D3D3	-3	14.45	16	5600,0
1231	#FFFFFF	#D3D3D3	-2.55	14	16	5600,0
1231	#FFFFFF	#D3D3D3	-3	13.55	16	5600,0
1231	#FFFFFF	#D3D3D3	-3.45	14	16	5600,0
560	#FFFFFF	#D3D3D3	-2.95	14.5	11	5600,0
560	#FFFFFF	#D3D3D3	-2.5	14.95	11	5600,0
560	#FFFFFF	#D3D3D3	-2.05	14.5	11	5600,0
560	#FFFFFF	#D3D3D3	-2.5	14.05	11	5600,0
560	#FFFFFF	#D3D3D3	-2.95	14.5	11	5600,0
538	#FFFFFF	#D3D3D3	-2.45	15	11	5600,0
538	#FFFFFF	#D3D3D3	-2	15.45	11	5600,0
538	#FFFFFF	#D3D3D3	-1.55	15	11	5600,0
538	#FFFFFF	#D3D3D3	-2	14.55	11	5600,0
538	#FFFFFF	#D3D3D3	-2.45	15	11	5600,0
47	#FFFFFF	#D3D3D3	-1.95	15.5	6	5600,0
47	#FFFFFF	#D3D3D3	-1.5	15.95	6	5600,0
47	#FFFFFF	#D3D3D3	-1.05	15.5	6	5600,0
47	#FFFFFF	#D3D3D3	-1.5	15.05	6	5600,0
47	#FFFFFF	#D3D3D3	-1.95	15.5	6	5600,0
27	#FFFFFF	#D3D3D3	-1.45	16	11	5600,0
27	#FFFFFF	#D3D3D3	-1	16.45	11	5600,0
27	#FFFFFF	#D3D3D3	-0.55	16	11	5600,0
27	#FFFFFF	#D3D3D3	-1	15.55	11	5600,0
27	#FFFFFF	#D3D3D3	-1.45	16	11	5600,0
6	#FFFFFF	#D3D3D3	-0.95	16.5	11	5600,0
6	#FFFFFF	#D3D3D3	-0.5	16.95	11	5600,0
6	#FFFFFF	#D3D3D3	-0.05	16.5	11	5600,0
6	#FFFFFF	#D3D3D3	-0.5	16.05	11	5600,0
6	#FFFFFF	#D3D3D3	-0.95	16.5	11	5600,0
2506	#FFFFFF	#D3D3D3	-0.45	17	11	5600,0
2506	#FFFFFF	#D3D3D3	0	17.45	11	5600,0
2506	#FFFFFF	#D3D3D3	0.45	17	11	5600,0
2506	#FFFFFF	#D3D3D3	0	16.55	11	5600,0
2506	#FFFFFF	#D3D3D3	-0.45	17	11	5600,0
2529	#FFFFFF	#D3D3D3	0.05	17.5	11	5600,0
2529	#FFFFFF	#D3D3D3	0.5	17.95	11	5600,0
2529	#FFFFFF	#D3D3D3	0.95	17.5	11	5600,0
2529	#FFFFFF	#D3D3D3	0.5	17.05	11	5600,0
2529	#FFFFFF	#D3D3D3	0.05	17.5	11	5600,0
2552	#FFFFFF	#D3D3D3	0.55	18	11	5600,0
2552	#FFFFFF	#D3D3D3	1	18.45	11	5600,0
2552	#FFFFFF	#D3D3D3	1.45	18	11	5600,0
2552	#FFFFFF	#D3D3D3	1	17.55	11	5600,0
2552	#FFFFFF	#D3D3D3	0.55	18	11	5600,0
2575	#FFFFFF	#D3D3D3	1.05	18.5	11	5600,0
2575	#FFFFFF	#D3D3D3	1.5	18.95	11	5600,0
2575	#FFFFFF	#D3D3D3	1.95	18.5	11	5600,0
2575	#FFFFFF	#D3D3D3	1.5	18.05	11	5600,0
2575	#FFFFFF	#D3D3D3	1.05	18.5	11	5600,0
2599	#FFFFFF	#D3D3D3	1.55	19	11	5600,0
2599	#FFFFFF	#D3D3D3	2	19.45	11	5600,0
2599	#FFFFFF	#D3D3D3	2.45	19	11	5600,0
2599	#FFFFFF	#D3D3D3	2	18.55	11	5600,0
2599	#FFFFFF	#D3D3D3	1.55	19	11	5600,0
2622	#FFFFFF	#D3D3D3	2.05	19.5	11	5600,0
2622	#FFFFFF	#D3D3D3	2.5	19.95	11	5600,0
2622	#FFFFFF	#D3D3D3	2.95	19.5	11	5600,0
2622	#FFFFFF	#D3D3D3	2.5	19.05	11	5600,0
2622	#FFFFFF	#D3D3D3	2.05	19.5	11	5600,0
2648	#FFFFFF	#D3D3D3	2.55	20	6	5600,0
2648	#FFFFFF	#D3D3D3	3	20.45	6	5600,0
2648	#FFFFFF	#D3D3D3	3.45	20	6	5600,0
2648	#FFFFFF	#D3D3D3	3	19.55	6	5600,0
2648	#FFFFFF	#D3D3D3	2.55	20	6	5600,0
2673	#FFFFFF	#D3D3D3	3.05	20.5	6	5600,0
2673	#FFFFFF	#D3D3D3	3.5	20.95	6	5600,0
2673	#FFFFFF	#D3D3D3	3.95	20.5	6	5600,0
2673	#FFFFFF	#D3D3D3	3.5	20.05	6	5600,0
2673	#FFFFFF	#D3D3D3	3.05	20.5	6	5600,0
2699	#FFFFFF	#D3D3D3	3.55	21	6	5600,0
2699	#FFFFFF	#D3D3D3	4	21.45	6	5600,0
2699	#FFFFFF	#D3D3D3	4.45	21	6	5600,0
2699	#FFFFFF	#D3D3D3	4	20.55	6	5600,0
2699	#FFFFFF	#D3D3D3	3.55	21	6	5600,0
2725	#FFFFFF	#D3D3D3	4.05	21.5	9	5600,0
2725	#FFFFFF	#D3D3D3	4.5	21.95	9	5600,0
2725	#FFFFFF	#D3D3D3	4.95	21.5	9	5600,0
2725	#FFFFFF	#D3D3D3	4.5	21.05	9	5600,0
2725	#FFFFFF	#D3D3D3	4.05	21.5	9	5600,0
2752	#FFFFFF	#D3D3D3	4.55	22	9	5600,0
2752	#FFFFFF	#D3D3D3	5	22.45	9	5600,0
2752	#FFFFFF	#D3D3D3	5.45	22	9	5600,0
2752	#FFFFFF	#D3D3D3	5	21.55	9	5600,0
2752	#FFFFFF	#D3D3D3	4.55	22	9	5600,0
2299	#FFFFFF	#D3D3D3	-44.95	22.5	9	5650,0
2299	#FFFFFF	#D3D3D3	-44.5	22.95	9	5650,0
2299	#FFFFFF	#D3D3D3	-44.05	22.5	9	5650,0
2299	#FFFFFF	#D3D3D3	-44.5	22.05	9	5650,0
2299	#FFFFFF	#D3D3D3	-44.95	22.5	9	5650,0
2272	#FFFFFF	#D3D3D3	-44.45	23	16	5650,0
2272	#FFFFFF	#D3D3D3	-44	23.45	16	5650,0
2272	#FFFFFF	#D3D3D3	-43.55	23	16	5650,0
2272	#FFFFFF	#D3D3D3	-44	22.55	16	5650,0
2272	#FFFFFF	#D3D3D3	-44.45	23	16	5650,0
2243	#FFFFFF	#D3D3D3	-43.95	23.5	16	5650,0
2243	#FFFFFF	#D3D3D3	-43.5	23.95	16	5650,0
2243	#FFFFFF	#D3D3D3	-43.05	23.5	16	5650,0
2243	#FFFFFF	#D3D3D3	-43.5	23.05	16	5650,0
2243	#FFFFFF	#D3D3D3	-43.95	23.5	16	5650,0
2215	#FFFFFF	#D3D3D3	-43.45	24	16	5650,0
2215	#FFFFFF	#D3D3D3	-43	24.45	16	5650,0
2215	#FFFFFF	#D3D3D3	-42.55	24	16	5650,0
2215	#FFFFFF	#D3D3D3	-43	23.55	16	5650,0
2215	#FFFFFF	#D3D3D3	-43.45	24	16	5650,0
2185	#FFFFFF	#D3D3D3	-42.95	24.5	7	5650,0
2185	#FFFFFF	#D3D3D3	-42.5	24.95	7	5650,0
2185	#FFFFFF	#D3D3D3	-42.05	24.5	7	5650,0
2185	#FFFFFF	#D3D3D3	-42.5	24.05	7	5650,0
2185	#FFFFFF	#D3D3D3	-42.95	24.5	7	5650,0
2156	#FFFFFF	#D3D3D3	-42.45	25	29	5650,0
2156	#FFFFFF	#D3D3D3	-42	25.45	29	5650,0
2156	#FFFFFF	#D3D3D3	-41.55	25	29	5650,0
2156	#FFFFFF	#D3D3D3	-42	24.55	29	5650,0
2156	#FFFFFF	#D3D3D3	-42.45	25	29	5650,0
2127	#FFFFFF	#D3D3D3	-41.95	25.5	7	5650,0
2127	#FFFFFF	#D3D3D3	-41.5	25.95	7	5650,0
2127	#FFFFFF	#D3D3D3	-41.05	25.5	7	5650,0
2127	#FFFFFF	#D3D3D3	-41.5	25.05	7	5650,0
2127	#FFFFFF	#D3D3D3	-41.95	25.5	7	5650,0
2097	#FFFFFF	#D3D3D3	-41.45	26	7	5650,0
2097	#FFFFFF	#D3D3D3	-41	26.45	7	5650,0
2097	#FFFFFF	#D3D3D3	-40.55	26	7	5650,0
2097	#FFFFFF	#D3D3D3	-41	25.55	7	5650,0
2097	#FFFFFF	#D3D3D3	-41.45	26	7	5650,0
2066	#FFFFFF	#D3D3D3	-40.95	26.5	16	5650,0
2066	#FFFFFF	#D3D3D3	-40.5	26.95	16	5650,0
2066	#FFFFFF	#D3D3D3	-40.05	26.5	16	5650,0
2066	#FFFFFF	#D3D3D3	-40.5	26.05	16	5650,0
2066	#FFFFFF	#D3D3D3	-40.95	26.5	16	5650,0
2036	#FFFFFF	#D3D3D3	-40.45	27	16	5650,0
2036	#FFFFFF	#D3D3D3	-40	27.45	16	5650,0
2036	#FFFFFF	#D3D3D3	-39.55	27	16	5650,0
2036	#FFFFFF	#D3D3D3	-40	26.55	16	5650,0
2036	#FFFFFF	#D3D3D3	-40.45	27	16	5650,0
1964	#FFFFFF	#D3D3D3	-39.95	27.5	16	5650,0
1964	#FFFFFF	#D3D3D3	-39.5	27.95	16	5650,0
1964	#FFFFFF	#D3D3D3	-39.05	27.5	16	5650,0
1964	#FFFFFF	#D3D3D3	-39.5	27.05	16	5650,0
1964	#FFFFFF	#D3D3D3	-39.95	27.5	16	5650,0
1932	#FFFFFF	#D3D3D3	-39.45	28	16	5650,0
1932	#FFFFFF	#D3D3D3	-39	28.45	16	5650,0
1932	#FFFFFF	#D3D3D3	-38.55	28	16	5650,0
1932	#FFFFFF	#D3D3D3	-39	27.55	16	5650,0
1932	#FFFFFF	#D3D3D3	-39.45	28	16	5650,0
1899	#FFFFFF	#D3D3D3	-38.95	28.5	16	5650,0
1899	#FFFFFF	#D3D3D3	-38.5	28.95	16	5650,0
1899	#FFFFFF	#D3D3D3	-38.05	28.5	16	5650,0
1899	#FFFFFF	#D3D3D3	-38.5	28.05	16	5650,0
1899	#FFFFFF	#D3D3D3	-38.95	28.5	16	5650,0
1866	#FFFFFF	#D3D3D3	-38.45	29	16	5650,0
1866	#FFFFFF	#D3D3D3	-38	29.45	16	5650,0
1866	#FFFFFF	#D3D3D3	-37.55	29	16	5650,0
1866	#FFFFFF	#D3D3D3	-38	28.55	16	5650,0
1866	#FFFFFF	#D3D3D3	-38.45	29	16	5650,0
1832	#FFFFFF	#D3D3D3	-37.95	29.5	16	5650,0
1832	#FFFFFF	#D3D3D3	-37.5	29.95	16	5650,0
1832	#FFFFFF	#D3D3D3	-37.05	29.5	16	5650,0
1832	#FFFFFF	#D3D3D3	-37.5	29.05	16	5650,0
1832	#FFFFFF	#D3D3D3	-37.95	29.5	16	5650,0
1799	#FFFFFF	#D3D3D3	-37.45	30	16	5650,0
1799	#FFFFFF	#D3D3D3	-37	30.45	16	5650,0
1799	#FFFFFF	#D3D3D3	-36.55	30	16	5650,0
1799	#FFFFFF	#D3D3D3	-37	29.55	16	5650,0
1799	#FFFFFF	#D3D3D3	-37.45	30	16	5650,0
1764	#FFFFFF	#D3D3D3	-36.95	30.5	16	5650,0
1764	#FFFFFF	#D3D3D3	-36.5	30.95	16	5650,0
1764	#FFFFFF	#D3D3D3	-36.05	30.5	16	5650,0
1764	#FFFFFF	#D3D3D3	-36.5	30.05	16	5650,0
1764	#FFFFFF	#D3D3D3	-36.95	30.5	16	5650,0
1730	#FFFFFF	#D3D3D3	-36.45	31	16	5650,0
1730	#FFFFFF	#D3D3D3	-36	31.45	16	5650,0
1730	#FFFFFF	#D3D3D3	-35.55	31	16	5650,0
1730	#FFFFFF	#D3D3D3	-36	30.55	16	5650,0
1730	#FFFFFF	#D3D3D3	-36.45	31	16	5650,0
1694	#FFFFFF	#D3D3D3	-35.95	31.5	16	5650,0
1694	#FFFFFF	#D3D3D3	-35.5	31.95	16	5650,0
1694	#FFFFFF	#D3D3D3	-35.05	31.5	16	5650,0
1694	#FFFFFF	#D3D3D3	-35.5	31.05	16	5650,0
1694	#FFFFFF	#D3D3D3	-35.95	31.5	16	5650,0
1659	#FFFFFF	#D3D3D3	-35.45	32	25	5650,0
1659	#FFFFFF	#D3D3D3	-35	32.45	25	5650,0
1659	#FFFFFF	#D3D3D3	-34.55	32	25	5650,0
1659	#FFFFFF	#D3D3D3	-35	31.55	25	5650,0
1659	#FFFFFF	#D3D3D3	-35.45	32	25	5650,0
1622	#FFFFFF	#D3D3D3	-34.95	32.5	8	5650,0
1622	#FFFFFF	#D3D3D3	-34.5	32.95	8	5650,0
1622	#FFFFFF	#D3D3D3	-34.05	32.5	8	5650,0
1622	#FFFFFF	#D3D3D3	-34.5	32.05	8	5650,0
1622	#FFFFFF	#D3D3D3	-34.95	32.5	8	5650,0
1585	#FFFFFF	#D3D3D3	-34.45	33	8	5650,0
1585	#FFFFFF	#D3D3D3	-34	33.45	8	5650,0
1585	#FFFFFF	#D3D3D3	-33.55	33	8	5650,0
1585	#FFFFFF	#D3D3D3	-34	32.55	8	5650,0
1585	#FFFFFF	#D3D3D3	-34.45	33	8	5650,0
1548	#FFFFFF	#D3D3D3	-33.95	33.5	8	5650,0
1548	#FFFFFF	#D3D3D3	-33.5	33.95	8	5650,0
1548	#FFFFFF	#D3D3D3	-33.05	33.5	8	5650,0
1548	#FFFFFF	#D3D3D3	-33.5	33.05	8	5650,0
1548	#FFFFFF	#D3D3D3	-33.95	33.5	8	5650,0
1511	#FFFFFF	#D3D3D3	-33.45	34	8	5650,0
1511	#FFFFFF	#D3D3D3	-33	34.45	8	5650,0
1511	#FFFFFF	#D3D3D3	-32.55	34	8	5650,0
1511	#FFFFFF	#D3D3D3	-33	33.55	8	5650,0
1511	#FFFFFF	#D3D3D3	-33.45	34	8	5650,0
1473	#FFFFFF	#D3D3D3	-32.95	34.5	8	5650,0
1473	#FFFFFF	#D3D3D3	-32.5	34.95	8	5650,0
1473	#FFFFFF	#D3D3D3	-32.05	34.5	8	5650,0
1473	#FFFFFF	#D3D3D3	-32.5	34.05	8	5650,0
1473	#FFFFFF	#D3D3D3	-32.95	34.5	8	5650,0
1436	#FFFFFF	#D3D3D3	-32.45	35	8	5650,0
1436	#FFFFFF	#D3D3D3	-32	35.45	8	5650,0
1436	#FFFFFF	#D3D3D3	-31.55	35	8	5650,0
1436	#FFFFFF	#D3D3D3	-32	34.55	8	5650,0
1436	#FFFFFF	#D3D3D3	-32.45	35	8	5650,0
1400	#FFFFFF	#D3D3D3	-31.95	35.5	105	5650,0
1400	#FFFFFF	#D3D3D3	-31.5	35.95	105	5650,0
1400	#FFFFFF	#D3D3D3	-31.05	35.5	105	5650,0
1400	#FFFFFF	#D3D3D3	-31.5	35.05	105	5650,0
1400	#FFFFFF	#D3D3D3	-31.95	35.5	105	5650,0
1365	#FFFFFF	#D3D3D3	-31.45	36	28	5650,0
1365	#FFFFFF	#D3D3D3	-31	36.45	28	5650,0
1365	#FFFFFF	#D3D3D3	-30.55	36	28	5650,0
1365	#FFFFFF	#D3D3D3	-31	35.55	28	5650,0
1365	#FFFFFF	#D3D3D3	-31.45	36	28	5650,0
1330	#FFFFFF	#D3D3D3	-30.95	36.5	28	5650,0
1330	#FFFFFF	#D3D3D3	-30.5	36.95	28	5650,0
1330	#FFFFFF	#D3D3D3	-30.05	36.5	28	5650,0
1330	#FFFFFF	#D3D3D3	-30.5	36.05	28	5650,0
1330	#FFFFFF	#D3D3D3	-30.95	36.5	28	5650,0
1295	#FFFFFF	#D3D3D3	-30.45	37	28	5650,0
1295	#FFFFFF	#D3D3D3	-30	37.45	28	5650,0
1295	#FFFFFF	#D3D3D3	-29.55	37	28	5650,0
1295	#FFFFFF	#D3D3D3	-30	36.55	28	5650,0
1295	#FFFFFF	#D3D3D3	-30.45	37	28	5650,0
1218	#FFFFFF	#D3D3D3	-29.95	37.5	28	5650,0
1218	#FFFFFF	#D3D3D3	-29.5	37.95	28	5650,0
1218	#FFFFFF	#D3D3D3	-29.05	37.5	28	5650,0
1218	#FFFFFF	#D3D3D3	-29.5	37.05	28	5650,0
1218	#FFFFFF	#D3D3D3	-29.95	37.5	28	5650,0
320	#CD1076	#000000	-16.45	0	109	5600,0
320	#CD1076	#000000	-16.45	0	10	5650,0
320	#CD1076	#000000	-16	0.45	109	5600,0
320	#CD1076	#000000	-16	0.45	10	5650,0
320	#CD1076	#000000	-15.55	0	109	5600,0
320	#CD1076	#000000	-15.55	0	10	5650,0
320	#CD1076	#000000	-16	-0.45	109	5600,0
320	#CD1076	#000000	-16	-0.45	10	5650,0
320	#CD1076	#000000	-16.45	0	109	5600,0
320	#CD1076	#000000	-16.45	0	10	5650,0
296	#CD1076	#000000	-15.95	0.5	36	5600,0
296	#CD1076	#000000	-15.95	0.5	10	5650,0
296	#CD1076	#000000	-15.5	0.95	36	5600,0
296	#CD1076	#000000	-15.5	0.95	10	5650,0
296	#CD1076	#000000	-15.05	0.5	36	5600,0
296	#CD1076	#000000	-15.05	0.5	10	5650,0
296	#CD1076	#000000	-15.5	0.05	36	5600,0
296	#CD1076	#000000	-15.5	0.05	10	5650,0
296	#CD1076	#000000	-15.95	0.5	36	5600,0
296	#CD1076	#000000	-15.95	0.5	10	5650,0
273	#CD1076	#000000	-15.45	1	54	5600,0
273	#CD1076	#000000	-15.45	1	10	5650,0
273	#CD1076	#000000	-15	1.45	54	5600,0
273	#CD1076	#000000	-15	1.45	10	5650,0
273	#CD1076	#000000	-14.55	1	54	5600,0
273	#CD1076	#000000	-14.55	1	10	5650,0
273	#CD1076	#000000	-15	0.55	54	5600,0
273	#CD1076	#000000	-15	0.55	10	5650,0
273	#CD1076	#000000	-15.45	1	54	5600,0
273	#CD1076	#000000	-15.45	1	10	5650,0
197	#F7C5D6	#929292	-13.45	3	33	5600,0
197	#FFFFFF	#D3D3D3	-13.45	3	4	5650,0
197	#F7C5D6	#929292	-13	3.45	33	5600,0
197	#FFFFFF	#D3D3D3	-13	3.45	4	5650,0
197	#F7C5D6	#929292	-12.55	3	33	5600,0
197	#FFFFFF	#D3D3D3	-12.55	3	4	5650,0
197	#F7C5D6	#929292	-13	2.55	33	5600,0
197	#FFFFFF	#D3D3D3	-13	2.55	4	5650,0
197	#F7C5D6	#929292	-13.45	3	33	5600,0
197	#FFFFFF	#D3D3D3	-13.45	3	4	5650,0
175	#CD1076	#000000	-12.95	3.5	96	5600,0
175	#FFFFFF	#D3D3D3	-12.95	3.5	4	5650,0
175	#CD1076	#000000	-12.5	3.95	96	5600,0
175	#FFFFFF	#D3D3D3	-12.5	3.95	4	5650,0
175	#CD1076	#000000	-12.05	3.5	96	5600,0
175	#FFFFFF	#D3D3D3	-12.05	3.5	4	5650,0
175	#CD1076	#000000	-12.5	3.05	96	5600,0
175	#FFFFFF	#D3D3D3	-12.5	3.05	4	5650,0
175	#CD1076	#000000	-12.95	3.5	96	5600,0
175	#FFFFFF	#D3D3D3	-12.95	3.5	4	5650,0
155	#CD1076	#000000	-12.45	4	37	5600,0
155	#FFFFFF	#D3D3D3	-12.45	4	4	5650,0
155	#CD1076	#000000	-12	4.45	37	5600,0
155	#FFFFFF	#D3D3D3	-12	4.45	4	5650,0
155	#CD1076	#000000	-11.55	4	37	5600,0
155	#FFFFFF	#D3D3D3	-11.55	4	4	5650,0
155	#CD1076	#000000	-12	3.55	37	5600,0
155	#FFFFFF	#D3D3D3	-12	3.55	4	5650,0
155	#CD1076	#000000	-12.45	4	37	5600,0
155	#FFFFFF	#D3D3D3	-12.45	4	4	5650,0
134	#CD1076	#000000	-11.95	4.5	37	5600,0
134	#FFFFFF	#D3D3D3	-11.95	4.5	4	5650,0
134	#CD1076	#000000	-11.5	4.95	37	5600,0
134	#FFFFFF	#D3D3D3	-11.5	4.95	4	5650,0
134	#CD1076	#000000	-11.05	4.5	37	5600,0
134	#FFFFFF	#D3D3D3	-11.05	4.5	4	5650,0
134	#CD1076	#000000	-11.5	4.05	37	5600,0
134	#FFFFFF	#D3D3D3	-11.5	4.05	4	5650,0
134	#CD1076	#000000	-11.95	4.5	37	5600,0
134	#FFFFFF	#D3D3D3	-11.95	4.5	4	5650,0
115	#CD1076	#000000	-11.45	5	37	5600,0
115	#FFFFFF	#D3D3D3	-11.45	5	4	5650,0
115	#CD1076	#000000	-11	5.45	37	5600,0
115	#FFFFFF	#D3D3D3	-11	5.45	4	5650,0
115	#CD1076	#000000	-10.55	5	37	5600,0
115	#FFFFFF	#D3D3D3	-10.55	5	4	5650,0
115	#CD1076	#000000	-11	4.55	37	5600,0
115	#FFFFFF	#D3D3D3	-11	4.55	4	5650,0
115	#CD1076	#000000	-11.45	5	37	5600,0
115	#FFFFFF	#D3D3D3	-11.45	5	4	5650,0
95	#CD1076	#000000	-10.95	5.5	37	5600,0
95	#FFFFFF	#D3D3D3	-10.95	5.5	4	5650,0
95	#CD1076	#000000	-10.5	5.95	37	5600,0
95	#FFFFFF	#D3D3D3	-10.5	5.95	4	5650,0
95	#CD1076	#000000	-10.05	5.5	37	5600,0
95	#FFFFFF	#D3D3D3	-10.05	5.5	4	5650,0
95	#CD1076	#000000	-10.5	5.05	37	5600,0
95	#FFFFFF	#D3D3D3	-10.5	5.05	4	5650,0
95	#CD1076	#000000	-10.95	5.5	37	5600,0
95	#FFFFFF	#D3D3D3	-10.95	5.5	4	5650,0
77	#CD1076	#000000	-10.45	6	37	5600,0
77	#FFFFFF	#D3D3D3	-10.45	6	4	5650,0
77	#CD1076	#000000	-10	6.45	37	5600,0
77	#FFFFFF	#D3D3D3	-10	6.45	4	5650,0
77	#CD1076	#000000	-9.55	6	37	5600,0
77	#FFFFFF	#D3D3D3	-9.55	6	4	5650,0
77	#CD1076	#000000	-10	5.55	37	5600,0
77	#FFFFFF	#D3D3D3	-10	5.55	4	5650,0
77	#CD1076	#000000	-10.45	6	37	5600,0
77	#FFFFFF	#D3D3D3	-10.45	6	4	5650,0
2496	#CD1076	#000000	-9.95	6.5	37	5600,0
2496	#FFFFFF	#D3D3D3	-9.95	6.5	4	5650,0
2496	#CD1076	#000000	-9.5	6.95	37	5600,0
2496	#FFFFFF	#D3D3D3	-9.5	6.95	4	5650,0
2496	#CD1076	#000000	-9.05	6.5	37	5600,0
2496	#FFFFFF	#D3D3D3	-9.05	6.5	4	5650,0
2496	#CD1076	#000000	-9.5	6.05	37	5600,0
2496	#FFFFFF	#D3D3D3	-9.5	6.05	4	5650,0
2496	#CD1076	#000000	-9.95	6.5	37	5600,0
2496	#FFFFFF	#D3D3D3	-9.95	6.5	4	5650,0
2479	#CD1076	#000000	-9.45	7	37	5600,0
2479	#FFFFFF	#D3D3D3	-9.45	7	4	5650,0
2479	#CD1076	#000000	-9	7.45	37	5600,0
2479	#FFFFFF	#D3D3D3	-9	7.45	4	5650,0
2479	#CD1076	#000000	-8.55	7	37	5600,0
2479	#FFFFFF	#D3D3D3	-8.55	7	4	5650,0
2479	#CD1076	#000000	-9	6.55	37	5600,0
2479	#FFFFFF	#D3D3D3	-9	6.55	4	5650,0
2479	#CD1076	#000000	-9.45	7	37	5600,0
2479	#FFFFFF	#D3D3D3	-9.45	7	4	5650,0
2461	#CD1076	#000000	-8.95	7.5	37	5600,0
2461	#FFFFFF	#D3D3D3	-8.95	7.5	4	5650,0
2461	#CD1076	#000000	-8.5	7.95	37	5600,0
2461	#FFFFFF	#D3D3D3	-8.5	7.95	4	5650,0
2461	#CD1076	#000000	-8.05	7.5	37	5600,0
2461	#FFFFFF	#D3D3D3	-8.05	7.5	4	5650,0
2461	#CD1076	#000000	-8.5	7.05	37	5600,0
2461	#FFFFFF	#D3D3D3	-8.5	7.05	4	5650,0
2461	#CD1076	#000000	-8.95	7.5	37	5600,0
2461	#FFFFFF	#D3D3D3	-8.95	7.5	4	5650,0
2445	#CD1076	#000000	-8.45	8	37	5600,0
2445	#FFFFFF	#D3D3D3	-8.45	8	4	5650,0
2445	#CD1076	#000000	-8	8.45	37	5600,0
2445	#FFFFFF	#D3D3D3	-8	8.45	4	5650,0
2445	#CD1076	#000000	-7.55	8	37	5600,0
2445	#FFFFFF	#D3D3D3	-7.55	8	4	5650,0
2445	#CD1076	#000000	-8	7.55	37	5600,0
2445	#FFFFFF	#D3D3D3	-8	7.55	4	5650,0
2445	#CD1076	#000000	-8.45	8	37	5600,0
2445	#FFFFFF	#D3D3D3	-8.45	8	4	5650,0
2427	#CD1076	#000000	-7.95	8.5	37	5600,0
2427	#FFFFFF	#D3D3D3	-7.95	8.5	4	5650,0
2427	#CD1076	#000000	-7.5	8.95	37	5600,0
2427	#FFFFFF	#D3D3D3	-7.5	8.95	4	5650,0
2427	#CD1076	#000000	-7.05	8.5	37	5600,0
2427	#FFFFFF	#D3D3D3	-7.05	8.5	4	5650,0
2427	#CD1076	#000000	-7.5	8.05	37	5600,0
2427	#FFFFFF	#D3D3D3	-7.5	8.05	4	5650,0
2427	#CD1076	#000000	-7.95	8.5	37	5600,0
2427	#FFFFFF	#D3D3D3	-7.95	8.5	4	5650,0
2411	#CD1076	#000000	-7.45	9	37	5600,0
2411	#FFFFFF	#D3D3D3	-7.45	9	4	5650,0
2411	#CD1076	#000000	-7	9.45	37	5600,0
2411	#FFFFFF	#D3D3D3	-7	9.45	4	5650,0
2411	#CD1076	#000000	-6.55	9	37	5600,0
2411	#FFFFFF	#D3D3D3	-6.55	9	4	5650,0
2411	#CD1076	#000000	-7	8.55	37	5600,0
2411	#FFFFFF	#D3D3D3	-7	8.55	4	5650,0
2411	#CD1076	#000000	-7.45	9	37	5600,0
2411	#FFFFFF	#D3D3D3	-7.45	9	4	5650,0
2393	#FFFFFF	#D3D3D3	-6.95	9.5	16	5600,0
2393	#FFFFFF	#D3D3D3	-6.95	9.5	4	5650,0
2393	#FFFFFF	#D3D3D3	-6.5	9.95	16	5600,0
2393	#FFFFFF	#D3D3D3	-6.5	9.95	4	5650,0
2393	#FFFFFF	#D3D3D3	-6.05	9.5	16	5600,0
2393	#FFFFFF	#D3D3D3	-6.05	9.5	4	5650,0
2393	#FFFFFF	#D3D3D3	-6.5	9.05	16	5600,0
2393	#FFFFFF	#D3D3D3	-6.5	9.05	4	5650,0
2393	#FFFFFF	#D3D3D3	-6.95	9.5	16	5600,0
2393	#FFFFFF	#D3D3D3	-6.95	9.5	4	5650,0
2359	#FFFFFF	#D3D3D3	-6.45	10	16	5600,0
2359	#FFFFFF	#D3D3D3	-6.45	10	4	5650,0
2359	#FFFFFF	#D3D3D3	-6	10.45	16	5600,0
2359	#FFFFFF	#D3D3D3	-6	10.45	4	5650,0
2359	#FFFFFF	#D3D3D3	-5.55	10	16	5600,0
2359	#FFFFFF	#D3D3D3	-5.55	10	4	5650,0
2359	#FFFFFF	#D3D3D3	-6	9.55	16	5600,0
2359	#FFFFFF	#D3D3D3	-6	9.55	4	5650,0
2359	#FFFFFF	#D3D3D3	-6.45	10	16	5600,0
2359	#FFFFFF	#D3D3D3	-6.45	10	4	5650,0
2340	#FFFFFF	#D3D3D3	-5.95	10.5	16	5600,0
2340	#FFFFFF	#D3D3D3	-5.95	10.5	4	5650,0
2340	#FFFFFF	#D3D3D3	-5.5	10.95	16	5600,0
2340	#FFFFFF	#D3D3D3	-5.5	10.95	4	5650,0
2340	#FFFFFF	#D3D3D3	-5.05	10.5	16	5600,0
2340	#FFFFFF	#D3D3D3	-5.05	10.5	4	5650,0
2340	#FFFFFF	#D3D3D3	-5.5	10.05	16	5600,0
2340	#FFFFFF	#D3D3D3	-5.5	10.05	4	5650,0
2340	#FFFFFF	#D3D3D3	-5.95	10.5	16	5600,0
2340	#FFFFFF	#D3D3D3	-5.95	10.5	4	5650,0
2321	#FFFFFF	#D3D3D3	-5.45	11	16	5600,0
2321	#FFFFFF	#D3D3D3	-5.45	11	4	5650,0
2321	#FFFFFF	#D3D3D3	-5	11.45	16	5600,0
2321	#FFFFFF	#D3D3D3	-5	11.45	4	5650,0
2321	#FFFFFF	#D3D3D3	-4.55	11	16	5600,0
2321	#FFFFFF	#D3D3D3	-4.55	11	4	5650,0
2321	#FFFFFF	#D3D3D3	-5	10.55	16	5600,0
2321	#FFFFFF	#D3D3D3	-5	10.55	4	5650,0
2321	#FFFFFF	#D3D3D3	-5.45	11	16	5600,0
2321	#FFFFFF	#D3D3D3	-5.45	11	4	5650,0
2003	#FFFFFF	#D3D3D3	-4.95	11.5	16	5600,0
2003	#FFFFFF	#D3D3D3	-4.95	11.5	4	5650,0
2003	#FFFFFF	#D3D3D3	-4.5	11.95	16	5600,0
2003	#FFFFFF	#D3D3D3	-4.5	11.95	4	5650,0
2003	#FFFFFF	#D3D3D3	-4.05	11.5	16	5600,0
2003	#FFFFFF	#D3D3D3	-4.05	11.5	4	5650,0
2003	#FFFFFF	#D3D3D3	-4.5	11.05	16	5600,0
2003	#FFFFFF	#D3D3D3	-4.5	11.05	4	5650,0
2003	#FFFFFF	#D3D3D3	-4.95	11.5	16	5600,0
2003	#FFFFFF	#D3D3D3	-4.95	11.5	4	5650,0
1983	#FFFFFF	#D3D3D3	-4.45	12	11	5600,0
1983	#FFFFFF	#D3D3D3	-4.45	12	4	5650,0
1983	#FFFFFF	#D3D3D3	-4	12.45	11	5600,0
1983	#FFFFFF	#D3D3D3	-4	12.45	4	5650,0
1983	#FFFFFF	#D3D3D3	-3.55	12	11	5600,0
1983	#FFFFFF	#D3D3D3	-3.55	12	4	5650,0
1983	#FFFFFF	#D3D3D3	-4	11.55	11	5600,0
1983	#FFFFFF	#D3D3D3	-4	11.55	4	5650,0
1983	#FFFFFF	#D3D3D3	-4.45	12	11	5600,0
1983	#FFFFFF	#D3D3D3	-4.45	12	4	5650,0
1251	#FFFFFF	#D3D3D3	-3.95	12.5	11	5600,0
1251	#FFFFFF	#D3D3D3	-3.5	12.95	11	5600,0
1251	#FFFFFF	#D3D3D3	-3.05	12.5	11	5600,0
1251	#FFFFFF	#D3D3D3	-3.5	12.05	11	5600,0
1251	#FFFFFF	#D3D3D3	-3.95	12.5	11	5600,0
1230	#FFFFFF	#D3D3D3	-3.45	13	11	5600,0
1230	#FFFFFF	#D3D3D3	-3	13.45	11	5600,0
1230	#FFFFFF	#D3D3D3	-2.55	13	11	5600,0
1230	#FFFFFF	#D3D3D3	-3	12.55	11	5600,0
1230	#FFFFFF	#D3D3D3	-3.45	13	11	5600,0
559	#FFFFFF	#D3D3D3	-2.95	13.5	11	5600,0
559	#FFFFFF	#D3D3D3	-2.5	13.95	11	5600,0
559	#FFFFFF	#D3D3D3	-2.05	13.5	11	5600,0
559	#FFFFFF	#D3D3D3	-2.5	13.05	11	5600,0
559	#FFFFFF	#D3D3D3	-2.95	13.5	11	5600,0
537	#FFFFFF	#D3D3D3	-2.45	14	11	5600,0
537	#FFFFFF	#D3D3D3	-2	14.45	11	5600,0
537	#FFFFFF	#D3D3D3	-1.55	14	11	5600,0
537	#FFFFFF	#D3D3D3	-2	13.55	11	5600,0
537	#FFFFFF	#D3D3D3	-2.45	14	11	5600,0
46	#FFFFFF	#D3D3D3	-1.95	14.5	11	5600,0
46	#FFFFFF	#D3D3D3	-1.5	14.95	11	5600,0
46	#FFFFFF	#D3D3D3	-1.05	14.5	11	5600,0
46	#FFFFFF	#D3D3D3	-1.5	14.05	11	5600,0
46	#FFFFFF	#D3D3D3	-1.95	14.5	11	5600,0
26	#FFFFFF	#D3D3D3	-1.45	15	11	5600,0
26	#FFFFFF	#D3D3D3	-1	15.45	11	5600,0
26	#FFFFFF	#D3D3D3	-0.55	15	11	5600,0
26	#FFFFFF	#D3D3D3	-1	14.55	11	5600,0
26	#FFFFFF	#D3D3D3	-1.45	15	11	5600,0
5	#FFFFFF	#D3D3D3	-0.95	15.5	11	5600,0
5	#FFFFFF	#D3D3D3	-0.5	15.95	11	5600,0
5	#FFFFFF	#D3D3D3	-0.05	15.5	11	5600,0
5	#FFFFFF	#D3D3D3	-0.5	15.05	11	5600,0
5	#FFFFFF	#D3D3D3	-0.95	15.5	11	5600,0
2505	#FFFFFF	#D3D3D3	-0.45	16	11	5600,0
2505	#FFFFFF	#D3D3D3	0	16.45	11	5600,0
2505	#FFFFFF	#D3D3D3	0.45	16	11	5600,0
2505	#FFFFFF	#D3D3D3	0	15.55	11	5600,0
2505	#FFFFFF	#D3D3D3	-0.45	16	11	5600,0
2528	#FFFFFF	#D3D3D3	0.05	16.5	11	5600,0
2528	#FFFFFF	#D3D3D3	0.5	16.95	11	5600,0
2528	#FFFFFF	#D3D3D3	0.95	16.5	11	5600,0
2528	#FFFFFF	#D3D3D3	0.5	16.05	11	5600,0
2528	#FFFFFF	#D3D3D3	0.05	16.5	11	5600,0
2551	#FFFFFF	#D3D3D3	0.55	17	11	5600,0
2551	#FFFFFF	#D3D3D3	1	17.45	11	5600,0
2551	#FFFFFF	#D3D3D3	1.45	17	11	5600,0
2551	#FFFFFF	#D3D3D3	1	16.55	11	5600,0
2551	#FFFFFF	#D3D3D3	0.55	17	11	5600,0
2574	#FFFFFF	#D3D3D3	1.05	17.5	11	5600,0
2574	#FFFFFF	#D3D3D3	1.5	17.95	11	5600,0
2574	#FFFFFF	#D3D3D3	1.95	17.5	11	5600,0
2574	#FFFFFF	#D3D3D3	1.5	17.05	11	5600,0
2574	#FFFFFF	#D3D3D3	1.05	17.5	11	5600,0
2598	#FFFFFF	#D3D3D3	1.55	18	11	5600,0
2598	#FFFFFF	#D3D3D3	2	18.45	11	5600,0
2598	#FFFFFF	#D3D3D3	2.45	18	11	5600,0
2598	#FFFFFF	#D3D3D3	2	17.55	11	5600,0
2598	#FFFFFF	#D3D3D3	1.55	18	11	5600,0
2621	#FFFFFF	#D3D3D3	2.05	18.5	11	5600,0
2621	#FFFFFF	#D3D3D3	2.5	18.95	11	5600,0
2621	#FFFFFF	#D3D3D3	2.95	18.5	11	5600,0
2621	#FFFFFF	#D3D3D3	2.5	18.05	11	5600,0
2621	#FFFFFF	#D3D3D3	2.05	18.5	11	5600,0
2646	#FFFFFF	#D3D3D3	2.55	19	11	5600,0
2646	#FFFFFF	#D3D3D3	3	19.45	11	5600,0
2646	#FFFFFF	#D3D3D3	3.45	19	11	5600,0
2646	#FFFFFF	#D3D3D3	3	18.55	11	5600,0
2646	#FFFFFF	#D3D3D3	2.55	19	11	5600,0
2671	#FFFFFF	#D3D3D3	3.05	19.5	11	5600,0
2671	#FFFFFF	#D3D3D3	3.5	19.95	11	5600,0
2671	#FFFFFF	#D3D3D3	3.95	19.5	11	5600,0
2671	#FFFFFF	#D3D3D3	3.5	19.05	11	5600,0
2671	#FFFFFF	#D3D3D3	3.05	19.5	11	5600,0
2698	#FFFFFF	#D3D3D3	3.55	20	11	5600,0
2698	#FFFFFF	#D3D3D3	4	20.45	11	5600,0
2698	#FFFFFF	#D3D3D3	4.45	20	11	5600,0
2698	#FFFFFF	#D3D3D3	4	19.55	11	5600,0
2698	#FFFFFF	#D3D3D3	3.55	20	11	5600,0
2724	#FFFFFF	#D3D3D3	4.05	20.5	6	5600,0
2724	#FFFFFF	#D3D3D3	4.5	20.95	6	5600,0
2724	#FFFFFF	#D3D3D3	4.95	20.5	6	5600,0
2724	#FFFFFF	#D3D3D3	4.5	20.05	6	5600,0
2724	#FFFFFF	#D3D3D3	4.05	20.5	6	5600,0
2751	#FFFFFF	#D3D3D3	4.55	21	9	5600,0
2751	#FFFFFF	#D3D3D3	5	21.45	9	5600,0
2751	#FFFFFF	#D3D3D3	5.45	21	9	5600,0
2751	#FFFFFF	#D3D3D3	5	20.55	9	5600,0
2751	#FFFFFF	#D3D3D3	4.55	21	9	5600,0
2298	#FFFFFF	#D3D3D3	-44.95	21.5	9	5650,0
2298	#FFFFFF	#D3D3D3	-44.5	21.95	9	5650,0
2298	#FFFFFF	#D3D3D3	-44.05	21.5	9	5650,0
2298	#FFFFFF	#D3D3D3	-44.5	21.05	9	5650,0
2298	#FFFFFF	#D3D3D3	-44.95	21.5	9	5650,0
2271	#FFFFFF	#D3D3D3	-44.45	22	9	5650,0
2271	#FFFFFF	#D3D3D3	-44	22.45	9	5650,0
2271	#FFFFFF	#D3D3D3	-43.55	22	9	5650,0
2271	#FFFFFF	#D3D3D3	-44	21.55	9	5650,0
2271	#FFFFFF	#D3D3D3	-44.45	22	9	5650,0
2242	#FFFFFF	#D3D3D3	-43.95	22.5	16	5650,0
2242	#FFFFFF	#D3D3D3	-43.5	22.95	16	5650,0
2242	#FFFFFF	#D3D3D3	-43.05	22.5	16	5650,0
2242	#FFFFFF	#D3D3D3	-43.5	22.05	16	5650,0
2242	#FFFFFF	#D3D3D3	-43.95	22.5	16	5650,0
2214	#FFFFFF	#D3D3D3	-43.45	23	16	5650,0
2214	#FFFFFF	#D3D3D3	-43	23.45	16	5650,0
2214	#FFFFFF	#D3D3D3	-42.55	23	16	5650,0
2214	#FFFFFF	#D3D3D3	-43	22.55	16	5650,0
2214	#FFFFFF	#D3D3D3	-43.45	23	16	5650,0
2184	#FFFFFF	#D3D3D3	-42.95	23.5	7	5650,0
2184	#FFFFFF	#D3D3D3	-42.5	23.95	7	5650,0
2184	#FFFFFF	#D3D3D3	-42.05	23.5	7	5650,0
2184	#FFFFFF	#D3D3D3	-42.5	23.05	7	5650,0
2184	#FFFFFF	#D3D3D3	-42.95	23.5	7	5650,0
2155	#FFFFFF	#D3D3D3	-42.45	24	7	5650,0
2155	#FFFFFF	#D3D3D3	-42	24.45	7	5650,0
2155	#FFFFFF	#D3D3D3	-41.55	24	7	5650,0
2155	#FFFFFF	#D3D3D3	-42	23.55	7	5650,0
2155	#FFFFFF	#D3D3D3	-42.45	24	7	5650,0
2126	#FFFFFF	#D3D3D3	-41.95	24.5	7	5650,0
2126	#FFFFFF	#D3D3D3	-41.5	24.95	7	5650,0
2126	#FFFFFF	#D3D3D3	-41.05	24.5	7	5650,0
2126	#FFFFFF	#D3D3D3	-41.5	24.05	7	5650,0
2126	#FFFFFF	#D3D3D3	-41.95	24.5	7	5650,0
2096	#FFFFFF	#D3D3D3	-41.45	25	7	5650,0
2096	#FFFFFF	#D3D3D3	-41	25.45	7	5650,0
2096	#FFFFFF	#D3D3D3	-40.55	25	7	5650,0
2096	#FFFFFF	#D3D3D3	-41	24.55	7	5650,0
2096	#FFFFFF	#D3D3D3	-41.45	25	7	5650,0
2065	#FFFFFF	#D3D3D3	-40.95	25.5	16	5650,0
2065	#FFFFFF	#D3D3D3	-40.5	25.95	16	5650,0
2065	#FFFFFF	#D3D3D3	-40.05	25.5	16	5650,0
2065	#FFFFFF	#D3D3D3	-40.5	25.05	16	5650,0
2065	#FFFFFF	#D3D3D3	-40.95	25.5	16	5650,0
2035	#FFFFFF	#D3D3D3	-40.45	26	16	5650,0
2035	#FFFFFF	#D3D3D3	-40	26.45	16	5650,0
2035	#FFFFFF	#D3D3D3	-39.55	26	16	5650,0
2035	#FFFFFF	#D3D3D3	-40	25.55	16	5650,0
2035	#FFFFFF	#D3D3D3	-40.45	26	16	5650,0
1963	#FFFFFF	#D3D3D3	-39.95	26.5	16	5650,0
1963	#FFFFFF	#D3D3D3	-39.5	26.95	16	5650,0
1963	#FFFFFF	#D3D3D3	-39.05	26.5	16	5650,0
1963	#FFFFFF	#D3D3D3	-39.5	26.05	16	5650,0
1963	#FFFFFF	#D3D3D3	-39.95	26.5	16	5650,0
1931	#FFFFFF	#D3D3D3	-39.45	27	16	5650,0
1931	#FFFFFF	#D3D3D3	-39	27.45	16	5650,0
1931	#FFFFFF	#D3D3D3	-38.55	27	16	5650,0
1931	#FFFFFF	#D3D3D3	-39	26.55	16	5650,0
1931	#FFFFFF	#D3D3D3	-39.45	27	16	5650,0
1898	#FFFFFF	#D3D3D3	-38.95	27.5	16	5650,0
1898	#FFFFFF	#D3D3D3	-38.5	27.95	16	5650,0
1898	#FFFFFF	#D3D3D3	-38.05	27.5	16	5650,0
1898	#FFFFFF	#D3D3D3	-38.5	27.05	16	5650,0
1898	#FFFFFF	#D3D3D3	-38.95	27.5	16	5650,0
1865	#FFFFFF	#D3D3D3	-38.45	28	16	5650,0
1865	#FFFFFF	#D3D3D3	-38	28.45	16	5650,0
1865	#FFFFFF	#D3D3D3	-37.55	28	16	5650,0
1865	#FFFFFF	#D3D3D3	-38	27.55	16	5650,0
1865	#FFFFFF	#D3D3D3	-38.45	28	16	5650,0
1831	#FFFFFF	#D3D3D3	-37.95	28.5	16	5650,0
1831	#FFFFFF	#D3D3D3	-37.5	28.95	16	5650,0
1831	#FFFFFF	#D3D3D3	-37.05	28.5	16	5650,0
1831	#FFFFFF	#D3D3D3	-37.5	28.05	16	5650,0
1831	#FFFFFF	#D3D3D3	-37.95	28.5	16	5650,0
1797	#FFFFFF	#D3D3D3	-37.45	29	16	5650,0
1797	#FFFFFF	#D3D3D3	-37	29.45	16	5650,0
1797	#FFFFFF	#D3D3D3	-36.55	29	16	5650,0
1797	#FFFFFF	#D3D3D3	-37	28.55	16	5650,0
1797	#FFFFFF	#D3D3D3	-37.45	29	16	5650,0
1762	#FFFFFF	#D3D3D3	-36.95	29.5	16	5650,0
1762	#FFFFFF	#D3D3D3	-36.5	29.95	16	5650,0
1762	#FFFFFF	#D3D3D3	-36.05	29.5	16	5650,0
1762	#FFFFFF	#D3D3D3	-36.5	29.05	16	5650,0
1762	#FFFFFF	#D3D3D3	-36.95	29.5	16	5650,0
1729	#FFFFFF	#D3D3D3	-36.45	30	16	5650,0
1729	#FFFFFF	#D3D3D3	-36	30.45	16	5650,0
1729	#FFFFFF	#D3D3D3	-35.55	30	16	5650,0
1729	#FFFFFF	#D3D3D3	-36	29.55	16	5650,0
1729	#FFFFFF	#D3D3D3	-36.45	30	16	5650,0
1693	#FFFFFF	#D3D3D3	-35.95	30.5	16	5650,0
1693	#FFFFFF	#D3D3D3	-35.5	30.95	16	5650,0
1693	#FFFFFF	#D3D3D3	-35.05	30.5	16	5650,0
1693	#FFFFFF	#D3D3D3	-35.5	30.05	16	5650,0
1693	#FFFFFF	#D3D3D3	-35.95	30.5	16	5650,0
1658	#FFFFFF	#D3D3D3	-35.45	31	16	5650,0
1658	#FFFFFF	#D3D3D3	-35	31.45	16	5650,0
1658	#FFFFFF	#D3D3D3	-34.55	31	16	5650,0
1658	#FFFFFF	#D3D3D3	-35	30.55	16	5650,0
1658	#FFFFFF	#D3D3D3	-35.45	31	16	5650,0
1621	#FFFFFF	#D3D3D3	-34.95	31.5	25	5650,0
1621	#FFFFFF	#D3D3D3	-34.5	31.95	25	5650,0
1621	#FFFFFF	#D3D3D3	-34.05	31.5	25	5650,0
1621	#FFFFFF	#D3D3D3	-34.5	31.05	25	5650,0
1621	#FFFFFF	#D3D3D3	-34.95	31.5	25	5650,0
1584	#FFFFFF	#D3D3D3	-34.45	32	8	5650,0
1584	#FFFFFF	#D3D3D3	-34	32.45	8	5650,0
1584	#FFFFFF	#D3D3D3	-33.55	32	8	5650,0
1584	#FFFFFF	#D3D3D3	-34	31.55	8	5650,0
1584	#FFFFFF	#D3D3D3	-34.45	32	8	5650,0
1547	#FFFFFF	#D3D3D3	-33.95	32.5	8	5650,0
1547	#FFFFFF	#D3D3D3	-33.5	32.95	8	5650,0
1547	#FFFFFF	#D3D3D3	-33.05	32.5	8	5650,0
1547	#FFFFFF	#D3D3D3	-33.5	32.05	8	5650,0
1547	#FFFFFF	#D3D3D3	-33.95	32.5	8	5650,0
1510	#FFFFFF	#D3D3D3	-33.45	33	8	5650,0
1510	#FFFFFF	#D3D3D3	-33	33.45	8	5650,0
1510	#FFFFFF	#D3D3D3	-32.55	33	8	5650,0
1510	#FFFFFF	#D3D3D3	-33	32.55	8	5650,0
1510	#FFFFFF	#D3D3D3	-33.45	33	8	5650,0
1472	#FFFFFF	#D3D3D3	-32.95	33.5	28	5650,0
1472	#FFFFFF	#D3D3D3	-32.5	33.95	28	5650,0
1472	#FFFFFF	#D3D3D3	-32.05	33.5	28	5650,0
1472	#FFFFFF	#D3D3D3	-32.5	33.05	28	5650,0
1472	#FFFFFF	#D3D3D3	-32.95	33.5	28	5650,0
1435	#FFFFFF	#D3D3D3	-32.45	34	8	5650,0
1435	#FFFFFF	#D3D3D3	-32	34.45	8	5650,0
1435	#FFFFFF	#D3D3D3	-31.55	34	8	5650,0
1435	#FFFFFF	#D3D3D3	-32	33.55	8	5650,0
1435	#FFFFFF	#D3D3D3	-32.45	34	8	5650,0
1399	#FFFFFF	#D3D3D3	-31.95	34.5	28	5650,0
1399	#FFFFFF	#D3D3D3	-31.5	34.95	28	5650,0
1399	#FFFFFF	#D3D3D3	-31.05	34.5	28	5650,0
1399	#FFFFFF	#D3D3D3	-31.5	34.05	28	5650,0
1399	#FFFFFF	#D3D3D3	-31.95	34.5	28	5650,0
1364	#FFFFFF	#D3D3D3	-31.45	35	28	5650,0
1364	#FFFFFF	#D3D3D3	-31	35.45	28	5650,0
1364	#FFFFFF	#D3D3D3	-30.55	35	28	5650,0
1364	#FFFFFF	#D3D3D3	-31	34.55	28	5650,0
1364	#FFFFFF	#D3D3D3	-31.45	35	28	5650,0
1329	#FFFFFF	#D3D3D3	-30.95	35.5	28	5650,0
1329	#FFFFFF	#D3D3D3	-30.5	35.95	28	5650,0
1329	#FFFFFF	#D3D3D3	-30.05	35.5	28	5650,0
1329	#FFFFFF	#D3D3D3	-30.5	35.05	28	5650,0
1329	#FFFFFF	#D3D3D3	-30.95	35.5	28	5650,0
1294	#FFFFFF	#D3D3D3	-30.45	36	28	5650,0
1294	#FFFFFF	#D3D3D3	-30	36.45	28	5650,0
1294	#FFFFFF	#D3D3D3	-29.55	36	28	5650,0
1294	#FFFFFF	#D3D3D3	-30	35.55	28	5650,0
1294	#FFFFFF	#D3D3D3	-30.45	36	28	5650,0
1217	#FFFFFF	#D3D3D3	-29.95	36.5	44	5650,0
1217	#FFFFFF	#D3D3D3	-29.5	36.95	44	5650,0
1217	#FFFFFF	#D3D3D3	-29.05	36.5	44	5650,0
1217	#FFFFFF	#D3D3D3	-29.5	36.05	44	5650,0
1217	#FFFFFF	#D3D3D3	-29.95	36.5	44	5650,0
1183	#FFFFFF	#D3D3D3	-29.45	37	28	5650,0
1183	#FFFFFF	#D3D3D3	-29	37.45	28	5650,0
1183	#FFFFFF	#D3D3D3	-28.55	37	28	5650,0
1183	#FFFFFF	#D3D3D3	-29	36.55	28	5650,0
1183	#FFFFFF	#D3D3D3	-29.45	37	28	5650,0
272	#CD1076	#000000	-15.45	0	36	5600,0
272	#CD1076	#000000	-15.45	0	10	5650,0
272	#CD1076	#000000	-15	0.45	36	5600,0
272	#CD1076	#000000	-15	0.45	10	5650,0
272	#CD1076	#000000	-14.55	0	36	5600,0
272	#CD1076	#000000	-14.55	0	10	5650,0
272	#CD1076	#000000	-15	-0.45	36	5600,0
272	#CD1076	#000000	-15	-0.45	10	5650,0
272	#CD1076	#000000	-15.45	0	36	5600,0
272	#CD1076	#000000	-15.45	0	10	5650,0
249	#CD1076	#000000	-14.95	0.5	36	5600,0
249	#CD1076	#000000	-14.95	0.5	10	5650,0
249	#CD1076	#000000	-14.5	0.95	36	5600,0
249	#CD1076	#000000	-14.5	0.95	10	5650,0
249	#CD1076	#000000	-14.05	0.5	36	5600,0
249	#CD1076	#000000	-14.05	0.5	10	5650,0
249	#CD1076	#000000	-14.5	0.05	36	5600,0
249	#CD1076	#000000	-14.5	0.05	10	5650,0
249	#CD1076	#000000	-14.95	0.5	36	5600,0
249	#CD1076	#000000	-14.95	0.5	10	5650,0
173	#F7C5D6	#929292	-12.95	2.5	33	5600,0
173	#FFFFFF	#D3D3D3	-12.95	2.5	4	5650,0
173	#F7C5D6	#929292	-12.5	2.95	33	5600,0
173	#FFFFFF	#D3D3D3	-12.5	2.95	4	5650,0
173	#F7C5D6	#929292	-12.05	2.5	33	5600,0
173	#FFFFFF	#D3D3D3	-12.05	2.5	4	5650,0
173	#F7C5D6	#929292	-12.5	2.05	33	5600,0
173	#FFFFFF	#D3D3D3	-12.5	2.05	4	5650,0
173	#F7C5D6	#929292	-12.95	2.5	33	5600,0
173	#FFFFFF	#D3D3D3	-12.95	2.5	4	5650,0
154	#CD1076	#000000	-12.45	3	96	5600,0
154	#FFFFFF	#D3D3D3	-12.45	3	4	5650,0
154	#CD1076	#000000	-12	3.45	96	5600,0
154	#FFFFFF	#D3D3D3	-12	3.45	4	5650,0
154	#CD1076	#000000	-11.55	3	96	5600,0
154	#FFFFFF	#D3D3D3	-11.55	3	4	5650,0
154	#CD1076	#000000	-12	2.55	96	5600,0
154	#FFFFFF	#D3D3D3	-12	2.55	4	5650,0
154	#CD1076	#000000	-12.45	3	96	5600,0
154	#FFFFFF	#D3D3D3	-12.45	3	4	5650,0
133	#CD1076	#000000	-11.95	3.5	37	5600,0
133	#FFFFFF	#D3D3D3	-11.95	3.5	4	5650,0
133	#CD1076	#000000	-11.5	3.95	37	5600,0
133	#FFFFFF	#D3D3D3	-11.5	3.95	4	5650,0
133	#CD1076	#000000	-11.05	3.5	37	5600,0
133	#FFFFFF	#D3D3D3	-11.05	3.5	4	5650,0
133	#CD1076	#000000	-11.5	3.05	37	5600,0
133	#FFFFFF	#D3D3D3	-11.5	3.05	4	5650,0
133	#CD1076	#000000	-11.95	3.5	37	5600,0
133	#FFFFFF	#D3D3D3	-11.95	3.5	4	5650,0
114	#CD1076	#000000	-11.45	4	37	5600,0
114	#FFFFFF	#D3D3D3	-11.45	4	4	5650,0
114	#CD1076	#000000	-11	4.45	37	5600,0
114	#FFFFFF	#D3D3D3	-11	4.45	4	5650,0
114	#CD1076	#000000	-10.55	4	37	5600,0
114	#FFFFFF	#D3D3D3	-10.55	4	4	5650,0
114	#CD1076	#000000	-11	3.55	37	5600,0
114	#FFFFFF	#D3D3D3	-11	3.55	4	5650,0
114	#CD1076	#000000	-11.45	4	37	5600,0
114	#FFFFFF	#D3D3D3	-11.45	4	4	5650,0
94	#CD1076	#000000	-10.95	4.5	37	5600,0
94	#FFFFFF	#D3D3D3	-10.95	4.5	4	5650,0
94	#CD1076	#000000	-10.5	4.95	37	5600,0
94	#FFFFFF	#D3D3D3	-10.5	4.95	4	5650,0
94	#CD1076	#000000	-10.05	4.5	37	5600,0
94	#FFFFFF	#D3D3D3	-10.05	4.5	4	5650,0
94	#CD1076	#000000	-10.5	4.05	37	5600,0
94	#FFFFFF	#D3D3D3	-10.5	4.05	4	5650,0
94	#CD1076	#000000	-10.95	4.5	37	5600,0
94	#FFFFFF	#D3D3D3	-10.95	4.5	4	5650,0
76	#CD1076	#000000	-10.45	5	37	5600,0
76	#FFFFFF	#D3D3D3	-10.45	5	4	5650,0
76	#CD1076	#000000	-10	5.45	37	5600,0
76	#FFFFFF	#D3D3D3	-10	5.45	4	5650,0
76	#CD1076	#000000	-9.55	5	37	5600,0
76	#FFFFFF	#D3D3D3	-9.55	5	4	5650,0
76	#CD1076	#000000	-10	4.55	37	5600,0
76	#FFFFFF	#D3D3D3	-10	4.55	4	5650,0
76	#CD1076	#000000	-10.45	5	37	5600,0
76	#FFFFFF	#D3D3D3	-10.45	5	4	5650,0
2495	#CD1076	#000000	-9.95	5.5	37	5600,0
2495	#FFFFFF	#D3D3D3	-9.95	5.5	4	5650,0
2495	#CD1076	#000000	-9.5	5.95	37	5600,0
2495	#FFFFFF	#D3D3D3	-9.5	5.95	4	5650,0
2495	#CD1076	#000000	-9.05	5.5	37	5600,0
2495	#FFFFFF	#D3D3D3	-9.05	5.5	4	5650,0
2495	#CD1076	#000000	-9.5	5.05	37	5600,0
2495	#FFFFFF	#D3D3D3	-9.5	5.05	4	5650,0
2495	#CD1076	#000000	-9.95	5.5	37	5600,0
2495	#FFFFFF	#D3D3D3	-9.95	5.5	4	5650,0
2478	#CD1076	#000000	-9.45	6	37	5600,0
2478	#FFFFFF	#D3D3D3	-9.45	6	4	5650,0
2478	#CD1076	#000000	-9	6.45	37	5600,0
2478	#FFFFFF	#D3D3D3	-9	6.45	4	5650,0
2478	#CD1076	#000000	-8.55	6	37	5600,0
2478	#FFFFFF	#D3D3D3	-8.55	6	4	5650,0
2478	#CD1076	#000000	-9	5.55	37	5600,0
2478	#FFFFFF	#D3D3D3	-9	5.55	4	5650,0
2478	#CD1076	#000000	-9.45	6	37	5600,0
2478	#FFFFFF	#D3D3D3	-9.45	6	4	5650,0
2460	#CD1076	#000000	-8.95	6.5	37	5600,0
2460	#FFFFFF	#D3D3D3	-8.95	6.5	4	5650,0
2460	#CD1076	#000000	-8.5	6.95	37	5600,0
2460	#FFFFFF	#D3D3D3	-8.5	6.95	4	5650,0
2460	#CD1076	#000000	-8.05	6.5	37	5600,0
2460	#FFFFFF	#D3D3D3	-8.05	6.5	4	5650,0
2460	#CD1076	#000000	-8.5	6.05	37	5600,0
2460	#FFFFFF	#D3D3D3	-8.5	6.05	4	5650,0
2460	#CD1076	#000000	-8.95	6.5	37	5600,0
2460	#FFFFFF	#D3D3D3	-8.95	6.5	4	5650,0
2444	#CD1076	#000000	-8.45	7	37	5600,0
2444	#FFFFFF	#D3D3D3	-8.45	7	4	5650,0
2444	#CD1076	#000000	-8	7.45	37	5600,0
2444	#FFFFFF	#D3D3D3	-8	7.45	4	5650,0
2444	#CD1076	#000000	-7.55	7	37	5600,0
2444	#FFFFFF	#D3D3D3	-7.55	7	4	5650,0
2444	#CD1076	#000000	-8	6.55	37	5600,0
2444	#FFFFFF	#D3D3D3	-8	6.55	4	5650,0
2444	#CD1076	#000000	-8.45	7	37	5600,0
2444	#FFFFFF	#D3D3D3	-8.45	7	4	5650,0
2426	#CD1076	#000000	-7.95	7.5	37	5600,0
2426	#FFFFFF	#D3D3D3	-7.95	7.5	4	5650,0
2426	#CD1076	#000000	-7.5	7.95	37	5600,0
2426	#FFFFFF	#D3D3D3	-7.5	7.95	4	5650,0
2426	#CD1076	#000000	-7.05	7.5	37	5600,0
2426	#FFFFFF	#D3D3D3	-7.05	7.5	4	5650,0
2426	#CD1076	#000000	-7.5	7.05	37	5600,0
2426	#FFFFFF	#D3D3D3	-7.5	7.05	4	5650,0
2426	#CD1076	#000000	-7.95	7.5	37	5600,0
2426	#FFFFFF	#D3D3D3	-7.95	7.5	4	5650,0
2410	#CD1076	#000000	-7.45	8	37	5600,0
2410	#FFFFFF	#D3D3D3	-7.45	8	4	5650,0
2410	#CD1076	#000000	-7	8.45	37	5600,0
2410	#FFFFFF	#D3D3D3	-7	8.45	4	5650,0
2410	#CD1076	#000000	-6.55	8	37	5600,0
2410	#FFFFFF	#D3D3D3	-6.55	8	4	5650,0
2410	#CD1076	#000000	-7	7.55	37	5600,0
2410	#FFFFFF	#D3D3D3	-7	7.55	4	5650,0
2410	#CD1076	#000000	-7.45	8	37	5600,0
2410	#FFFFFF	#D3D3D3	-7.45	8	4	5650,0
2392	#CD1076	#000000	-6.95	8.5	37	5600,0
2392	#FFFFFF	#D3D3D3	-6.95	8.5	4	5650,0
2392	#CD1076	#000000	-6.5	8.95	37	5600,0
2392	#FFFFFF	#D3D3D3	-6.5	8.95	4	5650,0
2392	#CD1076	#000000	-6.05	8.5	37	5600,0
2392	#FFFFFF	#D3D3D3	-6.05	8.5	4	5650,0
2392	#CD1076	#000000	-6.5	8.05	37	5600,0
2392	#FFFFFF	#D3D3D3	-6.5	8.05	4	5650,0
2392	#CD1076	#000000	-6.95	8.5	37	5600,0
2392	#FFFFFF	#D3D3D3	-6.95	8.5	4	5650,0
2375	#FFFFFF	#D3D3D3	-6.45	9	16	5600,0
2375	#FFFFFF	#D3D3D3	-6.45	9	4	5650,0
2375	#FFFFFF	#D3D3D3	-6	9.45	16	5600,0
2375	#FFFFFF	#D3D3D3	-6	9.45	4	5650,0
2375	#FFFFFF	#D3D3D3	-5.55	9	16	5600,0
2375	#FFFFFF	#D3D3D3	-5.55	9	4	5650,0
2375	#FFFFFF	#D3D3D3	-6	8.55	16	5600,0
2375	#FFFFFF	#D3D3D3	-6	8.55	4	5650,0
2375	#FFFFFF	#D3D3D3	-6.45	9	16	5600,0
2375	#FFFFFF	#D3D3D3	-6.45	9	4	5650,0
2356	#FFFFFF	#D3D3D3	-5.95	9.5	16	5600,0
2356	#FFFFFF	#D3D3D3	-5.95	9.5	4	5650,0
2356	#FFFFFF	#D3D3D3	-5.5	9.95	16	5600,0
2356	#FFFFFF	#D3D3D3	-5.5	9.95	4	5650,0
2356	#FFFFFF	#D3D3D3	-5.05	9.5	16	5600,0
2356	#FFFFFF	#D3D3D3	-5.05	9.5	4	5650,0
2356	#FFFFFF	#D3D3D3	-5.5	9.05	16	5600,0
2356	#FFFFFF	#D3D3D3	-5.5	9.05	4	5650,0
2356	#FFFFFF	#D3D3D3	-5.95	9.5	16	5600,0
2356	#FFFFFF	#D3D3D3	-5.95	9.5	4	5650,0
2320	#FFFFFF	#D3D3D3	-5.45	10	16	5600,0
2320	#FFFFFF	#D3D3D3	-5.45	10	4	5650,0
2320	#FFFFFF	#D3D3D3	-5	10.45	16	5600,0
2320	#FFFFFF	#D3D3D3	-5	10.45	4	5650,0
2320	#FFFFFF	#D3D3D3	-4.55	10	16	5600,0
2320	#FFFFFF	#D3D3D3	-4.55	10	4	5650,0
2320	#FFFFFF	#D3D3D3	-5	9.55	16	5600,0
2320	#FFFFFF	#D3D3D3	-5	9.55	4	5650,0
2320	#FFFFFF	#D3D3D3	-5.45	10	16	5600,0
2320	#FFFFFF	#D3D3D3	-5.45	10	4	5650,0
2002	#FFFFFF	#D3D3D3	-4.95	10.5	16	5600,0
2002	#FFFFFF	#D3D3D3	-4.95	10.5	4	5650,0
2002	#FFFFFF	#D3D3D3	-4.5	10.95	16	5600,0
2002	#FFFFFF	#D3D3D3	-4.5	10.95	4	5650,0
2002	#FFFFFF	#D3D3D3	-4.05	10.5	16	5600,0
2002	#FFFFFF	#D3D3D3	-4.05	10.5	4	5650,0
2002	#FFFFFF	#D3D3D3	-4.5	10.05	16	5600,0
2002	#FFFFFF	#D3D3D3	-4.5	10.05	4	5650,0
2002	#FFFFFF	#D3D3D3	-4.95	10.5	16	5600,0
2002	#FFFFFF	#D3D3D3	-4.95	10.5	4	5650,0
1982	#FFFFFF	#D3D3D3	-4.45	11	16	5600,0
1982	#FFFFFF	#D3D3D3	-4.45	11	4	5650,0
1982	#FFFFFF	#D3D3D3	-4	11.45	16	5600,0
1982	#FFFFFF	#D3D3D3	-4	11.45	4	5650,0
1982	#FFFFFF	#D3D3D3	-3.55	11	16	5600,0
1982	#FFFFFF	#D3D3D3	-3.55	11	4	5650,0
1982	#FFFFFF	#D3D3D3	-4	10.55	16	5600,0
1982	#FFFFFF	#D3D3D3	-4	10.55	4	5650,0
1982	#FFFFFF	#D3D3D3	-4.45	11	16	5600,0
1982	#FFFFFF	#D3D3D3	-4.45	11	4	5650,0
1250	#FFFFFF	#D3D3D3	-3.95	11.5	16	5600,0
1250	#FFFFFF	#D3D3D3	-3.95	11.5	4	5650,0
1250	#FFFFFF	#D3D3D3	-3.5	11.95	16	5600,0
1250	#FFFFFF	#D3D3D3	-3.5	11.95	4	5650,0
1250	#FFFFFF	#D3D3D3	-3.05	11.5	16	5600,0
1250	#FFFFFF	#D3D3D3	-3.05	11.5	4	5650,0
1250	#FFFFFF	#D3D3D3	-3.5	11.05	16	5600,0
1250	#FFFFFF	#D3D3D3	-3.5	11.05	4	5650,0
1250	#FFFFFF	#D3D3D3	-3.95	11.5	16	5600,0
1250	#FFFFFF	#D3D3D3	-3.95	11.5	4	5650,0
1229	#FFFFFF	#D3D3D3	-3.45	12	11	5600,0
1229	#FFFFFF	#D3D3D3	-3	12.45	11	5600,0
1229	#FFFFFF	#D3D3D3	-2.55	12	11	5600,0
1229	#FFFFFF	#D3D3D3	-3	11.55	11	5600,0
1229	#FFFFFF	#D3D3D3	-3.45	12	11	5600,0
558	#FFFFFF	#D3D3D3	-2.95	12.5	11	5600,0
558	#FFFFFF	#D3D3D3	-2.5	12.95	11	5600,0
558	#FFFFFF	#D3D3D3	-2.05	12.5	11	5600,0
558	#FFFFFF	#D3D3D3	-2.5	12.05	11	5600,0
558	#FFFFFF	#D3D3D3	-2.95	12.5	11	5600,0
536	#FFFFFF	#D3D3D3	-2.45	13	16	5600,0
536	#FFFFFF	#D3D3D3	-2	13.45	16	5600,0
536	#FFFFFF	#D3D3D3	-1.55	13	16	5600,0
536	#FFFFFF	#D3D3D3	-2	12.55	16	5600,0
536	#FFFFFF	#D3D3D3	-2.45	13	16	5600,0
45	#FFFFFF	#D3D3D3	-1.95	13.5	16	5600,0
45	#FFFFFF	#D3D3D3	-1.5	13.95	16	5600,0
45	#FFFFFF	#D3D3D3	-1.05	13.5	16	5600,0
45	#FFFFFF	#D3D3D3	-1.5	13.05	16	5600,0
45	#FFFFFF	#D3D3D3	-1.95	13.5	16	5600,0
25	#FFFFFF	#D3D3D3	-1.45	14	16	5600,0
25	#FFFFFF	#D3D3D3	-1	14.45	16	5600,0
25	#FFFFFF	#D3D3D3	-0.55	14	16	5600,0
25	#FFFFFF	#D3D3D3	-1	13.55	16	5600,0
25	#FFFFFF	#D3D3D3	-1.45	14	16	5600,0
4	#FFFFFF	#D3D3D3	-0.95	14.5	11	5600,0
4	#FFFFFF	#D3D3D3	-0.5	14.95	11	5600,0
4	#FFFFFF	#D3D3D3	-0.05	14.5	11	5600,0
4	#FFFFFF	#D3D3D3	-0.5	14.05	11	5600,0
4	#FFFFFF	#D3D3D3	-0.95	14.5	11	5600,0
2504	#FFFFFF	#D3D3D3	-0.45	15	11	5600,0
2504	#FFFFFF	#D3D3D3	0	15.45	11	5600,0
2504	#FFFFFF	#D3D3D3	0.45	15	11	5600,0
2504	#FFFFFF	#D3D3D3	0	14.55	11	5600,0
2504	#FFFFFF	#D3D3D3	-0.45	15	11	5600,0
2527	#FFFFFF	#D3D3D3	0.05	15.5	16	5600,0
2527	#FFFFFF	#D3D3D3	0.5	15.95	16	5600,0
2527	#FFFFFF	#D3D3D3	0.95	15.5	16	5600,0
2527	#FFFFFF	#D3D3D3	0.5	15.05	16	5600,0
2527	#FFFFFF	#D3D3D3	0.05	15.5	16	5600,0
2550	#FFFFFF	#D3D3D3	0.55	16	16	5600,0
2550	#FFFFFF	#D3D3D3	1	16.45	16	5600,0
2550	#FFFFFF	#D3D3D3	1.45	16	16	5600,0
2550	#FFFFFF	#D3D3D3	1	15.55	16	5600,0
2550	#FFFFFF	#D3D3D3	0.55	16	16	5600,0
2573	#FFFFFF	#D3D3D3	1.05	16.5	16	5600,0
2573	#FFFFFF	#D3D3D3	1.5	16.95	16	5600,0
2573	#FFFFFF	#D3D3D3	1.95	16.5	16	5600,0
2573	#FFFFFF	#D3D3D3	1.5	16.05	16	5600,0
2573	#FFFFFF	#D3D3D3	1.05	16.5	16	5600,0
2597	#FFFFFF	#D3D3D3	1.55	17	16	5600,0
2597	#FFFFFF	#D3D3D3	2	17.45	16	5600,0
2597	#FFFFFF	#D3D3D3	2.45	17	16	5600,0
2597	#FFFFFF	#D3D3D3	2	16.55	16	5600,0
2597	#FFFFFF	#D3D3D3	1.55	17	16	5600,0
2620	#FFFFFF	#D3D3D3	2.05	17.5	11	5600,0
2620	#FFFFFF	#D3D3D3	2.5	17.95	11	5600,0
2620	#FFFFFF	#D3D3D3	2.95	17.5	11	5600,0
2620	#FFFFFF	#D3D3D3	2.5	17.05	11	5600,0
2620	#FFFFFF	#D3D3D3	2.05	17.5	11	5600,0
2645	#FFFFFF	#D3D3D3	2.55	18	6	5600,0
2645	#FFFFFF	#D3D3D3	3	18.45	6	5600,0
2645	#FFFFFF	#D3D3D3	3.45	18	6	5600,0
2645	#FFFFFF	#D3D3D3	3	17.55	6	5600,0
2645	#FFFFFF	#D3D3D3	2.55	18	6	5600,0
2670	#FFFFFF	#D3D3D3	3.05	18.5	6	5600,0
2670	#FFFFFF	#D3D3D3	3.5	18.95	6	5600,0
2670	#FFFFFF	#D3D3D3	3.95	18.5	6	5600,0
2670	#FFFFFF	#D3D3D3	3.5	18.05	6	5600,0
2670	#FFFFFF	#D3D3D3	3.05	18.5	6	5600,0
2696	#FFFFFF	#D3D3D3	3.55	19	6	5600,0
2696	#FFFFFF	#D3D3D3	4	19.45	6	5600,0
2696	#FFFFFF	#D3D3D3	4.45	19	6	5600,0
2696	#FFFFFF	#D3D3D3	4	18.55	6	5600,0
2696	#FFFFFF	#D3D3D3	3.55	19	6	5600,0
2722	#FFFFFF	#D3D3D3	4.05	19.5	6	5600,0
2722	#FFFFFF	#D3D3D3	4.5	19.95	6	5600,0
2722	#FFFFFF	#D3D3D3	4.95	19.5	6	5600,0
2722	#FFFFFF	#D3D3D3	4.5	19.05	6	5600,0
2722	#FFFFFF	#D3D3D3	4.05	19.5	6	5600,0
2750	#FFFFFF	#D3D3D3	4.55	20	6	5600,0
2750	#FFFFFF	#D3D3D3	5	20.45	6	5600,0
2750	#FFFFFF	#D3D3D3	5.45	20	6	5600,0
2750	#FFFFFF	#D3D3D3	5	19.55	6	5600,0
2750	#FFFFFF	#D3D3D3	4.55	20	6	5600,0
2297	#FFFFFF	#D3D3D3	-44.95	20.5	9	5650,0
2297	#FFFFFF	#D3D3D3	-44.5	20.95	9	5650,0
2297	#FFFFFF	#D3D3D3	-44.05	20.5	9	5650,0
2297	#FFFFFF	#D3D3D3	-44.5	20.05	9	5650,0
2297	#FFFFFF	#D3D3D3	-44.95	20.5	9	5650,0
2270	#FFFFFF	#D3D3D3	-44.45	21	9	5650,0
2270	#FFFFFF	#D3D3D3	-44	21.45	9	5650,0
2270	#FFFFFF	#D3D3D3	-43.55	21	9	5650,0
2270	#FFFFFF	#D3D3D3	-44	20.55	9	5650,0
2270	#FFFFFF	#D3D3D3	-44.45	21	9	5650,0
2241	#FFFFFF	#D3D3D3	-43.95	21.5	9	5650,0
2241	#FFFFFF	#D3D3D3	-43.5	21.95	9	5650,0
2241	#FFFFFF	#D3D3D3	-43.05	21.5	9	5650,0
2241	#FFFFFF	#D3D3D3	-43.5	21.05	9	5650,0
2241	#FFFFFF	#D3D3D3	-43.95	21.5	9	5650,0
2213	#FFFFFF	#D3D3D3	-43.45	22	16	5650,0
2213	#FFFFFF	#D3D3D3	-43	22.45	16	5650,0
2213	#FFFFFF	#D3D3D3	-42.55	22	16	5650,0
2213	#FFFFFF	#D3D3D3	-43	21.55	16	5650,0
2213	#FFFFFF	#D3D3D3	-43.45	22	16	5650,0
2183	#FFFFFF	#D3D3D3	-42.95	22.5	16	5650,0
2183	#FFFFFF	#D3D3D3	-42.5	22.95	16	5650,0
2183	#FFFFFF	#D3D3D3	-42.05	22.5	16	5650,0
2183	#FFFFFF	#D3D3D3	-42.5	22.05	16	5650,0
2183	#FFFFFF	#D3D3D3	-42.95	22.5	16	5650,0
2154	#FFFFFF	#D3D3D3	-42.45	23	16	5650,0
2154	#FFFFFF	#D3D3D3	-42	23.45	16	5650,0
2154	#FFFFFF	#D3D3D3	-41.55	23	16	5650,0
2154	#FFFFFF	#D3D3D3	-42	22.55	16	5650,0
2154	#FFFFFF	#D3D3D3	-42.45	23	16	5650,0
2125	#FFFFFF	#D3D3D3	-41.95	23.5	16	5650,0
2125	#FFFFFF	#D3D3D3	-41.5	23.95	16	5650,0
2125	#FFFFFF	#D3D3D3	-41.05	23.5	16	5650,0
2125	#FFFFFF	#D3D3D3	-41.5	23.05	16	5650,0
2125	#FFFFFF	#D3D3D3	-41.95	23.5	16	5650,0
2095	#FFFFFF	#D3D3D3	-41.45	24	7	5650,0
2095	#FFFFFF	#D3D3D3	-41	24.45	7	5650,0
2095	#FFFFFF	#D3D3D3	-40.55	24	7	5650,0
2095	#FFFFFF	#D3D3D3	-41	23.55	7	5650,0
2095	#FFFFFF	#D3D3D3	-41.45	24	7	5650,0
2064	#FFFFFF	#D3D3D3	-40.95	24.5	16	5650,0
2064	#FFFFFF	#D3D3D3	-40.5	24.95	16	5650,0
2064	#FFFFFF	#D3D3D3	-40.05	24.5	16	5650,0
2064	#FFFFFF	#D3D3D3	-40.5	24.05	16	5650,0
2064	#FFFFFF	#D3D3D3	-40.95	24.5	16	5650,0
2034	#FFFFFF	#D3D3D3	-40.45	25	16	5650,0
2034	#FFFFFF	#D3D3D3	-40	25.45	16	5650,0
2034	#FFFFFF	#D3D3D3	-39.55	25	16	5650,0
2034	#FFFFFF	#D3D3D3	-40	24.55	16	5650,0
2034	#FFFFFF	#D3D3D3	-40.45	25	16	5650,0
1962	#FFFFFF	#D3D3D3	-39.95	25.5	16	5650,0
1962	#FFFFFF	#D3D3D3	-39.5	25.95	16	5650,0
1962	#FFFFFF	#D3D3D3	-39.05	25.5	16	5650,0
1962	#FFFFFF	#D3D3D3	-39.5	25.05	16	5650,0
1962	#FFFFFF	#D3D3D3	-39.95	25.5	16	5650,0
1930	#FFFFFF	#D3D3D3	-39.45	26	16	5650,0
1930	#FFFFFF	#D3D3D3	-39	26.45	16	5650,0
1930	#FFFFFF	#D3D3D3	-38.55	26	16	5650,0
1930	#FFFFFF	#D3D3D3	-39	25.55	16	5650,0
1930	#FFFFFF	#D3D3D3	-39.45	26	16	5650,0
1897	#FFFFFF	#D3D3D3	-38.95	26.5	16	5650,0
1897	#FFFFFF	#D3D3D3	-38.5	26.95	16	5650,0
1897	#FFFFFF	#D3D3D3	-38.05	26.5	16	5650,0
1897	#FFFFFF	#D3D3D3	-38.5	26.05	16	5650,0
1897	#FFFFFF	#D3D3D3	-38.95	26.5	16	5650,0
1864	#FFFFFF	#D3D3D3	-38.45	27	16	5650,0
1864	#FFFFFF	#D3D3D3	-38	27.45	16	5650,0
1864	#FFFFFF	#D3D3D3	-37.55	27	16	5650,0
1864	#FFFFFF	#D3D3D3	-38	26.55	16	5650,0
1864	#FFFFFF	#D3D3D3	-38.45	27	16	5650,0
1830	#FFFFFF	#D3D3D3	-37.95	27.5	16	5650,0
1830	#FFFFFF	#D3D3D3	-37.5	27.95	16	5650,0
1830	#FFFFFF	#D3D3D3	-37.05	27.5	16	5650,0
1830	#FFFFFF	#D3D3D3	-37.5	27.05	16	5650,0
1830	#FFFFFF	#D3D3D3	-37.95	27.5	16	5650,0
1796	#FFFFFF	#D3D3D3	-37.45	28	16	5650,0
1796	#FFFFFF	#D3D3D3	-37	28.45	16	5650,0
1796	#FFFFFF	#D3D3D3	-36.55	28	16	5650,0
1796	#FFFFFF	#D3D3D3	-37	27.55	16	5650,0
1796	#FFFFFF	#D3D3D3	-37.45	28	16	5650,0
1761	#FFFFFF	#D3D3D3	-36.95	28.5	16	5650,0
1761	#FFFFFF	#D3D3D3	-36.5	28.95	16	5650,0
1761	#FFFFFF	#D3D3D3	-36.05	28.5	16	5650,0
1761	#FFFFFF	#D3D3D3	-36.5	28.05	16	5650,0
1761	#FFFFFF	#D3D3D3	-36.95	28.5	16	5650,0
1727	#FFFFFF	#D3D3D3	-36.45	29	16	5650,0
1727	#FFFFFF	#D3D3D3	-36	29.45	16	5650,0
1727	#FFFFFF	#D3D3D3	-35.55	29	16	5650,0
1727	#FFFFFF	#D3D3D3	-36	28.55	16	5650,0
1727	#FFFFFF	#D3D3D3	-36.45	29	16	5650,0
1691	#FFFFFF	#D3D3D3	-35.95	29.5	25	5650,0
1691	#FFFFFF	#D3D3D3	-35.5	29.95	25	5650,0
1691	#FFFFFF	#D3D3D3	-35.05	29.5	25	5650,0
1691	#FFFFFF	#D3D3D3	-35.5	29.05	25	5650,0
1691	#FFFFFF	#D3D3D3	-35.95	29.5	25	5650,0
1657	#FFFFFF	#D3D3D3	-35.45	30	16	5650,0
1657	#FFFFFF	#D3D3D3	-35	30.45	16	5650,0
1657	#FFFFFF	#D3D3D3	-34.55	30	16	5650,0
1657	#FFFFFF	#D3D3D3	-35	29.55	16	5650,0
1657	#FFFFFF	#D3D3D3	-35.45	30	16	5650,0
1620	#FFFFFF	#D3D3D3	-34.95	30.5	25	5650,0
1620	#FFFFFF	#D3D3D3	-34.5	30.95	25	5650,0
1620	#FFFFFF	#D3D3D3	-34.05	30.5	25	5650,0
1620	#FFFFFF	#D3D3D3	-34.5	30.05	25	5650,0
1620	#FFFFFF	#D3D3D3	-34.95	30.5	25	5650,0
1583	#FFFFFF	#D3D3D3	-34.45	31	25	5650,0
1583	#FFFFFF	#D3D3D3	-34	31.45	25	5650,0
1583	#FFFFFF	#D3D3D3	-33.55	31	25	5650,0
1583	#FFFFFF	#D3D3D3	-34	30.55	25	5650,0
1583	#FFFFFF	#D3D3D3	-34.45	31	25	5650,0
1546	#FFFFFF	#D3D3D3	-33.95	31.5	8	5650,0
1546	#FFFFFF	#D3D3D3	-33.5	31.95	8	5650,0
1546	#FFFFFF	#D3D3D3	-33.05	31.5	8	5650,0
1546	#FFFFFF	#D3D3D3	-33.5	31.05	8	5650,0
1546	#FFFFFF	#D3D3D3	-33.95	31.5	8	5650,0
1509	#FFFFFF	#D3D3D3	-33.45	32	8	5650,0
1509	#FFFFFF	#D3D3D3	-33	32.45	8	5650,0
1509	#FFFFFF	#D3D3D3	-32.55	32	8	5650,0
1509	#FFFFFF	#D3D3D3	-33	31.55	8	5650,0
1509	#FFFFFF	#D3D3D3	-33.45	32	8	5650,0
1471	#FFFFFF	#D3D3D3	-32.95	32.5	30	5650,0
1471	#FFFFFF	#D3D3D3	-32.5	32.95	30	5650,0
1471	#FFFFFF	#D3D3D3	-32.05	32.5	30	5650,0
1471	#FFFFFF	#D3D3D3	-32.5	32.05	30	5650,0
1471	#FFFFFF	#D3D3D3	-32.95	32.5	30	5650,0
1434	#FFFFFF	#D3D3D3	-32.45	33	28	5650,0
1434	#FFFFFF	#D3D3D3	-32	33.45	28	5650,0
1434	#FFFFFF	#D3D3D3	-31.55	33	28	5650,0
1434	#FFFFFF	#D3D3D3	-32	32.55	28	5650,0
1434	#FFFFFF	#D3D3D3	-32.45	33	28	5650,0
1398	#FFFFFF	#D3D3D3	-31.95	33.5	28	5650,0
1398	#FFFFFF	#D3D3D3	-31.5	33.95	28	5650,0
1398	#FFFFFF	#D3D3D3	-31.05	33.5	28	5650,0
1398	#FFFFFF	#D3D3D3	-31.5	33.05	28	5650,0
1398	#FFFFFF	#D3D3D3	-31.95	33.5	28	5650,0
1363	#FFFFFF	#D3D3D3	-31.45	34	28	5650,0
1363	#FFFFFF	#D3D3D3	-31	34.45	28	5650,0
1363	#FFFFFF	#D3D3D3	-30.55	34	28	5650,0
1363	#FFFFFF	#D3D3D3	-31	33.55	28	5650,0
1363	#FFFFFF	#D3D3D3	-31.45	34	28	5650,0
1328	#FFFFFF	#D3D3D3	-30.95	34.5	50	5650,0
1328	#FFFFFF	#D3D3D3	-30.5	34.95	50	5650,0
1328	#FFFFFF	#D3D3D3	-30.05	34.5	50	5650,0
1328	#FFFFFF	#D3D3D3	-30.5	34.05	50	5650,0
1328	#FFFFFF	#D3D3D3	-30.95	34.5	50	5650,0
1293	#FFFFFF	#D3D3D3	-30.45	35	28	5650,0
1293	#FFFFFF	#D3D3D3	-30	35.45	28	5650,0
1293	#FFFFFF	#D3D3D3	-29.55	35	28	5650,0
1293	#FFFFFF	#D3D3D3	-30	34.55	28	5650,0
1293	#FFFFFF	#D3D3D3	-30.45	35	28	5650,0
1216	#FFFFFF	#D3D3D3	-29.95	35.5	44	5650,0
1216	#FFFFFF	#D3D3D3	-29.5	35.95	44	5650,0
1216	#FFFFFF	#D3D3D3	-29.05	35.5	44	5650,0
1216	#FFFFFF	#D3D3D3	-29.5	35.05	44	5650,0
1216	#FFFFFF	#D3D3D3	-29.95	35.5	44	5650,0
1182	#FFFFFF	#D3D3D3	-29.45	36	44	5650,0
1182	#FFFFFF	#D3D3D3	-29	36.45	44	5650,0
1182	#FFFFFF	#D3D3D3	-28.55	36	44	5650,0
1182	#FFFFFF	#D3D3D3	-29	35.55	44	5650,0
1182	#FFFFFF	#D3D3D3	-29.45	36	44	5650,0
1149	#FFFFFF	#D3D3D3	-28.95	36.5	28	5650,0
1149	#FFFFFF	#D3D3D3	-28.5	36.95	28	5650,0
1149	#FFFFFF	#D3D3D3	-28.05	36.5	28	5650,0
1149	#FFFFFF	#D3D3D3	-28.5	36.05	28	5650,0
1149	#FFFFFF	#D3D3D3	-28.95	36.5	28	5650,0
226	#CD1076	#000000	-14.45	0	36	5600,0
226	#CD1076	#000000	-14.45	0	10	5650,0
226	#CD1076	#000000	-14	0.45	36	5600,0
226	#CD1076	#000000	-14	0.45	10	5650,0
226	#CD1076	#000000	-13.55	0	36	5600,0
226	#CD1076	#000000	-13.55	0	10	5650,0
226	#CD1076	#000000	-14	-0.45	36	5600,0
226	#CD1076	#000000	-14	-0.45	10	5650,0
226	#CD1076	#000000	-14.45	0	36	5600,0
226	#CD1076	#000000	-14.45	0	10	5650,0
152	#F7C5D6	#929292	-12.45	2	33	5600,0
152	#FFFFFF	#D3D3D3	-12.45	2	4	5650,0
152	#F7C5D6	#929292	-12	2.45	33	5600,0
152	#FFFFFF	#D3D3D3	-12	2.45	4	5650,0
152	#F7C5D6	#929292	-11.55	2	33	5600,0
152	#FFFFFF	#D3D3D3	-11.55	2	4	5650,0
152	#F7C5D6	#929292	-12	1.55	33	5600,0
152	#FFFFFF	#D3D3D3	-12	1.55	4	5650,0
152	#F7C5D6	#929292	-12.45	2	33	5600,0
152	#FFFFFF	#D3D3D3	-12.45	2	4	5650,0
132	#CD1076	#000000	-11.95	2.5	96	5600,0
132	#FFFFFF	#D3D3D3	-11.95	2.5	4	5650,0
132	#CD1076	#000000	-11.5	2.95	96	5600,0
132	#FFFFFF	#D3D3D3	-11.5	2.95	4	5650,0
132	#CD1076	#000000	-11.05	2.5	96	5600,0
132	#FFFFFF	#D3D3D3	-11.05	2.5	4	5650,0
132	#CD1076	#000000	-11.5	2.05	96	5600,0
132	#FFFFFF	#D3D3D3	-11.5	2.05	4	5650,0
132	#CD1076	#000000	-11.95	2.5	96	5600,0
132	#FFFFFF	#D3D3D3	-11.95	2.5	4	5650,0
113	#CD1076	#000000	-11.45	3	37	5600,0
113	#FFFFFF	#D3D3D3	-11.45	3	4	5650,0
113	#CD1076	#000000	-11	3.45	37	5600,0
113	#FFFFFF	#D3D3D3	-11	3.45	4	5650,0
113	#CD1076	#000000	-10.55	3	37	5600,0
113	#FFFFFF	#D3D3D3	-10.55	3	4	5650,0
113	#CD1076	#000000	-11	2.55	37	5600,0
113	#FFFFFF	#D3D3D3	-11	2.55	4	5650,0
113	#CD1076	#000000	-11.45	3	37	5600,0
113	#FFFFFF	#D3D3D3	-11.45	3	4	5650,0
93	#CD1076	#000000	-10.95	3.5	37	5600,0
93	#FFFFFF	#D3D3D3	-10.95	3.5	4	5650,0
93	#CD1076	#000000	-10.5	3.95	37	5600,0
93	#FFFFFF	#D3D3D3	-10.5	3.95	4	5650,0
93	#CD1076	#000000	-10.05	3.5	37	5600,0
93	#FFFFFF	#D3D3D3	-10.05	3.5	4	5650,0
93	#CD1076	#000000	-10.5	3.05	37	5600,0
93	#FFFFFF	#D3D3D3	-10.5	3.05	4	5650,0
93	#CD1076	#000000	-10.95	3.5	37	5600,0
93	#FFFFFF	#D3D3D3	-10.95	3.5	4	5650,0
75	#FDEEF3	#BFBFBF	-10.45	4	67	5600,0
75	#FFFFFF	#D3D3D3	-10.45	4	4	5650,0
75	#FDEEF3	#BFBFBF	-10	4.45	67	5600,0
75	#FFFFFF	#D3D3D3	-10	4.45	4	5650,0
75	#FDEEF3	#BFBFBF	-9.55	4	67	5600,0
75	#FFFFFF	#D3D3D3	-9.55	4	4	5650,0
75	#FDEEF3	#BFBFBF	-10	3.55	67	5600,0
75	#FFFFFF	#D3D3D3	-10	3.55	4	5650,0
75	#FDEEF3	#BFBFBF	-10.45	4	67	5600,0
75	#FFFFFF	#D3D3D3	-10.45	4	4	5650,0
2494	#FDEEF3	#BFBFBF	-9.95	4.5	67	5600,0
2494	#FFFFFF	#D3D3D3	-9.95	4.5	4	5650,0
2494	#FDEEF3	#BFBFBF	-9.5	4.95	67	5600,0
2494	#FFFFFF	#D3D3D3	-9.5	4.95	4	5650,0
2494	#FDEEF3	#BFBFBF	-9.05	4.5	67	5600,0
2494	#FFFFFF	#D3D3D3	-9.05	4.5	4	5650,0
2494	#FDEEF3	#BFBFBF	-9.5	4.05	67	5600,0
2494	#FFFFFF	#D3D3D3	-9.5	4.05	4	5650,0
2494	#FDEEF3	#BFBFBF	-9.95	4.5	67	5600,0
2494	#FFFFFF	#D3D3D3	-9.95	4.5	4	5650,0
2477	#CD1076	#000000	-9.45	5	37	5600,0
2477	#FFFFFF	#D3D3D3	-9.45	5	4	5650,0
2477	#CD1076	#000000	-9	5.45	37	5600,0
2477	#FFFFFF	#D3D3D3	-9	5.45	4	5650,0
2477	#CD1076	#000000	-8.55	5	37	5600,0
2477	#FFFFFF	#D3D3D3	-8.55	5	4	5650,0
2477	#CD1076	#000000	-9	4.55	37	5600,0
2477	#FFFFFF	#D3D3D3	-9	4.55	4	5650,0
2477	#CD1076	#000000	-9.45	5	37	5600,0
2477	#FFFFFF	#D3D3D3	-9.45	5	4	5650,0
2459	#CD1076	#000000	-8.95	5.5	37	5600,0
2459	#FFFFFF	#D3D3D3	-8.95	5.5	4	5650,0
2459	#CD1076	#000000	-8.5	5.95	37	5600,0
2459	#FFFFFF	#D3D3D3	-8.5	5.95	4	5650,0
2459	#CD1076	#000000	-8.05	5.5	37	5600,0
2459	#FFFFFF	#D3D3D3	-8.05	5.5	4	5650,0
2459	#CD1076	#000000	-8.5	5.05	37	5600,0
2459	#FFFFFF	#D3D3D3	-8.5	5.05	4	5650,0
2459	#CD1076	#000000	-8.95	5.5	37	5600,0
2459	#FFFFFF	#D3D3D3	-8.95	5.5	4	5650,0
2443	#CD1076	#000000	-8.45	6	37	5600,0
2443	#FFFFFF	#D3D3D3	-8.45	6	4	5650,0
2443	#CD1076	#000000	-8	6.45	37	5600,0
2443	#FFFFFF	#D3D3D3	-8	6.45	4	5650,0
2443	#CD1076	#000000	-7.55	6	37	5600,0
2443	#FFFFFF	#D3D3D3	-7.55	6	4	5650,0
2443	#CD1076	#000000	-8	5.55	37	5600,0
2443	#FFFFFF	#D3D3D3	-8	5.55	4	5650,0
2443	#CD1076	#000000	-8.45	6	37	5600,0
2443	#FFFFFF	#D3D3D3	-8.45	6	4	5650,0
2425	#CD1076	#000000	-7.95	6.5	37	5600,0
2425	#FFFFFF	#D3D3D3	-7.95	6.5	4	5650,0
2425	#CD1076	#000000	-7.5	6.95	37	5600,0
2425	#FFFFFF	#D3D3D3	-7.5	6.95	4	5650,0
2425	#CD1076	#000000	-7.05	6.5	37	5600,0
2425	#FFFFFF	#D3D3D3	-7.05	6.5	4	5650,0
2425	#CD1076	#000000	-7.5	6.05	37	5600,0
2425	#FFFFFF	#D3D3D3	-7.5	6.05	4	5650,0
2425	#CD1076	#000000	-7.95	6.5	37	5600,0
2425	#FFFFFF	#D3D3D3	-7.95	6.5	4	5650,0
2409	#CD1076	#000000	-7.45	7	37	5600,0
2409	#FFFFFF	#D3D3D3	-7.45	7	4	5650,0
2409	#CD1076	#000000	-7	7.45	37	5600,0
2409	#FFFFFF	#D3D3D3	-7	7.45	4	5650,0
2409	#CD1076	#000000	-6.55	7	37	5600,0
2409	#FFFFFF	#D3D3D3	-6.55	7	4	5650,0
2409	#CD1076	#000000	-7	6.55	37	5600,0
2409	#FFFFFF	#D3D3D3	-7	6.55	4	5650,0
2409	#CD1076	#000000	-7.45	7	37	5600,0
2409	#FFFFFF	#D3D3D3	-7.45	7	4	5650,0
2391	#CD1076	#000000	-6.95	7.5	37	5600,0
2391	#FFFFFF	#D3D3D3	-6.95	7.5	4	5650,0
2391	#CD1076	#000000	-6.5	7.95	37	5600,0
2391	#FFFFFF	#D3D3D3	-6.5	7.95	4	5650,0
2391	#CD1076	#000000	-6.05	7.5	37	5600,0
2391	#FFFFFF	#D3D3D3	-6.05	7.5	4	5650,0
2391	#CD1076	#000000	-6.5	7.05	37	5600,0
2391	#FFFFFF	#D3D3D3	-6.5	7.05	4	5650,0
2391	#CD1076	#000000	-6.95	7.5	37	5600,0
2391	#FFFFFF	#D3D3D3	-6.95	7.5	4	5650,0
2374	#CD1076	#000000	-6.45	8	37	5600,0
2374	#FFFFFF	#D3D3D3	-6.45	8	4	5650,0
2374	#CD1076	#000000	-6	8.45	37	5600,0
2374	#FFFFFF	#D3D3D3	-6	8.45	4	5650,0
2374	#CD1076	#000000	-5.55	8	37	5600,0
2374	#FFFFFF	#D3D3D3	-5.55	8	4	5650,0
2374	#CD1076	#000000	-6	7.55	37	5600,0
2374	#FFFFFF	#D3D3D3	-6	7.55	4	5650,0
2374	#CD1076	#000000	-6.45	8	37	5600,0
2374	#FFFFFF	#D3D3D3	-6.45	8	4	5650,0
2355	#FFFFFF	#D3D3D3	-5.95	8.5	16	5600,0
2355	#FFFFFF	#D3D3D3	-5.95	8.5	4	5650,0
2355	#FFFFFF	#D3D3D3	-5.5	8.95	16	5600,0
2355	#FFFFFF	#D3D3D3	-5.5	8.95	4	5650,0
2355	#FFFFFF	#D3D3D3	-5.05	8.5	16	5600,0
2355	#FFFFFF	#D3D3D3	-5.05	8.5	4	5650,0
2355	#FFFFFF	#D3D3D3	-5.5	8.05	16	5600,0
2355	#FFFFFF	#D3D3D3	-5.5	8.05	4	5650,0
2355	#FFFFFF	#D3D3D3	-5.95	8.5	16	5600,0
2355	#FFFFFF	#D3D3D3	-5.95	8.5	4	5650,0
2337	#FFFFFF	#D3D3D3	-5.45	9	16	5600,0
2337	#FFFFFF	#D3D3D3	-5.45	9	4	5650,0
2337	#FFFFFF	#D3D3D3	-5	9.45	16	5600,0
2337	#FFFFFF	#D3D3D3	-5	9.45	4	5650,0
2337	#FFFFFF	#D3D3D3	-4.55	9	16	5600,0
2337	#FFFFFF	#D3D3D3	-4.55	9	4	5650,0
2337	#FFFFFF	#D3D3D3	-5	8.55	16	5600,0
2337	#FFFFFF	#D3D3D3	-5	8.55	4	5650,0
2337	#FFFFFF	#D3D3D3	-5.45	9	16	5600,0
2337	#FFFFFF	#D3D3D3	-5.45	9	4	5650,0
2018	#FFFFFF	#D3D3D3	-4.95	9.5	16	5600,0
2018	#FFFFFF	#D3D3D3	-4.95	9.5	4	5650,0
2018	#FFFFFF	#D3D3D3	-4.5	9.95	16	5600,0
2018	#FFFFFF	#D3D3D3	-4.5	9.95	4	5650,0
2018	#FFFFFF	#D3D3D3	-4.05	9.5	16	5600,0
2018	#FFFFFF	#D3D3D3	-4.05	9.5	4	5650,0
2018	#FFFFFF	#D3D3D3	-4.5	9.05	16	5600,0
2018	#FFFFFF	#D3D3D3	-4.5	9.05	4	5650,0
2018	#FFFFFF	#D3D3D3	-4.95	9.5	16	5600,0
2018	#FFFFFF	#D3D3D3	-4.95	9.5	4	5650,0
1981	#FFFFFF	#D3D3D3	-4.45	10	16	5600,0
1981	#FFFFFF	#D3D3D3	-4.45	10	4	5650,0
1981	#FFFFFF	#D3D3D3	-4	10.45	16	5600,0
1981	#FFFFFF	#D3D3D3	-4	10.45	4	5650,0
1981	#FFFFFF	#D3D3D3	-3.55	10	16	5600,0
1981	#FFFFFF	#D3D3D3	-3.55	10	4	5650,0
1981	#FFFFFF	#D3D3D3	-4	9.55	16	5600,0
1981	#FFFFFF	#D3D3D3	-4	9.55	4	5650,0
1981	#FFFFFF	#D3D3D3	-4.45	10	16	5600,0
1981	#FFFFFF	#D3D3D3	-4.45	10	4	5650,0
1249	#FFFFFF	#D3D3D3	-3.95	10.5	16	5600,0
1249	#FFFFFF	#D3D3D3	-3.95	10.5	4	5650,0
1249	#FFFFFF	#D3D3D3	-3.5	10.95	16	5600,0
1249	#FFFFFF	#D3D3D3	-3.5	10.95	4	5650,0
1249	#FFFFFF	#D3D3D3	-3.05	10.5	16	5600,0
1249	#FFFFFF	#D3D3D3	-3.05	10.5	4	5650,0
1249	#FFFFFF	#D3D3D3	-3.5	10.05	16	5600,0
1249	#FFFFFF	#D3D3D3	-3.5	10.05	4	5650,0
1249	#FFFFFF	#D3D3D3	-3.95	10.5	16	5600,0
1249	#FFFFFF	#D3D3D3	-3.95	10.5	4	5650,0
1228	#FFFFFF	#D3D3D3	-3.45	11	11	5600,0
1228	#FFFFFF	#D3D3D3	-3.45	11	4	5650,0
1228	#FFFFFF	#D3D3D3	-3	11.45	11	5600,0
1228	#FFFFFF	#D3D3D3	-3	11.45	4	5650,0
1228	#FFFFFF	#D3D3D3	-2.55	11	11	5600,0
1228	#FFFFFF	#D3D3D3	-2.55	11	4	5650,0
1228	#FFFFFF	#D3D3D3	-3	10.55	11	5600,0
1228	#FFFFFF	#D3D3D3	-3	10.55	4	5650,0
1228	#FFFFFF	#D3D3D3	-3.45	11	11	5600,0
1228	#FFFFFF	#D3D3D3	-3.45	11	4	5650,0
557	#FFFFFF	#D3D3D3	-2.95	11.5	11	5600,0
557	#FFFFFF	#D3D3D3	-2.5	11.95	11	5600,0
557	#FFFFFF	#D3D3D3	-2.05	11.5	11	5600,0
557	#FFFFFF	#D3D3D3	-2.5	11.05	11	5600,0
557	#FFFFFF	#D3D3D3	-2.95	11.5	11	5600,0
535	#FFFFFF	#D3D3D3	-2.45	12	16	5600,0
535	#FFFFFF	#D3D3D3	-2	12.45	16	5600,0
535	#FFFFFF	#D3D3D3	-1.55	12	16	5600,0
535	#FFFFFF	#D3D3D3	-2	11.55	16	5600,0
535	#FFFFFF	#D3D3D3	-2.45	12	16	5600,0
44	#FFFFFF	#D3D3D3	-1.95	12.5	16	5600,0
44	#FFFFFF	#D3D3D3	-1.5	12.95	16	5600,0
44	#FFFFFF	#D3D3D3	-1.05	12.5	16	5600,0
44	#FFFFFF	#D3D3D3	-1.5	12.05	16	5600,0
44	#FFFFFF	#D3D3D3	-1.95	12.5	16	5600,0
24	#FFFFFF	#D3D3D3	-1.45	13	16	5600,0
24	#FFFFFF	#D3D3D3	-1	13.45	16	5600,0
24	#FFFFFF	#D3D3D3	-0.55	13	16	5600,0
24	#FFFFFF	#D3D3D3	-1	12.55	16	5600,0
24	#FFFFFF	#D3D3D3	-1.45	13	16	5600,0
3	#FFFFFF	#D3D3D3	-0.95	13.5	16	5600,0
3	#FFFFFF	#D3D3D3	-0.5	13.95	16	5600,0
3	#FFFFFF	#D3D3D3	-0.05	13.5	16	5600,0
3	#FFFFFF	#D3D3D3	-0.5	13.05	16	5600,0
3	#FFFFFF	#D3D3D3	-0.95	13.5	16	5600,0
2503	#FFFFFF	#D3D3D3	-0.45	14	16	5600,0
2503	#FFFFFF	#D3D3D3	0	14.45	16	5600,0
2503	#FFFFFF	#D3D3D3	0.45	14	16	5600,0
2503	#FFFFFF	#D3D3D3	0	13.55	16	5600,0
2503	#FFFFFF	#D3D3D3	-0.45	14	16	5600,0
2526	#FFFFFF	#D3D3D3	0.05	14.5	16	5600,0
2526	#FFFFFF	#D3D3D3	0.5	14.95	16	5600,0
2526	#FFFFFF	#D3D3D3	0.95	14.5	16	5600,0
2526	#FFFFFF	#D3D3D3	0.5	14.05	16	5600,0
2526	#FFFFFF	#D3D3D3	0.05	14.5	16	5600,0
2549	#FFFFFF	#D3D3D3	0.55	15	16	5600,0
2549	#FFFFFF	#D3D3D3	1	15.45	16	5600,0
2549	#FFFFFF	#D3D3D3	1.45	15	16	5600,0
2549	#FFFFFF	#D3D3D3	1	14.55	16	5600,0
2549	#FFFFFF	#D3D3D3	0.55	15	16	5600,0
2572	#FFFFFF	#D3D3D3	1.05	15.5	16	5600,0
2572	#FFFFFF	#D3D3D3	1.5	15.95	16	5600,0
2572	#FFFFFF	#D3D3D3	1.95	15.5	16	5600,0
2572	#FFFFFF	#D3D3D3	1.5	15.05	16	5600,0
2572	#FFFFFF	#D3D3D3	1.05	15.5	16	5600,0
2596	#FFFFFF	#D3D3D3	1.55	16	16	5600,0
2596	#FFFFFF	#D3D3D3	2	16.45	16	5600,0
2596	#FFFFFF	#D3D3D3	2.45	16	16	5600,0
2596	#FFFFFF	#D3D3D3	2	15.55	16	5600,0
2596	#FFFFFF	#D3D3D3	1.55	16	16	5600,0
2619	#FFFFFF	#D3D3D3	2.05	16.5	16	5600,0
2619	#FFFFFF	#D3D3D3	2.5	16.95	16	5600,0
2619	#FFFFFF	#D3D3D3	2.95	16.5	16	5600,0
2619	#FFFFFF	#D3D3D3	2.5	16.05	16	5600,0
2619	#FFFFFF	#D3D3D3	2.05	16.5	16	5600,0
2644	#FFFFFF	#D3D3D3	2.55	17	6	5600,0
2644	#FFFFFF	#D3D3D3	3	17.45	6	5600,0
2644	#FFFFFF	#D3D3D3	3.45	17	6	5600,0
2644	#FFFFFF	#D3D3D3	3	16.55	6	5600,0
2644	#FFFFFF	#D3D3D3	2.55	17	6	5600,0
2669	#FFFFFF	#D3D3D3	3.05	17.5	6	5600,0
2669	#FFFFFF	#D3D3D3	3.5	17.95	6	5600,0
2669	#FFFFFF	#D3D3D3	3.95	17.5	6	5600,0
2669	#FFFFFF	#D3D3D3	3.5	17.05	6	5600,0
2669	#FFFFFF	#D3D3D3	3.05	17.5	6	5600,0
2695	#FFFFFF	#D3D3D3	3.55	18	6	5600,0
2695	#FFFFFF	#D3D3D3	4	18.45	6	5600,0
2695	#FFFFFF	#D3D3D3	4.45	18	6	5600,0
2695	#FFFFFF	#D3D3D3	4	17.55	6	5600,0
2695	#FFFFFF	#D3D3D3	3.55	18	6	5600,0
2721	#FFFFFF	#D3D3D3	4.05	18.5	6	5600,0
2721	#FFFFFF	#D3D3D3	4.5	18.95	6	5600,0
2721	#FFFFFF	#D3D3D3	4.95	18.5	6	5600,0
2721	#FFFFFF	#D3D3D3	4.5	18.05	6	5600,0
2721	#FFFFFF	#D3D3D3	4.05	18.5	6	5600,0
2748	#FFFFFF	#D3D3D3	4.55	19	6	5600,0
2748	#FFFFFF	#D3D3D3	5	19.45	6	5600,0
2748	#FFFFFF	#D3D3D3	5.45	19	6	5600,0
2748	#FFFFFF	#D3D3D3	5	18.55	6	5600,0
2748	#FFFFFF	#D3D3D3	4.55	19	6	5600,0
2295	#FFFFFF	#D3D3D3	-44.95	19.5	9	5650,0
2295	#FFFFFF	#D3D3D3	-44.5	19.95	9	5650,0
2295	#FFFFFF	#D3D3D3	-44.05	19.5	9	5650,0
2295	#FFFFFF	#D3D3D3	-44.5	19.05	9	5650,0
2295	#FFFFFF	#D3D3D3	-44.95	19.5	9	5650,0
2269	#FFFFFF	#D3D3D3	-44.45	20	9	5650,0
2269	#FFFFFF	#D3D3D3	-44	20.45	9	5650,0
2269	#FFFFFF	#D3D3D3	-43.55	20	9	5650,0
2269	#FFFFFF	#D3D3D3	-44	19.55	9	5650,0
2269	#FFFFFF	#D3D3D3	-44.45	20	9	5650,0
2240	#FFFFFF	#D3D3D3	-43.95	20.5	9	5650,0
2240	#FFFFFF	#D3D3D3	-43.5	20.95	9	5650,0
2240	#FFFFFF	#D3D3D3	-43.05	20.5	9	5650,0
2240	#FFFFFF	#D3D3D3	-43.5	20.05	9	5650,0
2240	#FFFFFF	#D3D3D3	-43.95	20.5	9	5650,0
2212	#FFFFFF	#D3D3D3	-43.45	21	16	5650,0
2212	#FFFFFF	#D3D3D3	-43	21.45	16	5650,0
2212	#FFFFFF	#D3D3D3	-42.55	21	16	5650,0
2212	#FFFFFF	#D3D3D3	-43	20.55	16	5650,0
2212	#FFFFFF	#D3D3D3	-43.45	21	16	5650,0
2182	#FFFFFF	#D3D3D3	-42.95	21.5	16	5650,0
2182	#FFFFFF	#D3D3D3	-42.5	21.95	16	5650,0
2182	#FFFFFF	#D3D3D3	-42.05	21.5	16	5650,0
2182	#FFFFFF	#D3D3D3	-42.5	21.05	16	5650,0
2182	#FFFFFF	#D3D3D3	-42.95	21.5	16	5650,0
2153	#FFFFFF	#D3D3D3	-42.45	22	16	5650,0
2153	#FFFFFF	#D3D3D3	-42	22.45	16	5650,0
2153	#FFFFFF	#D3D3D3	-41.55	22	16	5650,0
2153	#FFFFFF	#D3D3D3	-42	21.55	16	5650,0
2153	#FFFFFF	#D3D3D3	-42.45	22	16	5650,0
2124	#FFFFFF	#D3D3D3	-41.95	22.5	16	5650,0
2124	#FFFFFF	#D3D3D3	-41.5	22.95	16	5650,0
2124	#FFFFFF	#D3D3D3	-41.05	22.5	16	5650,0
2124	#FFFFFF	#D3D3D3	-41.5	22.05	16	5650,0
2124	#FFFFFF	#D3D3D3	-41.95	22.5	16	5650,0
2094	#FFFFFF	#D3D3D3	-41.45	23	7	5650,0
2094	#FFFFFF	#D3D3D3	-41	23.45	7	5650,0
2094	#FFFFFF	#D3D3D3	-40.55	23	7	5650,0
2094	#FFFFFF	#D3D3D3	-41	22.55	7	5650,0
2094	#FFFFFF	#D3D3D3	-41.45	23	7	5650,0
2063	#FFFFFF	#D3D3D3	-40.95	23.5	7	5650,0
2063	#FFFFFF	#D3D3D3	-40.5	23.95	7	5650,0
2063	#FFFFFF	#D3D3D3	-40.05	23.5	7	5650,0
2063	#FFFFFF	#D3D3D3	-40.5	23.05	7	5650,0
2063	#FFFFFF	#D3D3D3	-40.95	23.5	7	5650,0
2033	#FFFFFF	#D3D3D3	-40.45	24	16	5650,0
2033	#FFFFFF	#D3D3D3	-40	24.45	16	5650,0
2033	#FFFFFF	#D3D3D3	-39.55	24	16	5650,0
2033	#FFFFFF	#D3D3D3	-40	23.55	16	5650,0
2033	#FFFFFF	#D3D3D3	-40.45	24	16	5650,0
1961	#FFFFFF	#D3D3D3	-39.95	24.5	16	5650,0
1961	#FFFFFF	#D3D3D3	-39.5	24.95	16	5650,0
1961	#FFFFFF	#D3D3D3	-39.05	24.5	16	5650,0
1961	#FFFFFF	#D3D3D3	-39.5	24.05	16	5650,0
1961	#FFFFFF	#D3D3D3	-39.95	24.5	16	5650,0
1929	#FFFFFF	#D3D3D3	-39.45	25	16	5650,0
1929	#FFFFFF	#D3D3D3	-39	25.45	16	5650,0
1929	#FFFFFF	#D3D3D3	-38.55	25	16	5650,0
1929	#FFFFFF	#D3D3D3	-39	24.55	16	5650,0
1929	#FFFFFF	#D3D3D3	-39.45	25	16	5650,0
1896	#FFFFFF	#D3D3D3	-38.95	25.5	16	5650,0
1896	#FFFFFF	#D3D3D3	-38.5	25.95	16	5650,0
1896	#FFFFFF	#D3D3D3	-38.05	25.5	16	5650,0
1896	#FFFFFF	#D3D3D3	-38.5	25.05	16	5650,0
1896	#FFFFFF	#D3D3D3	-38.95	25.5	16	5650,0
1863	#FFFFFF	#D3D3D3	-38.45	26	16	5650,0
1863	#FFFFFF	#D3D3D3	-38	26.45	16	5650,0
1863	#FFFFFF	#D3D3D3	-37.55	26	16	5650,0
1863	#FFFFFF	#D3D3D3	-38	25.55	16	5650,0
1863	#FFFFFF	#D3D3D3	-38.45	26	16	5650,0
1829	#FFFFFF	#D3D3D3	-37.95	26.5	16	5650,0
1829	#FFFFFF	#D3D3D3	-37.5	26.95	16	5650,0
1829	#FFFFFF	#D3D3D3	-37.05	26.5	16	5650,0
1829	#FFFFFF	#D3D3D3	-37.5	26.05	16	5650,0
1829	#FFFFFF	#D3D3D3	-37.95	26.5	16	5650,0
1795	#FFFFFF	#D3D3D3	-37.45	27	16	5650,0
1795	#FFFFFF	#D3D3D3	-37	27.45	16	5650,0
1795	#FFFFFF	#D3D3D3	-36.55	27	16	5650,0
1795	#FFFFFF	#D3D3D3	-37	26.55	16	5650,0
1795	#FFFFFF	#D3D3D3	-37.45	27	16	5650,0
1760	#FFFFFF	#D3D3D3	-36.95	27.5	16	5650,0
1760	#FFFFFF	#D3D3D3	-36.5	27.95	16	5650,0
1760	#FFFFFF	#D3D3D3	-36.05	27.5	16	5650,0
1760	#FFFFFF	#D3D3D3	-36.5	27.05	16	5650,0
1760	#FFFFFF	#D3D3D3	-36.95	27.5	16	5650,0
1726	#FFFFFF	#D3D3D3	-36.45	28	16	5650,0
1726	#FFFFFF	#D3D3D3	-36	28.45	16	5650,0
1726	#FFFFFF	#D3D3D3	-35.55	28	16	5650,0
1726	#FFFFFF	#D3D3D3	-36	27.55	16	5650,0
1726	#FFFFFF	#D3D3D3	-36.45	28	16	5650,0
1690	#FFFFFF	#D3D3D3	-35.95	28.5	25	5650,0
1690	#FFFFFF	#D3D3D3	-35.5	28.95	25	5650,0
1690	#FFFFFF	#D3D3D3	-35.05	28.5	25	5650,0
1690	#FFFFFF	#D3D3D3	-35.5	28.05	25	5650,0
1690	#FFFFFF	#D3D3D3	-35.95	28.5	25	5650,0
1655	#FFFFFF	#D3D3D3	-35.45	29	25	5650,0
1655	#FFFFFF	#D3D3D3	-35	29.45	25	5650,0
1655	#FFFFFF	#D3D3D3	-34.55	29	25	5650,0
1655	#FFFFFF	#D3D3D3	-35	28.55	25	5650,0
1655	#FFFFFF	#D3D3D3	-35.45	29	25	5650,0
1618	#FFFFFF	#D3D3D3	-34.95	29.5	25	5650,0
1618	#FFFFFF	#D3D3D3	-34.5	29.95	25	5650,0
1618	#FFFFFF	#D3D3D3	-34.05	29.5	25	5650,0
1618	#FFFFFF	#D3D3D3	-34.5	29.05	25	5650,0
1618	#FFFFFF	#D3D3D3	-34.95	29.5	25	5650,0
1582	#FFFFFF	#D3D3D3	-34.45	30	25	5650,0
1582	#FFFFFF	#D3D3D3	-34	30.45	25	5650,0
1582	#FFFFFF	#D3D3D3	-33.55	30	25	5650,0
1582	#FFFFFF	#D3D3D3	-34	29.55	25	5650,0
1582	#FFFFFF	#D3D3D3	-34.45	30	25	5650,0
1545	#FFFFFF	#D3D3D3	-33.95	30.5	25	5650,0
1545	#FFFFFF	#D3D3D3	-33.5	30.95	25	5650,0
1545	#FFFFFF	#D3D3D3	-33.05	30.5	25	5650,0
1545	#FFFFFF	#D3D3D3	-33.5	30.05	25	5650,0
1545	#FFFFFF	#D3D3D3	-33.95	30.5	25	5650,0
1508	#FFFFFF	#D3D3D3	-33.45	31	8	5650,0
1508	#FFFFFF	#D3D3D3	-33	31.45	8	5650,0
1508	#FFFFFF	#D3D3D3	-32.55	31	8	5650,0
1508	#FFFFFF	#D3D3D3	-33	30.55	8	5650,0
1508	#FFFFFF	#D3D3D3	-33.45	31	8	5650,0
1470	#FFFFFF	#D3D3D3	-32.95	31.5	8	5650,0
1470	#FFFFFF	#D3D3D3	-32.5	31.95	8	5650,0
1470	#FFFFFF	#D3D3D3	-32.05	31.5	8	5650,0
1470	#FFFFFF	#D3D3D3	-32.5	31.05	8	5650,0
1470	#FFFFFF	#D3D3D3	-32.95	31.5	8	5650,0
1433	#FFFFFF	#D3D3D3	-32.45	32	30	5650,0
1433	#FFFFFF	#D3D3D3	-32	32.45	30	5650,0
1433	#FFFFFF	#D3D3D3	-31.55	32	30	5650,0
1433	#FFFFFF	#D3D3D3	-32	31.55	30	5650,0
1433	#FFFFFF	#D3D3D3	-32.45	32	30	5650,0
1397	#FFFFFF	#D3D3D3	-31.95	32.5	30	5650,0
1397	#FFFFFF	#D3D3D3	-31.5	32.95	30	5650,0
1397	#FFFFFF	#D3D3D3	-31.05	32.5	30	5650,0
1397	#FFFFFF	#D3D3D3	-31.5	32.05	30	5650,0
1397	#FFFFFF	#D3D3D3	-31.95	32.5	30	5650,0
1362	#FFFFFF	#D3D3D3	-31.45	33	28	5650,0
1362	#FFFFFF	#D3D3D3	-31	33.45	28	5650,0
1362	#FFFFFF	#D3D3D3	-30.55	33	28	5650,0
1362	#FFFFFF	#D3D3D3	-31	32.55	28	5650,0
1362	#FFFFFF	#D3D3D3	-31.45	33	28	5650,0
1327	#FFFFFF	#D3D3D3	-30.95	33.5	58	5650,0
1327	#FFFFFF	#D3D3D3	-30.5	33.95	58	5650,0
1327	#FFFFFF	#D3D3D3	-30.05	33.5	58	5650,0
1327	#FFFFFF	#D3D3D3	-30.5	33.05	58	5650,0
1327	#FFFFFF	#D3D3D3	-30.95	33.5	58	5650,0
1292	#FFFFFF	#D3D3D3	-30.45	34	50	5650,0
1292	#FFFFFF	#D3D3D3	-30	34.45	50	5650,0
1292	#FFFFFF	#D3D3D3	-29.55	34	50	5650,0
1292	#FFFFFF	#D3D3D3	-30	33.55	50	5650,0
1292	#FFFFFF	#D3D3D3	-30.45	34	50	5650,0
1215	#FFFFFF	#D3D3D3	-29.95	34.5	28	5650,0
1215	#FFFFFF	#D3D3D3	-29.5	34.95	28	5650,0
1215	#FFFFFF	#D3D3D3	-29.05	34.5	28	5650,0
1215	#FFFFFF	#D3D3D3	-29.5	34.05	28	5650,0
1215	#FFFFFF	#D3D3D3	-29.95	34.5	28	5650,0
1181	#FFFFFF	#D3D3D3	-29.45	35	28	5650,0
1181	#FFFFFF	#D3D3D3	-29	35.45	28	5650,0
1181	#FFFFFF	#D3D3D3	-28.55	35	28	5650,0
1181	#FFFFFF	#D3D3D3	-29	34.55	28	5650,0
1181	#FFFFFF	#D3D3D3	-29.45	35	28	5650,0
1148	#FFFFFF	#D3D3D3	-28.95	35.5	44	5650,0
1148	#FFFFFF	#D3D3D3	-28.5	35.95	44	5650,0
1148	#FFFFFF	#D3D3D3	-28.05	35.5	44	5650,0
1148	#FFFFFF	#D3D3D3	-28.5	35.05	44	5650,0
1148	#FFFFFF	#D3D3D3	-28.95	35.5	44	5650,0
1116	#FFFFFF	#D3D3D3	-28.45	36	28	5650,0
1116	#FFFFFF	#D3D3D3	-28	36.45	28	5650,0
1116	#FFFFFF	#D3D3D3	-27.55	36	28	5650,0
1116	#FFFFFF	#D3D3D3	-28	35.55	28	5650,0
1116	#FFFFFF	#D3D3D3	-28.45	36	28	5650,0
2525	#FFFFFF	#D3D3D3	0.05	13.5	71	5600,0
2525	#FFFFFF	#D3D3D3	0.5	13.95	71	5600,0
2525	#FFFFFF	#D3D3D3	0.95	13.5	71	5600,0
2525	#FFFFFF	#D3D3D3	0.5	13.05	71	5600,0
2525	#FFFFFF	#D3D3D3	0.05	13.5	71	5600,0
2210	#FFFFFF	#D3D3D3	-43.45	18	9	5650,0
2210	#FFFFFF	#D3D3D3	-43	18.45	9	5650,0
2210	#FFFFFF	#D3D3D3	-42.55	18	9	5650,0
2210	#FFFFFF	#D3D3D3	-43	17.55	9	5650,0
2210	#FFFFFF	#D3D3D3	-43.45	18	9	5650,0
62	#CD1076	#000000	-10.45	0	96	5600,0
62	#FFFFFF	#D3D3D3	-10.45	0	4	5650,0
62	#CD1076	#000000	-10	0.45	96	5600,0
62	#FFFFFF	#D3D3D3	-10	0.45	4	5650,0
62	#CD1076	#000000	-9.55	0	96	5600,0
62	#FFFFFF	#D3D3D3	-9.55	0	4	5650,0
62	#CD1076	#000000	-10	-0.45	96	5600,0
62	#FFFFFF	#D3D3D3	-10	-0.45	4	5650,0
62	#CD1076	#000000	-10.45	0	96	5600,0
62	#FFFFFF	#D3D3D3	-10.45	0	4	5650,0
2482	#CD1076	#000000	-9.95	0.5	96	5600,0
2482	#FFFFFF	#D3D3D3	-9.95	0.5	4	5650,0
2482	#CD1076	#000000	-9.5	0.95	96	5600,0
2482	#FFFFFF	#D3D3D3	-9.5	0.95	4	5650,0
2482	#CD1076	#000000	-9.05	0.5	96	5600,0
2482	#FFFFFF	#D3D3D3	-9.05	0.5	4	5650,0
2482	#CD1076	#000000	-9.5	0.05	96	5600,0
2482	#FFFFFF	#D3D3D3	-9.5	0.05	4	5650,0
2482	#CD1076	#000000	-9.95	0.5	96	5600,0
2482	#FFFFFF	#D3D3D3	-9.95	0.5	4	5650,0
2465	#CD1076	#000000	-9.45	1	37	5600,0
2465	#FFFFFF	#D3D3D3	-9.45	1	4	5650,0
2465	#CD1076	#000000	-9	1.45	37	5600,0
2465	#FFFFFF	#D3D3D3	-9	1.45	4	5650,0
2465	#CD1076	#000000	-8.55	1	37	5600,0
2465	#FFFFFF	#D3D3D3	-8.55	1	4	5650,0
2465	#CD1076	#000000	-9	0.55	37	5600,0
2465	#FFFFFF	#D3D3D3	-9	0.55	4	5650,0
2465	#CD1076	#000000	-9.45	1	37	5600,0
2465	#FFFFFF	#D3D3D3	-9.45	1	4	5650,0
2448	#FDEEF3	#BFBFBF	-8.95	1.5	67	5600,0
2448	#FFFFFF	#D3D3D3	-8.95	1.5	4	5650,0
2448	#FDEEF3	#BFBFBF	-8.5	1.95	67	5600,0
2448	#FFFFFF	#D3D3D3	-8.5	1.95	4	5650,0
2448	#FDEEF3	#BFBFBF	-8.05	1.5	67	5600,0
2448	#FFFFFF	#D3D3D3	-8.05	1.5	4	5650,0
2448	#FDEEF3	#BFBFBF	-8.5	1.05	67	5600,0
2448	#FFFFFF	#D3D3D3	-8.5	1.05	4	5650,0
2448	#FDEEF3	#BFBFBF	-8.95	1.5	67	5600,0
2448	#FFFFFF	#D3D3D3	-8.95	1.5	4	5650,0
2439	#FDEEF3	#BFBFBF	-8.45	2	67	5600,0
2439	#FFFFFF	#D3D3D3	-8.45	2	4	5650,0
2439	#FDEEF3	#BFBFBF	-8	2.45	67	5600,0
2439	#FFFFFF	#D3D3D3	-8	2.45	4	5650,0
2439	#FDEEF3	#BFBFBF	-7.55	2	67	5600,0
2439	#FFFFFF	#D3D3D3	-7.55	2	4	5650,0
2439	#FDEEF3	#BFBFBF	-8	1.55	67	5600,0
2439	#FFFFFF	#D3D3D3	-8	1.55	4	5650,0
2439	#FDEEF3	#BFBFBF	-8.45	2	67	5600,0
2439	#FFFFFF	#D3D3D3	-8.45	2	4	5650,0
2421	#FDEEF3	#BFBFBF	-7.95	2.5	67	5600,0
2421	#FFFFFF	#D3D3D3	-7.95	2.5	4	5650,0
2421	#FDEEF3	#BFBFBF	-7.5	2.95	67	5600,0
2421	#FFFFFF	#D3D3D3	-7.5	2.95	4	5650,0
2421	#FDEEF3	#BFBFBF	-7.05	2.5	67	5600,0
2421	#FFFFFF	#D3D3D3	-7.05	2.5	4	5650,0
2421	#FDEEF3	#BFBFBF	-7.5	2.05	67	5600,0
2421	#FFFFFF	#D3D3D3	-7.5	2.05	4	5650,0
2421	#FDEEF3	#BFBFBF	-7.95	2.5	67	5600,0
2421	#FFFFFF	#D3D3D3	-7.95	2.5	4	5650,0
2405	#FDEEF3	#BFBFBF	-7.45	3	67	5600,0
2405	#FFFFFF	#D3D3D3	-7.45	3	4	5650,0
2405	#FDEEF3	#BFBFBF	-7	3.45	67	5600,0
2405	#FFFFFF	#D3D3D3	-7	3.45	4	5650,0
2405	#FDEEF3	#BFBFBF	-6.55	3	67	5600,0
2405	#FFFFFF	#D3D3D3	-6.55	3	4	5650,0
2405	#FDEEF3	#BFBFBF	-7	2.55	67	5600,0
2405	#FFFFFF	#D3D3D3	-7	2.55	4	5650,0
2405	#FDEEF3	#BFBFBF	-7.45	3	67	5600,0
2405	#FFFFFF	#D3D3D3	-7.45	3	4	5650,0
2387	#FDEEF3	#BFBFBF	-6.95	3.5	67	5600,0
2387	#FFFFFF	#D3D3D3	-6.95	3.5	4	5650,0
2387	#FDEEF3	#BFBFBF	-6.5	3.95	67	5600,0
2387	#FFFFFF	#D3D3D3	-6.5	3.95	4	5650,0
2387	#FDEEF3	#BFBFBF	-6.05	3.5	67	5600,0
2387	#FFFFFF	#D3D3D3	-6.05	3.5	4	5650,0
2387	#FDEEF3	#BFBFBF	-6.5	3.05	67	5600,0
2387	#FFFFFF	#D3D3D3	-6.5	3.05	4	5650,0
2387	#FDEEF3	#BFBFBF	-6.95	3.5	67	5600,0
2387	#FFFFFF	#D3D3D3	-6.95	3.5	4	5650,0
2370	#FDEEF3	#BFBFBF	-6.45	4	67	5600,0
2370	#FFFFFF	#D3D3D3	-6.45	4	4	5650,0
2370	#FDEEF3	#BFBFBF	-6	4.45	67	5600,0
2370	#FFFFFF	#D3D3D3	-6	4.45	4	5650,0
2370	#FDEEF3	#BFBFBF	-5.55	4	67	5600,0
2370	#FFFFFF	#D3D3D3	-5.55	4	4	5650,0
2370	#FDEEF3	#BFBFBF	-6	3.55	67	5600,0
2370	#FFFFFF	#D3D3D3	-6	3.55	4	5650,0
2370	#FDEEF3	#BFBFBF	-6.45	4	67	5600,0
2370	#FFFFFF	#D3D3D3	-6.45	4	4	5650,0
2351	#FDEEF3	#BFBFBF	-5.95	4.5	67	5600,0
2351	#FFFFFF	#D3D3D3	-5.95	4.5	4	5650,0
2351	#FDEEF3	#BFBFBF	-5.5	4.95	67	5600,0
2351	#FFFFFF	#D3D3D3	-5.5	4.95	4	5650,0
2351	#FDEEF3	#BFBFBF	-5.05	4.5	67	5600,0
2351	#FFFFFF	#D3D3D3	-5.05	4.5	4	5650,0
2351	#FDEEF3	#BFBFBF	-5.5	4.05	67	5600,0
2351	#FFFFFF	#D3D3D3	-5.5	4.05	4	5650,0
2351	#FDEEF3	#BFBFBF	-5.95	4.5	67	5600,0
2351	#FFFFFF	#D3D3D3	-5.95	4.5	4	5650,0
2333	#FDEEF3	#BFBFBF	-5.45	5	67	5600,0
2333	#FFFFFF	#D3D3D3	-5.45	5	4	5650,0
2333	#FDEEF3	#BFBFBF	-5	5.45	67	5600,0
2333	#FFFFFF	#D3D3D3	-5	5.45	4	5650,0
2333	#FDEEF3	#BFBFBF	-4.55	5	67	5600,0
2333	#FFFFFF	#D3D3D3	-4.55	5	4	5650,0
2333	#FDEEF3	#BFBFBF	-5	4.55	67	5600,0
2333	#FFFFFF	#D3D3D3	-5	4.55	4	5650,0
2333	#FDEEF3	#BFBFBF	-5.45	5	67	5600,0
2333	#FFFFFF	#D3D3D3	-5.45	5	4	5650,0
2014	#FDEEF3	#BFBFBF	-4.95	5.5	67	5600,0
2014	#FFFFFF	#D3D3D3	-4.95	5.5	4	5650,0
2014	#FDEEF3	#BFBFBF	-4.5	5.95	67	5600,0
2014	#FFFFFF	#D3D3D3	-4.5	5.95	4	5650,0
2014	#FDEEF3	#BFBFBF	-4.05	5.5	67	5600,0
2014	#FFFFFF	#D3D3D3	-4.05	5.5	4	5650,0
2014	#FDEEF3	#BFBFBF	-4.5	5.05	67	5600,0
2014	#FFFFFF	#D3D3D3	-4.5	5.05	4	5650,0
2014	#FDEEF3	#BFBFBF	-4.95	5.5	67	5600,0
2014	#FFFFFF	#D3D3D3	-4.95	5.5	4	5650,0
1996	#FDEEF3	#BFBFBF	-4.45	6	67	5600,0
1996	#FFFFFF	#D3D3D3	-4.45	6	4	5650,0
1996	#FDEEF3	#BFBFBF	-4	6.45	67	5600,0
1996	#FFFFFF	#D3D3D3	-4	6.45	4	5650,0
1996	#FDEEF3	#BFBFBF	-3.55	6	67	5600,0
1996	#FFFFFF	#D3D3D3	-3.55	6	4	5650,0
1996	#FDEEF3	#BFBFBF	-4	5.55	67	5600,0
1996	#FFFFFF	#D3D3D3	-4	5.55	4	5650,0
1996	#FDEEF3	#BFBFBF	-4.45	6	67	5600,0
1996	#FFFFFF	#D3D3D3	-4.45	6	4	5650,0
1264	#FFFFFF	#D3D3D3	-3.95	6.5	16	5600,0
1264	#FFFFFF	#D3D3D3	-3.95	6.5	4	5650,0
1264	#FFFFFF	#D3D3D3	-3.5	6.95	16	5600,0
1264	#FFFFFF	#D3D3D3	-3.5	6.95	4	5650,0
1264	#FFFFFF	#D3D3D3	-3.05	6.5	16	5600,0
1264	#FFFFFF	#D3D3D3	-3.05	6.5	4	5650,0
1264	#FFFFFF	#D3D3D3	-3.5	6.05	16	5600,0
1264	#FFFFFF	#D3D3D3	-3.5	6.05	4	5650,0
1264	#FFFFFF	#D3D3D3	-3.95	6.5	16	5600,0
1264	#FFFFFF	#D3D3D3	-3.95	6.5	4	5650,0
1244	#FFFFFF	#D3D3D3	-3.45	7	16	5600,0
1244	#FFFFFF	#D3D3D3	-3.45	7	4	5650,0
1244	#FFFFFF	#D3D3D3	-3	7.45	16	5600,0
1244	#FFFFFF	#D3D3D3	-3	7.45	4	5650,0
1244	#FFFFFF	#D3D3D3	-2.55	7	16	5600,0
1244	#FFFFFF	#D3D3D3	-2.55	7	4	5650,0
1244	#FFFFFF	#D3D3D3	-3	6.55	16	5600,0
1244	#FFFFFF	#D3D3D3	-3	6.55	4	5650,0
1244	#FFFFFF	#D3D3D3	-3.45	7	16	5600,0
1244	#FFFFFF	#D3D3D3	-3.45	7	4	5650,0
573	#FFFFFF	#D3D3D3	-2.95	7.5	16	5600,0
573	#FFFFFF	#D3D3D3	-2.95	7.5	4	5650,0
573	#FFFFFF	#D3D3D3	-2.5	7.95	16	5600,0
573	#FFFFFF	#D3D3D3	-2.5	7.95	4	5650,0
573	#FFFFFF	#D3D3D3	-2.05	7.5	16	5600,0
573	#FFFFFF	#D3D3D3	-2.05	7.5	4	5650,0
573	#FFFFFF	#D3D3D3	-2.5	7.05	16	5600,0
573	#FFFFFF	#D3D3D3	-2.5	7.05	4	5650,0
573	#FFFFFF	#D3D3D3	-2.95	7.5	16	5600,0
573	#FFFFFF	#D3D3D3	-2.95	7.5	4	5650,0
552	#FFFFFF	#D3D3D3	-2.45	8	16	5600,0
552	#FFFFFF	#D3D3D3	-2.45	8	4	5650,0
552	#FFFFFF	#D3D3D3	-2	8.45	16	5600,0
552	#FFFFFF	#D3D3D3	-2	8.45	4	5650,0
552	#FFFFFF	#D3D3D3	-1.55	8	16	5600,0
552	#FFFFFF	#D3D3D3	-1.55	8	4	5650,0
552	#FFFFFF	#D3D3D3	-2	7.55	16	5600,0
552	#FFFFFF	#D3D3D3	-2	7.55	4	5650,0
552	#FFFFFF	#D3D3D3	-2.45	8	16	5600,0
552	#FFFFFF	#D3D3D3	-2.45	8	4	5650,0
60	#FFFFFF	#D3D3D3	-1.95	8.5	16	5600,0
60	#FFFFFF	#D3D3D3	-1.95	8.5	4	5650,0
60	#FFFFFF	#D3D3D3	-1.5	8.95	16	5600,0
60	#FFFFFF	#D3D3D3	-1.5	8.95	4	5650,0
60	#FFFFFF	#D3D3D3	-1.05	8.5	16	5600,0
60	#FFFFFF	#D3D3D3	-1.05	8.5	4	5650,0
60	#FFFFFF	#D3D3D3	-1.5	8.05	16	5600,0
60	#FFFFFF	#D3D3D3	-1.5	8.05	4	5650,0
60	#FFFFFF	#D3D3D3	-1.95	8.5	16	5600,0
60	#FFFFFF	#D3D3D3	-1.95	8.5	4	5650,0
41	#FFFFFF	#D3D3D3	-1.45	9	16	5600,0
41	#FFFFFF	#D3D3D3	-1.45	9	4	5650,0
41	#FFFFFF	#D3D3D3	-1	9.45	16	5600,0
41	#FFFFFF	#D3D3D3	-1	9.45	4	5650,0
41	#FFFFFF	#D3D3D3	-0.55	9	16	5600,0
41	#FFFFFF	#D3D3D3	-0.55	9	4	5650,0
41	#FFFFFF	#D3D3D3	-1	8.55	16	5600,0
41	#FFFFFF	#D3D3D3	-1	8.55	4	5650,0
41	#FFFFFF	#D3D3D3	-1.45	9	16	5600,0
41	#FFFFFF	#D3D3D3	-1.45	9	4	5650,0
21	#FFFFFF	#D3D3D3	-0.95	9.5	16	5600,0
21	#FFFFFF	#D3D3D3	-0.5	9.95	16	5600,0
21	#FFFFFF	#D3D3D3	-0.05	9.5	16	5600,0
21	#FFFFFF	#D3D3D3	-0.5	9.05	16	5600,0
21	#FFFFFF	#D3D3D3	-0.95	9.5	16	5600,0
2502	#FFFFFF	#D3D3D3	-0.45	10	16	5600,0
2502	#FFFFFF	#D3D3D3	0	10.45	16	5600,0
2502	#FFFFFF	#D3D3D3	0.45	10	16	5600,0
2502	#FFFFFF	#D3D3D3	0	9.55	16	5600,0
2502	#FFFFFF	#D3D3D3	-0.45	10	16	5600,0
2524	#FFFFFF	#D3D3D3	0.05	10.5	16	5600,0
2524	#FFFFFF	#D3D3D3	0.5	10.95	16	5600,0
2524	#FFFFFF	#D3D3D3	0.95	10.5	16	5600,0
2524	#FFFFFF	#D3D3D3	0.5	10.05	16	5600,0
2524	#FFFFFF	#D3D3D3	0.05	10.5	16	5600,0
2548	#FFFFFF	#D3D3D3	0.55	11	16	5600,0
2548	#FFFFFF	#D3D3D3	1	11.45	16	5600,0
2548	#FFFFFF	#D3D3D3	1.45	11	16	5600,0
2548	#FFFFFF	#D3D3D3	1	10.55	16	5600,0
2548	#FFFFFF	#D3D3D3	0.55	11	16	5600,0
2571	#FFFFFF	#D3D3D3	1.05	11.5	16	5600,0
2571	#FFFFFF	#D3D3D3	1.5	11.95	16	5600,0
2571	#FFFFFF	#D3D3D3	1.95	11.5	16	5600,0
2571	#FFFFFF	#D3D3D3	1.5	11.05	16	5600,0
2571	#FFFFFF	#D3D3D3	1.05	11.5	16	5600,0
2595	#FFFFFF	#D3D3D3	1.55	12	16	5600,0
2595	#FFFFFF	#D3D3D3	2	12.45	16	5600,0
2595	#FFFFFF	#D3D3D3	2.45	12	16	5600,0
2595	#FFFFFF	#D3D3D3	2	11.55	16	5600,0
2595	#FFFFFF	#D3D3D3	1.55	12	16	5600,0
2618	#FFFFFF	#D3D3D3	2.05	12.5	16	5600,0
2618	#FFFFFF	#D3D3D3	2.5	12.95	16	5600,0
2618	#FFFFFF	#D3D3D3	2.95	12.5	16	5600,0
2618	#FFFFFF	#D3D3D3	2.5	12.05	16	5600,0
2618	#FFFFFF	#D3D3D3	2.05	12.5	16	5600,0
2643	#FFFFFF	#D3D3D3	2.55	13	16	5600,0
2643	#FFFFFF	#D3D3D3	3	13.45	16	5600,0
2643	#FFFFFF	#D3D3D3	3.45	13	16	5600,0
2643	#FFFFFF	#D3D3D3	3	12.55	16	5600,0
2643	#FFFFFF	#D3D3D3	2.55	13	16	5600,0
2668	#FFFFFF	#D3D3D3	3.05	13.5	16	5600,0
2668	#FFFFFF	#D3D3D3	3.5	13.95	16	5600,0
2668	#FFFFFF	#D3D3D3	3.95	13.5	16	5600,0
2668	#FFFFFF	#D3D3D3	3.5	13.05	16	5600,0
2668	#FFFFFF	#D3D3D3	3.05	13.5	16	5600,0
2694	#FFFFFF	#D3D3D3	3.55	14	16	5600,0
2694	#FFFFFF	#D3D3D3	4	14.45	16	5600,0
2694	#FFFFFF	#D3D3D3	4.45	14	16	5600,0
2694	#FFFFFF	#D3D3D3	4	13.55	16	5600,0
2694	#FFFFFF	#D3D3D3	3.55	14	16	5600,0
2720	#FFFFFF	#D3D3D3	4.05	14.5	16	5600,0
2720	#FFFFFF	#D3D3D3	4.5	14.95	16	5600,0
2720	#FFFFFF	#D3D3D3	4.95	14.5	16	5600,0
2720	#FFFFFF	#D3D3D3	4.5	14.05	16	5600,0
2720	#FFFFFF	#D3D3D3	4.05	14.5	16	5600,0
2747	#FFFFFF	#D3D3D3	4.55	15	6	5600,0
2747	#FFFFFF	#D3D3D3	5	15.45	6	5600,0
2747	#FFFFFF	#D3D3D3	5.45	15	6	5600,0
2747	#FFFFFF	#D3D3D3	5	14.55	6	5600,0
2747	#FFFFFF	#D3D3D3	4.55	15	6	5600,0
2294	#FFFFFF	#D3D3D3	-44.95	15.5	6	5650,0
2294	#FFFFFF	#D3D3D3	-44.5	15.95	6	5650,0
2294	#FFFFFF	#D3D3D3	-44.05	15.5	6	5650,0
2294	#FFFFFF	#D3D3D3	-44.5	15.05	6	5650,0
2294	#FFFFFF	#D3D3D3	-44.95	15.5	6	5650,0
2267	#FFFFFF	#D3D3D3	-44.45	16	16	5650,0
2267	#FFFFFF	#D3D3D3	-44	16.45	16	5650,0
2267	#FFFFFF	#D3D3D3	-43.55	16	16	5650,0
2267	#FFFFFF	#D3D3D3	-44	15.55	16	5650,0
2267	#FFFFFF	#D3D3D3	-44.45	16	16	5650,0
2238	#FFFFFF	#D3D3D3	-43.95	16.5	6	5650,0
2238	#FFFFFF	#D3D3D3	-43.5	16.95	6	5650,0
2238	#FFFFFF	#D3D3D3	-43.05	16.5	6	5650,0
2238	#FFFFFF	#D3D3D3	-43.5	16.05	6	5650,0
2238	#FFFFFF	#D3D3D3	-43.95	16.5	6	5650,0
2209	#FFFFFF	#D3D3D3	-43.45	17	16	5650,0
2209	#FFFFFF	#D3D3D3	-43	17.45	16	5650,0
2209	#FFFFFF	#D3D3D3	-42.55	17	16	5650,0
2209	#FFFFFF	#D3D3D3	-43	16.55	16	5650,0
2209	#FFFFFF	#D3D3D3	-43.45	17	16	5650,0
2180	#FFFFFF	#D3D3D3	-42.95	17.5	16	5650,0
2180	#FFFFFF	#D3D3D3	-42.5	17.95	16	5650,0
2180	#FFFFFF	#D3D3D3	-42.05	17.5	16	5650,0
2180	#FFFFFF	#D3D3D3	-42.5	17.05	16	5650,0
2180	#FFFFFF	#D3D3D3	-42.95	17.5	16	5650,0
2151	#FFFFFF	#D3D3D3	-42.45	18	16	5650,0
2151	#FFFFFF	#D3D3D3	-42	18.45	16	5650,0
2151	#FFFFFF	#D3D3D3	-41.55	18	16	5650,0
2151	#FFFFFF	#D3D3D3	-42	17.55	16	5650,0
2151	#FFFFFF	#D3D3D3	-42.45	18	16	5650,0
2122	#FFFFFF	#D3D3D3	-41.95	18.5	9	5650,0
2122	#FFFFFF	#D3D3D3	-41.5	18.95	9	5650,0
2122	#FFFFFF	#D3D3D3	-41.05	18.5	9	5650,0
2122	#FFFFFF	#D3D3D3	-41.5	18.05	9	5650,0
2122	#FFFFFF	#D3D3D3	-41.95	18.5	9	5650,0
2092	#FFFFFF	#D3D3D3	-41.45	19	16	5650,0
2092	#FFFFFF	#D3D3D3	-41	19.45	16	5650,0
2092	#FFFFFF	#D3D3D3	-40.55	19	16	5650,0
2092	#FFFFFF	#D3D3D3	-41	18.55	16	5650,0
2092	#FFFFFF	#D3D3D3	-41.45	19	16	5650,0
2061	#FFFFFF	#D3D3D3	-40.95	19.5	16	5650,0
2061	#FFFFFF	#D3D3D3	-40.5	19.95	16	5650,0
2061	#FFFFFF	#D3D3D3	-40.05	19.5	16	5650,0
2061	#FFFFFF	#D3D3D3	-40.5	19.05	16	5650,0
2061	#FFFFFF	#D3D3D3	-40.95	19.5	16	5650,0
2032	#FFFFFF	#D3D3D3	-40.45	20	16	5650,0
2032	#FFFFFF	#D3D3D3	-40	20.45	16	5650,0
2032	#FFFFFF	#D3D3D3	-39.55	20	16	5650,0
2032	#FFFFFF	#D3D3D3	-40	19.55	16	5650,0
2032	#FFFFFF	#D3D3D3	-40.45	20	16	5650,0
1960	#FFFFFF	#D3D3D3	-39.95	20.5	16	5650,0
1960	#FFFFFF	#D3D3D3	-39.5	20.95	16	5650,0
1960	#FFFFFF	#D3D3D3	-39.05	20.5	16	5650,0
1960	#FFFFFF	#D3D3D3	-39.5	20.05	16	5650,0
1960	#FFFFFF	#D3D3D3	-39.95	20.5	16	5650,0
1928	#FFFFFF	#D3D3D3	-39.45	21	16	5650,0
1928	#FFFFFF	#D3D3D3	-39	21.45	16	5650,0
1928	#FFFFFF	#D3D3D3	-38.55	21	16	5650,0
1928	#FFFFFF	#D3D3D3	-39	20.55	16	5650,0
1928	#FFFFFF	#D3D3D3	-39.45	21	16	5650,0
1895	#FFFFFF	#D3D3D3	-38.95	21.5	38	5650,0
1895	#FFFFFF	#D3D3D3	-38.5	21.95	38	5650,0
1895	#FFFFFF	#D3D3D3	-38.05	21.5	38	5650,0
1895	#FFFFFF	#D3D3D3	-38.5	21.05	38	5650,0
1895	#FFFFFF	#D3D3D3	-38.95	21.5	38	5650,0
1862	#FFFFFF	#D3D3D3	-38.45	22	72	5650,0
1862	#FFFFFF	#D3D3D3	-38	22.45	72	5650,0
1862	#FFFFFF	#D3D3D3	-37.55	22	72	5650,0
1862	#FFFFFF	#D3D3D3	-38	21.55	72	5650,0
1862	#FFFFFF	#D3D3D3	-38.45	22	72	5650,0
1828	#FFFFFF	#D3D3D3	-37.95	22.5	16	5650,0
1828	#FFFFFF	#D3D3D3	-37.5	22.95	16	5650,0
1828	#FFFFFF	#D3D3D3	-37.05	22.5	16	5650,0
1828	#FFFFFF	#D3D3D3	-37.5	22.05	16	5650,0
1828	#FFFFFF	#D3D3D3	-37.95	22.5	16	5650,0
1794	#FFFFFF	#D3D3D3	-37.45	23	16	5650,0
1794	#FFFFFF	#D3D3D3	-37	23.45	16	5650,0
1794	#FFFFFF	#D3D3D3	-36.55	23	16	5650,0
1794	#FFFFFF	#D3D3D3	-37	22.55	16	5650,0
1794	#FFFFFF	#D3D3D3	-37.45	23	16	5650,0
1759	#FFFFFF	#D3D3D3	-36.95	23.5	16	5650,0
1759	#FFFFFF	#D3D3D3	-36.5	23.95	16	5650,0
1759	#FFFFFF	#D3D3D3	-36.05	23.5	16	5650,0
1759	#FFFFFF	#D3D3D3	-36.5	23.05	16	5650,0
1759	#FFFFFF	#D3D3D3	-36.95	23.5	16	5650,0
1725	#FFFFFF	#D3D3D3	-36.45	24	16	5650,0
1725	#FFFFFF	#D3D3D3	-36	24.45	16	5650,0
1725	#FFFFFF	#D3D3D3	-35.55	24	16	5650,0
1725	#FFFFFF	#D3D3D3	-36	23.55	16	5650,0
1725	#FFFFFF	#D3D3D3	-36.45	24	16	5650,0
1689	#FFFFFF	#D3D3D3	-35.95	24.5	53	5650,0
1689	#FFFFFF	#D3D3D3	-35.5	24.95	53	5650,0
1689	#FFFFFF	#D3D3D3	-35.05	24.5	53	5650,0
1689	#FFFFFF	#D3D3D3	-35.5	24.05	53	5650,0
1689	#FFFFFF	#D3D3D3	-35.95	24.5	53	5650,0
1654	#FFFFFF	#D3D3D3	-35.45	25	16	5650,0
1654	#FFFFFF	#D3D3D3	-35	25.45	16	5650,0
1654	#FFFFFF	#D3D3D3	-34.55	25	16	5650,0
1654	#FFFFFF	#D3D3D3	-35	24.55	16	5650,0
1654	#FFFFFF	#D3D3D3	-35.45	25	16	5650,0
1617	#FFFFFF	#D3D3D3	-34.95	25.5	16	5650,0
1617	#FFFFFF	#D3D3D3	-34.5	25.95	16	5650,0
1617	#FFFFFF	#D3D3D3	-34.05	25.5	16	5650,0
1617	#FFFFFF	#D3D3D3	-34.5	25.05	16	5650,0
1617	#FFFFFF	#D3D3D3	-34.95	25.5	16	5650,0
1580	#FFFFFF	#D3D3D3	-34.45	26	52	5650,0
1580	#FFFFFF	#D3D3D3	-34	26.45	52	5650,0
1580	#FFFFFF	#D3D3D3	-33.55	26	52	5650,0
1580	#FFFFFF	#D3D3D3	-34	25.55	52	5650,0
1580	#FFFFFF	#D3D3D3	-34.45	26	52	5650,0
1543	#FFFFFF	#D3D3D3	-33.95	26.5	16	5650,0
1543	#FFFFFF	#D3D3D3	-33.5	26.95	16	5650,0
1543	#FFFFFF	#D3D3D3	-33.05	26.5	16	5650,0
1543	#FFFFFF	#D3D3D3	-33.5	26.05	16	5650,0
1543	#FFFFFF	#D3D3D3	-33.95	26.5	16	5650,0
1506	#FFFFFF	#D3D3D3	-33.45	27	82	5650,0
1506	#FFFFFF	#D3D3D3	-33	27.45	82	5650,0
1506	#FFFFFF	#D3D3D3	-32.55	27	82	5650,0
1506	#FFFFFF	#D3D3D3	-33	26.55	82	5650,0
1506	#FFFFFF	#D3D3D3	-33.45	27	82	5650,0
1468	#FFFFFF	#D3D3D3	-32.95	27.5	82	5650,0
1468	#FFFFFF	#D3D3D3	-32.5	27.95	82	5650,0
1468	#FFFFFF	#D3D3D3	-32.05	27.5	82	5650,0
1468	#FFFFFF	#D3D3D3	-32.5	27.05	82	5650,0
1468	#FFFFFF	#D3D3D3	-32.95	27.5	82	5650,0
1431	#FFFFFF	#D3D3D3	-32.45	28	16	5650,0
1431	#FFFFFF	#D3D3D3	-32	28.45	16	5650,0
1431	#FFFFFF	#D3D3D3	-31.55	28	16	5650,0
1431	#FFFFFF	#D3D3D3	-32	27.55	16	5650,0
1431	#FFFFFF	#D3D3D3	-32.45	28	16	5650,0
1395	#FFFFFF	#D3D3D3	-31.95	28.5	25	5650,0
1395	#FFFFFF	#D3D3D3	-31.5	28.95	25	5650,0
1395	#FFFFFF	#D3D3D3	-31.05	28.5	25	5650,0
1395	#FFFFFF	#D3D3D3	-31.5	28.05	25	5650,0
1395	#FFFFFF	#D3D3D3	-31.95	28.5	25	5650,0
1360	#FFFFFF	#D3D3D3	-31.45	29	98	5650,0
1360	#FFFFFF	#D3D3D3	-31	29.45	98	5650,0
1360	#FFFFFF	#D3D3D3	-30.55	29	98	5650,0
1360	#FFFFFF	#D3D3D3	-31	28.55	98	5650,0
1360	#FFFFFF	#D3D3D3	-31.45	29	98	5650,0
1325	#FFFFFF	#D3D3D3	-30.95	29.5	8	5650,0
1325	#FFFFFF	#D3D3D3	-30.5	29.95	8	5650,0
1325	#FFFFFF	#D3D3D3	-30.05	29.5	8	5650,0
1325	#FFFFFF	#D3D3D3	-30.5	29.05	8	5650,0
1325	#FFFFFF	#D3D3D3	-30.95	29.5	8	5650,0
1214	#FFFFFF	#D3D3D3	-29.95	30.5	80	5650,0
1214	#FFFFFF	#D3D3D3	-29.5	30.95	80	5650,0
1214	#FFFFFF	#D3D3D3	-29.05	30.5	80	5650,0
1214	#FFFFFF	#D3D3D3	-29.5	30.05	80	5650,0
1214	#FFFFFF	#D3D3D3	-29.95	30.5	80	5650,0
1147	#FFFFFF	#D3D3D3	-28.95	31.5	80	5650,0
1147	#FFFFFF	#D3D3D3	-28.5	31.95	80	5650,0
1147	#FFFFFF	#D3D3D3	-28.05	31.5	80	5650,0
1147	#FFFFFF	#D3D3D3	-28.5	31.05	80	5650,0
1147	#FFFFFF	#D3D3D3	-28.95	31.5	80	5650,0
1115	#FFFFFF	#D3D3D3	-28.45	32	95	5650,0
1115	#FFFFFF	#D3D3D3	-28	32.45	95	5650,0
1115	#FFFFFF	#D3D3D3	-27.55	32	95	5650,0
1115	#FFFFFF	#D3D3D3	-28	31.55	95	5650,0
1115	#FFFFFF	#D3D3D3	-28.45	32	95	5650,0
1082	#FFFFFF	#D3D3D3	-27.95	32.5	95	5650,0
1082	#FFFFFF	#D3D3D3	-27.5	32.95	95	5650,0
1082	#FFFFFF	#D3D3D3	-27.05	32.5	95	5650,0
1082	#FFFFFF	#D3D3D3	-27.5	32.05	95	5650,0
1082	#FFFFFF	#D3D3D3	-27.95	32.5	95	5650,0
1049	#FFFFFF	#D3D3D3	-27.45	33	95	5650,0
1049	#FFFFFF	#D3D3D3	-27	33.45	95	5650,0
1049	#FFFFFF	#D3D3D3	-26.55	33	95	5650,0
1049	#FFFFFF	#D3D3D3	-27	32.55	95	5650,0
1049	#FFFFFF	#D3D3D3	-27.45	33	95	5650,0
982	#FFFFFF	#D3D3D3	-26.45	34	28	5650,0
982	#FFFFFF	#D3D3D3	-26	34.45	28	5650,0
982	#FFFFFF	#D3D3D3	-25.55	34	28	5650,0
982	#FFFFFF	#D3D3D3	-26	33.55	28	5650,0
982	#FFFFFF	#D3D3D3	-26.45	34	28	5650,0
2464	#CD1076	#000000	-9.45	0	94	5600,0
2464	#FFFFFF	#D3D3D3	-9.45	0	4	5650,0
2464	#CD1076	#000000	-9	0.45	94	5600,0
2464	#FFFFFF	#D3D3D3	-9	0.45	4	5650,0
2464	#CD1076	#000000	-8.55	0	94	5600,0
2464	#FFFFFF	#D3D3D3	-8.55	0	4	5650,0
2464	#CD1076	#000000	-9	-0.45	94	5600,0
2464	#FFFFFF	#D3D3D3	-9	-0.45	4	5650,0
2464	#CD1076	#000000	-9.45	0	94	5600,0
2464	#FFFFFF	#D3D3D3	-9.45	0	4	5650,0
2447	#CD1076	#000000	-8.95	0.5	2	5600,0
2447	#FFFFFF	#D3D3D3	-8.95	0.5	4	5650,0
2447	#CD1076	#000000	-8.5	0.95	2	5600,0
2447	#FFFFFF	#D3D3D3	-8.5	0.95	4	5650,0
2447	#CD1076	#000000	-8.05	0.5	2	5600,0
2447	#FFFFFF	#D3D3D3	-8.05	0.5	4	5650,0
2447	#CD1076	#000000	-8.5	0.05	2	5600,0
2447	#FFFFFF	#D3D3D3	-8.5	0.05	4	5650,0
2447	#CD1076	#000000	-8.95	0.5	2	5600,0
2447	#FFFFFF	#D3D3D3	-8.95	0.5	4	5650,0
2430	#CD1076	#000000	-8.45	1	2	5600,0
2430	#FFFFFF	#D3D3D3	-8.45	1	4	5650,0
2430	#CD1076	#000000	-8	1.45	2	5600,0
2430	#FFFFFF	#D3D3D3	-8	1.45	4	5650,0
2430	#CD1076	#000000	-7.55	1	2	5600,0
2430	#FFFFFF	#D3D3D3	-7.55	1	4	5650,0
2430	#CD1076	#000000	-8	0.55	2	5600,0
2430	#FFFFFF	#D3D3D3	-8	0.55	4	5650,0
2430	#CD1076	#000000	-8.45	1	2	5600,0
2430	#FFFFFF	#D3D3D3	-8.45	1	4	5650,0
2413	#CD1076	#000000	-7.95	1.5	65	5600,0
2413	#FFFFFF	#D3D3D3	-7.95	1.5	4	5650,0
2413	#CD1076	#000000	-7.5	1.95	65	5600,0
2413	#FFFFFF	#D3D3D3	-7.5	1.95	4	5650,0
2413	#CD1076	#000000	-7.05	1.5	65	5600,0
2413	#FFFFFF	#D3D3D3	-7.05	1.5	4	5650,0
2413	#CD1076	#000000	-7.5	1.05	65	5600,0
2413	#FFFFFF	#D3D3D3	-7.5	1.05	4	5650,0
2413	#CD1076	#000000	-7.95	1.5	65	5600,0
2413	#FFFFFF	#D3D3D3	-7.95	1.5	4	5650,0
2404	#CD1076	#000000	-7.45	2	65	5600,0
2404	#FFFFFF	#D3D3D3	-7.45	2	4	5650,0
2404	#CD1076	#000000	-7	2.45	65	5600,0
2404	#FFFFFF	#D3D3D3	-7	2.45	4	5650,0
2404	#CD1076	#000000	-6.55	2	65	5600,0
2404	#FFFFFF	#D3D3D3	-6.55	2	4	5650,0
2404	#CD1076	#000000	-7	1.55	65	5600,0
2404	#FFFFFF	#D3D3D3	-7	1.55	4	5650,0
2404	#CD1076	#000000	-7.45	2	65	5600,0
2404	#FFFFFF	#D3D3D3	-7.45	2	4	5650,0
2386	#CD1076	#000000	-6.95	2.5	65	5600,0
2386	#FFFFFF	#D3D3D3	-6.95	2.5	4	5650,0
2386	#CD1076	#000000	-6.5	2.95	65	5600,0
2386	#FFFFFF	#D3D3D3	-6.5	2.95	4	5650,0
2386	#CD1076	#000000	-6.05	2.5	65	5600,0
2386	#FFFFFF	#D3D3D3	-6.05	2.5	4	5650,0
2386	#CD1076	#000000	-6.5	2.05	65	5600,0
2386	#FFFFFF	#D3D3D3	-6.5	2.05	4	5650,0
2386	#CD1076	#000000	-6.95	2.5	65	5600,0
2386	#FFFFFF	#D3D3D3	-6.95	2.5	4	5650,0
2369	#CD1076	#000000	-6.45	3	65	5600,0
2369	#FFFFFF	#D3D3D3	-6.45	3	4	5650,0
2369	#CD1076	#000000	-6	3.45	65	5600,0
2369	#FFFFFF	#D3D3D3	-6	3.45	4	5650,0
2369	#CD1076	#000000	-5.55	3	65	5600,0
2369	#FFFFFF	#D3D3D3	-5.55	3	4	5650,0
2369	#CD1076	#000000	-6	2.55	65	5600,0
2369	#FFFFFF	#D3D3D3	-6	2.55	4	5650,0
2369	#CD1076	#000000	-6.45	3	65	5600,0
2369	#FFFFFF	#D3D3D3	-6.45	3	4	5650,0
2350	#CD1076	#000000	-5.95	3.5	65	5600,0
2350	#FFFFFF	#D3D3D3	-5.95	3.5	4	5650,0
2350	#CD1076	#000000	-5.5	3.95	65	5600,0
2350	#FFFFFF	#D3D3D3	-5.5	3.95	4	5650,0
2350	#CD1076	#000000	-5.05	3.5	65	5600,0
2350	#FFFFFF	#D3D3D3	-5.05	3.5	4	5650,0
2350	#CD1076	#000000	-5.5	3.05	65	5600,0
2350	#FFFFFF	#D3D3D3	-5.5	3.05	4	5650,0
2350	#CD1076	#000000	-5.95	3.5	65	5600,0
2350	#FFFFFF	#D3D3D3	-5.95	3.5	4	5650,0
2332	#CD1076	#000000	-5.45	4	65	5600,0
2332	#FFFFFF	#D3D3D3	-5.45	4	4	5650,0
2332	#CD1076	#000000	-5	4.45	65	5600,0
2332	#FFFFFF	#D3D3D3	-5	4.45	4	5650,0
2332	#CD1076	#000000	-4.55	4	65	5600,0
2332	#FFFFFF	#D3D3D3	-4.55	4	4	5650,0
2332	#CD1076	#000000	-5	3.55	65	5600,0
2332	#FFFFFF	#D3D3D3	-5	3.55	4	5650,0
2332	#CD1076	#000000	-5.45	4	65	5600,0
2332	#FFFFFF	#D3D3D3	-5.45	4	4	5650,0
2013	#CD1076	#000000	-4.95	4.5	49	5600,0
2013	#FFFFFF	#D3D3D3	-4.95	4.5	4	5650,0
2013	#CD1076	#000000	-4.5	4.95	49	5600,0
2013	#FFFFFF	#D3D3D3	-4.5	4.95	4	5650,0
2013	#CD1076	#000000	-4.05	4.5	49	5600,0
2013	#FFFFFF	#D3D3D3	-4.05	4.5	4	5650,0
2013	#CD1076	#000000	-4.5	4.05	49	5600,0
2013	#FFFFFF	#D3D3D3	-4.5	4.05	4	5650,0
2013	#CD1076	#000000	-4.95	4.5	49	5600,0
2013	#FFFFFF	#D3D3D3	-4.95	4.5	4	5650,0
1995	#CD1076	#000000	-4.45	5	49	5600,0
1995	#FFFFFF	#D3D3D3	-4.45	5	4	5650,0
1995	#CD1076	#000000	-4	5.45	49	5600,0
1995	#FFFFFF	#D3D3D3	-4	5.45	4	5650,0
1995	#CD1076	#000000	-3.55	5	49	5600,0
1995	#FFFFFF	#D3D3D3	-3.55	5	4	5650,0
1995	#CD1076	#000000	-4	4.55	49	5600,0
1995	#FFFFFF	#D3D3D3	-4	4.55	4	5650,0
1995	#CD1076	#000000	-4.45	5	49	5600,0
1995	#FFFFFF	#D3D3D3	-4.45	5	4	5650,0
1263	#CD1076	#000000	-3.95	5.5	49	5600,0
1263	#FFFFFF	#D3D3D3	-3.95	5.5	4	5650,0
1263	#CD1076	#000000	-3.5	5.95	49	5600,0
1263	#FFFFFF	#D3D3D3	-3.5	5.95	4	5650,0
1263	#CD1076	#000000	-3.05	5.5	49	5600,0
1263	#FFFFFF	#D3D3D3	-3.05	5.5	4	5650,0
1263	#CD1076	#000000	-3.5	5.05	49	5600,0
1263	#FFFFFF	#D3D3D3	-3.5	5.05	4	5650,0
1263	#CD1076	#000000	-3.95	5.5	49	5600,0
1263	#FFFFFF	#D3D3D3	-3.95	5.5	4	5650,0
1243	#FFFFFF	#D3D3D3	-3.45	6	16	5600,0
1243	#FFFFFF	#D3D3D3	-3.45	6	4	5650,0
1243	#FFFFFF	#D3D3D3	-3	6.45	16	5600,0
1243	#FFFFFF	#D3D3D3	-3	6.45	4	5650,0
1243	#FFFFFF	#D3D3D3	-2.55	6	16	5600,0
1243	#FFFFFF	#D3D3D3	-2.55	6	4	5650,0
1243	#FFFFFF	#D3D3D3	-3	5.55	16	5600,0
1243	#FFFFFF	#D3D3D3	-3	5.55	4	5650,0
1243	#FFFFFF	#D3D3D3	-3.45	6	16	5600,0
1243	#FFFFFF	#D3D3D3	-3.45	6	4	5650,0
572	#FFFFFF	#D3D3D3	-2.95	6.5	16	5600,0
572	#FFFFFF	#D3D3D3	-2.95	6.5	4	5650,0
572	#FFFFFF	#D3D3D3	-2.5	6.95	16	5600,0
572	#FFFFFF	#D3D3D3	-2.5	6.95	4	5650,0
572	#FFFFFF	#D3D3D3	-2.05	6.5	16	5600,0
572	#FFFFFF	#D3D3D3	-2.05	6.5	4	5650,0
572	#FFFFFF	#D3D3D3	-2.5	6.05	16	5600,0
572	#FFFFFF	#D3D3D3	-2.5	6.05	4	5650,0
572	#FFFFFF	#D3D3D3	-2.95	6.5	16	5600,0
572	#FFFFFF	#D3D3D3	-2.95	6.5	4	5650,0
551	#FFFFFF	#D3D3D3	-2.45	7	16	5600,0
551	#FFFFFF	#D3D3D3	-2.45	7	4	5650,0
551	#FFFFFF	#D3D3D3	-2	7.45	16	5600,0
551	#FFFFFF	#D3D3D3	-2	7.45	4	5650,0
551	#FFFFFF	#D3D3D3	-1.55	7	16	5600,0
551	#FFFFFF	#D3D3D3	-1.55	7	4	5650,0
551	#FFFFFF	#D3D3D3	-2	6.55	16	5600,0
551	#FFFFFF	#D3D3D3	-2	6.55	4	5650,0
551	#FFFFFF	#D3D3D3	-2.45	7	16	5600,0
551	#FFFFFF	#D3D3D3	-2.45	7	4	5650,0
59	#FFFFFF	#D3D3D3	-1.95	7.5	16	5600,0
59	#FFFFFF	#D3D3D3	-1.95	7.5	4	5650,0
59	#FFFFFF	#D3D3D3	-1.5	7.95	16	5600,0
59	#FFFFFF	#D3D3D3	-1.5	7.95	4	5650,0
59	#FFFFFF	#D3D3D3	-1.05	7.5	16	5600,0
59	#FFFFFF	#D3D3D3	-1.05	7.5	4	5650,0
59	#FFFFFF	#D3D3D3	-1.5	7.05	16	5600,0
59	#FFFFFF	#D3D3D3	-1.5	7.05	4	5650,0
59	#FFFFFF	#D3D3D3	-1.95	7.5	16	5600,0
59	#FFFFFF	#D3D3D3	-1.95	7.5	4	5650,0
40	#FFFFFF	#D3D3D3	-1.45	8	16	5600,0
40	#FFFFFF	#D3D3D3	-1.45	8	4	5650,0
40	#FFFFFF	#D3D3D3	-1	8.45	16	5600,0
40	#FFFFFF	#D3D3D3	-1	8.45	4	5650,0
40	#FFFFFF	#D3D3D3	-0.55	8	16	5600,0
40	#FFFFFF	#D3D3D3	-0.55	8	4	5650,0
40	#FFFFFF	#D3D3D3	-1	7.55	16	5600,0
40	#FFFFFF	#D3D3D3	-1	7.55	4	5650,0
40	#FFFFFF	#D3D3D3	-1.45	8	16	5600,0
40	#FFFFFF	#D3D3D3	-1.45	8	4	5650,0
20	#FFFFFF	#D3D3D3	-0.95	8.5	16	5600,0
20	#FFFFFF	#D3D3D3	-0.95	8.5	4	5650,0
20	#FFFFFF	#D3D3D3	-0.5	8.95	16	5600,0
20	#FFFFFF	#D3D3D3	-0.5	8.95	4	5650,0
20	#FFFFFF	#D3D3D3	-0.05	8.5	16	5600,0
20	#FFFFFF	#D3D3D3	-0.05	8.5	4	5650,0
20	#FFFFFF	#D3D3D3	-0.5	8.05	16	5600,0
20	#FFFFFF	#D3D3D3	-0.5	8.05	4	5650,0
20	#FFFFFF	#D3D3D3	-0.95	8.5	16	5600,0
20	#FFFFFF	#D3D3D3	-0.95	8.5	4	5650,0
2521	#FFFFFF	#D3D3D3	-0.45	9	16	5600,0
2521	#FFFFFF	#D3D3D3	0	9.45	16	5600,0
2521	#FFFFFF	#D3D3D3	0.45	9	16	5600,0
2521	#FFFFFF	#D3D3D3	0	8.55	16	5600,0
2521	#FFFFFF	#D3D3D3	-0.45	9	16	5600,0
2544	#FFFFFF	#D3D3D3	0.05	9.5	16	5600,0
2544	#FFFFFF	#D3D3D3	0.5	9.95	16	5600,0
2544	#FFFFFF	#D3D3D3	0.95	9.5	16	5600,0
2544	#FFFFFF	#D3D3D3	0.5	9.05	16	5600,0
2544	#FFFFFF	#D3D3D3	0.05	9.5	16	5600,0
2547	#FFFFFF	#D3D3D3	0.55	10	16	5600,0
2547	#FFFFFF	#D3D3D3	1	10.45	16	5600,0
2547	#FFFFFF	#D3D3D3	1.45	10	16	5600,0
2547	#FFFFFF	#D3D3D3	1	9.55	16	5600,0
2547	#FFFFFF	#D3D3D3	0.55	10	16	5600,0
2570	#FFFFFF	#D3D3D3	1.05	10.5	16	5600,0
2570	#FFFFFF	#D3D3D3	1.5	10.95	16	5600,0
2570	#FFFFFF	#D3D3D3	1.95	10.5	16	5600,0
2570	#FFFFFF	#D3D3D3	1.5	10.05	16	5600,0
2570	#FFFFFF	#D3D3D3	1.05	10.5	16	5600,0
2594	#FFFFFF	#D3D3D3	1.55	11	16	5600,0
2594	#FFFFFF	#D3D3D3	2	11.45	16	5600,0
2594	#FFFFFF	#D3D3D3	2.45	11	16	5600,0
2594	#FFFFFF	#D3D3D3	2	10.55	16	5600,0
2594	#FFFFFF	#D3D3D3	1.55	11	16	5600,0
2617	#FFFFFF	#D3D3D3	2.05	11.5	16	5600,0
2617	#FFFFFF	#D3D3D3	2.5	11.95	16	5600,0
2617	#FFFFFF	#D3D3D3	2.95	11.5	16	5600,0
2617	#FFFFFF	#D3D3D3	2.5	11.05	16	5600,0
2617	#FFFFFF	#D3D3D3	2.05	11.5	16	5600,0
2642	#FFFFFF	#D3D3D3	2.55	12	16	5600,0
2642	#FFFFFF	#D3D3D3	3	12.45	16	5600,0
2642	#FFFFFF	#D3D3D3	3.45	12	16	5600,0
2642	#FFFFFF	#D3D3D3	3	11.55	16	5600,0
2642	#FFFFFF	#D3D3D3	2.55	12	16	5600,0
2667	#FFFFFF	#D3D3D3	3.05	12.5	16	5600,0
2667	#FFFFFF	#D3D3D3	3.5	12.95	16	5600,0
2667	#FFFFFF	#D3D3D3	3.95	12.5	16	5600,0
2667	#FFFFFF	#D3D3D3	3.5	12.05	16	5600,0
2667	#FFFFFF	#D3D3D3	3.05	12.5	16	5600,0
2693	#FFFFFF	#D3D3D3	3.55	13	16	5600,0
2693	#FFFFFF	#D3D3D3	4	13.45	16	5600,0
2693	#FFFFFF	#D3D3D3	4.45	13	16	5600,0
2693	#FFFFFF	#D3D3D3	4	12.55	16	5600,0
2693	#FFFFFF	#D3D3D3	3.55	13	16	5600,0
2719	#FFFFFF	#D3D3D3	4.05	13.5	16	5600,0
2719	#FFFFFF	#D3D3D3	4.5	13.95	16	5600,0
2719	#FFFFFF	#D3D3D3	4.95	13.5	16	5600,0
2719	#FFFFFF	#D3D3D3	4.5	13.05	16	5600,0
2719	#FFFFFF	#D3D3D3	4.05	13.5	16	5600,0
2746	#FFFFFF	#D3D3D3	4.55	14	16	5600,0
2746	#FFFFFF	#D3D3D3	5	14.45	16	5600,0
2746	#FFFFFF	#D3D3D3	5.45	14	16	5600,0
2746	#FFFFFF	#D3D3D3	5	13.55	16	5600,0
2746	#FFFFFF	#D3D3D3	4.55	14	16	5600,0
2293	#FFFFFF	#D3D3D3	-44.95	14.5	6	5650,0
2293	#FFFFFF	#D3D3D3	-44.5	14.95	6	5650,0
2293	#FFFFFF	#D3D3D3	-44.05	14.5	6	5650,0
2293	#FFFFFF	#D3D3D3	-44.5	14.05	6	5650,0
2293	#FFFFFF	#D3D3D3	-44.95	14.5	6	5650,0
2266	#FFFFFF	#D3D3D3	-44.45	15	16	5650,0
2266	#FFFFFF	#D3D3D3	-44	15.45	16	5650,0
2266	#FFFFFF	#D3D3D3	-43.55	15	16	5650,0
2266	#FFFFFF	#D3D3D3	-44	14.55	16	5650,0
2266	#FFFFFF	#D3D3D3	-44.45	15	16	5650,0
2237	#FFFFFF	#D3D3D3	-43.95	15.5	16	5650,0
2237	#FFFFFF	#D3D3D3	-43.5	15.95	16	5650,0
2237	#FFFFFF	#D3D3D3	-43.05	15.5	16	5650,0
2237	#FFFFFF	#D3D3D3	-43.5	15.05	16	5650,0
2237	#FFFFFF	#D3D3D3	-43.95	15.5	16	5650,0
2208	#FFFFFF	#D3D3D3	-43.45	16	16	5650,0
2208	#FFFFFF	#D3D3D3	-43	16.45	16	5650,0
2208	#FFFFFF	#D3D3D3	-42.55	16	16	5650,0
2208	#FFFFFF	#D3D3D3	-43	15.55	16	5650,0
2208	#FFFFFF	#D3D3D3	-43.45	16	16	5650,0
2179	#FFFFFF	#D3D3D3	-42.95	16.5	16	5650,0
2179	#FFFFFF	#D3D3D3	-42.5	16.95	16	5650,0
2179	#FFFFFF	#D3D3D3	-42.05	16.5	16	5650,0
2179	#FFFFFF	#D3D3D3	-42.5	16.05	16	5650,0
2179	#FFFFFF	#D3D3D3	-42.95	16.5	16	5650,0
2150	#FFFFFF	#D3D3D3	-42.45	17	16	5650,0
2150	#FFFFFF	#D3D3D3	-42	17.45	16	5650,0
2150	#FFFFFF	#D3D3D3	-41.55	17	16	5650,0
2150	#FFFFFF	#D3D3D3	-42	16.55	16	5650,0
2150	#FFFFFF	#D3D3D3	-42.45	17	16	5650,0
2121	#FFFFFF	#D3D3D3	-41.95	17.5	16	5650,0
2121	#FFFFFF	#D3D3D3	-41.5	17.95	16	5650,0
2121	#FFFFFF	#D3D3D3	-41.05	17.5	16	5650,0
2121	#FFFFFF	#D3D3D3	-41.5	17.05	16	5650,0
2121	#FFFFFF	#D3D3D3	-41.95	17.5	16	5650,0
2091	#FFFFFF	#D3D3D3	-41.45	18	16	5650,0
2091	#FFFFFF	#D3D3D3	-41	18.45	16	5650,0
2091	#FFFFFF	#D3D3D3	-40.55	18	16	5650,0
2091	#FFFFFF	#D3D3D3	-41	17.55	16	5650,0
2091	#FFFFFF	#D3D3D3	-41.45	18	16	5650,0
2060	#FFFFFF	#D3D3D3	-40.95	18.5	16	5650,0
2060	#FFFFFF	#D3D3D3	-40.5	18.95	16	5650,0
2060	#FFFFFF	#D3D3D3	-40.05	18.5	16	5650,0
2060	#FFFFFF	#D3D3D3	-40.5	18.05	16	5650,0
2060	#FFFFFF	#D3D3D3	-40.95	18.5	16	5650,0
2030	#FFFFFF	#D3D3D3	-40.45	19	16	5650,0
2030	#FFFFFF	#D3D3D3	-40	19.45	16	5650,0
2030	#FFFFFF	#D3D3D3	-39.55	19	16	5650,0
2030	#FFFFFF	#D3D3D3	-40	18.55	16	5650,0
2030	#FFFFFF	#D3D3D3	-40.45	19	16	5650,0
1958	#FFFFFF	#D3D3D3	-39.95	19.5	16	5650,0
1958	#FFFFFF	#D3D3D3	-39.5	19.95	16	5650,0
1958	#FFFFFF	#D3D3D3	-39.05	19.5	16	5650,0
1958	#FFFFFF	#D3D3D3	-39.5	19.05	16	5650,0
1958	#FFFFFF	#D3D3D3	-39.95	19.5	16	5650,0
1927	#FFFFFF	#D3D3D3	-39.45	20	16	5650,0
1927	#FFFFFF	#D3D3D3	-39	20.45	16	5650,0
1927	#FFFFFF	#D3D3D3	-38.55	20	16	5650,0
1927	#FFFFFF	#D3D3D3	-39	19.55	16	5650,0
1927	#FFFFFF	#D3D3D3	-39.45	20	16	5650,0
1894	#FFFFFF	#D3D3D3	-38.95	20.5	16	5650,0
1894	#FFFFFF	#D3D3D3	-38.5	20.95	16	5650,0
1894	#FFFFFF	#D3D3D3	-38.05	20.5	16	5650,0
1894	#FFFFFF	#D3D3D3	-38.5	20.05	16	5650,0
1894	#FFFFFF	#D3D3D3	-38.95	20.5	16	5650,0
1861	#FFFFFF	#D3D3D3	-38.45	21	16	5650,0
1861	#FFFFFF	#D3D3D3	-38	21.45	16	5650,0
1861	#FFFFFF	#D3D3D3	-37.55	21	16	5650,0
1861	#FFFFFF	#D3D3D3	-38	20.55	16	5650,0
1861	#FFFFFF	#D3D3D3	-38.45	21	16	5650,0
1827	#FFFFFF	#D3D3D3	-37.95	21.5	16	5650,0
1827	#FFFFFF	#D3D3D3	-37.5	21.95	16	5650,0
1827	#FFFFFF	#D3D3D3	-37.05	21.5	16	5650,0
1827	#FFFFFF	#D3D3D3	-37.5	21.05	16	5650,0
1827	#FFFFFF	#D3D3D3	-37.95	21.5	16	5650,0
1793	#FFFFFF	#D3D3D3	-37.45	22	16	5650,0
1793	#FFFFFF	#D3D3D3	-37	22.45	16	5650,0
1793	#FFFFFF	#D3D3D3	-36.55	22	16	5650,0
1793	#FFFFFF	#D3D3D3	-37	21.55	16	5650,0
1793	#FFFFFF	#D3D3D3	-37.45	22	16	5650,0
1758	#FFFFFF	#D3D3D3	-36.95	22.5	16	5650,0
1758	#FFFFFF	#D3D3D3	-36.5	22.95	16	5650,0
1758	#FFFFFF	#D3D3D3	-36.05	22.5	16	5650,0
1758	#FFFFFF	#D3D3D3	-36.5	22.05	16	5650,0
1758	#FFFFFF	#D3D3D3	-36.95	22.5	16	5650,0
1724	#FFFFFF	#D3D3D3	-36.45	23	16	5650,0
1724	#FFFFFF	#D3D3D3	-36	23.45	16	5650,0
1724	#FFFFFF	#D3D3D3	-35.55	23	16	5650,0
1724	#FFFFFF	#D3D3D3	-36	22.55	16	5650,0
1724	#FFFFFF	#D3D3D3	-36.45	23	16	5650,0
1688	#FFFFFF	#D3D3D3	-35.95	23.5	16	5650,0
1688	#FFFFFF	#D3D3D3	-35.5	23.95	16	5650,0
1688	#FFFFFF	#D3D3D3	-35.05	23.5	16	5650,0
1688	#FFFFFF	#D3D3D3	-35.5	23.05	16	5650,0
1688	#FFFFFF	#D3D3D3	-35.95	23.5	16	5650,0
1653	#FFFFFF	#D3D3D3	-35.45	24	16	5650,0
1653	#FFFFFF	#D3D3D3	-35	24.45	16	5650,0
1653	#FFFFFF	#D3D3D3	-34.55	24	16	5650,0
1653	#FFFFFF	#D3D3D3	-35	23.55	16	5650,0
1653	#FFFFFF	#D3D3D3	-35.45	24	16	5650,0
1616	#FFFFFF	#D3D3D3	-34.95	24.5	16	5650,0
1616	#FFFFFF	#D3D3D3	-34.5	24.95	16	5650,0
1616	#FFFFFF	#D3D3D3	-34.05	24.5	16	5650,0
1616	#FFFFFF	#D3D3D3	-34.5	24.05	16	5650,0
1616	#FFFFFF	#D3D3D3	-34.95	24.5	16	5650,0
1579	#FFFFFF	#D3D3D3	-34.45	25	16	5650,0
1579	#FFFFFF	#D3D3D3	-34	25.45	16	5650,0
1579	#FFFFFF	#D3D3D3	-33.55	25	16	5650,0
1579	#FFFFFF	#D3D3D3	-34	24.55	16	5650,0
1579	#FFFFFF	#D3D3D3	-34.45	25	16	5650,0
1542	#FFFFFF	#D3D3D3	-33.95	25.5	16	5650,0
1542	#FFFFFF	#D3D3D3	-33.5	25.95	16	5650,0
1542	#FFFFFF	#D3D3D3	-33.05	25.5	16	5650,0
1542	#FFFFFF	#D3D3D3	-33.5	25.05	16	5650,0
1542	#FFFFFF	#D3D3D3	-33.95	25.5	16	5650,0
1505	#FFFFFF	#D3D3D3	-33.45	26	16	5650,0
1505	#FFFFFF	#D3D3D3	-33	26.45	16	5650,0
1505	#FFFFFF	#D3D3D3	-32.55	26	16	5650,0
1505	#FFFFFF	#D3D3D3	-33	25.55	16	5650,0
1505	#FFFFFF	#D3D3D3	-33.45	26	16	5650,0
1467	#FFFFFF	#D3D3D3	-32.95	26.5	16	5650,0
1467	#FFFFFF	#D3D3D3	-32.5	26.95	16	5650,0
1467	#FFFFFF	#D3D3D3	-32.05	26.5	16	5650,0
1467	#FFFFFF	#D3D3D3	-32.5	26.05	16	5650,0
1467	#FFFFFF	#D3D3D3	-32.95	26.5	16	5650,0
1430	#FFFFFF	#D3D3D3	-32.45	27	16	5650,0
1430	#FFFFFF	#D3D3D3	-32	27.45	16	5650,0
1430	#FFFFFF	#D3D3D3	-31.55	27	16	5650,0
1430	#FFFFFF	#D3D3D3	-32	26.55	16	5650,0
1430	#FFFFFF	#D3D3D3	-32.45	27	16	5650,0
1394	#FFFFFF	#D3D3D3	-31.95	27.5	16	5650,0
1394	#FFFFFF	#D3D3D3	-31.5	27.95	16	5650,0
1394	#FFFFFF	#D3D3D3	-31.05	27.5	16	5650,0
1394	#FFFFFF	#D3D3D3	-31.5	27.05	16	5650,0
1394	#FFFFFF	#D3D3D3	-31.95	27.5	16	5650,0
1359	#FFFFFF	#D3D3D3	-31.45	28	8	5650,0
1359	#FFFFFF	#D3D3D3	-31	28.45	8	5650,0
1359	#FFFFFF	#D3D3D3	-30.55	28	8	5650,0
1359	#FFFFFF	#D3D3D3	-31	27.55	8	5650,0
1359	#FFFFFF	#D3D3D3	-31.45	28	8	5650,0
1324	#FFFFFF	#D3D3D3	-30.95	28.5	8	5650,0
1324	#FFFFFF	#D3D3D3	-30.5	28.95	8	5650,0
1324	#FFFFFF	#D3D3D3	-30.05	28.5	8	5650,0
1324	#FFFFFF	#D3D3D3	-30.5	28.05	8	5650,0
1324	#FFFFFF	#D3D3D3	-30.95	28.5	8	5650,0
1290	#FFFFFF	#D3D3D3	-30.45	29	8	5650,0
1290	#FFFFFF	#D3D3D3	-30	29.45	8	5650,0
1290	#FFFFFF	#D3D3D3	-29.55	29	8	5650,0
1290	#FFFFFF	#D3D3D3	-30	28.55	8	5650,0
1290	#FFFFFF	#D3D3D3	-30.45	29	8	5650,0
1212	#FFFFFF	#D3D3D3	-29.95	29.5	8	5650,0
1212	#FFFFFF	#D3D3D3	-29.5	29.95	8	5650,0
1212	#FFFFFF	#D3D3D3	-29.05	29.5	8	5650,0
1212	#FFFFFF	#D3D3D3	-29.5	29.05	8	5650,0
1212	#FFFFFF	#D3D3D3	-29.95	29.5	8	5650,0
1180	#FFFFFF	#D3D3D3	-29.45	30	8	5650,0
1180	#FFFFFF	#D3D3D3	-29	30.45	8	5650,0
1180	#FFFFFF	#D3D3D3	-28.55	30	8	5650,0
1180	#FFFFFF	#D3D3D3	-29	29.55	8	5650,0
1180	#FFFFFF	#D3D3D3	-29.45	30	8	5650,0
1146	#FFFFFF	#D3D3D3	-28.95	30.5	28	5650,0
1146	#FFFFFF	#D3D3D3	-28.5	30.95	28	5650,0
1146	#FFFFFF	#D3D3D3	-28.05	30.5	28	5650,0
1146	#FFFFFF	#D3D3D3	-28.5	30.05	28	5650,0
1146	#FFFFFF	#D3D3D3	-28.95	30.5	28	5650,0
1114	#FFFFFF	#D3D3D3	-28.45	31	8	5650,0
1114	#FFFFFF	#D3D3D3	-28	31.45	8	5650,0
1114	#FFFFFF	#D3D3D3	-27.55	31	8	5650,0
1114	#FFFFFF	#D3D3D3	-28	30.55	8	5650,0
1114	#FFFFFF	#D3D3D3	-28.45	31	8	5650,0
1081	#FFFFFF	#D3D3D3	-27.95	31.5	8	5650,0
1081	#FFFFFF	#D3D3D3	-27.5	31.95	8	5650,0
1081	#FFFFFF	#D3D3D3	-27.05	31.5	8	5650,0
1081	#FFFFFF	#D3D3D3	-27.5	31.05	8	5650,0
1081	#FFFFFF	#D3D3D3	-27.95	31.5	8	5650,0
1048	#FFFFFF	#D3D3D3	-27.45	32	28	5650,0
1048	#FFFFFF	#D3D3D3	-27	32.45	28	5650,0
1048	#FFFFFF	#D3D3D3	-26.55	32	28	5650,0
1048	#FFFFFF	#D3D3D3	-27	31.55	28	5650,0
1048	#FFFFFF	#D3D3D3	-27.45	32	28	5650,0
1015	#FFFFFF	#D3D3D3	-26.95	32.5	28	5650,0
1015	#FFFFFF	#D3D3D3	-26.5	32.95	28	5650,0
1015	#FFFFFF	#D3D3D3	-26.05	32.5	28	5650,0
1015	#FFFFFF	#D3D3D3	-26.5	32.05	28	5650,0
1015	#FFFFFF	#D3D3D3	-26.95	32.5	28	5650,0
981	#FFFFFF	#D3D3D3	-26.45	33	28	5650,0
981	#FFFFFF	#D3D3D3	-26	33.45	28	5650,0
981	#FFFFFF	#D3D3D3	-25.55	33	28	5650,0
981	#FFFFFF	#D3D3D3	-26	32.55	28	5650,0
981	#FFFFFF	#D3D3D3	-26.45	33	28	5650,0
947	#FFFFFF	#D3D3D3	-25.95	33.5	28	5650,0
947	#FFFFFF	#D3D3D3	-25.5	33.95	28	5650,0
947	#FFFFFF	#D3D3D3	-25.05	33.5	28	5650,0
947	#FFFFFF	#D3D3D3	-25.5	33.05	28	5650,0
947	#FFFFFF	#D3D3D3	-25.95	33.5	28	5650,0
2429	#CD1076	#000000	-8.45	0	2	5600,0
2429	#FFFFFF	#D3D3D3	-8.45	0	4	5650,0
2429	#CD1076	#000000	-8	0.45	2	5600,0
2429	#FFFFFF	#D3D3D3	-8	0.45	4	5650,0
2429	#CD1076	#000000	-7.55	0	2	5600,0
2429	#FFFFFF	#D3D3D3	-7.55	0	4	5650,0
2429	#CD1076	#000000	-8	-0.45	2	5600,0
2429	#FFFFFF	#D3D3D3	-8	-0.45	4	5650,0
2429	#CD1076	#000000	-8.45	0	2	5600,0
2429	#FFFFFF	#D3D3D3	-8.45	0	4	5650,0
2412	#CD1076	#000000	-7.95	0.5	2	5600,0
2412	#FFFFFF	#D3D3D3	-7.95	0.5	4	5650,0
2412	#CD1076	#000000	-7.5	0.95	2	5600,0
2412	#FFFFFF	#D3D3D3	-7.5	0.95	4	5650,0
2412	#CD1076	#000000	-7.05	0.5	2	5600,0
2412	#FFFFFF	#D3D3D3	-7.05	0.5	4	5650,0
2412	#CD1076	#000000	-7.5	0.05	2	5600,0
2412	#FFFFFF	#D3D3D3	-7.5	0.05	4	5650,0
2412	#CD1076	#000000	-7.95	0.5	2	5600,0
2412	#FFFFFF	#D3D3D3	-7.95	0.5	4	5650,0
2395	#CD1076	#000000	-7.45	1	2	5600,0
2395	#FFFFFF	#D3D3D3	-7.45	1	4	5650,0
2395	#CD1076	#000000	-7	1.45	2	5600,0
2395	#FFFFFF	#D3D3D3	-7	1.45	4	5650,0
2395	#CD1076	#000000	-6.55	1	2	5600,0
2395	#FFFFFF	#D3D3D3	-6.55	1	4	5650,0
2395	#CD1076	#000000	-7	0.55	2	5600,0
2395	#FFFFFF	#D3D3D3	-7	0.55	4	5650,0
2395	#CD1076	#000000	-7.45	1	2	5600,0
2395	#FFFFFF	#D3D3D3	-7.45	1	4	5650,0
2377	#CD1076	#000000	-6.95	1.5	65	5600,0
2377	#FFFFFF	#D3D3D3	-6.95	1.5	4	5650,0
2377	#CD1076	#000000	-6.5	1.95	65	5600,0
2377	#FFFFFF	#D3D3D3	-6.5	1.95	4	5650,0
2377	#CD1076	#000000	-6.05	1.5	65	5600,0
2377	#FFFFFF	#D3D3D3	-6.05	1.5	4	5650,0
2377	#CD1076	#000000	-6.5	1.05	65	5600,0
2377	#FFFFFF	#D3D3D3	-6.5	1.05	4	5650,0
2377	#CD1076	#000000	-6.95	1.5	65	5600,0
2377	#FFFFFF	#D3D3D3	-6.95	1.5	4	5650,0
2368	#CD1076	#000000	-6.45	2	65	5600,0
2368	#FFFFFF	#D3D3D3	-6.45	2	4	5650,0
2368	#CD1076	#000000	-6	2.45	65	5600,0
2368	#FFFFFF	#D3D3D3	-6	2.45	4	5650,0
2368	#CD1076	#000000	-5.55	2	65	5600,0
2368	#FFFFFF	#D3D3D3	-5.55	2	4	5650,0
2368	#CD1076	#000000	-6	1.55	65	5600,0
2368	#FFFFFF	#D3D3D3	-6	1.55	4	5650,0
2368	#CD1076	#000000	-6.45	2	65	5600,0
2368	#FFFFFF	#D3D3D3	-6.45	2	4	5650,0
2349	#CD1076	#000000	-5.95	2.5	65	5600,0
2349	#FFFFFF	#D3D3D3	-5.95	2.5	4	5650,0
2349	#CD1076	#000000	-5.5	2.95	65	5600,0
2349	#FFFFFF	#D3D3D3	-5.5	2.95	4	5650,0
2349	#CD1076	#000000	-5.05	2.5	65	5600,0
2349	#FFFFFF	#D3D3D3	-5.05	2.5	4	5650,0
2349	#CD1076	#000000	-5.5	2.05	65	5600,0
2349	#FFFFFF	#D3D3D3	-5.5	2.05	4	5650,0
2349	#CD1076	#000000	-5.95	2.5	65	5600,0
2349	#FFFFFF	#D3D3D3	-5.95	2.5	4	5650,0
2331	#CD1076	#000000	-5.45	3	65	5600,0
2331	#FFFFFF	#D3D3D3	-5.45	3	4	5650,0
2331	#CD1076	#000000	-5	3.45	65	5600,0
2331	#FFFFFF	#D3D3D3	-5	3.45	4	5650,0
2331	#CD1076	#000000	-4.55	3	65	5600,0
2331	#FFFFFF	#D3D3D3	-4.55	3	4	5650,0
2331	#CD1076	#000000	-5	2.55	65	5600,0
2331	#FFFFFF	#D3D3D3	-5	2.55	4	5650,0
2331	#CD1076	#000000	-5.45	3	65	5600,0
2331	#FFFFFF	#D3D3D3	-5.45	3	4	5650,0
2012	#CD1076	#000000	-4.95	3.5	49	5600,0
2012	#FFFFFF	#D3D3D3	-4.95	3.5	4	5650,0
2012	#CD1076	#000000	-4.5	3.95	49	5600,0
2012	#FFFFFF	#D3D3D3	-4.5	3.95	4	5650,0
2012	#CD1076	#000000	-4.05	3.5	49	5600,0
2012	#FFFFFF	#D3D3D3	-4.05	3.5	4	5650,0
2012	#CD1076	#000000	-4.5	3.05	49	5600,0
2012	#FFFFFF	#D3D3D3	-4.5	3.05	4	5650,0
2012	#CD1076	#000000	-4.95	3.5	49	5600,0
2012	#FFFFFF	#D3D3D3	-4.95	3.5	4	5650,0
1994	#CD1076	#000000	-4.45	4	49	5600,0
1994	#FFFFFF	#D3D3D3	-4.45	4	4	5650,0
1994	#CD1076	#000000	-4	4.45	49	5600,0
1994	#FFFFFF	#D3D3D3	-4	4.45	4	5650,0
1994	#CD1076	#000000	-3.55	4	49	5600,0
1994	#FFFFFF	#D3D3D3	-3.55	4	4	5650,0
1994	#CD1076	#000000	-4	3.55	49	5600,0
1994	#FFFFFF	#D3D3D3	-4	3.55	4	5650,0
1994	#CD1076	#000000	-4.45	4	49	5600,0
1994	#FFFFFF	#D3D3D3	-4.45	4	4	5650,0
1262	#CD1076	#000000	-3.95	4.5	49	5600,0
1262	#FFFFFF	#D3D3D3	-3.95	4.5	4	5650,0
1262	#CD1076	#000000	-3.5	4.95	49	5600,0
1262	#FFFFFF	#D3D3D3	-3.5	4.95	4	5650,0
1262	#CD1076	#000000	-3.05	4.5	49	5600,0
1262	#FFFFFF	#D3D3D3	-3.05	4.5	4	5650,0
1262	#CD1076	#000000	-3.5	4.05	49	5600,0
1262	#FFFFFF	#D3D3D3	-3.5	4.05	4	5650,0
1262	#CD1076	#000000	-3.95	4.5	49	5600,0
1262	#FFFFFF	#D3D3D3	-3.95	4.5	4	5650,0
1242	#CD1076	#000000	-3.45	5	49	5600,0
1242	#FFFFFF	#D3D3D3	-3.45	5	4	5650,0
1242	#CD1076	#000000	-3	5.45	49	5600,0
1242	#FFFFFF	#D3D3D3	-3	5.45	4	5650,0
1242	#CD1076	#000000	-2.55	5	49	5600,0
1242	#FFFFFF	#D3D3D3	-2.55	5	4	5650,0
1242	#CD1076	#000000	-3	4.55	49	5600,0
1242	#FFFFFF	#D3D3D3	-3	4.55	4	5650,0
1242	#CD1076	#000000	-3.45	5	49	5600,0
1242	#FFFFFF	#D3D3D3	-3.45	5	4	5650,0
571	#FFFFFF	#D3D3D3	-2.95	5.5	16	5600,0
571	#FFFFFF	#D3D3D3	-2.95	5.5	4	5650,0
571	#FFFFFF	#D3D3D3	-2.5	5.95	16	5600,0
571	#FFFFFF	#D3D3D3	-2.5	5.95	4	5650,0
571	#FFFFFF	#D3D3D3	-2.05	5.5	16	5600,0
571	#FFFFFF	#D3D3D3	-2.05	5.5	4	5650,0
571	#FFFFFF	#D3D3D3	-2.5	5.05	16	5600,0
571	#FFFFFF	#D3D3D3	-2.5	5.05	4	5650,0
571	#FFFFFF	#D3D3D3	-2.95	5.5	16	5600,0
571	#FFFFFF	#D3D3D3	-2.95	5.5	4	5650,0
550	#FFFFFF	#D3D3D3	-2.45	6	16	5600,0
550	#FFFFFF	#D3D3D3	-2.45	6	4	5650,0
550	#FFFFFF	#D3D3D3	-2	6.45	16	5600,0
550	#FFFFFF	#D3D3D3	-2	6.45	4	5650,0
550	#FFFFFF	#D3D3D3	-1.55	6	16	5600,0
550	#FFFFFF	#D3D3D3	-1.55	6	4	5650,0
550	#FFFFFF	#D3D3D3	-2	5.55	16	5600,0
550	#FFFFFF	#D3D3D3	-2	5.55	4	5650,0
550	#FFFFFF	#D3D3D3	-2.45	6	16	5600,0
550	#FFFFFF	#D3D3D3	-2.45	6	4	5650,0
58	#FFFFFF	#D3D3D3	-1.95	6.5	16	5600,0
58	#FFFFFF	#D3D3D3	-1.95	6.5	4	5650,0
58	#FFFFFF	#D3D3D3	-1.5	6.95	16	5600,0
58	#FFFFFF	#D3D3D3	-1.5	6.95	4	5650,0
58	#FFFFFF	#D3D3D3	-1.05	6.5	16	5600,0
58	#FFFFFF	#D3D3D3	-1.05	6.5	4	5650,0
58	#FFFFFF	#D3D3D3	-1.5	6.05	16	5600,0
58	#FFFFFF	#D3D3D3	-1.5	6.05	4	5650,0
58	#FFFFFF	#D3D3D3	-1.95	6.5	16	5600,0
58	#FFFFFF	#D3D3D3	-1.95	6.5	4	5650,0
39	#FFFFFF	#D3D3D3	-1.45	7	16	5600,0
39	#FFFFFF	#D3D3D3	-1.45	7	4	5650,0
39	#FFFFFF	#D3D3D3	-1	7.45	16	5600,0
39	#FFFFFF	#D3D3D3	-1	7.45	4	5650,0
39	#FFFFFF	#D3D3D3	-0.55	7	16	5600,0
39	#FFFFFF	#D3D3D3	-0.55	7	4	5650,0
39	#FFFFFF	#D3D3D3	-1	6.55	16	5600,0
39	#FFFFFF	#D3D3D3	-1	6.55	4	5650,0
39	#FFFFFF	#D3D3D3	-1.45	7	16	5600,0
39	#FFFFFF	#D3D3D3	-1.45	7	4	5650,0
19	#FFFFFF	#D3D3D3	-0.95	7.5	16	5600,0
19	#FFFFFF	#D3D3D3	-0.95	7.5	4	5650,0
19	#FFFFFF	#D3D3D3	-0.5	7.95	16	5600,0
19	#FFFFFF	#D3D3D3	-0.5	7.95	4	5650,0
19	#FFFFFF	#D3D3D3	-0.05	7.5	16	5600,0
19	#FFFFFF	#D3D3D3	-0.05	7.5	4	5650,0
19	#FFFFFF	#D3D3D3	-0.5	7.05	16	5600,0
19	#FFFFFF	#D3D3D3	-0.5	7.05	4	5650,0
19	#FFFFFF	#D3D3D3	-0.95	7.5	16	5600,0
19	#FFFFFF	#D3D3D3	-0.95	7.5	4	5650,0
2520	#FFFFFF	#D3D3D3	-0.45	8	16	5600,0
2520	#FFFFFF	#D3D3D3	-0.45	8	4	5650,0
2520	#FFFFFF	#D3D3D3	0	8.45	16	5600,0
2520	#FFFFFF	#D3D3D3	0	8.45	4	5650,0
2520	#FFFFFF	#D3D3D3	0.45	8	16	5600,0
2520	#FFFFFF	#D3D3D3	0.45	8	4	5650,0
2520	#FFFFFF	#D3D3D3	0	7.55	16	5600,0
2520	#FFFFFF	#D3D3D3	0	7.55	4	5650,0
2520	#FFFFFF	#D3D3D3	-0.45	8	16	5600,0
2520	#FFFFFF	#D3D3D3	-0.45	8	4	5650,0
2543	#FFFFFF	#D3D3D3	0.05	8.5	16	5600,0
2543	#FFFFFF	#D3D3D3	0.5	8.95	16	5600,0
2543	#FFFFFF	#D3D3D3	0.95	8.5	16	5600,0
2543	#FFFFFF	#D3D3D3	0.5	8.05	16	5600,0
2543	#FFFFFF	#D3D3D3	0.05	8.5	16	5600,0
2567	#FFFFFF	#D3D3D3	0.55	9	16	5600,0
2567	#FFFFFF	#D3D3D3	1	9.45	16	5600,0
2567	#FFFFFF	#D3D3D3	1.45	9	16	5600,0
2567	#FFFFFF	#D3D3D3	1	8.55	16	5600,0
2567	#FFFFFF	#D3D3D3	0.55	9	16	5600,0
2590	#FFFFFF	#D3D3D3	1.05	9.5	16	5600,0
2590	#FFFFFF	#D3D3D3	1.5	9.95	16	5600,0
2590	#FFFFFF	#D3D3D3	1.95	9.5	16	5600,0
2590	#FFFFFF	#D3D3D3	1.5	9.05	16	5600,0
2590	#FFFFFF	#D3D3D3	1.05	9.5	16	5600,0
2593	#FFFFFF	#D3D3D3	1.55	10	16	5600,0
2593	#FFFFFF	#D3D3D3	2	10.45	16	5600,0
2593	#FFFFFF	#D3D3D3	2.45	10	16	5600,0
2593	#FFFFFF	#D3D3D3	2	9.55	16	5600,0
2593	#FFFFFF	#D3D3D3	1.55	10	16	5600,0
2616	#FFFFFF	#D3D3D3	2.05	10.5	16	5600,0
2616	#FFFFFF	#D3D3D3	2.5	10.95	16	5600,0
2616	#FFFFFF	#D3D3D3	2.95	10.5	16	5600,0
2616	#FFFFFF	#D3D3D3	2.5	10.05	16	5600,0
2616	#FFFFFF	#D3D3D3	2.05	10.5	16	5600,0
2641	#FFFFFF	#D3D3D3	2.55	11	16	5600,0
2641	#FFFFFF	#D3D3D3	3	11.45	16	5600,0
2641	#FFFFFF	#D3D3D3	3.45	11	16	5600,0
2641	#FFFFFF	#D3D3D3	3	10.55	16	5600,0
2641	#FFFFFF	#D3D3D3	2.55	11	16	5600,0
2666	#FFFFFF	#D3D3D3	3.05	11.5	16	5600,0
2666	#FFFFFF	#D3D3D3	3.5	11.95	16	5600,0
2666	#FFFFFF	#D3D3D3	3.95	11.5	16	5600,0
2666	#FFFFFF	#D3D3D3	3.5	11.05	16	5600,0
2666	#FFFFFF	#D3D3D3	3.05	11.5	16	5600,0
2692	#FFFFFF	#D3D3D3	3.55	12	16	5600,0
2692	#FFFFFF	#D3D3D3	4	12.45	16	5600,0
2692	#FFFFFF	#D3D3D3	4.45	12	16	5600,0
2692	#FFFFFF	#D3D3D3	4	11.55	16	5600,0
2692	#FFFFFF	#D3D3D3	3.55	12	16	5600,0
2718	#FFFFFF	#D3D3D3	4.05	12.5	16	5600,0
2718	#FFFFFF	#D3D3D3	4.5	12.95	16	5600,0
2718	#FFFFFF	#D3D3D3	4.95	12.5	16	5600,0
2718	#FFFFFF	#D3D3D3	4.5	12.05	16	5600,0
2718	#FFFFFF	#D3D3D3	4.05	12.5	16	5600,0
2745	#FFFFFF	#D3D3D3	4.55	13	16	5600,0
2745	#FFFFFF	#D3D3D3	5	13.45	16	5600,0
2745	#FFFFFF	#D3D3D3	5.45	13	16	5600,0
2745	#FFFFFF	#D3D3D3	5	12.55	16	5600,0
2745	#FFFFFF	#D3D3D3	4.55	13	16	5600,0
2292	#FFFFFF	#D3D3D3	-44.95	13.5	16	5650,0
2292	#FFFFFF	#D3D3D3	-44.5	13.95	16	5650,0
2292	#FFFFFF	#D3D3D3	-44.05	13.5	16	5650,0
2292	#FFFFFF	#D3D3D3	-44.5	13.05	16	5650,0
2292	#FFFFFF	#D3D3D3	-44.95	13.5	16	5650,0
2265	#FFFFFF	#D3D3D3	-44.45	14	16	5650,0
2265	#FFFFFF	#D3D3D3	-44	14.45	16	5650,0
2265	#FFFFFF	#D3D3D3	-43.55	14	16	5650,0
2265	#FFFFFF	#D3D3D3	-44	13.55	16	5650,0
2265	#FFFFFF	#D3D3D3	-44.45	14	16	5650,0
2236	#FFFFFF	#D3D3D3	-43.95	14.5	16	5650,0
2236	#FFFFFF	#D3D3D3	-43.5	14.95	16	5650,0
2236	#FFFFFF	#D3D3D3	-43.05	14.5	16	5650,0
2236	#FFFFFF	#D3D3D3	-43.5	14.05	16	5650,0
2236	#FFFFFF	#D3D3D3	-43.95	14.5	16	5650,0
2207	#FFFFFF	#D3D3D3	-43.45	15	16	5650,0
2207	#FFFFFF	#D3D3D3	-43	15.45	16	5650,0
2207	#FFFFFF	#D3D3D3	-42.55	15	16	5650,0
2207	#FFFFFF	#D3D3D3	-43	14.55	16	5650,0
2207	#FFFFFF	#D3D3D3	-43.45	15	16	5650,0
2178	#FFFFFF	#D3D3D3	-42.95	15.5	16	5650,0
2178	#FFFFFF	#D3D3D3	-42.5	15.95	16	5650,0
2178	#FFFFFF	#D3D3D3	-42.05	15.5	16	5650,0
2178	#FFFFFF	#D3D3D3	-42.5	15.05	16	5650,0
2178	#FFFFFF	#D3D3D3	-42.95	15.5	16	5650,0
2149	#FFFFFF	#D3D3D3	-42.45	16	16	5650,0
2149	#FFFFFF	#D3D3D3	-42	16.45	16	5650,0
2149	#FFFFFF	#D3D3D3	-41.55	16	16	5650,0
2149	#FFFFFF	#D3D3D3	-42	15.55	16	5650,0
2149	#FFFFFF	#D3D3D3	-42.45	16	16	5650,0
2120	#FFFFFF	#D3D3D3	-41.95	16.5	16	5650,0
2120	#FFFFFF	#D3D3D3	-41.5	16.95	16	5650,0
2120	#FFFFFF	#D3D3D3	-41.05	16.5	16	5650,0
2120	#FFFFFF	#D3D3D3	-41.5	16.05	16	5650,0
2120	#FFFFFF	#D3D3D3	-41.95	16.5	16	5650,0
2090	#FFFFFF	#D3D3D3	-41.45	17	16	5650,0
2090	#FFFFFF	#D3D3D3	-41	17.45	16	5650,0
2090	#FFFFFF	#D3D3D3	-40.55	17	16	5650,0
2090	#FFFFFF	#D3D3D3	-41	16.55	16	5650,0
2090	#FFFFFF	#D3D3D3	-41.45	17	16	5650,0
2059	#FFFFFF	#D3D3D3	-40.95	17.5	16	5650,0
2059	#FFFFFF	#D3D3D3	-40.5	17.95	16	5650,0
2059	#FFFFFF	#D3D3D3	-40.05	17.5	16	5650,0
2059	#FFFFFF	#D3D3D3	-40.5	17.05	16	5650,0
2059	#FFFFFF	#D3D3D3	-40.95	17.5	16	5650,0
2029	#FFFFFF	#D3D3D3	-40.45	18	16	5650,0
2029	#FFFFFF	#D3D3D3	-40	18.45	16	5650,0
2029	#FFFFFF	#D3D3D3	-39.55	18	16	5650,0
2029	#FFFFFF	#D3D3D3	-40	17.55	16	5650,0
2029	#FFFFFF	#D3D3D3	-40.45	18	16	5650,0
1957	#FFFFFF	#D3D3D3	-39.95	18.5	16	5650,0
1957	#FFFFFF	#D3D3D3	-39.5	18.95	16	5650,0
1957	#FFFFFF	#D3D3D3	-39.05	18.5	16	5650,0
1957	#FFFFFF	#D3D3D3	-39.5	18.05	16	5650,0
1957	#FFFFFF	#D3D3D3	-39.95	18.5	16	5650,0
1925	#FFFFFF	#D3D3D3	-39.45	19	16	5650,0
1925	#FFFFFF	#D3D3D3	-39	19.45	16	5650,0
1925	#FFFFFF	#D3D3D3	-38.55	19	16	5650,0
1925	#FFFFFF	#D3D3D3	-39	18.55	16	5650,0
1925	#FFFFFF	#D3D3D3	-39.45	19	16	5650,0
1892	#FFFFFF	#D3D3D3	-38.95	19.5	16	5650,0
1892	#FFFFFF	#D3D3D3	-38.5	19.95	16	5650,0
1892	#FFFFFF	#D3D3D3	-38.05	19.5	16	5650,0
1892	#FFFFFF	#D3D3D3	-38.5	19.05	16	5650,0
1892	#FFFFFF	#D3D3D3	-38.95	19.5	16	5650,0
1860	#FFFFFF	#D3D3D3	-38.45	20	16	5650,0
1860	#FFFFFF	#D3D3D3	-38	20.45	16	5650,0
1860	#FFFFFF	#D3D3D3	-37.55	20	16	5650,0
1860	#FFFFFF	#D3D3D3	-38	19.55	16	5650,0
1860	#FFFFFF	#D3D3D3	-38.45	20	16	5650,0
1826	#FFFFFF	#D3D3D3	-37.95	20.5	16	5650,0
1826	#FFFFFF	#D3D3D3	-37.5	20.95	16	5650,0
1826	#FFFFFF	#D3D3D3	-37.05	20.5	16	5650,0
1826	#FFFFFF	#D3D3D3	-37.5	20.05	16	5650,0
1826	#FFFFFF	#D3D3D3	-37.95	20.5	16	5650,0
1792	#FFFFFF	#D3D3D3	-37.45	21	16	5650,0
1792	#FFFFFF	#D3D3D3	-37	21.45	16	5650,0
1792	#FFFFFF	#D3D3D3	-36.55	21	16	5650,0
1792	#FFFFFF	#D3D3D3	-37	20.55	16	5650,0
1792	#FFFFFF	#D3D3D3	-37.45	21	16	5650,0
1757	#FFFFFF	#D3D3D3	-36.95	21.5	16	5650,0
1757	#FFFFFF	#D3D3D3	-36.5	21.95	16	5650,0
1757	#FFFFFF	#D3D3D3	-36.05	21.5	16	5650,0
1757	#FFFFFF	#D3D3D3	-36.5	21.05	16	5650,0
1757	#FFFFFF	#D3D3D3	-36.95	21.5	16	5650,0
1723	#FFFFFF	#D3D3D3	-36.45	22	16	5650,0
1723	#FFFFFF	#D3D3D3	-36	22.45	16	5650,0
1723	#FFFFFF	#D3D3D3	-35.55	22	16	5650,0
1723	#FFFFFF	#D3D3D3	-36	21.55	16	5650,0
1723	#FFFFFF	#D3D3D3	-36.45	22	16	5650,0
1687	#FFFFFF	#D3D3D3	-35.95	22.5	16	5650,0
1687	#FFFFFF	#D3D3D3	-35.5	22.95	16	5650,0
1687	#FFFFFF	#D3D3D3	-35.05	22.5	16	5650,0
1687	#FFFFFF	#D3D3D3	-35.5	22.05	16	5650,0
1687	#FFFFFF	#D3D3D3	-35.95	22.5	16	5650,0
1652	#FFFFFF	#D3D3D3	-35.45	23	16	5650,0
1652	#FFFFFF	#D3D3D3	-35	23.45	16	5650,0
1652	#FFFFFF	#D3D3D3	-34.55	23	16	5650,0
1652	#FFFFFF	#D3D3D3	-35	22.55	16	5650,0
1652	#FFFFFF	#D3D3D3	-35.45	23	16	5650,0
1615	#FFFFFF	#D3D3D3	-34.95	23.5	16	5650,0
1615	#FFFFFF	#D3D3D3	-34.5	23.95	16	5650,0
1615	#FFFFFF	#D3D3D3	-34.05	23.5	16	5650,0
1615	#FFFFFF	#D3D3D3	-34.5	23.05	16	5650,0
1615	#FFFFFF	#D3D3D3	-34.95	23.5	16	5650,0
1578	#FFFFFF	#D3D3D3	-34.45	24	16	5650,0
1578	#FFFFFF	#D3D3D3	-34	24.45	16	5650,0
1578	#FFFFFF	#D3D3D3	-33.55	24	16	5650,0
1578	#FFFFFF	#D3D3D3	-34	23.55	16	5650,0
1578	#FFFFFF	#D3D3D3	-34.45	24	16	5650,0
1541	#FFFFFF	#D3D3D3	-33.95	24.5	16	5650,0
1541	#FFFFFF	#D3D3D3	-33.5	24.95	16	5650,0
1541	#FFFFFF	#D3D3D3	-33.05	24.5	16	5650,0
1541	#FFFFFF	#D3D3D3	-33.5	24.05	16	5650,0
1541	#FFFFFF	#D3D3D3	-33.95	24.5	16	5650,0
1504	#FFFFFF	#D3D3D3	-33.45	25	16	5650,0
1504	#FFFFFF	#D3D3D3	-33	25.45	16	5650,0
1504	#FFFFFF	#D3D3D3	-32.55	25	16	5650,0
1504	#FFFFFF	#D3D3D3	-33	24.55	16	5650,0
1504	#FFFFFF	#D3D3D3	-33.45	25	16	5650,0
1466	#FFFFFF	#D3D3D3	-32.95	25.5	16	5650,0
1466	#FFFFFF	#D3D3D3	-32.5	25.95	16	5650,0
1466	#FFFFFF	#D3D3D3	-32.05	25.5	16	5650,0
1466	#FFFFFF	#D3D3D3	-32.5	25.05	16	5650,0
1466	#FFFFFF	#D3D3D3	-32.95	25.5	16	5650,0
1429	#FFFFFF	#D3D3D3	-32.45	26	8	5650,0
1429	#FFFFFF	#D3D3D3	-32	26.45	8	5650,0
1429	#FFFFFF	#D3D3D3	-31.55	26	8	5650,0
1429	#FFFFFF	#D3D3D3	-32	25.55	8	5650,0
1429	#FFFFFF	#D3D3D3	-32.45	26	8	5650,0
1393	#FFFFFF	#D3D3D3	-31.95	26.5	8	5650,0
1393	#FFFFFF	#D3D3D3	-31.5	26.95	8	5650,0
1393	#FFFFFF	#D3D3D3	-31.05	26.5	8	5650,0
1393	#FFFFFF	#D3D3D3	-31.5	26.05	8	5650,0
1393	#FFFFFF	#D3D3D3	-31.95	26.5	8	5650,0
1358	#FFFFFF	#D3D3D3	-31.45	27	16	5650,0
1358	#FFFFFF	#D3D3D3	-31	27.45	16	5650,0
1358	#FFFFFF	#D3D3D3	-30.55	27	16	5650,0
1358	#FFFFFF	#D3D3D3	-31	26.55	16	5650,0
1358	#FFFFFF	#D3D3D3	-31.45	27	16	5650,0
1323	#FFFFFF	#D3D3D3	-30.95	27.5	8	5650,0
1323	#FFFFFF	#D3D3D3	-30.5	27.95	8	5650,0
1323	#FFFFFF	#D3D3D3	-30.05	27.5	8	5650,0
1323	#FFFFFF	#D3D3D3	-30.5	27.05	8	5650,0
1323	#FFFFFF	#D3D3D3	-30.95	27.5	8	5650,0
1289	#FFFFFF	#D3D3D3	-30.45	28	8	5650,0
1289	#FFFFFF	#D3D3D3	-30	28.45	8	5650,0
1289	#FFFFFF	#D3D3D3	-29.55	28	8	5650,0
1289	#FFFFFF	#D3D3D3	-30	27.55	8	5650,0
1289	#FFFFFF	#D3D3D3	-30.45	28	8	5650,0
1211	#FFFFFF	#D3D3D3	-29.95	28.5	8	5650,0
1211	#FFFFFF	#D3D3D3	-29.5	28.95	8	5650,0
1211	#FFFFFF	#D3D3D3	-29.05	28.5	8	5650,0
1211	#FFFFFF	#D3D3D3	-29.5	28.05	8	5650,0
1211	#FFFFFF	#D3D3D3	-29.95	28.5	8	5650,0
1178	#FFFFFF	#D3D3D3	-29.45	29	8	5650,0
1178	#FFFFFF	#D3D3D3	-29	29.45	8	5650,0
1178	#FFFFFF	#D3D3D3	-28.55	29	8	5650,0
1178	#FFFFFF	#D3D3D3	-29	28.55	8	5650,0
1178	#FFFFFF	#D3D3D3	-29.45	29	8	5650,0
1113	#FFFFFF	#D3D3D3	-28.45	30	28	5650,0
1113	#FFFFFF	#D3D3D3	-28	30.45	28	5650,0
1113	#FFFFFF	#D3D3D3	-27.55	30	28	5650,0
1113	#FFFFFF	#D3D3D3	-28	29.55	28	5650,0
1113	#FFFFFF	#D3D3D3	-28.45	30	28	5650,0
1080	#FFFFFF	#D3D3D3	-27.95	30.5	28	5650,0
1080	#FFFFFF	#D3D3D3	-27.5	30.95	28	5650,0
1080	#FFFFFF	#D3D3D3	-27.05	30.5	28	5650,0
1080	#FFFFFF	#D3D3D3	-27.5	30.05	28	5650,0
1080	#FFFFFF	#D3D3D3	-27.95	30.5	28	5650,0
1047	#FFFFFF	#D3D3D3	-27.45	31	8	5650,0
1047	#FFFFFF	#D3D3D3	-27	31.45	8	5650,0
1047	#FFFFFF	#D3D3D3	-26.55	31	8	5650,0
1047	#FFFFFF	#D3D3D3	-27	30.55	8	5650,0
1047	#FFFFFF	#D3D3D3	-27.45	31	8	5650,0
1014	#FFFFFF	#D3D3D3	-26.95	31.5	28	5650,0
1014	#FFFFFF	#D3D3D3	-26.5	31.95	28	5650,0
1014	#FFFFFF	#D3D3D3	-26.05	31.5	28	5650,0
1014	#FFFFFF	#D3D3D3	-26.5	31.05	28	5650,0
1014	#FFFFFF	#D3D3D3	-26.95	31.5	28	5650,0
980	#FFFFFF	#D3D3D3	-26.45	32	8	5650,0
980	#FFFFFF	#D3D3D3	-26	32.45	8	5650,0
980	#FFFFFF	#D3D3D3	-25.55	32	8	5650,0
980	#FFFFFF	#D3D3D3	-26	31.55	8	5650,0
980	#FFFFFF	#D3D3D3	-26.45	32	8	5650,0
946	#FFFFFF	#D3D3D3	-25.95	32.5	28	5650,0
946	#FFFFFF	#D3D3D3	-25.5	32.95	28	5650,0
946	#FFFFFF	#D3D3D3	-25.05	32.5	28	5650,0
946	#FFFFFF	#D3D3D3	-25.5	32.05	28	5650,0
946	#FFFFFF	#D3D3D3	-25.95	32.5	28	5650,0
913	#FFFFFF	#D3D3D3	-25.45	33	28	5650,0
913	#FFFFFF	#D3D3D3	-25	33.45	28	5650,0
913	#FFFFFF	#D3D3D3	-24.55	33	28	5650,0
913	#FFFFFF	#D3D3D3	-25	32.55	28	5650,0
913	#FFFFFF	#D3D3D3	-25.45	33	28	5650,0
2394	#CD1076	#000000	-7.45	0	83	5600,0
2394	#FFFFFF	#D3D3D3	-7.45	0	4	5650,0
2394	#CD1076	#000000	-7	0.45	83	5600,0
2394	#FFFFFF	#D3D3D3	-7	0.45	4	5650,0
2394	#CD1076	#000000	-6.55	0	83	5600,0
2394	#FFFFFF	#D3D3D3	-6.55	0	4	5650,0
2394	#CD1076	#000000	-7	-0.45	83	5600,0
2394	#FFFFFF	#D3D3D3	-7	-0.45	4	5650,0
2394	#CD1076	#000000	-7.45	0	83	5600,0
2394	#FFFFFF	#D3D3D3	-7.45	0	4	5650,0
2376	#CD1076	#000000	-6.95	0.5	83	5600,0
2376	#FFFFFF	#D3D3D3	-6.95	0.5	4	5650,0
2376	#CD1076	#000000	-6.5	0.95	83	5600,0
2376	#FFFFFF	#D3D3D3	-6.5	0.95	4	5650,0
2376	#CD1076	#000000	-6.05	0.5	83	5600,0
2376	#FFFFFF	#D3D3D3	-6.05	0.5	4	5650,0
2376	#CD1076	#000000	-6.5	0.05	83	5600,0
2376	#FFFFFF	#D3D3D3	-6.5	0.05	4	5650,0
2376	#CD1076	#000000	-6.95	0.5	83	5600,0
2376	#FFFFFF	#D3D3D3	-6.95	0.5	4	5650,0
2358	#CD1076	#000000	-6.45	1	83	5600,0
2358	#FFFFFF	#D3D3D3	-6.45	1	4	5650,0
2358	#CD1076	#000000	-6	1.45	83	5600,0
2358	#FFFFFF	#D3D3D3	-6	1.45	4	5650,0
2358	#CD1076	#000000	-5.55	1	83	5600,0
2358	#FFFFFF	#D3D3D3	-5.55	1	4	5650,0
2358	#CD1076	#000000	-6	0.55	83	5600,0
2358	#FFFFFF	#D3D3D3	-6	0.55	4	5650,0
2358	#CD1076	#000000	-6.45	1	83	5600,0
2358	#FFFFFF	#D3D3D3	-6.45	1	4	5650,0
2339	#CD1076	#000000	-5.95	1.5	83	5600,0
2339	#FFFFFF	#D3D3D3	-5.95	1.5	4	5650,0
2339	#CD1076	#000000	-5.5	1.95	83	5600,0
2339	#FFFFFF	#D3D3D3	-5.5	1.95	4	5650,0
2339	#CD1076	#000000	-5.05	1.5	83	5600,0
2339	#FFFFFF	#D3D3D3	-5.05	1.5	4	5650,0
2339	#CD1076	#000000	-5.5	1.05	83	5600,0
2339	#FFFFFF	#D3D3D3	-5.5	1.05	4	5650,0
2339	#CD1076	#000000	-5.95	1.5	83	5600,0
2339	#FFFFFF	#D3D3D3	-5.95	1.5	4	5650,0
2329	#CD1076	#000000	-5.45	2	18	5600,0
2329	#FFFFFF	#D3D3D3	-5.45	2	4	5650,0
2329	#CD1076	#000000	-5	2.45	18	5600,0
2329	#FFFFFF	#D3D3D3	-5	2.45	4	5650,0
2329	#CD1076	#000000	-4.55	2	18	5600,0
2329	#FFFFFF	#D3D3D3	-4.55	2	4	5650,0
2329	#CD1076	#000000	-5	1.55	18	5600,0
2329	#FFFFFF	#D3D3D3	-5	1.55	4	5650,0
2329	#CD1076	#000000	-5.45	2	18	5600,0
2329	#FFFFFF	#D3D3D3	-5.45	2	4	5650,0
2010	#CD1076	#000000	-4.95	2.5	18	5600,0
2010	#FFFFFF	#D3D3D3	-4.95	2.5	4	5650,0
2010	#CD1076	#000000	-4.5	2.95	18	5600,0
2010	#FFFFFF	#D3D3D3	-4.5	2.95	4	5650,0
2010	#CD1076	#000000	-4.05	2.5	18	5600,0
2010	#FFFFFF	#D3D3D3	-4.05	2.5	4	5650,0
2010	#CD1076	#000000	-4.5	2.05	18	5600,0
2010	#FFFFFF	#D3D3D3	-4.5	2.05	4	5650,0
2010	#CD1076	#000000	-4.95	2.5	18	5600,0
2010	#FFFFFF	#D3D3D3	-4.95	2.5	4	5650,0
1993	#CD1076	#000000	-4.45	3	18	5600,0
1993	#FFFFFF	#D3D3D3	-4.45	3	4	5650,0
1993	#CD1076	#000000	-4	3.45	18	5600,0
1993	#FFFFFF	#D3D3D3	-4	3.45	4	5650,0
1993	#CD1076	#000000	-3.55	3	18	5600,0
1993	#FFFFFF	#D3D3D3	-3.55	3	4	5650,0
1993	#CD1076	#000000	-4	2.55	18	5600,0
1993	#FFFFFF	#D3D3D3	-4	2.55	4	5650,0
1993	#CD1076	#000000	-4.45	3	18	5600,0
1993	#FFFFFF	#D3D3D3	-4.45	3	4	5650,0
1261	#CD1076	#000000	-3.95	3.5	18	5600,0
1261	#FFFFFF	#D3D3D3	-3.95	3.5	4	5650,0
1261	#CD1076	#000000	-3.5	3.95	18	5600,0
1261	#FFFFFF	#D3D3D3	-3.5	3.95	4	5650,0
1261	#CD1076	#000000	-3.05	3.5	18	5600,0
1261	#FFFFFF	#D3D3D3	-3.05	3.5	4	5650,0
1261	#CD1076	#000000	-3.5	3.05	18	5600,0
1261	#FFFFFF	#D3D3D3	-3.5	3.05	4	5650,0
1261	#CD1076	#000000	-3.95	3.5	18	5600,0
1261	#FFFFFF	#D3D3D3	-3.95	3.5	4	5650,0
1241	#CD1076	#000000	-3.45	4	18	5600,0
1241	#FFFFFF	#D3D3D3	-3.45	4	4	5650,0
1241	#CD1076	#000000	-3	4.45	18	5600,0
1241	#FFFFFF	#D3D3D3	-3	4.45	4	5650,0
1241	#CD1076	#000000	-2.55	4	18	5600,0
1241	#FFFFFF	#D3D3D3	-2.55	4	4	5650,0
1241	#CD1076	#000000	-3	3.55	18	5600,0
1241	#FFFFFF	#D3D3D3	-3	3.55	4	5650,0
1241	#CD1076	#000000	-3.45	4	18	5600,0
1241	#FFFFFF	#D3D3D3	-3.45	4	4	5650,0
570	#CD1076	#000000	-2.95	4.5	32	5600,0
570	#FFFFFF	#D3D3D3	-2.95	4.5	4	5650,0
570	#CD1076	#000000	-2.5	4.95	32	5600,0
570	#FFFFFF	#D3D3D3	-2.5	4.95	4	5650,0
570	#CD1076	#000000	-2.05	4.5	32	5600,0
570	#FFFFFF	#D3D3D3	-2.05	4.5	4	5650,0
570	#CD1076	#000000	-2.5	4.05	32	5600,0
570	#FFFFFF	#D3D3D3	-2.5	4.05	4	5650,0
570	#CD1076	#000000	-2.95	4.5	32	5600,0
570	#FFFFFF	#D3D3D3	-2.95	4.5	4	5650,0
549	#FFFFFF	#D3D3D3	-2.45	5	16	5600,0
549	#FFFFFF	#D3D3D3	-2.45	5	4	5650,0
549	#FFFFFF	#D3D3D3	-2	5.45	16	5600,0
549	#FFFFFF	#D3D3D3	-2	5.45	4	5650,0
549	#FFFFFF	#D3D3D3	-1.55	5	16	5600,0
549	#FFFFFF	#D3D3D3	-1.55	5	4	5650,0
549	#FFFFFF	#D3D3D3	-2	4.55	16	5600,0
549	#FFFFFF	#D3D3D3	-2	4.55	4	5650,0
549	#FFFFFF	#D3D3D3	-2.45	5	16	5600,0
549	#FFFFFF	#D3D3D3	-2.45	5	4	5650,0
57	#FFFFFF	#D3D3D3	-1.95	5.5	16	5600,0
57	#FFFFFF	#D3D3D3	-1.95	5.5	4	5650,0
57	#FFFFFF	#D3D3D3	-1.5	5.95	16	5600,0
57	#FFFFFF	#D3D3D3	-1.5	5.95	4	5650,0
57	#FFFFFF	#D3D3D3	-1.05	5.5	16	5600,0
57	#FFFFFF	#D3D3D3	-1.05	5.5	4	5650,0
57	#FFFFFF	#D3D3D3	-1.5	5.05	16	5600,0
57	#FFFFFF	#D3D3D3	-1.5	5.05	4	5650,0
57	#FFFFFF	#D3D3D3	-1.95	5.5	16	5600,0
57	#FFFFFF	#D3D3D3	-1.95	5.5	4	5650,0
38	#FFFFFF	#D3D3D3	-1.45	6	16	5600,0
38	#FFFFFF	#D3D3D3	-1.45	6	4	5650,0
38	#FFFFFF	#D3D3D3	-1	6.45	16	5600,0
38	#FFFFFF	#D3D3D3	-1	6.45	4	5650,0
38	#FFFFFF	#D3D3D3	-0.55	6	16	5600,0
38	#FFFFFF	#D3D3D3	-0.55	6	4	5650,0
38	#FFFFFF	#D3D3D3	-1	5.55	16	5600,0
38	#FFFFFF	#D3D3D3	-1	5.55	4	5650,0
38	#FFFFFF	#D3D3D3	-1.45	6	16	5600,0
38	#FFFFFF	#D3D3D3	-1.45	6	4	5650,0
18	#FFFFFF	#D3D3D3	-0.95	6.5	16	5600,0
18	#FFFFFF	#D3D3D3	-0.95	6.5	4	5650,0
18	#FFFFFF	#D3D3D3	-0.5	6.95	16	5600,0
18	#FFFFFF	#D3D3D3	-0.5	6.95	4	5650,0
18	#FFFFFF	#D3D3D3	-0.05	6.5	16	5600,0
18	#FFFFFF	#D3D3D3	-0.05	6.5	4	5650,0
18	#FFFFFF	#D3D3D3	-0.5	6.05	16	5600,0
18	#FFFFFF	#D3D3D3	-0.5	6.05	4	5650,0
18	#FFFFFF	#D3D3D3	-0.95	6.5	16	5600,0
18	#FFFFFF	#D3D3D3	-0.95	6.5	4	5650,0
2519	#FFFFFF	#D3D3D3	-0.45	7	16	5600,0
2519	#FFFFFF	#D3D3D3	-0.45	7	4	5650,0
2519	#FFFFFF	#D3D3D3	0	7.45	16	5600,0
2519	#FFFFFF	#D3D3D3	0	7.45	4	5650,0
2519	#FFFFFF	#D3D3D3	0.45	7	16	5600,0
2519	#FFFFFF	#D3D3D3	0.45	7	4	5650,0
2519	#FFFFFF	#D3D3D3	0	6.55	16	5600,0
2519	#FFFFFF	#D3D3D3	0	6.55	4	5650,0
2519	#FFFFFF	#D3D3D3	-0.45	7	16	5600,0
2519	#FFFFFF	#D3D3D3	-0.45	7	4	5650,0
2542	#FFFFFF	#D3D3D3	0.05	7.5	16	5600,0
2542	#FFFFFF	#D3D3D3	0.05	7.5	4	5650,0
2542	#FFFFFF	#D3D3D3	0.5	7.95	16	5600,0
2542	#FFFFFF	#D3D3D3	0.5	7.95	4	5650,0
2542	#FFFFFF	#D3D3D3	0.95	7.5	16	5600,0
2542	#FFFFFF	#D3D3D3	0.95	7.5	4	5650,0
2542	#FFFFFF	#D3D3D3	0.5	7.05	16	5600,0
2542	#FFFFFF	#D3D3D3	0.5	7.05	4	5650,0
2542	#FFFFFF	#D3D3D3	0.05	7.5	16	5600,0
2542	#FFFFFF	#D3D3D3	0.05	7.5	4	5650,0
2566	#FFFFFF	#D3D3D3	0.55	8	16	5600,0
2566	#FFFFFF	#D3D3D3	1	8.45	16	5600,0
2566	#FFFFFF	#D3D3D3	1.45	8	16	5600,0
2566	#FFFFFF	#D3D3D3	1	7.55	16	5600,0
2566	#FFFFFF	#D3D3D3	0.55	8	16	5600,0
2589	#FFFFFF	#D3D3D3	1.05	8.5	16	5600,0
2589	#FFFFFF	#D3D3D3	1.5	8.95	16	5600,0
2589	#FFFFFF	#D3D3D3	1.95	8.5	16	5600,0
2589	#FFFFFF	#D3D3D3	1.5	8.05	16	5600,0
2589	#FFFFFF	#D3D3D3	1.05	8.5	16	5600,0
2613	#FFFFFF	#D3D3D3	1.55	9	16	5600,0
2613	#FFFFFF	#D3D3D3	2	9.45	16	5600,0
2613	#FFFFFF	#D3D3D3	2.45	9	16	5600,0
2613	#FFFFFF	#D3D3D3	2	8.55	16	5600,0
2613	#FFFFFF	#D3D3D3	1.55	9	16	5600,0
2637	#FFFFFF	#D3D3D3	2.05	9.5	16	5600,0
2637	#FFFFFF	#D3D3D3	2.5	9.95	16	5600,0
2637	#FFFFFF	#D3D3D3	2.95	9.5	16	5600,0
2637	#FFFFFF	#D3D3D3	2.5	9.05	16	5600,0
2637	#FFFFFF	#D3D3D3	2.05	9.5	16	5600,0
2640	#FFFFFF	#D3D3D3	2.55	10	16	5600,0
2640	#FFFFFF	#D3D3D3	3	10.45	16	5600,0
2640	#FFFFFF	#D3D3D3	3.45	10	16	5600,0
2640	#FFFFFF	#D3D3D3	3	9.55	16	5600,0
2640	#FFFFFF	#D3D3D3	2.55	10	16	5600,0
2665	#FFFFFF	#D3D3D3	3.05	10.5	16	5600,0
2665	#FFFFFF	#D3D3D3	3.5	10.95	16	5600,0
2665	#FFFFFF	#D3D3D3	3.95	10.5	16	5600,0
2665	#FFFFFF	#D3D3D3	3.5	10.05	16	5600,0
2665	#FFFFFF	#D3D3D3	3.05	10.5	16	5600,0
2691	#FFFFFF	#D3D3D3	3.55	11	16	5600,0
2691	#FFFFFF	#D3D3D3	4	11.45	16	5600,0
2691	#FFFFFF	#D3D3D3	4.45	11	16	5600,0
2691	#FFFFFF	#D3D3D3	4	10.55	16	5600,0
2691	#FFFFFF	#D3D3D3	3.55	11	16	5600,0
2717	#FFFFFF	#D3D3D3	4.05	11.5	16	5600,0
2717	#FFFFFF	#D3D3D3	4.5	11.95	16	5600,0
2717	#FFFFFF	#D3D3D3	4.95	11.5	16	5600,0
2717	#FFFFFF	#D3D3D3	4.5	11.05	16	5600,0
2717	#FFFFFF	#D3D3D3	4.05	11.5	16	5600,0
2744	#FFFFFF	#D3D3D3	4.55	12	16	5600,0
2744	#FFFFFF	#D3D3D3	5	12.45	16	5600,0
2744	#FFFFFF	#D3D3D3	5.45	12	16	5600,0
2744	#FFFFFF	#D3D3D3	5	11.55	16	5600,0
2744	#FFFFFF	#D3D3D3	4.55	12	16	5600,0
2291	#FFFFFF	#D3D3D3	-44.95	12.5	16	5650,0
2291	#FFFFFF	#D3D3D3	-44.5	12.95	16	5650,0
2291	#FFFFFF	#D3D3D3	-44.05	12.5	16	5650,0
2291	#FFFFFF	#D3D3D3	-44.5	12.05	16	5650,0
2291	#FFFFFF	#D3D3D3	-44.95	12.5	16	5650,0
2264	#FFFFFF	#D3D3D3	-44.45	13	16	5650,0
2264	#FFFFFF	#D3D3D3	-44	13.45	16	5650,0
2264	#FFFFFF	#D3D3D3	-43.55	13	16	5650,0
2264	#FFFFFF	#D3D3D3	-44	12.55	16	5650,0
2264	#FFFFFF	#D3D3D3	-44.45	13	16	5650,0
2235	#FFFFFF	#D3D3D3	-43.95	13.5	16	5650,0
2235	#FFFFFF	#D3D3D3	-43.5	13.95	16	5650,0
2235	#FFFFFF	#D3D3D3	-43.05	13.5	16	5650,0
2235	#FFFFFF	#D3D3D3	-43.5	13.05	16	5650,0
2235	#FFFFFF	#D3D3D3	-43.95	13.5	16	5650,0
2206	#FFFFFF	#D3D3D3	-43.45	14	16	5650,0
2206	#FFFFFF	#D3D3D3	-43	14.45	16	5650,0
2206	#FFFFFF	#D3D3D3	-42.55	14	16	5650,0
2206	#FFFFFF	#D3D3D3	-43	13.55	16	5650,0
2206	#FFFFFF	#D3D3D3	-43.45	14	16	5650,0
2177	#FFFFFF	#D3D3D3	-42.95	14.5	16	5650,0
2177	#FFFFFF	#D3D3D3	-42.5	14.95	16	5650,0
2177	#FFFFFF	#D3D3D3	-42.05	14.5	16	5650,0
2177	#FFFFFF	#D3D3D3	-42.5	14.05	16	5650,0
2177	#FFFFFF	#D3D3D3	-42.95	14.5	16	5650,0
2148	#FFFFFF	#D3D3D3	-42.45	15	16	5650,0
2148	#FFFFFF	#D3D3D3	-42	15.45	16	5650,0
2148	#FFFFFF	#D3D3D3	-41.55	15	16	5650,0
2148	#FFFFFF	#D3D3D3	-42	14.55	16	5650,0
2148	#FFFFFF	#D3D3D3	-42.45	15	16	5650,0
2119	#FFFFFF	#D3D3D3	-41.95	15.5	16	5650,0
2119	#FFFFFF	#D3D3D3	-41.5	15.95	16	5650,0
2119	#FFFFFF	#D3D3D3	-41.05	15.5	16	5650,0
2119	#FFFFFF	#D3D3D3	-41.5	15.05	16	5650,0
2119	#FFFFFF	#D3D3D3	-41.95	15.5	16	5650,0
2089	#FFFFFF	#D3D3D3	-41.45	16	16	5650,0
2089	#FFFFFF	#D3D3D3	-41	16.45	16	5650,0
2089	#FFFFFF	#D3D3D3	-40.55	16	16	5650,0
2089	#FFFFFF	#D3D3D3	-41	15.55	16	5650,0
2089	#FFFFFF	#D3D3D3	-41.45	16	16	5650,0
2058	#FFFFFF	#D3D3D3	-40.95	16.5	16	5650,0
2058	#FFFFFF	#D3D3D3	-40.5	16.95	16	5650,0
2058	#FFFFFF	#D3D3D3	-40.05	16.5	16	5650,0
2058	#FFFFFF	#D3D3D3	-40.5	16.05	16	5650,0
2058	#FFFFFF	#D3D3D3	-40.95	16.5	16	5650,0
2028	#FFFFFF	#D3D3D3	-40.45	17	16	5650,0
2028	#FFFFFF	#D3D3D3	-40	17.45	16	5650,0
2028	#FFFFFF	#D3D3D3	-39.55	17	16	5650,0
2028	#FFFFFF	#D3D3D3	-40	16.55	16	5650,0
2028	#FFFFFF	#D3D3D3	-40.45	17	16	5650,0
1956	#FFFFFF	#D3D3D3	-39.95	17.5	16	5650,0
1956	#FFFFFF	#D3D3D3	-39.5	17.95	16	5650,0
1956	#FFFFFF	#D3D3D3	-39.05	17.5	16	5650,0
1956	#FFFFFF	#D3D3D3	-39.5	17.05	16	5650,0
1956	#FFFFFF	#D3D3D3	-39.95	17.5	16	5650,0
1924	#FFFFFF	#D3D3D3	-39.45	18	16	5650,0
1924	#FFFFFF	#D3D3D3	-39	18.45	16	5650,0
1924	#FFFFFF	#D3D3D3	-38.55	18	16	5650,0
1924	#FFFFFF	#D3D3D3	-39	17.55	16	5650,0
1924	#FFFFFF	#D3D3D3	-39.45	18	16	5650,0
1891	#FFFFFF	#D3D3D3	-38.95	18.5	16	5650,0
1891	#FFFFFF	#D3D3D3	-38.5	18.95	16	5650,0
1891	#FFFFFF	#D3D3D3	-38.05	18.5	16	5650,0
1891	#FFFFFF	#D3D3D3	-38.5	18.05	16	5650,0
1891	#FFFFFF	#D3D3D3	-38.95	18.5	16	5650,0
1858	#FFFFFF	#D3D3D3	-38.45	19	16	5650,0
1858	#FFFFFF	#D3D3D3	-38	19.45	16	5650,0
1858	#FFFFFF	#D3D3D3	-37.55	19	16	5650,0
1858	#FFFFFF	#D3D3D3	-38	18.55	16	5650,0
1858	#FFFFFF	#D3D3D3	-38.45	19	16	5650,0
1824	#FFFFFF	#D3D3D3	-37.95	19.5	16	5650,0
1824	#FFFFFF	#D3D3D3	-37.5	19.95	16	5650,0
1824	#FFFFFF	#D3D3D3	-37.05	19.5	16	5650,0
1824	#FFFFFF	#D3D3D3	-37.5	19.05	16	5650,0
1824	#FFFFFF	#D3D3D3	-37.95	19.5	16	5650,0
1791	#FFFFFF	#D3D3D3	-37.45	20	16	5650,0
1791	#FFFFFF	#D3D3D3	-37	20.45	16	5650,0
1791	#FFFFFF	#D3D3D3	-36.55	20	16	5650,0
1791	#FFFFFF	#D3D3D3	-37	19.55	16	5650,0
1791	#FFFFFF	#D3D3D3	-37.45	20	16	5650,0
1756	#FFFFFF	#D3D3D3	-36.95	20.5	16	5650,0
1756	#FFFFFF	#D3D3D3	-36.5	20.95	16	5650,0
1756	#FFFFFF	#D3D3D3	-36.05	20.5	16	5650,0
1756	#FFFFFF	#D3D3D3	-36.5	20.05	16	5650,0
1756	#FFFFFF	#D3D3D3	-36.95	20.5	16	5650,0
1722	#FFFFFF	#D3D3D3	-36.45	21	16	5650,0
1722	#FFFFFF	#D3D3D3	-36	21.45	16	5650,0
1722	#FFFFFF	#D3D3D3	-35.55	21	16	5650,0
1722	#FFFFFF	#D3D3D3	-36	20.55	16	5650,0
1722	#FFFFFF	#D3D3D3	-36.45	21	16	5650,0
1686	#FFFFFF	#D3D3D3	-35.95	21.5	16	5650,0
1686	#FFFFFF	#D3D3D3	-35.5	21.95	16	5650,0
1686	#FFFFFF	#D3D3D3	-35.05	21.5	16	5650,0
1686	#FFFFFF	#D3D3D3	-35.5	21.05	16	5650,0
1686	#FFFFFF	#D3D3D3	-35.95	21.5	16	5650,0
1651	#FFFFFF	#D3D3D3	-35.45	22	16	5650,0
1651	#FFFFFF	#D3D3D3	-35	22.45	16	5650,0
1651	#FFFFFF	#D3D3D3	-34.55	22	16	5650,0
1651	#FFFFFF	#D3D3D3	-35	21.55	16	5650,0
1651	#FFFFFF	#D3D3D3	-35.45	22	16	5650,0
1614	#FFFFFF	#D3D3D3	-34.95	22.5	16	5650,0
1614	#FFFFFF	#D3D3D3	-34.5	22.95	16	5650,0
1614	#FFFFFF	#D3D3D3	-34.05	22.5	16	5650,0
1614	#FFFFFF	#D3D3D3	-34.5	22.05	16	5650,0
1614	#FFFFFF	#D3D3D3	-34.95	22.5	16	5650,0
1577	#FFFFFF	#D3D3D3	-34.45	23	16	5650,0
1577	#FFFFFF	#D3D3D3	-34	23.45	16	5650,0
1577	#FFFFFF	#D3D3D3	-33.55	23	16	5650,0
1577	#FFFFFF	#D3D3D3	-34	22.55	16	5650,0
1577	#FFFFFF	#D3D3D3	-34.45	23	16	5650,0
1540	#FFFFFF	#D3D3D3	-33.95	23.5	16	5650,0
1540	#FFFFFF	#D3D3D3	-33.5	23.95	16	5650,0
1540	#FFFFFF	#D3D3D3	-33.05	23.5	16	5650,0
1540	#FFFFFF	#D3D3D3	-33.5	23.05	16	5650,0
1540	#FFFFFF	#D3D3D3	-33.95	23.5	16	5650,0
1503	#FFFFFF	#D3D3D3	-33.45	24	16	5650,0
1503	#FFFFFF	#D3D3D3	-33	24.45	16	5650,0
1503	#FFFFFF	#D3D3D3	-32.55	24	16	5650,0
1503	#FFFFFF	#D3D3D3	-33	23.55	16	5650,0
1503	#FFFFFF	#D3D3D3	-33.45	24	16	5650,0
1465	#FFFFFF	#D3D3D3	-32.95	24.5	16	5650,0
1465	#FFFFFF	#D3D3D3	-32.5	24.95	16	5650,0
1465	#FFFFFF	#D3D3D3	-32.05	24.5	16	5650,0
1465	#FFFFFF	#D3D3D3	-32.5	24.05	16	5650,0
1465	#FFFFFF	#D3D3D3	-32.95	24.5	16	5650,0
1428	#FFFFFF	#D3D3D3	-32.45	25	16	5650,0
1428	#FFFFFF	#D3D3D3	-32	25.45	16	5650,0
1428	#FFFFFF	#D3D3D3	-31.55	25	16	5650,0
1428	#FFFFFF	#D3D3D3	-32	24.55	16	5650,0
1428	#FFFFFF	#D3D3D3	-32.45	25	16	5650,0
1392	#FFFFFF	#D3D3D3	-31.95	25.5	8	5650,0
1392	#FFFFFF	#D3D3D3	-31.5	25.95	8	5650,0
1392	#FFFFFF	#D3D3D3	-31.05	25.5	8	5650,0
1392	#FFFFFF	#D3D3D3	-31.5	25.05	8	5650,0
1392	#FFFFFF	#D3D3D3	-31.95	25.5	8	5650,0
1357	#FFFFFF	#D3D3D3	-31.45	26	8	5650,0
1357	#FFFFFF	#D3D3D3	-31	26.45	8	5650,0
1357	#FFFFFF	#D3D3D3	-30.55	26	8	5650,0
1357	#FFFFFF	#D3D3D3	-31	25.55	8	5650,0
1357	#FFFFFF	#D3D3D3	-31.45	26	8	5650,0
1322	#FFFFFF	#D3D3D3	-30.95	26.5	8	5650,0
1322	#FFFFFF	#D3D3D3	-30.5	26.95	8	5650,0
1322	#FFFFFF	#D3D3D3	-30.05	26.5	8	5650,0
1322	#FFFFFF	#D3D3D3	-30.5	26.05	8	5650,0
1322	#FFFFFF	#D3D3D3	-30.95	26.5	8	5650,0
1288	#FFFFFF	#D3D3D3	-30.45	27	8	5650,0
1288	#FFFFFF	#D3D3D3	-30	27.45	8	5650,0
1288	#FFFFFF	#D3D3D3	-29.55	27	8	5650,0
1288	#FFFFFF	#D3D3D3	-30	26.55	8	5650,0
1288	#FFFFFF	#D3D3D3	-30.45	27	8	5650,0
1210	#FFFFFF	#D3D3D3	-29.95	27.5	8	5650,0
1210	#FFFFFF	#D3D3D3	-29.5	27.95	8	5650,0
1210	#FFFFFF	#D3D3D3	-29.05	27.5	8	5650,0
1210	#FFFFFF	#D3D3D3	-29.5	27.05	8	5650,0
1210	#FFFFFF	#D3D3D3	-29.95	27.5	8	5650,0
1177	#FFFFFF	#D3D3D3	-29.45	28	8	5650,0
1177	#FFFFFF	#D3D3D3	-29	28.45	8	5650,0
1177	#FFFFFF	#D3D3D3	-28.55	28	8	5650,0
1177	#FFFFFF	#D3D3D3	-29	27.55	8	5650,0
1177	#FFFFFF	#D3D3D3	-29.45	28	8	5650,0
1144	#FFFFFF	#D3D3D3	-28.95	28.5	8	5650,0
1144	#FFFFFF	#D3D3D3	-28.5	28.95	8	5650,0
1144	#FFFFFF	#D3D3D3	-28.05	28.5	8	5650,0
1144	#FFFFFF	#D3D3D3	-28.5	28.05	8	5650,0
1144	#FFFFFF	#D3D3D3	-28.95	28.5	8	5650,0
1111	#FFFFFF	#D3D3D3	-28.45	29	8	5650,0
1111	#FFFFFF	#D3D3D3	-28	29.45	8	5650,0
1111	#FFFFFF	#D3D3D3	-27.55	29	8	5650,0
1111	#FFFFFF	#D3D3D3	-28	28.55	8	5650,0
1111	#FFFFFF	#D3D3D3	-28.45	29	8	5650,0
1078	#FFFFFF	#D3D3D3	-27.95	29.5	8	5650,0
1078	#FFFFFF	#D3D3D3	-27.5	29.95	8	5650,0
1078	#FFFFFF	#D3D3D3	-27.05	29.5	8	5650,0
1078	#FFFFFF	#D3D3D3	-27.5	29.05	8	5650,0
1078	#FFFFFF	#D3D3D3	-27.95	29.5	8	5650,0
1046	#FFFFFF	#D3D3D3	-27.45	30	8	5650,0
1046	#FFFFFF	#D3D3D3	-27	30.45	8	5650,0
1046	#FFFFFF	#D3D3D3	-26.55	30	8	5650,0
1046	#FFFFFF	#D3D3D3	-27	29.55	8	5650,0
1046	#FFFFFF	#D3D3D3	-27.45	30	8	5650,0
1013	#FFFFFF	#D3D3D3	-26.95	30.5	8	5650,0
1013	#FFFFFF	#D3D3D3	-26.5	30.95	8	5650,0
1013	#FFFFFF	#D3D3D3	-26.05	30.5	8	5650,0
1013	#FFFFFF	#D3D3D3	-26.5	30.05	8	5650,0
1013	#FFFFFF	#D3D3D3	-26.95	30.5	8	5650,0
979	#FFFFFF	#D3D3D3	-26.45	31	8	5650,0
979	#FFFFFF	#D3D3D3	-26	31.45	8	5650,0
979	#FFFFFF	#D3D3D3	-25.55	31	8	5650,0
979	#FFFFFF	#D3D3D3	-26	30.55	8	5650,0
979	#FFFFFF	#D3D3D3	-26.45	31	8	5650,0
945	#FFFFFF	#D3D3D3	-25.95	31.5	8	5650,0
945	#FFFFFF	#D3D3D3	-25.5	31.95	8	5650,0
945	#FFFFFF	#D3D3D3	-25.05	31.5	8	5650,0
945	#FFFFFF	#D3D3D3	-25.5	31.05	8	5650,0
945	#FFFFFF	#D3D3D3	-25.95	31.5	8	5650,0
912	#FFFFFF	#D3D3D3	-25.45	32	8	5650,0
912	#FFFFFF	#D3D3D3	-25	32.45	8	5650,0
912	#FFFFFF	#D3D3D3	-24.55	32	8	5650,0
912	#FFFFFF	#D3D3D3	-25	31.55	8	5650,0
912	#FFFFFF	#D3D3D3	-25.45	32	8	5650,0
879	#FFFFFF	#D3D3D3	-24.95	32.5	8	5650,0
879	#FFFFFF	#D3D3D3	-24.5	32.95	8	5650,0
879	#FFFFFF	#D3D3D3	-24.05	32.5	8	5650,0
879	#FFFFFF	#D3D3D3	-24.5	32.05	8	5650,0
879	#FFFFFF	#D3D3D3	-24.95	32.5	8	5650,0
2357	#CD1076	#000000	-6.45	0	83	5600,0
2357	#FFFFFF	#D3D3D3	-6.45	0	4	5650,0
2357	#CD1076	#000000	-6	0.45	83	5600,0
2357	#FFFFFF	#D3D3D3	-6	0.45	4	5650,0
2357	#CD1076	#000000	-5.55	0	83	5600,0
2357	#FFFFFF	#D3D3D3	-5.55	0	4	5650,0
2357	#CD1076	#000000	-6	-0.45	83	5600,0
2357	#FFFFFF	#D3D3D3	-6	-0.45	4	5650,0
2357	#CD1076	#000000	-6.45	0	83	5600,0
2357	#FFFFFF	#D3D3D3	-6.45	0	4	5650,0
2338	#CD1076	#000000	-5.95	0.5	83	5600,0
2338	#FFFFFF	#D3D3D3	-5.95	0.5	4	5650,0
2338	#CD1076	#000000	-5.5	0.95	83	5600,0
2338	#FFFFFF	#D3D3D3	-5.5	0.95	4	5650,0
2338	#CD1076	#000000	-5.05	0.5	83	5600,0
2338	#FFFFFF	#D3D3D3	-5.05	0.5	4	5650,0
2338	#CD1076	#000000	-5.5	0.05	83	5600,0
2338	#FFFFFF	#D3D3D3	-5.5	0.05	4	5650,0
2338	#CD1076	#000000	-5.95	0.5	83	5600,0
2338	#FFFFFF	#D3D3D3	-5.95	0.5	4	5650,0
2319	#CD1076	#000000	-5.45	1	83	5600,0
2319	#FFFFFF	#D3D3D3	-5.45	1	4	5650,0
2319	#CD1076	#000000	-5	1.45	83	5600,0
2319	#FFFFFF	#D3D3D3	-5	1.45	4	5650,0
2319	#CD1076	#000000	-4.55	1	83	5600,0
2319	#FFFFFF	#D3D3D3	-4.55	1	4	5650,0
2319	#CD1076	#000000	-5	0.55	83	5600,0
2319	#FFFFFF	#D3D3D3	-5	0.55	4	5650,0
2319	#CD1076	#000000	-5.45	1	83	5600,0
2319	#FFFFFF	#D3D3D3	-5.45	1	4	5650,0
2001	#CD1076	#000000	-4.95	1.5	18	5600,0
2001	#FFFFFF	#D3D3D3	-4.95	1.5	4	5650,0
2001	#CD1076	#000000	-4.5	1.95	18	5600,0
2001	#FFFFFF	#D3D3D3	-4.5	1.95	4	5650,0
2001	#CD1076	#000000	-4.05	1.5	18	5600,0
2001	#FFFFFF	#D3D3D3	-4.05	1.5	4	5650,0
2001	#CD1076	#000000	-4.5	1.05	18	5600,0
2001	#FFFFFF	#D3D3D3	-4.5	1.05	4	5650,0
2001	#CD1076	#000000	-4.95	1.5	18	5600,0
2001	#FFFFFF	#D3D3D3	-4.95	1.5	4	5650,0
1991	#CD1076	#000000	-4.45	2	18	5600,0
1991	#FFFFFF	#D3D3D3	-4.45	2	4	5650,0
1991	#CD1076	#000000	-4	2.45	18	5600,0
1991	#FFFFFF	#D3D3D3	-4	2.45	4	5650,0
1991	#CD1076	#000000	-3.55	2	18	5600,0
1991	#FFFFFF	#D3D3D3	-3.55	2	4	5650,0
1991	#CD1076	#000000	-4	1.55	18	5600,0
1991	#FFFFFF	#D3D3D3	-4	1.55	4	5650,0
1991	#CD1076	#000000	-4.45	2	18	5600,0
1991	#FFFFFF	#D3D3D3	-4.45	2	4	5650,0
1259	#CD1076	#000000	-3.95	2.5	18	5600,0
1259	#FFFFFF	#D3D3D3	-3.95	2.5	4	5650,0
1259	#CD1076	#000000	-3.5	2.95	18	5600,0
1259	#FFFFFF	#D3D3D3	-3.5	2.95	4	5650,0
1259	#CD1076	#000000	-3.05	2.5	18	5600,0
1259	#FFFFFF	#D3D3D3	-3.05	2.5	4	5650,0
1259	#CD1076	#000000	-3.5	2.05	18	5600,0
1259	#FFFFFF	#D3D3D3	-3.5	2.05	4	5650,0
1259	#CD1076	#000000	-3.95	2.5	18	5600,0
1259	#FFFFFF	#D3D3D3	-3.95	2.5	4	5650,0
1240	#CD1076	#000000	-3.45	3	18	5600,0
1240	#FFFFFF	#D3D3D3	-3.45	3	4	5650,0
1240	#CD1076	#000000	-3	3.45	18	5600,0
1240	#FFFFFF	#D3D3D3	-3	3.45	4	5650,0
1240	#CD1076	#000000	-2.55	3	18	5600,0
1240	#FFFFFF	#D3D3D3	-2.55	3	4	5650,0
1240	#CD1076	#000000	-3	2.55	18	5600,0
1240	#FFFFFF	#D3D3D3	-3	2.55	4	5650,0
1240	#CD1076	#000000	-3.45	3	18	5600,0
1240	#FFFFFF	#D3D3D3	-3.45	3	4	5650,0
569	#CD1076	#000000	-2.95	3.5	32	5600,0
569	#FFFFFF	#D3D3D3	-2.95	3.5	4	5650,0
569	#CD1076	#000000	-2.5	3.95	32	5600,0
569	#FFFFFF	#D3D3D3	-2.5	3.95	4	5650,0
569	#CD1076	#000000	-2.05	3.5	32	5600,0
569	#FFFFFF	#D3D3D3	-2.05	3.5	4	5650,0
569	#CD1076	#000000	-2.5	3.05	32	5600,0
569	#FFFFFF	#D3D3D3	-2.5	3.05	4	5650,0
569	#CD1076	#000000	-2.95	3.5	32	5600,0
569	#FFFFFF	#D3D3D3	-2.95	3.5	4	5650,0
548	#CD1076	#000000	-2.45	4	32	5600,0
548	#FFFFFF	#D3D3D3	-2.45	4	4	5650,0
548	#CD1076	#000000	-2	4.45	32	5600,0
548	#FFFFFF	#D3D3D3	-2	4.45	4	5650,0
548	#CD1076	#000000	-1.55	4	32	5600,0
548	#FFFFFF	#D3D3D3	-1.55	4	4	5650,0
548	#CD1076	#000000	-2	3.55	32	5600,0
548	#FFFFFF	#D3D3D3	-2	3.55	4	5650,0
548	#CD1076	#000000	-2.45	4	32	5600,0
548	#FFFFFF	#D3D3D3	-2.45	4	4	5650,0
56	#FFFFFF	#D3D3D3	-1.95	4.5	16	5600,0
56	#FFFFFF	#D3D3D3	-1.95	4.5	4	5650,0
56	#FFFFFF	#D3D3D3	-1.5	4.95	16	5600,0
56	#FFFFFF	#D3D3D3	-1.5	4.95	4	5650,0
56	#FFFFFF	#D3D3D3	-1.05	4.5	16	5600,0
56	#FFFFFF	#D3D3D3	-1.05	4.5	4	5650,0
56	#FFFFFF	#D3D3D3	-1.5	4.05	16	5600,0
56	#FFFFFF	#D3D3D3	-1.5	4.05	4	5650,0
56	#FFFFFF	#D3D3D3	-1.95	4.5	16	5600,0
56	#FFFFFF	#D3D3D3	-1.95	4.5	4	5650,0
37	#FFFFFF	#D3D3D3	-1.45	5	16	5600,0
37	#FFFFFF	#D3D3D3	-1.45	5	4	5650,0
37	#FFFFFF	#D3D3D3	-1	5.45	16	5600,0
37	#FFFFFF	#D3D3D3	-1	5.45	4	5650,0
37	#FFFFFF	#D3D3D3	-0.55	5	16	5600,0
37	#FFFFFF	#D3D3D3	-0.55	5	4	5650,0
37	#FFFFFF	#D3D3D3	-1	4.55	16	5600,0
37	#FFFFFF	#D3D3D3	-1	4.55	4	5650,0
37	#FFFFFF	#D3D3D3	-1.45	5	16	5600,0
37	#FFFFFF	#D3D3D3	-1.45	5	4	5650,0
17	#FFFFFF	#D3D3D3	-0.95	5.5	16	5600,0
17	#FFFFFF	#D3D3D3	-0.95	5.5	4	5650,0
17	#FFFFFF	#D3D3D3	-0.5	5.95	16	5600,0
17	#FFFFFF	#D3D3D3	-0.5	5.95	4	5650,0
17	#FFFFFF	#D3D3D3	-0.05	5.5	16	5600,0
17	#FFFFFF	#D3D3D3	-0.05	5.5	4	5650,0
17	#FFFFFF	#D3D3D3	-0.5	5.05	16	5600,0
17	#FFFFFF	#D3D3D3	-0.5	5.05	4	5650,0
17	#FFFFFF	#D3D3D3	-0.95	5.5	16	5600,0
17	#FFFFFF	#D3D3D3	-0.95	5.5	4	5650,0
2518	#FFFFFF	#D3D3D3	-0.45	6	16	5600,0
2518	#FFFFFF	#D3D3D3	-0.45	6	4	5650,0
2518	#FFFFFF	#D3D3D3	0	6.45	16	5600,0
2518	#FFFFFF	#D3D3D3	0	6.45	4	5650,0
2518	#FFFFFF	#D3D3D3	0.45	6	16	5600,0
2518	#FFFFFF	#D3D3D3	0.45	6	4	5650,0
2518	#FFFFFF	#D3D3D3	0	5.55	16	5600,0
2518	#FFFFFF	#D3D3D3	0	5.55	4	5650,0
2518	#FFFFFF	#D3D3D3	-0.45	6	16	5600,0
2518	#FFFFFF	#D3D3D3	-0.45	6	4	5650,0
2541	#FFFFFF	#D3D3D3	0.05	6.5	16	5600,0
2541	#FFFFFF	#D3D3D3	0.05	6.5	4	5650,0
2541	#FFFFFF	#D3D3D3	0.5	6.95	16	5600,0
2541	#FFFFFF	#D3D3D3	0.5	6.95	4	5650,0
2541	#FFFFFF	#D3D3D3	0.95	6.5	16	5600,0
2541	#FFFFFF	#D3D3D3	0.95	6.5	4	5650,0
2541	#FFFFFF	#D3D3D3	0.5	6.05	16	5600,0
2541	#FFFFFF	#D3D3D3	0.5	6.05	4	5650,0
2541	#FFFFFF	#D3D3D3	0.05	6.5	16	5600,0
2541	#FFFFFF	#D3D3D3	0.05	6.5	4	5650,0
2565	#FFFFFF	#D3D3D3	0.55	7	16	5600,0
2565	#FFFFFF	#D3D3D3	0.55	7	4	5650,0
2565	#FFFFFF	#D3D3D3	1	7.45	16	5600,0
2565	#FFFFFF	#D3D3D3	1	7.45	4	5650,0
2565	#FFFFFF	#D3D3D3	1.45	7	16	5600,0
2565	#FFFFFF	#D3D3D3	1.45	7	4	5650,0
2565	#FFFFFF	#D3D3D3	1	6.55	16	5600,0
2565	#FFFFFF	#D3D3D3	1	6.55	4	5650,0
2565	#FFFFFF	#D3D3D3	0.55	7	16	5600,0
2565	#FFFFFF	#D3D3D3	0.55	7	4	5650,0
2588	#FFFFFF	#D3D3D3	1.05	7.5	16	5600,0
2588	#FFFFFF	#D3D3D3	1.5	7.95	16	5600,0
2588	#FFFFFF	#D3D3D3	1.95	7.5	16	5600,0
2588	#FFFFFF	#D3D3D3	1.5	7.05	16	5600,0
2588	#FFFFFF	#D3D3D3	1.05	7.5	16	5600,0
2612	#FFFFFF	#D3D3D3	1.55	8	16	5600,0
2612	#FFFFFF	#D3D3D3	2	8.45	16	5600,0
2612	#FFFFFF	#D3D3D3	2.45	8	16	5600,0
2612	#FFFFFF	#D3D3D3	2	7.55	16	5600,0
2612	#FFFFFF	#D3D3D3	1.55	8	16	5600,0
2636	#FFFFFF	#D3D3D3	2.05	8.5	16	5600,0
2636	#FFFFFF	#D3D3D3	2.5	8.95	16	5600,0
2636	#FFFFFF	#D3D3D3	2.95	8.5	16	5600,0
2636	#FFFFFF	#D3D3D3	2.5	8.05	16	5600,0
2636	#FFFFFF	#D3D3D3	2.05	8.5	16	5600,0
2662	#FFFFFF	#D3D3D3	2.55	9	16	5600,0
2662	#FFFFFF	#D3D3D3	3	9.45	16	5600,0
2662	#FFFFFF	#D3D3D3	3.45	9	16	5600,0
2662	#FFFFFF	#D3D3D3	3	8.55	16	5600,0
2662	#FFFFFF	#D3D3D3	2.55	9	16	5600,0
2687	#FFFFFF	#D3D3D3	3.05	9.5	16	5600,0
2687	#FFFFFF	#D3D3D3	3.5	9.95	16	5600,0
2687	#FFFFFF	#D3D3D3	3.95	9.5	16	5600,0
2687	#FFFFFF	#D3D3D3	3.5	9.05	16	5600,0
2687	#FFFFFF	#D3D3D3	3.05	9.5	16	5600,0
2690	#FFFFFF	#D3D3D3	3.55	10	16	5600,0
2690	#FFFFFF	#D3D3D3	4	10.45	16	5600,0
2690	#FFFFFF	#D3D3D3	4.45	10	16	5600,0
2690	#FFFFFF	#D3D3D3	4	9.55	16	5600,0
2690	#FFFFFF	#D3D3D3	3.55	10	16	5600,0
2716	#FFFFFF	#D3D3D3	4.05	10.5	16	5600,0
2716	#FFFFFF	#D3D3D3	4.5	10.95	16	5600,0
2716	#FFFFFF	#D3D3D3	4.95	10.5	16	5600,0
2716	#FFFFFF	#D3D3D3	4.5	10.05	16	5600,0
2716	#FFFFFF	#D3D3D3	4.05	10.5	16	5600,0
2743	#FFFFFF	#D3D3D3	4.55	11	16	5600,0
2743	#FFFFFF	#D3D3D3	5	11.45	16	5600,0
2743	#FFFFFF	#D3D3D3	5.45	11	16	5600,0
2743	#FFFFFF	#D3D3D3	5	10.55	16	5600,0
2743	#FFFFFF	#D3D3D3	4.55	11	16	5600,0
2290	#FFFFFF	#D3D3D3	-44.95	11.5	16	5650,0
2290	#FFFFFF	#D3D3D3	-44.5	11.95	16	5650,0
2290	#FFFFFF	#D3D3D3	-44.05	11.5	16	5650,0
2290	#FFFFFF	#D3D3D3	-44.5	11.05	16	5650,0
2290	#FFFFFF	#D3D3D3	-44.95	11.5	16	5650,0
2263	#FFFFFF	#D3D3D3	-44.45	12	16	5650,0
2263	#FFFFFF	#D3D3D3	-44	12.45	16	5650,0
2263	#FFFFFF	#D3D3D3	-43.55	12	16	5650,0
2263	#FFFFFF	#D3D3D3	-44	11.55	16	5650,0
2263	#FFFFFF	#D3D3D3	-44.45	12	16	5650,0
2234	#FFFFFF	#D3D3D3	-43.95	12.5	16	5650,0
2234	#FFFFFF	#D3D3D3	-43.5	12.95	16	5650,0
2234	#FFFFFF	#D3D3D3	-43.05	12.5	16	5650,0
2234	#FFFFFF	#D3D3D3	-43.5	12.05	16	5650,0
2234	#FFFFFF	#D3D3D3	-43.95	12.5	16	5650,0
2205	#FFFFFF	#D3D3D3	-43.45	13	16	5650,0
2205	#FFFFFF	#D3D3D3	-43	13.45	16	5650,0
2205	#FFFFFF	#D3D3D3	-42.55	13	16	5650,0
2205	#FFFFFF	#D3D3D3	-43	12.55	16	5650,0
2205	#FFFFFF	#D3D3D3	-43.45	13	16	5650,0
2176	#FFFFFF	#D3D3D3	-42.95	13.5	16	5650,0
2176	#FFFFFF	#D3D3D3	-42.5	13.95	16	5650,0
2176	#FFFFFF	#D3D3D3	-42.05	13.5	16	5650,0
2176	#FFFFFF	#D3D3D3	-42.5	13.05	16	5650,0
2176	#FFFFFF	#D3D3D3	-42.95	13.5	16	5650,0
2147	#FFFFFF	#D3D3D3	-42.45	14	16	5650,0
2147	#FFFFFF	#D3D3D3	-42	14.45	16	5650,0
2147	#FFFFFF	#D3D3D3	-41.55	14	16	5650,0
2147	#FFFFFF	#D3D3D3	-42	13.55	16	5650,0
2147	#FFFFFF	#D3D3D3	-42.45	14	16	5650,0
2118	#FFFFFF	#D3D3D3	-41.95	14.5	16	5650,0
2118	#FFFFFF	#D3D3D3	-41.5	14.95	16	5650,0
2118	#FFFFFF	#D3D3D3	-41.05	14.5	16	5650,0
2118	#FFFFFF	#D3D3D3	-41.5	14.05	16	5650,0
2118	#FFFFFF	#D3D3D3	-41.95	14.5	16	5650,0
2088	#FFFFFF	#D3D3D3	-41.45	15	16	5650,0
2088	#FFFFFF	#D3D3D3	-41	15.45	16	5650,0
2088	#FFFFFF	#D3D3D3	-40.55	15	16	5650,0
2088	#FFFFFF	#D3D3D3	-41	14.55	16	5650,0
2088	#FFFFFF	#D3D3D3	-41.45	15	16	5650,0
2057	#FFFFFF	#D3D3D3	-40.95	15.5	16	5650,0
2057	#FFFFFF	#D3D3D3	-40.5	15.95	16	5650,0
2057	#FFFFFF	#D3D3D3	-40.05	15.5	16	5650,0
2057	#FFFFFF	#D3D3D3	-40.5	15.05	16	5650,0
2057	#FFFFFF	#D3D3D3	-40.95	15.5	16	5650,0
2027	#FFFFFF	#D3D3D3	-40.45	16	16	5650,0
2027	#FFFFFF	#D3D3D3	-40	16.45	16	5650,0
2027	#FFFFFF	#D3D3D3	-39.55	16	16	5650,0
2027	#FFFFFF	#D3D3D3	-40	15.55	16	5650,0
2027	#FFFFFF	#D3D3D3	-40.45	16	16	5650,0
1955	#FFFFFF	#D3D3D3	-39.95	16.5	16	5650,0
1955	#FFFFFF	#D3D3D3	-39.5	16.95	16	5650,0
1955	#FFFFFF	#D3D3D3	-39.05	16.5	16	5650,0
1955	#FFFFFF	#D3D3D3	-39.5	16.05	16	5650,0
1955	#FFFFFF	#D3D3D3	-39.95	16.5	16	5650,0
1923	#FFFFFF	#D3D3D3	-39.45	17	16	5650,0
1923	#FFFFFF	#D3D3D3	-39	17.45	16	5650,0
1923	#FFFFFF	#D3D3D3	-38.55	17	16	5650,0
1923	#FFFFFF	#D3D3D3	-39	16.55	16	5650,0
1923	#FFFFFF	#D3D3D3	-39.45	17	16	5650,0
1890	#FFFFFF	#D3D3D3	-38.95	17.5	16	5650,0
1890	#FFFFFF	#D3D3D3	-38.5	17.95	16	5650,0
1890	#FFFFFF	#D3D3D3	-38.05	17.5	16	5650,0
1890	#FFFFFF	#D3D3D3	-38.5	17.05	16	5650,0
1890	#FFFFFF	#D3D3D3	-38.95	17.5	16	5650,0
1857	#FFFFFF	#D3D3D3	-38.45	18	16	5650,0
1857	#FFFFFF	#D3D3D3	-38	18.45	16	5650,0
1857	#FFFFFF	#D3D3D3	-37.55	18	16	5650,0
1857	#FFFFFF	#D3D3D3	-38	17.55	16	5650,0
1857	#FFFFFF	#D3D3D3	-38.45	18	16	5650,0
1823	#FFFFFF	#D3D3D3	-37.95	18.5	16	5650,0
1823	#FFFFFF	#D3D3D3	-37.5	18.95	16	5650,0
1823	#FFFFFF	#D3D3D3	-37.05	18.5	16	5650,0
1823	#FFFFFF	#D3D3D3	-37.5	18.05	16	5650,0
1823	#FFFFFF	#D3D3D3	-37.95	18.5	16	5650,0
1789	#FFFFFF	#D3D3D3	-37.45	19	16	5650,0
1789	#FFFFFF	#D3D3D3	-37	19.45	16	5650,0
1789	#FFFFFF	#D3D3D3	-36.55	19	16	5650,0
1789	#FFFFFF	#D3D3D3	-37	18.55	16	5650,0
1789	#FFFFFF	#D3D3D3	-37.45	19	16	5650,0
1754	#FFFFFF	#D3D3D3	-36.95	19.5	16	5650,0
1754	#FFFFFF	#D3D3D3	-36.5	19.95	16	5650,0
1754	#FFFFFF	#D3D3D3	-36.05	19.5	16	5650,0
1754	#FFFFFF	#D3D3D3	-36.5	19.05	16	5650,0
1754	#FFFFFF	#D3D3D3	-36.95	19.5	16	5650,0
1721	#FFFFFF	#D3D3D3	-36.45	20	16	5650,0
1721	#FFFFFF	#D3D3D3	-36	20.45	16	5650,0
1721	#FFFFFF	#D3D3D3	-35.55	20	16	5650,0
1721	#FFFFFF	#D3D3D3	-36	19.55	16	5650,0
1721	#FFFFFF	#D3D3D3	-36.45	20	16	5650,0
1685	#FFFFFF	#D3D3D3	-35.95	20.5	16	5650,0
1685	#FFFFFF	#D3D3D3	-35.5	20.95	16	5650,0
1685	#FFFFFF	#D3D3D3	-35.05	20.5	16	5650,0
1685	#FFFFFF	#D3D3D3	-35.5	20.05	16	5650,0
1685	#FFFFFF	#D3D3D3	-35.95	20.5	16	5650,0
1650	#FFFFFF	#D3D3D3	-35.45	21	16	5650,0
1650	#FFFFFF	#D3D3D3	-35	21.45	16	5650,0
1650	#FFFFFF	#D3D3D3	-34.55	21	16	5650,0
1650	#FFFFFF	#D3D3D3	-35	20.55	16	5650,0
1650	#FFFFFF	#D3D3D3	-35.45	21	16	5650,0
1613	#FFFFFF	#D3D3D3	-34.95	21.5	16	5650,0
1613	#FFFFFF	#D3D3D3	-34.5	21.95	16	5650,0
1613	#FFFFFF	#D3D3D3	-34.05	21.5	16	5650,0
1613	#FFFFFF	#D3D3D3	-34.5	21.05	16	5650,0
1613	#FFFFFF	#D3D3D3	-34.95	21.5	16	5650,0
1576	#FFFFFF	#D3D3D3	-34.45	22	16	5650,0
1576	#FFFFFF	#D3D3D3	-34	22.45	16	5650,0
1576	#FFFFFF	#D3D3D3	-33.55	22	16	5650,0
1576	#FFFFFF	#D3D3D3	-34	21.55	16	5650,0
1576	#FFFFFF	#D3D3D3	-34.45	22	16	5650,0
1539	#FFFFFF	#D3D3D3	-33.95	22.5	16	5650,0
1539	#FFFFFF	#D3D3D3	-33.5	22.95	16	5650,0
1539	#FFFFFF	#D3D3D3	-33.05	22.5	16	5650,0
1539	#FFFFFF	#D3D3D3	-33.5	22.05	16	5650,0
1539	#FFFFFF	#D3D3D3	-33.95	22.5	16	5650,0
1502	#FFFFFF	#D3D3D3	-33.45	23	16	5650,0
1502	#FFFFFF	#D3D3D3	-33	23.45	16	5650,0
1502	#FFFFFF	#D3D3D3	-32.55	23	16	5650,0
1502	#FFFFFF	#D3D3D3	-33	22.55	16	5650,0
1502	#FFFFFF	#D3D3D3	-33.45	23	16	5650,0
1464	#FFFFFF	#D3D3D3	-32.95	23.5	16	5650,0
1464	#FFFFFF	#D3D3D3	-32.5	23.95	16	5650,0
1464	#FFFFFF	#D3D3D3	-32.05	23.5	16	5650,0
1464	#FFFFFF	#D3D3D3	-32.5	23.05	16	5650,0
1464	#FFFFFF	#D3D3D3	-32.95	23.5	16	5650,0
1427	#FFFFFF	#D3D3D3	-32.45	24	16	5650,0
1427	#FFFFFF	#D3D3D3	-32	24.45	16	5650,0
1427	#FFFFFF	#D3D3D3	-31.55	24	16	5650,0
1427	#FFFFFF	#D3D3D3	-32	23.55	16	5650,0
1427	#FFFFFF	#D3D3D3	-32.45	24	16	5650,0
1391	#FFFFFF	#D3D3D3	-31.95	24.5	16	5650,0
1391	#FFFFFF	#D3D3D3	-31.5	24.95	16	5650,0
1391	#FFFFFF	#D3D3D3	-31.05	24.5	16	5650,0
1391	#FFFFFF	#D3D3D3	-31.5	24.05	16	5650,0
1391	#FFFFFF	#D3D3D3	-31.95	24.5	16	5650,0
1356	#FFFFFF	#D3D3D3	-31.45	25	16	5650,0
1356	#FFFFFF	#D3D3D3	-31	25.45	16	5650,0
1356	#FFFFFF	#D3D3D3	-30.55	25	16	5650,0
1356	#FFFFFF	#D3D3D3	-31	24.55	16	5650,0
1356	#FFFFFF	#D3D3D3	-31.45	25	16	5650,0
1321	#FFFFFF	#D3D3D3	-30.95	25.5	16	5650,0
1321	#FFFFFF	#D3D3D3	-30.5	25.95	16	5650,0
1321	#FFFFFF	#D3D3D3	-30.05	25.5	16	5650,0
1321	#FFFFFF	#D3D3D3	-30.5	25.05	16	5650,0
1321	#FFFFFF	#D3D3D3	-30.95	25.5	16	5650,0
1287	#FFFFFF	#D3D3D3	-30.45	26	16	5650,0
1287	#FFFFFF	#D3D3D3	-30	26.45	16	5650,0
1287	#FFFFFF	#D3D3D3	-29.55	26	16	5650,0
1287	#FFFFFF	#D3D3D3	-30	25.55	16	5650,0
1287	#FFFFFF	#D3D3D3	-30.45	26	16	5650,0
1209	#FFFFFF	#D3D3D3	-29.95	26.5	8	5650,0
1209	#FFFFFF	#D3D3D3	-29.5	26.95	8	5650,0
1209	#FFFFFF	#D3D3D3	-29.05	26.5	8	5650,0
1209	#FFFFFF	#D3D3D3	-29.5	26.05	8	5650,0
1209	#FFFFFF	#D3D3D3	-29.95	26.5	8	5650,0
1176	#FFFFFF	#D3D3D3	-29.45	27	8	5650,0
1176	#FFFFFF	#D3D3D3	-29	27.45	8	5650,0
1176	#FFFFFF	#D3D3D3	-28.55	27	8	5650,0
1176	#FFFFFF	#D3D3D3	-29	26.55	8	5650,0
1176	#FFFFFF	#D3D3D3	-29.45	27	8	5650,0
1143	#FFFFFF	#D3D3D3	-28.95	27.5	8	5650,0
1143	#FFFFFF	#D3D3D3	-28.5	27.95	8	5650,0
1143	#FFFFFF	#D3D3D3	-28.05	27.5	8	5650,0
1143	#FFFFFF	#D3D3D3	-28.5	27.05	8	5650,0
1143	#FFFFFF	#D3D3D3	-28.95	27.5	8	5650,0
1110	#FFFFFF	#D3D3D3	-28.45	28	8	5650,0
1110	#FFFFFF	#D3D3D3	-28	28.45	8	5650,0
1110	#FFFFFF	#D3D3D3	-27.55	28	8	5650,0
1110	#FFFFFF	#D3D3D3	-28	27.55	8	5650,0
1110	#FFFFFF	#D3D3D3	-28.45	28	8	5650,0
1077	#FFFFFF	#D3D3D3	-27.95	28.5	8	5650,0
1077	#FFFFFF	#D3D3D3	-27.5	28.95	8	5650,0
1077	#FFFFFF	#D3D3D3	-27.05	28.5	8	5650,0
1077	#FFFFFF	#D3D3D3	-27.5	28.05	8	5650,0
1077	#FFFFFF	#D3D3D3	-27.95	28.5	8	5650,0
1044	#FFFFFF	#D3D3D3	-27.45	29	8	5650,0
1044	#FFFFFF	#D3D3D3	-27	29.45	8	5650,0
1044	#FFFFFF	#D3D3D3	-26.55	29	8	5650,0
1044	#FFFFFF	#D3D3D3	-27	28.55	8	5650,0
1044	#FFFFFF	#D3D3D3	-27.45	29	8	5650,0
1011	#FFFFFF	#D3D3D3	-26.95	29.5	8	5650,0
1011	#FFFFFF	#D3D3D3	-26.5	29.95	8	5650,0
1011	#FFFFFF	#D3D3D3	-26.05	29.5	8	5650,0
1011	#FFFFFF	#D3D3D3	-26.5	29.05	8	5650,0
1011	#FFFFFF	#D3D3D3	-26.95	29.5	8	5650,0
978	#FFFFFF	#D3D3D3	-26.45	30	8	5650,0
978	#FFFFFF	#D3D3D3	-26	30.45	8	5650,0
978	#FFFFFF	#D3D3D3	-25.55	30	8	5650,0
978	#FFFFFF	#D3D3D3	-26	29.55	8	5650,0
978	#FFFFFF	#D3D3D3	-26.45	30	8	5650,0
944	#FFFFFF	#D3D3D3	-25.95	30.5	8	5650,0
944	#FFFFFF	#D3D3D3	-25.5	30.95	8	5650,0
944	#FFFFFF	#D3D3D3	-25.05	30.5	8	5650,0
944	#FFFFFF	#D3D3D3	-25.5	30.05	8	5650,0
944	#FFFFFF	#D3D3D3	-25.95	30.5	8	5650,0
911	#FFFFFF	#D3D3D3	-25.45	31	8	5650,0
911	#FFFFFF	#D3D3D3	-25	31.45	8	5650,0
911	#FFFFFF	#D3D3D3	-24.55	31	8	5650,0
911	#FFFFFF	#D3D3D3	-25	30.55	8	5650,0
911	#FFFFFF	#D3D3D3	-25.45	31	8	5650,0
878	#FFFFFF	#D3D3D3	-24.95	31.5	8	5650,0
878	#FFFFFF	#D3D3D3	-24.5	31.95	8	5650,0
878	#FFFFFF	#D3D3D3	-24.05	31.5	8	5650,0
878	#FFFFFF	#D3D3D3	-24.5	31.05	8	5650,0
878	#FFFFFF	#D3D3D3	-24.95	31.5	8	5650,0
846	#FFFFFF	#D3D3D3	-24.45	32	8	5650,0
846	#FFFFFF	#D3D3D3	-24	32.45	8	5650,0
846	#FFFFFF	#D3D3D3	-23.55	32	8	5650,0
846	#FFFFFF	#D3D3D3	-24	31.55	8	5650,0
846	#FFFFFF	#D3D3D3	-24.45	32	8	5650,0
2318	#CD1076	#000000	-5.45	0	83	5600,0
2318	#FFFFFF	#D3D3D3	-5.45	0	4	5650,0
2318	#CD1076	#000000	-5	0.45	83	5600,0
2318	#FFFFFF	#D3D3D3	-5	0.45	4	5650,0
2318	#CD1076	#000000	-4.55	0	83	5600,0
2318	#FFFFFF	#D3D3D3	-4.55	0	4	5650,0
2318	#CD1076	#000000	-5	-0.45	83	5600,0
2318	#FFFFFF	#D3D3D3	-5	-0.45	4	5650,0
2318	#CD1076	#000000	-5.45	0	83	5600,0
2318	#FFFFFF	#D3D3D3	-5.45	0	4	5650,0
2000	#CD1076	#000000	-4.95	0.5	83	5600,0
2000	#FFFFFF	#D3D3D3	-4.95	0.5	4	5650,0
2000	#CD1076	#000000	-4.5	0.95	83	5600,0
2000	#FFFFFF	#D3D3D3	-4.5	0.95	4	5650,0
2000	#CD1076	#000000	-4.05	0.5	83	5600,0
2000	#FFFFFF	#D3D3D3	-4.05	0.5	4	5650,0
2000	#CD1076	#000000	-4.5	0.05	83	5600,0
2000	#FFFFFF	#D3D3D3	-4.5	0.05	4	5650,0
2000	#CD1076	#000000	-4.95	0.5	83	5600,0
2000	#FFFFFF	#D3D3D3	-4.95	0.5	4	5650,0
1980	#CD1076	#000000	-4.45	1	18	5600,0
1980	#FFFFFF	#D3D3D3	-4.45	1	4	5650,0
1980	#CD1076	#000000	-4	1.45	18	5600,0
1980	#FFFFFF	#D3D3D3	-4	1.45	4	5650,0
1980	#CD1076	#000000	-3.55	1	18	5600,0
1980	#FFFFFF	#D3D3D3	-3.55	1	4	5650,0
1980	#CD1076	#000000	-4	0.55	18	5600,0
1980	#FFFFFF	#D3D3D3	-4	0.55	4	5650,0
1980	#CD1076	#000000	-4.45	1	18	5600,0
1980	#FFFFFF	#D3D3D3	-4.45	1	4	5650,0
1248	#CD1076	#000000	-3.95	1.5	18	5600,0
1248	#FFFFFF	#D3D3D3	-3.95	1.5	4	5650,0
1248	#CD1076	#000000	-3.5	1.95	18	5600,0
1248	#FFFFFF	#D3D3D3	-3.5	1.95	4	5650,0
1248	#CD1076	#000000	-3.05	1.5	18	5600,0
1248	#FFFFFF	#D3D3D3	-3.05	1.5	4	5650,0
1248	#CD1076	#000000	-3.5	1.05	18	5600,0
1248	#FFFFFF	#D3D3D3	-3.5	1.05	4	5650,0
1248	#CD1076	#000000	-3.95	1.5	18	5600,0
1248	#FFFFFF	#D3D3D3	-3.95	1.5	4	5650,0
1237	#CD1076	#000000	-3.45	2	18	5600,0
1237	#FFFFFF	#D3D3D3	-3.45	2	4	5650,0
1237	#CD1076	#000000	-3	2.45	18	5600,0
1237	#FFFFFF	#D3D3D3	-3	2.45	4	5650,0
1237	#CD1076	#000000	-2.55	2	18	5600,0
1237	#FFFFFF	#D3D3D3	-2.55	2	4	5650,0
1237	#CD1076	#000000	-3	1.55	18	5600,0
1237	#FFFFFF	#D3D3D3	-3	1.55	4	5650,0
1237	#CD1076	#000000	-3.45	2	18	5600,0
1237	#FFFFFF	#D3D3D3	-3.45	2	4	5650,0
566	#CD1076	#000000	-2.95	2.5	18	5600,0
566	#FFFFFF	#D3D3D3	-2.95	2.5	4	5650,0
566	#CD1076	#000000	-2.5	2.95	18	5600,0
566	#FFFFFF	#D3D3D3	-2.5	2.95	4	5650,0
566	#CD1076	#000000	-2.05	2.5	18	5600,0
566	#FFFFFF	#D3D3D3	-2.05	2.5	4	5650,0
566	#CD1076	#000000	-2.5	2.05	18	5600,0
566	#FFFFFF	#D3D3D3	-2.5	2.05	4	5650,0
566	#CD1076	#000000	-2.95	2.5	18	5600,0
566	#FFFFFF	#D3D3D3	-2.95	2.5	4	5650,0
547	#CD1076	#000000	-2.45	3	32	5600,0
547	#FFFFFF	#D3D3D3	-2.45	3	4	5650,0
547	#CD1076	#000000	-2	3.45	32	5600,0
547	#FFFFFF	#D3D3D3	-2	3.45	4	5650,0
547	#CD1076	#000000	-1.55	3	32	5600,0
547	#FFFFFF	#D3D3D3	-1.55	3	4	5650,0
547	#CD1076	#000000	-2	2.55	32	5600,0
547	#FFFFFF	#D3D3D3	-2	2.55	4	5650,0
547	#CD1076	#000000	-2.45	3	32	5600,0
547	#FFFFFF	#D3D3D3	-2.45	3	4	5650,0
55	#CD1076	#000000	-1.95	3.5	32	5600,0
55	#FFFFFF	#D3D3D3	-1.95	3.5	4	5650,0
55	#CD1076	#000000	-1.5	3.95	32	5600,0
55	#FFFFFF	#D3D3D3	-1.5	3.95	4	5650,0
55	#CD1076	#000000	-1.05	3.5	32	5600,0
55	#FFFFFF	#D3D3D3	-1.05	3.5	4	5650,0
55	#CD1076	#000000	-1.5	3.05	32	5600,0
55	#FFFFFF	#D3D3D3	-1.5	3.05	4	5650,0
55	#CD1076	#000000	-1.95	3.5	32	5600,0
55	#FFFFFF	#D3D3D3	-1.95	3.5	4	5650,0
36	#FFFFFF	#D3D3D3	-1.45	4	16	5600,0
36	#FFFFFF	#D3D3D3	-1.45	4	4	5650,0
36	#FFFFFF	#D3D3D3	-1	4.45	16	5600,0
36	#FFFFFF	#D3D3D3	-1	4.45	4	5650,0
36	#FFFFFF	#D3D3D3	-0.55	4	16	5600,0
36	#FFFFFF	#D3D3D3	-0.55	4	4	5650,0
36	#FFFFFF	#D3D3D3	-1	3.55	16	5600,0
36	#FFFFFF	#D3D3D3	-1	3.55	4	5650,0
36	#FFFFFF	#D3D3D3	-1.45	4	16	5600,0
36	#FFFFFF	#D3D3D3	-1.45	4	4	5650,0
16	#FFFFFF	#D3D3D3	-0.95	4.5	16	5600,0
16	#FFFFFF	#D3D3D3	-0.95	4.5	4	5650,0
16	#FFFFFF	#D3D3D3	-0.5	4.95	16	5600,0
16	#FFFFFF	#D3D3D3	-0.5	4.95	4	5650,0
16	#FFFFFF	#D3D3D3	-0.05	4.5	16	5600,0
16	#FFFFFF	#D3D3D3	-0.05	4.5	4	5650,0
16	#FFFFFF	#D3D3D3	-0.5	4.05	16	5600,0
16	#FFFFFF	#D3D3D3	-0.5	4.05	4	5650,0
16	#FFFFFF	#D3D3D3	-0.95	4.5	16	5600,0
16	#FFFFFF	#D3D3D3	-0.95	4.5	4	5650,0
2517	#FFFFFF	#D3D3D3	-0.45	5	16	5600,0
2517	#FFFFFF	#D3D3D3	-0.45	5	4	5650,0
2517	#FFFFFF	#D3D3D3	0	5.45	16	5600,0
2517	#FFFFFF	#D3D3D3	0	5.45	4	5650,0
2517	#FFFFFF	#D3D3D3	0.45	5	16	5600,0
2517	#FFFFFF	#D3D3D3	0.45	5	4	5650,0
2517	#FFFFFF	#D3D3D3	0	4.55	16	5600,0
2517	#FFFFFF	#D3D3D3	0	4.55	4	5650,0
2517	#FFFFFF	#D3D3D3	-0.45	5	16	5600,0
2517	#FFFFFF	#D3D3D3	-0.45	5	4	5650,0
2540	#FFFFFF	#D3D3D3	0.05	5.5	16	5600,0
2540	#FFFFFF	#D3D3D3	0.05	5.5	4	5650,0
2540	#FFFFFF	#D3D3D3	0.5	5.95	16	5600,0
2540	#FFFFFF	#D3D3D3	0.5	5.95	4	5650,0
2540	#FFFFFF	#D3D3D3	0.95	5.5	16	5600,0
2540	#FFFFFF	#D3D3D3	0.95	5.5	4	5650,0
2540	#FFFFFF	#D3D3D3	0.5	5.05	16	5600,0
2540	#FFFFFF	#D3D3D3	0.5	5.05	4	5650,0
2540	#FFFFFF	#D3D3D3	0.05	5.5	16	5600,0
2540	#FFFFFF	#D3D3D3	0.05	5.5	4	5650,0
2564	#FFFFFF	#D3D3D3	0.55	6	16	5600,0
2564	#FFFFFF	#D3D3D3	0.55	6	4	5650,0
2564	#FFFFFF	#D3D3D3	1	6.45	16	5600,0
2564	#FFFFFF	#D3D3D3	1	6.45	4	5650,0
2564	#FFFFFF	#D3D3D3	1.45	6	16	5600,0
2564	#FFFFFF	#D3D3D3	1.45	6	4	5650,0
2564	#FFFFFF	#D3D3D3	1	5.55	16	5600,0
2564	#FFFFFF	#D3D3D3	1	5.55	4	5650,0
2564	#FFFFFF	#D3D3D3	0.55	6	16	5600,0
2564	#FFFFFF	#D3D3D3	0.55	6	4	5650,0
2587	#FFFFFF	#D3D3D3	1.05	6.5	16	5600,0
2587	#FFFFFF	#D3D3D3	1.05	6.5	4	5650,0
2587	#FFFFFF	#D3D3D3	1.5	6.95	16	5600,0
2587	#FFFFFF	#D3D3D3	1.5	6.95	4	5650,0
2587	#FFFFFF	#D3D3D3	1.95	6.5	16	5600,0
2587	#FFFFFF	#D3D3D3	1.95	6.5	4	5650,0
2587	#FFFFFF	#D3D3D3	1.5	6.05	16	5600,0
2587	#FFFFFF	#D3D3D3	1.5	6.05	4	5650,0
2587	#FFFFFF	#D3D3D3	1.05	6.5	16	5600,0
2587	#FFFFFF	#D3D3D3	1.05	6.5	4	5650,0
2611	#FFFFFF	#D3D3D3	1.55	7	16	5600,0
2611	#FFFFFF	#D3D3D3	2	7.45	16	5600,0
2611	#FFFFFF	#D3D3D3	2.45	7	16	5600,0
2611	#FFFFFF	#D3D3D3	2	6.55	16	5600,0
2611	#FFFFFF	#D3D3D3	1.55	7	16	5600,0
2635	#FFFFFF	#D3D3D3	2.05	7.5	16	5600,0
2635	#FFFFFF	#D3D3D3	2.5	7.95	16	5600,0
2635	#FFFFFF	#D3D3D3	2.95	7.5	16	5600,0
2635	#FFFFFF	#D3D3D3	2.5	7.05	16	5600,0
2635	#FFFFFF	#D3D3D3	2.05	7.5	16	5600,0
2661	#FFFFFF	#D3D3D3	2.55	8	16	5600,0
2661	#FFFFFF	#D3D3D3	3	8.45	16	5600,0
2661	#FFFFFF	#D3D3D3	3.45	8	16	5600,0
2661	#FFFFFF	#D3D3D3	3	7.55	16	5600,0
2661	#FFFFFF	#D3D3D3	2.55	8	16	5600,0
2686	#FFFFFF	#D3D3D3	3.05	8.5	16	5600,0
2686	#FFFFFF	#D3D3D3	3.5	8.95	16	5600,0
2686	#FFFFFF	#D3D3D3	3.95	8.5	16	5600,0
2686	#FFFFFF	#D3D3D3	3.5	8.05	16	5600,0
2686	#FFFFFF	#D3D3D3	3.05	8.5	16	5600,0
2713	#FFFFFF	#D3D3D3	3.55	9	16	5600,0
2713	#FFFFFF	#D3D3D3	4	9.45	16	5600,0
2713	#FFFFFF	#D3D3D3	4.45	9	16	5600,0
2713	#FFFFFF	#D3D3D3	4	8.55	16	5600,0
2713	#FFFFFF	#D3D3D3	3.55	9	16	5600,0
2739	#FFFFFF	#D3D3D3	4.05	9.5	16	5600,0
2739	#FFFFFF	#D3D3D3	4.5	9.95	16	5600,0
2739	#FFFFFF	#D3D3D3	4.95	9.5	16	5600,0
2739	#FFFFFF	#D3D3D3	4.5	9.05	16	5600,0
2739	#FFFFFF	#D3D3D3	4.05	9.5	16	5600,0
2742	#FFFFFF	#D3D3D3	4.55	10	16	5600,0
2742	#FFFFFF	#D3D3D3	5	10.45	16	5600,0
2742	#FFFFFF	#D3D3D3	5.45	10	16	5600,0
2742	#FFFFFF	#D3D3D3	5	9.55	16	5600,0
2742	#FFFFFF	#D3D3D3	4.55	10	16	5600,0
2289	#FFFFFF	#D3D3D3	-44.95	10.5	16	5650,0
2289	#FFFFFF	#D3D3D3	-44.5	10.95	16	5650,0
2289	#FFFFFF	#D3D3D3	-44.05	10.5	16	5650,0
2289	#FFFFFF	#D3D3D3	-44.5	10.05	16	5650,0
2289	#FFFFFF	#D3D3D3	-44.95	10.5	16	5650,0
2262	#FFFFFF	#D3D3D3	-44.45	11	16	5650,0
2262	#FFFFFF	#D3D3D3	-44	11.45	16	5650,0
2262	#FFFFFF	#D3D3D3	-43.55	11	16	5650,0
2262	#FFFFFF	#D3D3D3	-44	10.55	16	5650,0
2262	#FFFFFF	#D3D3D3	-44.45	11	16	5650,0
2233	#FFFFFF	#D3D3D3	-43.95	11.5	16	5650,0
2233	#FFFFFF	#D3D3D3	-43.5	11.95	16	5650,0
2233	#FFFFFF	#D3D3D3	-43.05	11.5	16	5650,0
2233	#FFFFFF	#D3D3D3	-43.5	11.05	16	5650,0
2233	#FFFFFF	#D3D3D3	-43.95	11.5	16	5650,0
2204	#FFFFFF	#D3D3D3	-43.45	12	16	5650,0
2204	#FFFFFF	#D3D3D3	-43	12.45	16	5650,0
2204	#FFFFFF	#D3D3D3	-42.55	12	16	5650,0
2204	#FFFFFF	#D3D3D3	-43	11.55	16	5650,0
2204	#FFFFFF	#D3D3D3	-43.45	12	16	5650,0
2175	#FFFFFF	#D3D3D3	-42.95	12.5	16	5650,0
2175	#FFFFFF	#D3D3D3	-42.5	12.95	16	5650,0
2175	#FFFFFF	#D3D3D3	-42.05	12.5	16	5650,0
2175	#FFFFFF	#D3D3D3	-42.5	12.05	16	5650,0
2175	#FFFFFF	#D3D3D3	-42.95	12.5	16	5650,0
2146	#FFFFFF	#D3D3D3	-42.45	13	16	5650,0
2146	#FFFFFF	#D3D3D3	-42	13.45	16	5650,0
2146	#FFFFFF	#D3D3D3	-41.55	13	16	5650,0
2146	#FFFFFF	#D3D3D3	-42	12.55	16	5650,0
2146	#FFFFFF	#D3D3D3	-42.45	13	16	5650,0
2117	#FFFFFF	#D3D3D3	-41.95	13.5	16	5650,0
2117	#FFFFFF	#D3D3D3	-41.5	13.95	16	5650,0
2117	#FFFFFF	#D3D3D3	-41.05	13.5	16	5650,0
2117	#FFFFFF	#D3D3D3	-41.5	13.05	16	5650,0
2117	#FFFFFF	#D3D3D3	-41.95	13.5	16	5650,0
2087	#FFFFFF	#D3D3D3	-41.45	14	16	5650,0
2087	#FFFFFF	#D3D3D3	-41	14.45	16	5650,0
2087	#FFFFFF	#D3D3D3	-40.55	14	16	5650,0
2087	#FFFFFF	#D3D3D3	-41	13.55	16	5650,0
2087	#FFFFFF	#D3D3D3	-41.45	14	16	5650,0
2056	#FFFFFF	#D3D3D3	-40.95	14.5	16	5650,0
2056	#FFFFFF	#D3D3D3	-40.5	14.95	16	5650,0
2056	#FFFFFF	#D3D3D3	-40.05	14.5	16	5650,0
2056	#FFFFFF	#D3D3D3	-40.5	14.05	16	5650,0
2056	#FFFFFF	#D3D3D3	-40.95	14.5	16	5650,0
2026	#FFFFFF	#D3D3D3	-40.45	15	16	5650,0
2026	#FFFFFF	#D3D3D3	-40	15.45	16	5650,0
2026	#FFFFFF	#D3D3D3	-39.55	15	16	5650,0
2026	#FFFFFF	#D3D3D3	-40	14.55	16	5650,0
2026	#FFFFFF	#D3D3D3	-40.45	15	16	5650,0
1954	#FFFFFF	#D3D3D3	-39.95	15.5	16	5650,0
1954	#FFFFFF	#D3D3D3	-39.5	15.95	16	5650,0
1954	#FFFFFF	#D3D3D3	-39.05	15.5	16	5650,0
1954	#FFFFFF	#D3D3D3	-39.5	15.05	16	5650,0
1954	#FFFFFF	#D3D3D3	-39.95	15.5	16	5650,0
1922	#FFFFFF	#D3D3D3	-39.45	16	16	5650,0
1922	#FFFFFF	#D3D3D3	-39	16.45	16	5650,0
1922	#FFFFFF	#D3D3D3	-38.55	16	16	5650,0
1922	#FFFFFF	#D3D3D3	-39	15.55	16	5650,0
1922	#FFFFFF	#D3D3D3	-39.45	16	16	5650,0
1889	#FFFFFF	#D3D3D3	-38.95	16.5	16	5650,0
1889	#FFFFFF	#D3D3D3	-38.5	16.95	16	5650,0
1889	#FFFFFF	#D3D3D3	-38.05	16.5	16	5650,0
1889	#FFFFFF	#D3D3D3	-38.5	16.05	16	5650,0
1889	#FFFFFF	#D3D3D3	-38.95	16.5	16	5650,0
1856	#FFFFFF	#D3D3D3	-38.45	17	16	5650,0
1856	#FFFFFF	#D3D3D3	-38	17.45	16	5650,0
1856	#FFFFFF	#D3D3D3	-37.55	17	16	5650,0
1856	#FFFFFF	#D3D3D3	-38	16.55	16	5650,0
1856	#FFFFFF	#D3D3D3	-38.45	17	16	5650,0
1822	#FFFFFF	#D3D3D3	-37.95	17.5	16	5650,0
1822	#FFFFFF	#D3D3D3	-37.5	17.95	16	5650,0
1822	#FFFFFF	#D3D3D3	-37.05	17.5	16	5650,0
1822	#FFFFFF	#D3D3D3	-37.5	17.05	16	5650,0
1822	#FFFFFF	#D3D3D3	-37.95	17.5	16	5650,0
1788	#FFFFFF	#D3D3D3	-37.45	18	16	5650,0
1788	#FFFFFF	#D3D3D3	-37	18.45	16	5650,0
1788	#FFFFFF	#D3D3D3	-36.55	18	16	5650,0
1788	#FFFFFF	#D3D3D3	-37	17.55	16	5650,0
1788	#FFFFFF	#D3D3D3	-37.45	18	16	5650,0
1753	#FFFFFF	#D3D3D3	-36.95	18.5	16	5650,0
1753	#FFFFFF	#D3D3D3	-36.5	18.95	16	5650,0
1753	#FFFFFF	#D3D3D3	-36.05	18.5	16	5650,0
1753	#FFFFFF	#D3D3D3	-36.5	18.05	16	5650,0
1753	#FFFFFF	#D3D3D3	-36.95	18.5	16	5650,0
1719	#FFFFFF	#D3D3D3	-36.45	19	16	5650,0
1719	#FFFFFF	#D3D3D3	-36	19.45	16	5650,0
1719	#FFFFFF	#D3D3D3	-35.55	19	16	5650,0
1719	#FFFFFF	#D3D3D3	-36	18.55	16	5650,0
1719	#FFFFFF	#D3D3D3	-36.45	19	16	5650,0
1683	#FFFFFF	#D3D3D3	-35.95	19.5	16	5650,0
1683	#FFFFFF	#D3D3D3	-35.5	19.95	16	5650,0
1683	#FFFFFF	#D3D3D3	-35.05	19.5	16	5650,0
1683	#FFFFFF	#D3D3D3	-35.5	19.05	16	5650,0
1683	#FFFFFF	#D3D3D3	-35.95	19.5	16	5650,0
1649	#FFFFFF	#D3D3D3	-35.45	20	16	5650,0
1649	#FFFFFF	#D3D3D3	-35	20.45	16	5650,0
1649	#FFFFFF	#D3D3D3	-34.55	20	16	5650,0
1649	#FFFFFF	#D3D3D3	-35	19.55	16	5650,0
1649	#FFFFFF	#D3D3D3	-35.45	20	16	5650,0
1612	#FFFFFF	#D3D3D3	-34.95	20.5	16	5650,0
1612	#FFFFFF	#D3D3D3	-34.5	20.95	16	5650,0
1612	#FFFFFF	#D3D3D3	-34.05	20.5	16	5650,0
1612	#FFFFFF	#D3D3D3	-34.5	20.05	16	5650,0
1612	#FFFFFF	#D3D3D3	-34.95	20.5	16	5650,0
1575	#FFFFFF	#D3D3D3	-34.45	21	16	5650,0
1575	#FFFFFF	#D3D3D3	-34	21.45	16	5650,0
1575	#FFFFFF	#D3D3D3	-33.55	21	16	5650,0
1575	#FFFFFF	#D3D3D3	-34	20.55	16	5650,0
1575	#FFFFFF	#D3D3D3	-34.45	21	16	5650,0
1538	#FFFFFF	#D3D3D3	-33.95	21.5	16	5650,0
1538	#FFFFFF	#D3D3D3	-33.5	21.95	16	5650,0
1538	#FFFFFF	#D3D3D3	-33.05	21.5	16	5650,0
1538	#FFFFFF	#D3D3D3	-33.5	21.05	16	5650,0
1538	#FFFFFF	#D3D3D3	-33.95	21.5	16	5650,0
1501	#FFFFFF	#D3D3D3	-33.45	22	16	5650,0
1501	#FFFFFF	#D3D3D3	-33	22.45	16	5650,0
1501	#FFFFFF	#D3D3D3	-32.55	22	16	5650,0
1501	#FFFFFF	#D3D3D3	-33	21.55	16	5650,0
1501	#FFFFFF	#D3D3D3	-33.45	22	16	5650,0
1463	#FFFFFF	#D3D3D3	-32.95	22.5	16	5650,0
1463	#FFFFFF	#D3D3D3	-32.5	22.95	16	5650,0
1463	#FFFFFF	#D3D3D3	-32.05	22.5	16	5650,0
1463	#FFFFFF	#D3D3D3	-32.5	22.05	16	5650,0
1463	#FFFFFF	#D3D3D3	-32.95	22.5	16	5650,0
1426	#FFFFFF	#D3D3D3	-32.45	23	16	5650,0
1426	#FFFFFF	#D3D3D3	-32	23.45	16	5650,0
1426	#FFFFFF	#D3D3D3	-31.55	23	16	5650,0
1426	#FFFFFF	#D3D3D3	-32	22.55	16	5650,0
1426	#FFFFFF	#D3D3D3	-32.45	23	16	5650,0
1390	#FFFFFF	#D3D3D3	-31.95	23.5	16	5650,0
1390	#FFFFFF	#D3D3D3	-31.5	23.95	16	5650,0
1390	#FFFFFF	#D3D3D3	-31.05	23.5	16	5650,0
1390	#FFFFFF	#D3D3D3	-31.5	23.05	16	5650,0
1390	#FFFFFF	#D3D3D3	-31.95	23.5	16	5650,0
1355	#FFFFFF	#D3D3D3	-31.45	24	16	5650,0
1355	#FFFFFF	#D3D3D3	-31	24.45	16	5650,0
1355	#FFFFFF	#D3D3D3	-30.55	24	16	5650,0
1355	#FFFFFF	#D3D3D3	-31	23.55	16	5650,0
1355	#FFFFFF	#D3D3D3	-31.45	24	16	5650,0
1320	#FFFFFF	#D3D3D3	-30.95	24.5	16	5650,0
1320	#FFFFFF	#D3D3D3	-30.5	24.95	16	5650,0
1320	#FFFFFF	#D3D3D3	-30.05	24.5	16	5650,0
1320	#FFFFFF	#D3D3D3	-30.5	24.05	16	5650,0
1320	#FFFFFF	#D3D3D3	-30.95	24.5	16	5650,0
1286	#FFFFFF	#D3D3D3	-30.45	25	16	5650,0
1286	#FFFFFF	#D3D3D3	-30	25.45	16	5650,0
1286	#FFFFFF	#D3D3D3	-29.55	25	16	5650,0
1286	#FFFFFF	#D3D3D3	-30	24.55	16	5650,0
1286	#FFFFFF	#D3D3D3	-30.45	25	16	5650,0
1208	#FFFFFF	#D3D3D3	-29.95	25.5	16	5650,0
1208	#FFFFFF	#D3D3D3	-29.5	25.95	16	5650,0
1208	#FFFFFF	#D3D3D3	-29.05	25.5	16	5650,0
1208	#FFFFFF	#D3D3D3	-29.5	25.05	16	5650,0
1208	#FFFFFF	#D3D3D3	-29.95	25.5	16	5650,0
1175	#FFFFFF	#D3D3D3	-29.45	26	8	5650,0
1175	#FFFFFF	#D3D3D3	-29	26.45	8	5650,0
1175	#FFFFFF	#D3D3D3	-28.55	26	8	5650,0
1175	#FFFFFF	#D3D3D3	-29	25.55	8	5650,0
1175	#FFFFFF	#D3D3D3	-29.45	26	8	5650,0
1142	#FFFFFF	#D3D3D3	-28.95	26.5	8	5650,0
1142	#FFFFFF	#D3D3D3	-28.5	26.95	8	5650,0
1142	#FFFFFF	#D3D3D3	-28.05	26.5	8	5650,0
1142	#FFFFFF	#D3D3D3	-28.5	26.05	8	5650,0
1142	#FFFFFF	#D3D3D3	-28.95	26.5	8	5650,0
1109	#FFFFFF	#D3D3D3	-28.45	27	8	5650,0
1109	#FFFFFF	#D3D3D3	-28	27.45	8	5650,0
1109	#FFFFFF	#D3D3D3	-27.55	27	8	5650,0
1109	#FFFFFF	#D3D3D3	-28	26.55	8	5650,0
1109	#FFFFFF	#D3D3D3	-28.45	27	8	5650,0
1076	#FFFFFF	#D3D3D3	-27.95	27.5	8	5650,0
1076	#FFFFFF	#D3D3D3	-27.5	27.95	8	5650,0
1076	#FFFFFF	#D3D3D3	-27.05	27.5	8	5650,0
1076	#FFFFFF	#D3D3D3	-27.5	27.05	8	5650,0
1076	#FFFFFF	#D3D3D3	-27.95	27.5	8	5650,0
1043	#FFFFFF	#D3D3D3	-27.45	28	8	5650,0
1043	#FFFFFF	#D3D3D3	-27	28.45	8	5650,0
1043	#FFFFFF	#D3D3D3	-26.55	28	8	5650,0
1043	#FFFFFF	#D3D3D3	-27	27.55	8	5650,0
1043	#FFFFFF	#D3D3D3	-27.45	28	8	5650,0
1010	#FFFFFF	#D3D3D3	-26.95	28.5	8	5650,0
1010	#FFFFFF	#D3D3D3	-26.5	28.95	8	5650,0
1010	#FFFFFF	#D3D3D3	-26.05	28.5	8	5650,0
1010	#FFFFFF	#D3D3D3	-26.5	28.05	8	5650,0
1010	#FFFFFF	#D3D3D3	-26.95	28.5	8	5650,0
976	#FFFFFF	#D3D3D3	-26.45	29	8	5650,0
976	#FFFFFF	#D3D3D3	-26	29.45	8	5650,0
976	#FFFFFF	#D3D3D3	-25.55	29	8	5650,0
976	#FFFFFF	#D3D3D3	-26	28.55	8	5650,0
976	#FFFFFF	#D3D3D3	-26.45	29	8	5650,0
942	#FFFFFF	#D3D3D3	-25.95	29.5	8	5650,0
942	#FFFFFF	#D3D3D3	-25.5	29.95	8	5650,0
942	#FFFFFF	#D3D3D3	-25.05	29.5	8	5650,0
942	#FFFFFF	#D3D3D3	-25.5	29.05	8	5650,0
942	#FFFFFF	#D3D3D3	-25.95	29.5	8	5650,0
910	#FFFFFF	#D3D3D3	-25.45	30	8	5650,0
910	#FFFFFF	#D3D3D3	-25	30.45	8	5650,0
910	#FFFFFF	#D3D3D3	-24.55	30	8	5650,0
910	#FFFFFF	#D3D3D3	-25	29.55	8	5650,0
910	#FFFFFF	#D3D3D3	-25.45	30	8	5650,0
877	#FFFFFF	#D3D3D3	-24.95	30.5	8	5650,0
877	#FFFFFF	#D3D3D3	-24.5	30.95	8	5650,0
877	#FFFFFF	#D3D3D3	-24.05	30.5	8	5650,0
877	#FFFFFF	#D3D3D3	-24.5	30.05	8	5650,0
877	#FFFFFF	#D3D3D3	-24.95	30.5	8	5650,0
845	#FFFFFF	#D3D3D3	-24.45	31	4	5650,0
845	#FFFFFF	#D3D3D3	-24	31.45	4	5650,0
845	#FFFFFF	#D3D3D3	-23.55	31	4	5650,0
845	#FFFFFF	#D3D3D3	-24	30.55	4	5650,0
845	#FFFFFF	#D3D3D3	-24.45	31	4	5650,0
813	#FFFFFF	#D3D3D3	-23.95	31.5	4	5650,0
813	#FFFFFF	#D3D3D3	-23.5	31.95	4	5650,0
813	#FFFFFF	#D3D3D3	-23.05	31.5	4	5650,0
813	#FFFFFF	#D3D3D3	-23.5	31.05	4	5650,0
813	#FFFFFF	#D3D3D3	-23.95	31.5	4	5650,0
1979	#CD1076	#000000	-4.45	0	83	5600,0
1979	#FFFFFF	#D3D3D3	-4.45	0	4	5650,0
1979	#CD1076	#000000	-4	0.45	83	5600,0
1979	#FFFFFF	#D3D3D3	-4	0.45	4	5650,0
1979	#CD1076	#000000	-3.55	0	83	5600,0
1979	#FFFFFF	#D3D3D3	-3.55	0	4	5650,0
1979	#CD1076	#000000	-4	-0.45	83	5600,0
1979	#FFFFFF	#D3D3D3	-4	-0.45	4	5650,0
1979	#CD1076	#000000	-4.45	0	83	5600,0
1979	#FFFFFF	#D3D3D3	-4.45	0	4	5650,0
1247	#CD1076	#000000	-3.95	0.5	83	5600,0
1247	#FFFFFF	#D3D3D3	-3.95	0.5	4	5650,0
1247	#CD1076	#000000	-3.5	0.95	83	5600,0
1247	#FFFFFF	#D3D3D3	-3.5	0.95	4	5650,0
1247	#CD1076	#000000	-3.05	0.5	83	5600,0
1247	#FFFFFF	#D3D3D3	-3.05	0.5	4	5650,0
1247	#CD1076	#000000	-3.5	0.05	83	5600,0
1247	#FFFFFF	#D3D3D3	-3.5	0.05	4	5650,0
1247	#CD1076	#000000	-3.95	0.5	83	5600,0
1247	#FFFFFF	#D3D3D3	-3.95	0.5	4	5650,0
1226	#CD1076	#000000	-3.45	1	18	5600,0
1226	#FFFFFF	#D3D3D3	-3.45	1	4	5650,0
1226	#CD1076	#000000	-3	1.45	18	5600,0
1226	#FFFFFF	#D3D3D3	-3	1.45	4	5650,0
1226	#CD1076	#000000	-2.55	1	18	5600,0
1226	#FFFFFF	#D3D3D3	-2.55	1	4	5650,0
1226	#CD1076	#000000	-3	0.55	18	5600,0
1226	#FFFFFF	#D3D3D3	-3	0.55	4	5650,0
1226	#CD1076	#000000	-3.45	1	18	5600,0
1226	#FFFFFF	#D3D3D3	-3.45	1	4	5650,0
555	#CD1076	#000000	-2.95	1.5	18	5600,0
555	#FFFFFF	#D3D3D3	-2.95	1.5	4	5650,0
555	#CD1076	#000000	-2.5	1.95	18	5600,0
555	#FFFFFF	#D3D3D3	-2.5	1.95	4	5650,0
555	#CD1076	#000000	-2.05	1.5	18	5600,0
555	#FFFFFF	#D3D3D3	-2.05	1.5	4	5650,0
555	#CD1076	#000000	-2.5	1.05	18	5600,0
555	#FFFFFF	#D3D3D3	-2.5	1.05	4	5650,0
555	#CD1076	#000000	-2.95	1.5	18	5600,0
555	#FFFFFF	#D3D3D3	-2.95	1.5	4	5650,0
543	#CD1076	#000000	-2.45	2	18	5600,0
543	#FFFFFF	#D3D3D3	-2.45	2	4	5650,0
543	#CD1076	#000000	-2	2.45	18	5600,0
543	#FFFFFF	#D3D3D3	-2	2.45	4	5650,0
543	#CD1076	#000000	-1.55	2	18	5600,0
543	#FFFFFF	#D3D3D3	-1.55	2	4	5650,0
543	#CD1076	#000000	-2	1.55	18	5600,0
543	#FFFFFF	#D3D3D3	-2	1.55	4	5650,0
543	#CD1076	#000000	-2.45	2	18	5600,0
543	#FFFFFF	#D3D3D3	-2.45	2	4	5650,0
51	#CD1076	#000000	-1.95	2.5	32	5600,0
51	#FFFFFF	#D3D3D3	-1.95	2.5	4	5650,0
51	#CD1076	#000000	-1.5	2.95	32	5600,0
51	#FFFFFF	#D3D3D3	-1.5	2.95	4	5650,0
51	#CD1076	#000000	-1.05	2.5	32	5600,0
51	#FFFFFF	#D3D3D3	-1.05	2.5	4	5650,0
51	#CD1076	#000000	-1.5	2.05	32	5600,0
51	#FFFFFF	#D3D3D3	-1.5	2.05	4	5650,0
51	#CD1076	#000000	-1.95	2.5	32	5600,0
51	#FFFFFF	#D3D3D3	-1.95	2.5	4	5650,0
35	#CD1076	#000000	-1.45	3	32	5600,0
35	#FFFFFF	#D3D3D3	-1.45	3	4	5650,0
35	#CD1076	#000000	-1	3.45	32	5600,0
35	#FFFFFF	#D3D3D3	-1	3.45	4	5650,0
35	#CD1076	#000000	-0.55	3	32	5600,0
35	#FFFFFF	#D3D3D3	-0.55	3	4	5650,0
35	#CD1076	#000000	-1	2.55	32	5600,0
35	#FFFFFF	#D3D3D3	-1	2.55	4	5650,0
35	#CD1076	#000000	-1.45	3	32	5600,0
35	#FFFFFF	#D3D3D3	-1.45	3	4	5650,0
15	#FFFFFF	#D3D3D3	-0.95	3.5	16	5600,0
15	#FFFFFF	#D3D3D3	-0.95	3.5	4	5650,0
15	#FFFFFF	#D3D3D3	-0.5	3.95	16	5600,0
15	#FFFFFF	#D3D3D3	-0.5	3.95	4	5650,0
15	#FFFFFF	#D3D3D3	-0.05	3.5	16	5600,0
15	#FFFFFF	#D3D3D3	-0.05	3.5	4	5650,0
15	#FFFFFF	#D3D3D3	-0.5	3.05	16	5600,0
15	#FFFFFF	#D3D3D3	-0.5	3.05	4	5650,0
15	#FFFFFF	#D3D3D3	-0.95	3.5	16	5600,0
15	#FFFFFF	#D3D3D3	-0.95	3.5	4	5650,0
2516	#FFFFFF	#D3D3D3	-0.45	4	16	5600,0
2516	#FFFFFF	#D3D3D3	-0.45	4	4	5650,0
2516	#FFFFFF	#D3D3D3	0	4.45	16	5600,0
2516	#FFFFFF	#D3D3D3	0	4.45	4	5650,0
2516	#FFFFFF	#D3D3D3	0.45	4	16	5600,0
2516	#FFFFFF	#D3D3D3	0.45	4	4	5650,0
2516	#FFFFFF	#D3D3D3	0	3.55	16	5600,0
2516	#FFFFFF	#D3D3D3	0	3.55	4	5650,0
2516	#FFFFFF	#D3D3D3	-0.45	4	16	5600,0
2516	#FFFFFF	#D3D3D3	-0.45	4	4	5650,0
2539	#FFFFFF	#D3D3D3	0.05	4.5	16	5600,0
2539	#FFFFFF	#D3D3D3	0.05	4.5	4	5650,0
2539	#FFFFFF	#D3D3D3	0.5	4.95	16	5600,0
2539	#FFFFFF	#D3D3D3	0.5	4.95	4	5650,0
2539	#FFFFFF	#D3D3D3	0.95	4.5	16	5600,0
2539	#FFFFFF	#D3D3D3	0.95	4.5	4	5650,0
2539	#FFFFFF	#D3D3D3	0.5	4.05	16	5600,0
2539	#FFFFFF	#D3D3D3	0.5	4.05	4	5650,0
2539	#FFFFFF	#D3D3D3	0.05	4.5	16	5600,0
2539	#FFFFFF	#D3D3D3	0.05	4.5	4	5650,0
2563	#FFFFFF	#D3D3D3	0.55	5	16	5600,0
2563	#FFFFFF	#D3D3D3	0.55	5	4	5650,0
2563	#FFFFFF	#D3D3D3	1	5.45	16	5600,0
2563	#FFFFFF	#D3D3D3	1	5.45	4	5650,0
2563	#FFFFFF	#D3D3D3	1.45	5	16	5600,0
2563	#FFFFFF	#D3D3D3	1.45	5	4	5650,0
2563	#FFFFFF	#D3D3D3	1	4.55	16	5600,0
2563	#FFFFFF	#D3D3D3	1	4.55	4	5650,0
2563	#FFFFFF	#D3D3D3	0.55	5	16	5600,0
2563	#FFFFFF	#D3D3D3	0.55	5	4	5650,0
2586	#FFFFFF	#D3D3D3	1.05	5.5	16	5600,0
2586	#FFFFFF	#D3D3D3	1.05	5.5	4	5650,0
2586	#FFFFFF	#D3D3D3	1.5	5.95	16	5600,0
2586	#FFFFFF	#D3D3D3	1.5	5.95	4	5650,0
2586	#FFFFFF	#D3D3D3	1.95	5.5	16	5600,0
2586	#FFFFFF	#D3D3D3	1.95	5.5	4	5650,0
2586	#FFFFFF	#D3D3D3	1.5	5.05	16	5600,0
2586	#FFFFFF	#D3D3D3	1.5	5.05	4	5650,0
2586	#FFFFFF	#D3D3D3	1.05	5.5	16	5600,0
2586	#FFFFFF	#D3D3D3	1.05	5.5	4	5650,0
2610	#FFFFFF	#D3D3D3	1.55	6	16	5600,0
2610	#FFFFFF	#D3D3D3	1.55	6	4	5650,0
2610	#FFFFFF	#D3D3D3	2	6.45	16	5600,0
2610	#FFFFFF	#D3D3D3	2	6.45	4	5650,0
2610	#FFFFFF	#D3D3D3	2.45	6	16	5600,0
2610	#FFFFFF	#D3D3D3	2.45	6	4	5650,0
2610	#FFFFFF	#D3D3D3	2	5.55	16	5600,0
2610	#FFFFFF	#D3D3D3	2	5.55	4	5650,0
2610	#FFFFFF	#D3D3D3	1.55	6	16	5600,0
2610	#FFFFFF	#D3D3D3	1.55	6	4	5650,0
2634	#FFFFFF	#D3D3D3	2.05	6.5	16	5600,0
2634	#FFFFFF	#D3D3D3	2.5	6.95	16	5600,0
2634	#FFFFFF	#D3D3D3	2.95	6.5	16	5600,0
2634	#FFFFFF	#D3D3D3	2.5	6.05	16	5600,0
2634	#FFFFFF	#D3D3D3	2.05	6.5	16	5600,0
2660	#FFFFFF	#D3D3D3	2.55	7	16	5600,0
2660	#FFFFFF	#D3D3D3	3	7.45	16	5600,0
2660	#FFFFFF	#D3D3D3	3.45	7	16	5600,0
2660	#FFFFFF	#D3D3D3	3	6.55	16	5600,0
2660	#FFFFFF	#D3D3D3	2.55	7	16	5600,0
2685	#FFFFFF	#D3D3D3	3.05	7.5	16	5600,0
2685	#FFFFFF	#D3D3D3	3.5	7.95	16	5600,0
2685	#FFFFFF	#D3D3D3	3.95	7.5	16	5600,0
2685	#FFFFFF	#D3D3D3	3.5	7.05	16	5600,0
2685	#FFFFFF	#D3D3D3	3.05	7.5	16	5600,0
2712	#FFFFFF	#D3D3D3	3.55	8	16	5600,0
2712	#FFFFFF	#D3D3D3	4	8.45	16	5600,0
2712	#FFFFFF	#D3D3D3	4.45	8	16	5600,0
2712	#FFFFFF	#D3D3D3	4	7.55	16	5600,0
2712	#FFFFFF	#D3D3D3	3.55	8	16	5600,0
2738	#FFFFFF	#D3D3D3	4.05	8.5	16	5600,0
2738	#FFFFFF	#D3D3D3	4.5	8.95	16	5600,0
2738	#FFFFFF	#D3D3D3	4.95	8.5	16	5600,0
2738	#FFFFFF	#D3D3D3	4.5	8.05	16	5600,0
2738	#FFFFFF	#D3D3D3	4.05	8.5	16	5600,0
2766	#FFFFFF	#D3D3D3	4.55	9	16	5600,0
2766	#FFFFFF	#D3D3D3	5	9.45	16	5600,0
2766	#FFFFFF	#D3D3D3	5.45	9	16	5600,0
2766	#FFFFFF	#D3D3D3	5	8.55	16	5600,0
2766	#FFFFFF	#D3D3D3	4.55	9	16	5600,0
2313	#FFFFFF	#D3D3D3	-44.95	9.5	16	5650,0
2313	#FFFFFF	#D3D3D3	-44.5	9.95	16	5650,0
2313	#FFFFFF	#D3D3D3	-44.05	9.5	16	5650,0
2313	#FFFFFF	#D3D3D3	-44.5	9.05	16	5650,0
2313	#FFFFFF	#D3D3D3	-44.95	9.5	16	5650,0
2261	#FFFFFF	#D3D3D3	-44.45	10	16	5650,0
2261	#FFFFFF	#D3D3D3	-44	10.45	16	5650,0
2261	#FFFFFF	#D3D3D3	-43.55	10	16	5650,0
2261	#FFFFFF	#D3D3D3	-44	9.55	16	5650,0
2261	#FFFFFF	#D3D3D3	-44.45	10	16	5650,0
2232	#FFFFFF	#D3D3D3	-43.95	10.5	16	5650,0
2232	#FFFFFF	#D3D3D3	-43.5	10.95	16	5650,0
2232	#FFFFFF	#D3D3D3	-43.05	10.5	16	5650,0
2232	#FFFFFF	#D3D3D3	-43.5	10.05	16	5650,0
2232	#FFFFFF	#D3D3D3	-43.95	10.5	16	5650,0
2203	#FFFFFF	#D3D3D3	-43.45	11	16	5650,0
2203	#FFFFFF	#D3D3D3	-43	11.45	16	5650,0
2203	#FFFFFF	#D3D3D3	-42.55	11	16	5650,0
2203	#FFFFFF	#D3D3D3	-43	10.55	16	5650,0
2203	#FFFFFF	#D3D3D3	-43.45	11	16	5650,0
2174	#FFFFFF	#D3D3D3	-42.95	11.5	16	5650,0
2174	#FFFFFF	#D3D3D3	-42.5	11.95	16	5650,0
2174	#FFFFFF	#D3D3D3	-42.05	11.5	16	5650,0
2174	#FFFFFF	#D3D3D3	-42.5	11.05	16	5650,0
2174	#FFFFFF	#D3D3D3	-42.95	11.5	16	5650,0
2145	#FFFFFF	#D3D3D3	-42.45	12	16	5650,0
2145	#FFFFFF	#D3D3D3	-42	12.45	16	5650,0
2145	#FFFFFF	#D3D3D3	-41.55	12	16	5650,0
2145	#FFFFFF	#D3D3D3	-42	11.55	16	5650,0
2145	#FFFFFF	#D3D3D3	-42.45	12	16	5650,0
2116	#FFFFFF	#D3D3D3	-41.95	12.5	16	5650,0
2116	#FFFFFF	#D3D3D3	-41.5	12.95	16	5650,0
2116	#FFFFFF	#D3D3D3	-41.05	12.5	16	5650,0
2116	#FFFFFF	#D3D3D3	-41.5	12.05	16	5650,0
2116	#FFFFFF	#D3D3D3	-41.95	12.5	16	5650,0
2086	#FFFFFF	#D3D3D3	-41.45	13	16	5650,0
2086	#FFFFFF	#D3D3D3	-41	13.45	16	5650,0
2086	#FFFFFF	#D3D3D3	-40.55	13	16	5650,0
2086	#FFFFFF	#D3D3D3	-41	12.55	16	5650,0
2086	#FFFFFF	#D3D3D3	-41.45	13	16	5650,0
2055	#FFFFFF	#D3D3D3	-40.95	13.5	16	5650,0
2055	#FFFFFF	#D3D3D3	-40.5	13.95	16	5650,0
2055	#FFFFFF	#D3D3D3	-40.05	13.5	16	5650,0
2055	#FFFFFF	#D3D3D3	-40.5	13.05	16	5650,0
2055	#FFFFFF	#D3D3D3	-40.95	13.5	16	5650,0
2025	#FFFFFF	#D3D3D3	-40.45	14	16	5650,0
2025	#FFFFFF	#D3D3D3	-40	14.45	16	5650,0
2025	#FFFFFF	#D3D3D3	-39.55	14	16	5650,0
2025	#FFFFFF	#D3D3D3	-40	13.55	16	5650,0
2025	#FFFFFF	#D3D3D3	-40.45	14	16	5650,0
1953	#FFFFFF	#D3D3D3	-39.95	14.5	16	5650,0
1953	#FFFFFF	#D3D3D3	-39.5	14.95	16	5650,0
1953	#FFFFFF	#D3D3D3	-39.05	14.5	16	5650,0
1953	#FFFFFF	#D3D3D3	-39.5	14.05	16	5650,0
1953	#FFFFFF	#D3D3D3	-39.95	14.5	16	5650,0
1921	#FFFFFF	#D3D3D3	-39.45	15	16	5650,0
1921	#FFFFFF	#D3D3D3	-39	15.45	16	5650,0
1921	#FFFFFF	#D3D3D3	-38.55	15	16	5650,0
1921	#FFFFFF	#D3D3D3	-39	14.55	16	5650,0
1921	#FFFFFF	#D3D3D3	-39.45	15	16	5650,0
1888	#FFFFFF	#D3D3D3	-38.95	15.5	16	5650,0
1888	#FFFFFF	#D3D3D3	-38.5	15.95	16	5650,0
1888	#FFFFFF	#D3D3D3	-38.05	15.5	16	5650,0
1888	#FFFFFF	#D3D3D3	-38.5	15.05	16	5650,0
1888	#FFFFFF	#D3D3D3	-38.95	15.5	16	5650,0
1855	#FFFFFF	#D3D3D3	-38.45	16	16	5650,0
1855	#FFFFFF	#D3D3D3	-38	16.45	16	5650,0
1855	#FFFFFF	#D3D3D3	-37.55	16	16	5650,0
1855	#FFFFFF	#D3D3D3	-38	15.55	16	5650,0
1855	#FFFFFF	#D3D3D3	-38.45	16	16	5650,0
1821	#FFFFFF	#D3D3D3	-37.95	16.5	16	5650,0
1821	#FFFFFF	#D3D3D3	-37.5	16.95	16	5650,0
1821	#FFFFFF	#D3D3D3	-37.05	16.5	16	5650,0
1821	#FFFFFF	#D3D3D3	-37.5	16.05	16	5650,0
1821	#FFFFFF	#D3D3D3	-37.95	16.5	16	5650,0
1787	#FFFFFF	#D3D3D3	-37.45	17	16	5650,0
1787	#FFFFFF	#D3D3D3	-37	17.45	16	5650,0
1787	#FFFFFF	#D3D3D3	-36.55	17	16	5650,0
1787	#FFFFFF	#D3D3D3	-37	16.55	16	5650,0
1787	#FFFFFF	#D3D3D3	-37.45	17	16	5650,0
1752	#FFFFFF	#D3D3D3	-36.95	17.5	16	5650,0
1752	#FFFFFF	#D3D3D3	-36.5	17.95	16	5650,0
1752	#FFFFFF	#D3D3D3	-36.05	17.5	16	5650,0
1752	#FFFFFF	#D3D3D3	-36.5	17.05	16	5650,0
1752	#FFFFFF	#D3D3D3	-36.95	17.5	16	5650,0
1718	#FFFFFF	#D3D3D3	-36.45	18	16	5650,0
1718	#FFFFFF	#D3D3D3	-36	18.45	16	5650,0
1718	#FFFFFF	#D3D3D3	-35.55	18	16	5650,0
1718	#FFFFFF	#D3D3D3	-36	17.55	16	5650,0
1718	#FFFFFF	#D3D3D3	-36.45	18	16	5650,0
1682	#FFFFFF	#D3D3D3	-35.95	18.5	16	5650,0
1682	#FFFFFF	#D3D3D3	-35.5	18.95	16	5650,0
1682	#FFFFFF	#D3D3D3	-35.05	18.5	16	5650,0
1682	#FFFFFF	#D3D3D3	-35.5	18.05	16	5650,0
1682	#FFFFFF	#D3D3D3	-35.95	18.5	16	5650,0
1647	#FFFFFF	#D3D3D3	-35.45	19	16	5650,0
1647	#FFFFFF	#D3D3D3	-35	19.45	16	5650,0
1647	#FFFFFF	#D3D3D3	-34.55	19	16	5650,0
1647	#FFFFFF	#D3D3D3	-35	18.55	16	5650,0
1647	#FFFFFF	#D3D3D3	-35.45	19	16	5650,0
1610	#FFFFFF	#D3D3D3	-34.95	19.5	16	5650,0
1610	#FFFFFF	#D3D3D3	-34.5	19.95	16	5650,0
1610	#FFFFFF	#D3D3D3	-34.05	19.5	16	5650,0
1610	#FFFFFF	#D3D3D3	-34.5	19.05	16	5650,0
1610	#FFFFFF	#D3D3D3	-34.95	19.5	16	5650,0
1574	#FFFFFF	#D3D3D3	-34.45	20	8	5650,0
1574	#FFFFFF	#D3D3D3	-34	20.45	8	5650,0
1574	#FFFFFF	#D3D3D3	-33.55	20	8	5650,0
1574	#FFFFFF	#D3D3D3	-34	19.55	8	5650,0
1574	#FFFFFF	#D3D3D3	-34.45	20	8	5650,0
1537	#FFFFFF	#D3D3D3	-33.95	20.5	8	5650,0
1537	#FFFFFF	#D3D3D3	-33.5	20.95	8	5650,0
1537	#FFFFFF	#D3D3D3	-33.05	20.5	8	5650,0
1537	#FFFFFF	#D3D3D3	-33.5	20.05	8	5650,0
1537	#FFFFFF	#D3D3D3	-33.95	20.5	8	5650,0
1500	#FFFFFF	#D3D3D3	-33.45	21	16	5650,0
1500	#FFFFFF	#D3D3D3	-33	21.45	16	5650,0
1500	#FFFFFF	#D3D3D3	-32.55	21	16	5650,0
1500	#FFFFFF	#D3D3D3	-33	20.55	16	5650,0
1500	#FFFFFF	#D3D3D3	-33.45	21	16	5650,0
1462	#FFFFFF	#D3D3D3	-32.95	21.5	16	5650,0
1462	#FFFFFF	#D3D3D3	-32.5	21.95	16	5650,0
1462	#FFFFFF	#D3D3D3	-32.05	21.5	16	5650,0
1462	#FFFFFF	#D3D3D3	-32.5	21.05	16	5650,0
1462	#FFFFFF	#D3D3D3	-32.95	21.5	16	5650,0
1425	#FFFFFF	#D3D3D3	-32.45	22	16	5650,0
1425	#FFFFFF	#D3D3D3	-32	22.45	16	5650,0
1425	#FFFFFF	#D3D3D3	-31.55	22	16	5650,0
1425	#FFFFFF	#D3D3D3	-32	21.55	16	5650,0
1425	#FFFFFF	#D3D3D3	-32.45	22	16	5650,0
1389	#FFFFFF	#D3D3D3	-31.95	22.5	16	5650,0
1389	#FFFFFF	#D3D3D3	-31.5	22.95	16	5650,0
1389	#FFFFFF	#D3D3D3	-31.05	22.5	16	5650,0
1389	#FFFFFF	#D3D3D3	-31.5	22.05	16	5650,0
1389	#FFFFFF	#D3D3D3	-31.95	22.5	16	5650,0
1354	#FFFFFF	#D3D3D3	-31.45	23	16	5650,0
1354	#FFFFFF	#D3D3D3	-31	23.45	16	5650,0
1354	#FFFFFF	#D3D3D3	-30.55	23	16	5650,0
1354	#FFFFFF	#D3D3D3	-31	22.55	16	5650,0
1354	#FFFFFF	#D3D3D3	-31.45	23	16	5650,0
1319	#FFFFFF	#D3D3D3	-30.95	23.5	16	5650,0
1319	#FFFFFF	#D3D3D3	-30.5	23.95	16	5650,0
1319	#FFFFFF	#D3D3D3	-30.05	23.5	16	5650,0
1319	#FFFFFF	#D3D3D3	-30.5	23.05	16	5650,0
1319	#FFFFFF	#D3D3D3	-30.95	23.5	16	5650,0
1285	#FFFFFF	#D3D3D3	-30.45	24	16	5650,0
1285	#FFFFFF	#D3D3D3	-30	24.45	16	5650,0
1285	#FFFFFF	#D3D3D3	-29.55	24	16	5650,0
1285	#FFFFFF	#D3D3D3	-30	23.55	16	5650,0
1285	#FFFFFF	#D3D3D3	-30.45	24	16	5650,0
1207	#FFFFFF	#D3D3D3	-29.95	24.5	16	5650,0
1207	#FFFFFF	#D3D3D3	-29.5	24.95	16	5650,0
1207	#FFFFFF	#D3D3D3	-29.05	24.5	16	5650,0
1207	#FFFFFF	#D3D3D3	-29.5	24.05	16	5650,0
1207	#FFFFFF	#D3D3D3	-29.95	24.5	16	5650,0
1174	#FFFFFF	#D3D3D3	-29.45	25	8	5650,0
1174	#FFFFFF	#D3D3D3	-29	25.45	8	5650,0
1174	#FFFFFF	#D3D3D3	-28.55	25	8	5650,0
1174	#FFFFFF	#D3D3D3	-29	24.55	8	5650,0
1174	#FFFFFF	#D3D3D3	-29.45	25	8	5650,0
1141	#FFFFFF	#D3D3D3	-28.95	25.5	8	5650,0
1141	#FFFFFF	#D3D3D3	-28.5	25.95	8	5650,0
1141	#FFFFFF	#D3D3D3	-28.05	25.5	8	5650,0
1141	#FFFFFF	#D3D3D3	-28.5	25.05	8	5650,0
1141	#FFFFFF	#D3D3D3	-28.95	25.5	8	5650,0
1108	#FFFFFF	#D3D3D3	-28.45	26	16	5650,0
1108	#FFFFFF	#D3D3D3	-28	26.45	16	5650,0
1108	#FFFFFF	#D3D3D3	-27.55	26	16	5650,0
1108	#FFFFFF	#D3D3D3	-28	25.55	16	5650,0
1108	#FFFFFF	#D3D3D3	-28.45	26	16	5650,0
1075	#FFFFFF	#D3D3D3	-27.95	26.5	16	5650,0
1075	#FFFFFF	#D3D3D3	-27.5	26.95	16	5650,0
1075	#FFFFFF	#D3D3D3	-27.05	26.5	16	5650,0
1075	#FFFFFF	#D3D3D3	-27.5	26.05	16	5650,0
1075	#FFFFFF	#D3D3D3	-27.95	26.5	16	5650,0
1042	#FFFFFF	#D3D3D3	-27.45	27	8	5650,0
1042	#FFFFFF	#D3D3D3	-27	27.45	8	5650,0
1042	#FFFFFF	#D3D3D3	-26.55	27	8	5650,0
1042	#FFFFFF	#D3D3D3	-27	26.55	8	5650,0
1042	#FFFFFF	#D3D3D3	-27.45	27	8	5650,0
1009	#FFFFFF	#D3D3D3	-26.95	27.5	8	5650,0
1009	#FFFFFF	#D3D3D3	-26.5	27.95	8	5650,0
1009	#FFFFFF	#D3D3D3	-26.05	27.5	8	5650,0
1009	#FFFFFF	#D3D3D3	-26.5	27.05	8	5650,0
1009	#FFFFFF	#D3D3D3	-26.95	27.5	8	5650,0
975	#FFFFFF	#D3D3D3	-26.45	28	8	5650,0
975	#FFFFFF	#D3D3D3	-26	28.45	8	5650,0
975	#FFFFFF	#D3D3D3	-25.55	28	8	5650,0
975	#FFFFFF	#D3D3D3	-26	27.55	8	5650,0
975	#FFFFFF	#D3D3D3	-26.45	28	8	5650,0
941	#FFFFFF	#D3D3D3	-25.95	28.5	8	5650,0
941	#FFFFFF	#D3D3D3	-25.5	28.95	8	5650,0
941	#FFFFFF	#D3D3D3	-25.05	28.5	8	5650,0
941	#FFFFFF	#D3D3D3	-25.5	28.05	8	5650,0
941	#FFFFFF	#D3D3D3	-25.95	28.5	8	5650,0
908	#FFFFFF	#D3D3D3	-25.45	29	4	5650,0
908	#FFFFFF	#D3D3D3	-25	29.45	4	5650,0
908	#FFFFFF	#D3D3D3	-24.55	29	4	5650,0
908	#FFFFFF	#D3D3D3	-25	28.55	4	5650,0
908	#FFFFFF	#D3D3D3	-25.45	29	4	5650,0
875	#FFFFFF	#D3D3D3	-24.95	29.5	8	5650,0
875	#FFFFFF	#D3D3D3	-24.5	29.95	8	5650,0
875	#FFFFFF	#D3D3D3	-24.05	29.5	8	5650,0
875	#FFFFFF	#D3D3D3	-24.5	29.05	8	5650,0
875	#FFFFFF	#D3D3D3	-24.95	29.5	8	5650,0
844	#FFFFFF	#D3D3D3	-24.45	30	4	5650,0
844	#FFFFFF	#D3D3D3	-24	30.45	4	5650,0
844	#FFFFFF	#D3D3D3	-23.55	30	4	5650,0
844	#FFFFFF	#D3D3D3	-24	29.55	4	5650,0
844	#FFFFFF	#D3D3D3	-24.45	30	4	5650,0
812	#FFFFFF	#D3D3D3	-23.95	30.5	4	5650,0
812	#FFFFFF	#D3D3D3	-23.5	30.95	4	5650,0
812	#FFFFFF	#D3D3D3	-23.05	30.5	4	5650,0
812	#FFFFFF	#D3D3D3	-23.5	30.05	4	5650,0
812	#FFFFFF	#D3D3D3	-23.95	30.5	4	5650,0
781	#FFFFFF	#D3D3D3	-23.45	31	4	5650,0
781	#FFFFFF	#D3D3D3	-23	31.45	4	5650,0
781	#FFFFFF	#D3D3D3	-22.55	31	4	5650,0
781	#FFFFFF	#D3D3D3	-23	30.55	4	5650,0
781	#FFFFFF	#D3D3D3	-23.45	31	4	5650,0
1225	#CD1076	#000000	-3.45	0	83	5600,0
1225	#FFFFFF	#D3D3D3	-3.45	0	4	5650,0
1225	#CD1076	#000000	-3	0.45	83	5600,0
1225	#FFFFFF	#D3D3D3	-3	0.45	4	5650,0
1225	#CD1076	#000000	-2.55	0	83	5600,0
1225	#FFFFFF	#D3D3D3	-2.55	0	4	5650,0
1225	#CD1076	#000000	-3	-0.45	83	5600,0
1225	#FFFFFF	#D3D3D3	-3	-0.45	4	5650,0
1225	#CD1076	#000000	-3.45	0	83	5600,0
1225	#FFFFFF	#D3D3D3	-3.45	0	4	5650,0
554	#CD1076	#000000	-2.95	0.5	83	5600,0
554	#FFFFFF	#D3D3D3	-2.95	0.5	4	5650,0
554	#CD1076	#000000	-2.5	0.95	83	5600,0
554	#FFFFFF	#D3D3D3	-2.5	0.95	4	5650,0
554	#CD1076	#000000	-2.05	0.5	83	5600,0
554	#FFFFFF	#D3D3D3	-2.05	0.5	4	5650,0
554	#CD1076	#000000	-2.5	0.05	83	5600,0
554	#FFFFFF	#D3D3D3	-2.5	0.05	4	5650,0
554	#CD1076	#000000	-2.95	0.5	83	5600,0
554	#FFFFFF	#D3D3D3	-2.95	0.5	4	5650,0
533	#CD1076	#000000	-2.45	1	83	5600,0
533	#FFFFFF	#D3D3D3	-2.45	1	4	5650,0
533	#CD1076	#000000	-2	1.45	83	5600,0
533	#FFFFFF	#D3D3D3	-2	1.45	4	5650,0
533	#CD1076	#000000	-1.55	1	83	5600,0
533	#FFFFFF	#D3D3D3	-1.55	1	4	5650,0
533	#CD1076	#000000	-2	0.55	83	5600,0
533	#FFFFFF	#D3D3D3	-2	0.55	4	5650,0
533	#CD1076	#000000	-2.45	1	83	5600,0
533	#FFFFFF	#D3D3D3	-2.45	1	4	5650,0
43	#CD1076	#000000	-1.95	1.5	18	5600,0
43	#FFFFFF	#D3D3D3	-1.95	1.5	4	5650,0
43	#CD1076	#000000	-1.5	1.95	18	5600,0
43	#FFFFFF	#D3D3D3	-1.5	1.95	4	5650,0
43	#CD1076	#000000	-1.05	1.5	18	5600,0
43	#FFFFFF	#D3D3D3	-1.05	1.5	4	5650,0
43	#CD1076	#000000	-1.5	1.05	18	5600,0
43	#FFFFFF	#D3D3D3	-1.5	1.05	4	5650,0
43	#CD1076	#000000	-1.95	1.5	18	5600,0
43	#FFFFFF	#D3D3D3	-1.95	1.5	4	5650,0
31	#CD1076	#000000	-1.45	2	18	5600,0
31	#FFFFFF	#D3D3D3	-1.45	2	4	5650,0
31	#CD1076	#000000	-1	2.45	18	5600,0
31	#FFFFFF	#D3D3D3	-1	2.45	4	5650,0
31	#CD1076	#000000	-0.55	2	18	5600,0
31	#FFFFFF	#D3D3D3	-0.55	2	4	5650,0
31	#CD1076	#000000	-1	1.55	18	5600,0
31	#FFFFFF	#D3D3D3	-1	1.55	4	5650,0
31	#CD1076	#000000	-1.45	2	18	5600,0
31	#FFFFFF	#D3D3D3	-1.45	2	4	5650,0
10	#CD1076	#000000	-0.95	2.5	32	5600,0
10	#FFFFFF	#D3D3D3	-0.95	2.5	4	5650,0
10	#CD1076	#000000	-0.5	2.95	32	5600,0
10	#FFFFFF	#D3D3D3	-0.5	2.95	4	5650,0
10	#CD1076	#000000	-0.05	2.5	32	5600,0
10	#FFFFFF	#D3D3D3	-0.05	2.5	4	5650,0
10	#CD1076	#000000	-0.5	2.05	32	5600,0
10	#FFFFFF	#D3D3D3	-0.5	2.05	4	5650,0
10	#CD1076	#000000	-0.95	2.5	32	5600,0
10	#FFFFFF	#D3D3D3	-0.95	2.5	4	5650,0
2515	#FFFFFF	#D3D3D3	-0.45	3	16	5600,0
2515	#FFFFFF	#D3D3D3	-0.45	3	4	5650,0
2515	#FFFFFF	#D3D3D3	0	3.45	16	5600,0
2515	#FFFFFF	#D3D3D3	0	3.45	4	5650,0
2515	#FFFFFF	#D3D3D3	0.45	3	16	5600,0
2515	#FFFFFF	#D3D3D3	0.45	3	4	5650,0
2515	#FFFFFF	#D3D3D3	0	2.55	16	5600,0
2515	#FFFFFF	#D3D3D3	0	2.55	4	5650,0
2515	#FFFFFF	#D3D3D3	-0.45	3	16	5600,0
2515	#FFFFFF	#D3D3D3	-0.45	3	4	5650,0
2538	#FFFFFF	#D3D3D3	0.05	3.5	16	5600,0
2538	#FFFFFF	#D3D3D3	0.05	3.5	4	5650,0
2538	#FFFFFF	#D3D3D3	0.5	3.95	16	5600,0
2538	#FFFFFF	#D3D3D3	0.5	3.95	4	5650,0
2538	#FFFFFF	#D3D3D3	0.95	3.5	16	5600,0
2538	#FFFFFF	#D3D3D3	0.95	3.5	4	5650,0
2538	#FFFFFF	#D3D3D3	0.5	3.05	16	5600,0
2538	#FFFFFF	#D3D3D3	0.5	3.05	4	5650,0
2538	#FFFFFF	#D3D3D3	0.05	3.5	16	5600,0
2538	#FFFFFF	#D3D3D3	0.05	3.5	4	5650,0
2562	#FFFFFF	#D3D3D3	0.55	4	16	5600,0
2562	#FFFFFF	#D3D3D3	0.55	4	4	5650,0
2562	#FFFFFF	#D3D3D3	1	4.45	16	5600,0
2562	#FFFFFF	#D3D3D3	1	4.45	4	5650,0
2562	#FFFFFF	#D3D3D3	1.45	4	16	5600,0
2562	#FFFFFF	#D3D3D3	1.45	4	4	5650,0
2562	#FFFFFF	#D3D3D3	1	3.55	16	5600,0
2562	#FFFFFF	#D3D3D3	1	3.55	4	5650,0
2562	#FFFFFF	#D3D3D3	0.55	4	16	5600,0
2562	#FFFFFF	#D3D3D3	0.55	4	4	5650,0
2585	#FFFFFF	#D3D3D3	1.05	4.5	16	5600,0
2585	#FFFFFF	#D3D3D3	1.05	4.5	4	5650,0
2585	#FFFFFF	#D3D3D3	1.5	4.95	16	5600,0
2585	#FFFFFF	#D3D3D3	1.5	4.95	4	5650,0
2585	#FFFFFF	#D3D3D3	1.95	4.5	16	5600,0
2585	#FFFFFF	#D3D3D3	1.95	4.5	4	5650,0
2585	#FFFFFF	#D3D3D3	1.5	4.05	16	5600,0
2585	#FFFFFF	#D3D3D3	1.5	4.05	4	5650,0
2585	#FFFFFF	#D3D3D3	1.05	4.5	16	5600,0
2585	#FFFFFF	#D3D3D3	1.05	4.5	4	5650,0
2609	#FFFFFF	#D3D3D3	1.55	5	16	5600,0
2609	#FFFFFF	#D3D3D3	1.55	5	4	5650,0
2609	#FFFFFF	#D3D3D3	2	5.45	16	5600,0
2609	#FFFFFF	#D3D3D3	2	5.45	4	5650,0
2609	#FFFFFF	#D3D3D3	2.45	5	16	5600,0
2609	#FFFFFF	#D3D3D3	2.45	5	4	5650,0
2609	#FFFFFF	#D3D3D3	2	4.55	16	5600,0
2609	#FFFFFF	#D3D3D3	2	4.55	4	5650,0
2609	#FFFFFF	#D3D3D3	1.55	5	16	5600,0
2609	#FFFFFF	#D3D3D3	1.55	5	4	5650,0
2633	#FFFFFF	#D3D3D3	2.05	5.5	16	5600,0
2633	#FFFFFF	#D3D3D3	2.05	5.5	4	5650,0
2633	#FFFFFF	#D3D3D3	2.5	5.95	16	5600,0
2633	#FFFFFF	#D3D3D3	2.5	5.95	4	5650,0
2633	#FFFFFF	#D3D3D3	2.95	5.5	16	5600,0
2633	#FFFFFF	#D3D3D3	2.95	5.5	4	5650,0
2633	#FFFFFF	#D3D3D3	2.5	5.05	16	5600,0
2633	#FFFFFF	#D3D3D3	2.5	5.05	4	5650,0
2633	#FFFFFF	#D3D3D3	2.05	5.5	16	5600,0
2633	#FFFFFF	#D3D3D3	2.05	5.5	4	5650,0
2659	#FFFFFF	#D3D3D3	2.55	6	16	5600,0
2659	#FFFFFF	#D3D3D3	3	6.45	16	5600,0
2659	#FFFFFF	#D3D3D3	3.45	6	16	5600,0
2659	#FFFFFF	#D3D3D3	3	5.55	16	5600,0
2659	#FFFFFF	#D3D3D3	2.55	6	16	5600,0
2684	#FFFFFF	#D3D3D3	3.05	6.5	16	5600,0
2684	#FFFFFF	#D3D3D3	3.5	6.95	16	5600,0
2684	#FFFFFF	#D3D3D3	3.95	6.5	16	5600,0
2684	#FFFFFF	#D3D3D3	3.5	6.05	16	5600,0
2684	#FFFFFF	#D3D3D3	3.05	6.5	16	5600,0
2711	#FFFFFF	#D3D3D3	3.55	7	16	5600,0
2711	#FFFFFF	#D3D3D3	4	7.45	16	5600,0
2711	#FFFFFF	#D3D3D3	4.45	7	16	5600,0
2711	#FFFFFF	#D3D3D3	4	6.55	16	5600,0
2711	#FFFFFF	#D3D3D3	3.55	7	16	5600,0
2737	#FFFFFF	#D3D3D3	4.05	7.5	16	5600,0
2737	#FFFFFF	#D3D3D3	4.5	7.95	16	5600,0
2737	#FFFFFF	#D3D3D3	4.95	7.5	16	5600,0
2737	#FFFFFF	#D3D3D3	4.5	7.05	16	5600,0
2737	#FFFFFF	#D3D3D3	4.05	7.5	16	5600,0
2765	#FFFFFF	#D3D3D3	4.55	8	16	5600,0
2765	#FFFFFF	#D3D3D3	5	8.45	16	5600,0
2765	#FFFFFF	#D3D3D3	5.45	8	16	5600,0
2765	#FFFFFF	#D3D3D3	5	7.55	16	5600,0
2765	#FFFFFF	#D3D3D3	4.55	8	16	5600,0
2312	#FFFFFF	#D3D3D3	-44.95	8.5	16	5650,0
2312	#FFFFFF	#D3D3D3	-44.5	8.95	16	5650,0
2312	#FFFFFF	#D3D3D3	-44.05	8.5	16	5650,0
2312	#FFFFFF	#D3D3D3	-44.5	8.05	16	5650,0
2312	#FFFFFF	#D3D3D3	-44.95	8.5	16	5650,0
2286	#FFFFFF	#D3D3D3	-44.45	9	16	5650,0
2286	#FFFFFF	#D3D3D3	-44	9.45	16	5650,0
2286	#FFFFFF	#D3D3D3	-43.55	9	16	5650,0
2286	#FFFFFF	#D3D3D3	-44	8.55	16	5650,0
2286	#FFFFFF	#D3D3D3	-44.45	9	16	5650,0
2258	#FFFFFF	#D3D3D3	-43.95	9.5	16	5650,0
2258	#FFFFFF	#D3D3D3	-43.5	9.95	16	5650,0
2258	#FFFFFF	#D3D3D3	-43.05	9.5	16	5650,0
2258	#FFFFFF	#D3D3D3	-43.5	9.05	16	5650,0
2258	#FFFFFF	#D3D3D3	-43.95	9.5	16	5650,0
2202	#FFFFFF	#D3D3D3	-43.45	10	16	5650,0
2202	#FFFFFF	#D3D3D3	-43	10.45	16	5650,0
2202	#FFFFFF	#D3D3D3	-42.55	10	16	5650,0
2202	#FFFFFF	#D3D3D3	-43	9.55	16	5650,0
2202	#FFFFFF	#D3D3D3	-43.45	10	16	5650,0
2173	#FFFFFF	#D3D3D3	-42.95	10.5	16	5650,0
2173	#FFFFFF	#D3D3D3	-42.5	10.95	16	5650,0
2173	#FFFFFF	#D3D3D3	-42.05	10.5	16	5650,0
2173	#FFFFFF	#D3D3D3	-42.5	10.05	16	5650,0
2173	#FFFFFF	#D3D3D3	-42.95	10.5	16	5650,0
2144	#FFFFFF	#D3D3D3	-42.45	11	16	5650,0
2144	#FFFFFF	#D3D3D3	-42	11.45	16	5650,0
2144	#FFFFFF	#D3D3D3	-41.55	11	16	5650,0
2144	#FFFFFF	#D3D3D3	-42	10.55	16	5650,0
2144	#FFFFFF	#D3D3D3	-42.45	11	16	5650,0
2115	#FFFFFF	#D3D3D3	-41.95	11.5	16	5650,0
2115	#FFFFFF	#D3D3D3	-41.5	11.95	16	5650,0
2115	#FFFFFF	#D3D3D3	-41.05	11.5	16	5650,0
2115	#FFFFFF	#D3D3D3	-41.5	11.05	16	5650,0
2115	#FFFFFF	#D3D3D3	-41.95	11.5	16	5650,0
2085	#FFFFFF	#D3D3D3	-41.45	12	16	5650,0
2085	#FFFFFF	#D3D3D3	-41	12.45	16	5650,0
2085	#FFFFFF	#D3D3D3	-40.55	12	16	5650,0
2085	#FFFFFF	#D3D3D3	-41	11.55	16	5650,0
2085	#FFFFFF	#D3D3D3	-41.45	12	16	5650,0
2054	#FFFFFF	#D3D3D3	-40.95	12.5	16	5650,0
2054	#FFFFFF	#D3D3D3	-40.5	12.95	16	5650,0
2054	#FFFFFF	#D3D3D3	-40.05	12.5	16	5650,0
2054	#FFFFFF	#D3D3D3	-40.5	12.05	16	5650,0
2054	#FFFFFF	#D3D3D3	-40.95	12.5	16	5650,0
2024	#FFFFFF	#D3D3D3	-40.45	13	16	5650,0
2024	#FFFFFF	#D3D3D3	-40	13.45	16	5650,0
2024	#FFFFFF	#D3D3D3	-39.55	13	16	5650,0
2024	#FFFFFF	#D3D3D3	-40	12.55	16	5650,0
2024	#FFFFFF	#D3D3D3	-40.45	13	16	5650,0
1952	#FFFFFF	#D3D3D3	-39.95	13.5	16	5650,0
1952	#FFFFFF	#D3D3D3	-39.5	13.95	16	5650,0
1952	#FFFFFF	#D3D3D3	-39.05	13.5	16	5650,0
1952	#FFFFFF	#D3D3D3	-39.5	13.05	16	5650,0
1952	#FFFFFF	#D3D3D3	-39.95	13.5	16	5650,0
1920	#FFFFFF	#D3D3D3	-39.45	14	16	5650,0
1920	#FFFFFF	#D3D3D3	-39	14.45	16	5650,0
1920	#FFFFFF	#D3D3D3	-38.55	14	16	5650,0
1920	#FFFFFF	#D3D3D3	-39	13.55	16	5650,0
1920	#FFFFFF	#D3D3D3	-39.45	14	16	5650,0
1887	#FFFFFF	#D3D3D3	-38.95	14.5	16	5650,0
1887	#FFFFFF	#D3D3D3	-38.5	14.95	16	5650,0
1887	#FFFFFF	#D3D3D3	-38.05	14.5	16	5650,0
1887	#FFFFFF	#D3D3D3	-38.5	14.05	16	5650,0
1887	#FFFFFF	#D3D3D3	-38.95	14.5	16	5650,0
1854	#FFFFFF	#D3D3D3	-38.45	15	16	5650,0
1854	#FFFFFF	#D3D3D3	-38	15.45	16	5650,0
1854	#FFFFFF	#D3D3D3	-37.55	15	16	5650,0
1854	#FFFFFF	#D3D3D3	-38	14.55	16	5650,0
1854	#FFFFFF	#D3D3D3	-38.45	15	16	5650,0
1820	#FFFFFF	#D3D3D3	-37.95	15.5	16	5650,0
1820	#FFFFFF	#D3D3D3	-37.5	15.95	16	5650,0
1820	#FFFFFF	#D3D3D3	-37.05	15.5	16	5650,0
1820	#FFFFFF	#D3D3D3	-37.5	15.05	16	5650,0
1820	#FFFFFF	#D3D3D3	-37.95	15.5	16	5650,0
1786	#FFFFFF	#D3D3D3	-37.45	16	16	5650,0
1786	#FFFFFF	#D3D3D3	-37	16.45	16	5650,0
1786	#FFFFFF	#D3D3D3	-36.55	16	16	5650,0
1786	#FFFFFF	#D3D3D3	-37	15.55	16	5650,0
1786	#FFFFFF	#D3D3D3	-37.45	16	16	5650,0
1751	#FFFFFF	#D3D3D3	-36.95	16.5	16	5650,0
1751	#FFFFFF	#D3D3D3	-36.5	16.95	16	5650,0
1751	#FFFFFF	#D3D3D3	-36.05	16.5	16	5650,0
1751	#FFFFFF	#D3D3D3	-36.5	16.05	16	5650,0
1751	#FFFFFF	#D3D3D3	-36.95	16.5	16	5650,0
1717	#FFFFFF	#D3D3D3	-36.45	17	16	5650,0
1717	#FFFFFF	#D3D3D3	-36	17.45	16	5650,0
1717	#FFFFFF	#D3D3D3	-35.55	17	16	5650,0
1717	#FFFFFF	#D3D3D3	-36	16.55	16	5650,0
1717	#FFFFFF	#D3D3D3	-36.45	17	16	5650,0
1681	#FFFFFF	#D3D3D3	-35.95	17.5	16	5650,0
1681	#FFFFFF	#D3D3D3	-35.5	17.95	16	5650,0
1681	#FFFFFF	#D3D3D3	-35.05	17.5	16	5650,0
1681	#FFFFFF	#D3D3D3	-35.5	17.05	16	5650,0
1681	#FFFFFF	#D3D3D3	-35.95	17.5	16	5650,0
1646	#FFFFFF	#D3D3D3	-35.45	18	16	5650,0
1646	#FFFFFF	#D3D3D3	-35	18.45	16	5650,0
1646	#FFFFFF	#D3D3D3	-34.55	18	16	5650,0
1646	#FFFFFF	#D3D3D3	-35	17.55	16	5650,0
1646	#FFFFFF	#D3D3D3	-35.45	18	16	5650,0
1609	#FFFFFF	#D3D3D3	-34.95	18.5	16	5650,0
1609	#FFFFFF	#D3D3D3	-34.5	18.95	16	5650,0
1609	#FFFFFF	#D3D3D3	-34.05	18.5	16	5650,0
1609	#FFFFFF	#D3D3D3	-34.5	18.05	16	5650,0
1609	#FFFFFF	#D3D3D3	-34.95	18.5	16	5650,0
1572	#FFFFFF	#D3D3D3	-34.45	19	8	5650,0
1572	#FFFFFF	#D3D3D3	-34	19.45	8	5650,0
1572	#FFFFFF	#D3D3D3	-33.55	19	8	5650,0
1572	#FFFFFF	#D3D3D3	-34	18.55	8	5650,0
1572	#FFFFFF	#D3D3D3	-34.45	19	8	5650,0
1535	#FFFFFF	#D3D3D3	-33.95	19.5	8	5650,0
1535	#FFFFFF	#D3D3D3	-33.5	19.95	8	5650,0
1535	#FFFFFF	#D3D3D3	-33.05	19.5	8	5650,0
1535	#FFFFFF	#D3D3D3	-33.5	19.05	8	5650,0
1535	#FFFFFF	#D3D3D3	-33.95	19.5	8	5650,0
1499	#FFFFFF	#D3D3D3	-33.45	20	16	5650,0
1499	#FFFFFF	#D3D3D3	-33	20.45	16	5650,0
1499	#FFFFFF	#D3D3D3	-32.55	20	16	5650,0
1499	#FFFFFF	#D3D3D3	-33	19.55	16	5650,0
1499	#FFFFFF	#D3D3D3	-33.45	20	16	5650,0
1461	#FFFFFF	#D3D3D3	-32.95	20.5	16	5650,0
1461	#FFFFFF	#D3D3D3	-32.5	20.95	16	5650,0
1461	#FFFFFF	#D3D3D3	-32.05	20.5	16	5650,0
1461	#FFFFFF	#D3D3D3	-32.5	20.05	16	5650,0
1461	#FFFFFF	#D3D3D3	-32.95	20.5	16	5650,0
1424	#FFFFFF	#D3D3D3	-32.45	21	8	5650,0
1424	#FFFFFF	#D3D3D3	-32	21.45	8	5650,0
1424	#FFFFFF	#D3D3D3	-31.55	21	8	5650,0
1424	#FFFFFF	#D3D3D3	-32	20.55	8	5650,0
1424	#FFFFFF	#D3D3D3	-32.45	21	8	5650,0
1388	#FFFFFF	#D3D3D3	-31.95	21.5	16	5650,0
1388	#FFFFFF	#D3D3D3	-31.5	21.95	16	5650,0
1388	#FFFFFF	#D3D3D3	-31.05	21.5	16	5650,0
1388	#FFFFFF	#D3D3D3	-31.5	21.05	16	5650,0
1388	#FFFFFF	#D3D3D3	-31.95	21.5	16	5650,0
1353	#FFFFFF	#D3D3D3	-31.45	22	16	5650,0
1353	#FFFFFF	#D3D3D3	-31	22.45	16	5650,0
1353	#FFFFFF	#D3D3D3	-30.55	22	16	5650,0
1353	#FFFFFF	#D3D3D3	-31	21.55	16	5650,0
1353	#FFFFFF	#D3D3D3	-31.45	22	16	5650,0
1318	#FFFFFF	#D3D3D3	-30.95	22.5	16	5650,0
1318	#FFFFFF	#D3D3D3	-30.5	22.95	16	5650,0
1318	#FFFFFF	#D3D3D3	-30.05	22.5	16	5650,0
1318	#FFFFFF	#D3D3D3	-30.5	22.05	16	5650,0
1318	#FFFFFF	#D3D3D3	-30.95	22.5	16	5650,0
1284	#FFFFFF	#D3D3D3	-30.45	23	16	5650,0
1284	#FFFFFF	#D3D3D3	-30	23.45	16	5650,0
1284	#FFFFFF	#D3D3D3	-29.55	23	16	5650,0
1284	#FFFFFF	#D3D3D3	-30	22.55	16	5650,0
1284	#FFFFFF	#D3D3D3	-30.45	23	16	5650,0
1206	#FFFFFF	#D3D3D3	-29.95	23.5	16	5650,0
1206	#FFFFFF	#D3D3D3	-29.5	23.95	16	5650,0
1206	#FFFFFF	#D3D3D3	-29.05	23.5	16	5650,0
1206	#FFFFFF	#D3D3D3	-29.5	23.05	16	5650,0
1206	#FFFFFF	#D3D3D3	-29.95	23.5	16	5650,0
1173	#FFFFFF	#D3D3D3	-29.45	24	16	5650,0
1173	#FFFFFF	#D3D3D3	-29	24.45	16	5650,0
1173	#FFFFFF	#D3D3D3	-28.55	24	16	5650,0
1173	#FFFFFF	#D3D3D3	-29	23.55	16	5650,0
1173	#FFFFFF	#D3D3D3	-29.45	24	16	5650,0
1140	#FFFFFF	#D3D3D3	-28.95	24.5	8	5650,0
1140	#FFFFFF	#D3D3D3	-28.5	24.95	8	5650,0
1140	#FFFFFF	#D3D3D3	-28.05	24.5	8	5650,0
1140	#FFFFFF	#D3D3D3	-28.5	24.05	8	5650,0
1140	#FFFFFF	#D3D3D3	-28.95	24.5	8	5650,0
1107	#FFFFFF	#D3D3D3	-28.45	25	8	5650,0
1107	#FFFFFF	#D3D3D3	-28	25.45	8	5650,0
1107	#FFFFFF	#D3D3D3	-27.55	25	8	5650,0
1107	#FFFFFF	#D3D3D3	-28	24.55	8	5650,0
1107	#FFFFFF	#D3D3D3	-28.45	25	8	5650,0
1074	#FFFFFF	#D3D3D3	-27.95	25.5	8	5650,0
1074	#FFFFFF	#D3D3D3	-27.5	25.95	8	5650,0
1074	#FFFFFF	#D3D3D3	-27.05	25.5	8	5650,0
1074	#FFFFFF	#D3D3D3	-27.5	25.05	8	5650,0
1074	#FFFFFF	#D3D3D3	-27.95	25.5	8	5650,0
1041	#FFFFFF	#D3D3D3	-27.45	26	16	5650,0
1041	#FFFFFF	#D3D3D3	-27	26.45	16	5650,0
1041	#FFFFFF	#D3D3D3	-26.55	26	16	5650,0
1041	#FFFFFF	#D3D3D3	-27	25.55	16	5650,0
1041	#FFFFFF	#D3D3D3	-27.45	26	16	5650,0
1008	#FFFFFF	#D3D3D3	-26.95	26.5	16	5650,0
1008	#FFFFFF	#D3D3D3	-26.5	26.95	16	5650,0
1008	#FFFFFF	#D3D3D3	-26.05	26.5	16	5650,0
1008	#FFFFFF	#D3D3D3	-26.5	26.05	16	5650,0
1008	#FFFFFF	#D3D3D3	-26.95	26.5	16	5650,0
974	#FFFFFF	#D3D3D3	-26.45	27	8	5650,0
974	#FFFFFF	#D3D3D3	-26	27.45	8	5650,0
974	#FFFFFF	#D3D3D3	-25.55	27	8	5650,0
974	#FFFFFF	#D3D3D3	-26	26.55	8	5650,0
974	#FFFFFF	#D3D3D3	-26.45	27	8	5650,0
940	#FFFFFF	#D3D3D3	-25.95	27.5	8	5650,0
940	#FFFFFF	#D3D3D3	-25.5	27.95	8	5650,0
940	#FFFFFF	#D3D3D3	-25.05	27.5	8	5650,0
940	#FFFFFF	#D3D3D3	-25.5	27.05	8	5650,0
940	#FFFFFF	#D3D3D3	-25.95	27.5	8	5650,0
907	#FFFFFF	#D3D3D3	-25.45	28	8	5650,0
907	#FFFFFF	#D3D3D3	-25	28.45	8	5650,0
907	#FFFFFF	#D3D3D3	-24.55	28	8	5650,0
907	#FFFFFF	#D3D3D3	-25	27.55	8	5650,0
907	#FFFFFF	#D3D3D3	-25.45	28	8	5650,0
874	#FFFFFF	#D3D3D3	-24.95	28.5	4	5650,0
874	#FFFFFF	#D3D3D3	-24.5	28.95	4	5650,0
874	#FFFFFF	#D3D3D3	-24.05	28.5	4	5650,0
874	#FFFFFF	#D3D3D3	-24.5	28.05	4	5650,0
874	#FFFFFF	#D3D3D3	-24.95	28.5	4	5650,0
842	#FFFFFF	#D3D3D3	-24.45	29	4	5650,0
842	#FFFFFF	#D3D3D3	-24	29.45	4	5650,0
842	#FFFFFF	#D3D3D3	-23.55	29	4	5650,0
842	#FFFFFF	#D3D3D3	-24	28.55	4	5650,0
842	#FFFFFF	#D3D3D3	-24.45	29	4	5650,0
810	#FFFFFF	#D3D3D3	-23.95	29.5	4	5650,0
810	#FFFFFF	#D3D3D3	-23.5	29.95	4	5650,0
810	#FFFFFF	#D3D3D3	-23.05	29.5	4	5650,0
810	#FFFFFF	#D3D3D3	-23.5	29.05	4	5650,0
810	#FFFFFF	#D3D3D3	-23.95	29.5	4	5650,0
780	#FFFFFF	#D3D3D3	-23.45	30	4	5650,0
780	#FFFFFF	#D3D3D3	-23	30.45	4	5650,0
780	#FFFFFF	#D3D3D3	-22.55	30	4	5650,0
780	#FFFFFF	#D3D3D3	-23	29.55	4	5650,0
780	#FFFFFF	#D3D3D3	-23.45	30	4	5650,0
749	#FFFFFF	#D3D3D3	-22.95	30.5	4	5650,0
749	#FFFFFF	#D3D3D3	-22.5	30.95	4	5650,0
749	#FFFFFF	#D3D3D3	-22.05	30.5	4	5650,0
749	#FFFFFF	#D3D3D3	-22.5	30.05	4	5650,0
749	#FFFFFF	#D3D3D3	-22.95	30.5	4	5650,0
532	#CD1076	#000000	-2.45	0	83	5600,0
532	#FFFFFF	#D3D3D3	-2.45	0	4	5650,0
532	#CD1076	#000000	-2	0.45	83	5600,0
532	#FFFFFF	#D3D3D3	-2	0.45	4	5650,0
532	#CD1076	#000000	-1.55	0	83	5600,0
532	#FFFFFF	#D3D3D3	-1.55	0	4	5650,0
532	#CD1076	#000000	-2	-0.45	83	5600,0
532	#FFFFFF	#D3D3D3	-2	-0.45	4	5650,0
532	#CD1076	#000000	-2.45	0	83	5600,0
532	#FFFFFF	#D3D3D3	-2.45	0	4	5650,0
42	#CD1076	#000000	-1.95	0.5	83	5600,0
42	#FFFFFF	#D3D3D3	-1.95	0.5	4	5650,0
42	#CD1076	#000000	-1.5	0.95	83	5600,0
42	#FFFFFF	#D3D3D3	-1.5	0.95	4	5650,0
42	#CD1076	#000000	-1.05	0.5	83	5600,0
42	#FFFFFF	#D3D3D3	-1.05	0.5	4	5650,0
42	#CD1076	#000000	-1.5	0.05	83	5600,0
42	#FFFFFF	#D3D3D3	-1.5	0.05	4	5650,0
42	#CD1076	#000000	-1.95	0.5	83	5600,0
42	#FFFFFF	#D3D3D3	-1.95	0.5	4	5650,0
23	#CD1076	#000000	-1.45	1	18	5600,0
23	#FFFFFF	#D3D3D3	-1.45	1	4	5650,0
23	#CD1076	#000000	-1	1.45	18	5600,0
23	#FFFFFF	#D3D3D3	-1	1.45	4	5650,0
23	#CD1076	#000000	-0.55	1	18	5600,0
23	#FFFFFF	#D3D3D3	-0.55	1	4	5650,0
23	#CD1076	#000000	-1	0.55	18	5600,0
23	#FFFFFF	#D3D3D3	-1	0.55	4	5650,0
23	#CD1076	#000000	-1.45	1	18	5600,0
23	#FFFFFF	#D3D3D3	-1.45	1	4	5650,0
2	#CD1076	#000000	-0.95	1.5	18	5600,0
2	#FFFFFF	#D3D3D3	-0.95	1.5	4	5650,0
2	#CD1076	#000000	-0.5	1.95	18	5600,0
2	#FFFFFF	#D3D3D3	-0.5	1.95	4	5650,0
2	#CD1076	#000000	-0.05	1.5	18	5600,0
2	#FFFFFF	#D3D3D3	-0.05	1.5	4	5650,0
2	#CD1076	#000000	-0.5	1.05	18	5600,0
2	#FFFFFF	#D3D3D3	-0.5	1.05	4	5650,0
2	#CD1076	#000000	-0.95	1.5	18	5600,0
2	#FFFFFF	#D3D3D3	-0.95	1.5	4	5650,0
2509	#CD1076	#000000	-0.45	2	32	5600,0
2509	#FFFFFF	#D3D3D3	-0.45	2	4	5650,0
2509	#CD1076	#000000	0	2.45	32	5600,0
2509	#FFFFFF	#D3D3D3	0	2.45	4	5650,0
2509	#CD1076	#000000	0.45	2	32	5600,0
2509	#FFFFFF	#D3D3D3	0.45	2	4	5650,0
2509	#CD1076	#000000	0	1.55	32	5600,0
2509	#FFFFFF	#D3D3D3	0	1.55	4	5650,0
2509	#CD1076	#000000	-0.45	2	32	5600,0
2509	#FFFFFF	#D3D3D3	-0.45	2	4	5650,0
2532	#FFFFFF	#D3D3D3	0.05	2.5	16	5600,0
2532	#FFFFFF	#D3D3D3	0.05	2.5	4	5650,0
2532	#FFFFFF	#D3D3D3	0.5	2.95	16	5600,0
2532	#FFFFFF	#D3D3D3	0.5	2.95	4	5650,0
2532	#FFFFFF	#D3D3D3	0.95	2.5	16	5600,0
2532	#FFFFFF	#D3D3D3	0.95	2.5	4	5650,0
2532	#FFFFFF	#D3D3D3	0.5	2.05	16	5600,0
2532	#FFFFFF	#D3D3D3	0.5	2.05	4	5650,0
2532	#FFFFFF	#D3D3D3	0.05	2.5	16	5600,0
2532	#FFFFFF	#D3D3D3	0.05	2.5	4	5650,0
2561	#FFFFFF	#D3D3D3	0.55	3	16	5600,0
2561	#FFFFFF	#D3D3D3	0.55	3	4	5650,0
2561	#FFFFFF	#D3D3D3	1	3.45	16	5600,0
2561	#FFFFFF	#D3D3D3	1	3.45	4	5650,0
2561	#FFFFFF	#D3D3D3	1.45	3	16	5600,0
2561	#FFFFFF	#D3D3D3	1.45	3	4	5650,0
2561	#FFFFFF	#D3D3D3	1	2.55	16	5600,0
2561	#FFFFFF	#D3D3D3	1	2.55	4	5650,0
2561	#FFFFFF	#D3D3D3	0.55	3	16	5600,0
2561	#FFFFFF	#D3D3D3	0.55	3	4	5650,0
2584	#FFFFFF	#D3D3D3	1.05	3.5	16	5600,0
2584	#FFFFFF	#D3D3D3	1.05	3.5	4	5650,0
2584	#FFFFFF	#D3D3D3	1.5	3.95	16	5600,0
2584	#FFFFFF	#D3D3D3	1.5	3.95	4	5650,0
2584	#FFFFFF	#D3D3D3	1.95	3.5	16	5600,0
2584	#FFFFFF	#D3D3D3	1.95	3.5	4	5650,0
2584	#FFFFFF	#D3D3D3	1.5	3.05	16	5600,0
2584	#FFFFFF	#D3D3D3	1.5	3.05	4	5650,0
2584	#FFFFFF	#D3D3D3	1.05	3.5	16	5600,0
2584	#FFFFFF	#D3D3D3	1.05	3.5	4	5650,0
2608	#FFFFFF	#D3D3D3	1.55	4	16	5600,0
2608	#FFFFFF	#D3D3D3	1.55	4	4	5650,0
2608	#FFFFFF	#D3D3D3	2	4.45	16	5600,0
2608	#FFFFFF	#D3D3D3	2	4.45	4	5650,0
2608	#FFFFFF	#D3D3D3	2.45	4	16	5600,0
2608	#FFFFFF	#D3D3D3	2.45	4	4	5650,0
2608	#FFFFFF	#D3D3D3	2	3.55	16	5600,0
2608	#FFFFFF	#D3D3D3	2	3.55	4	5650,0
2608	#FFFFFF	#D3D3D3	1.55	4	16	5600,0
2608	#FFFFFF	#D3D3D3	1.55	4	4	5650,0
2632	#FFFFFF	#D3D3D3	2.05	4.5	16	5600,0
2632	#FFFFFF	#D3D3D3	2.05	4.5	4	5650,0
2632	#FFFFFF	#D3D3D3	2.5	4.95	16	5600,0
2632	#FFFFFF	#D3D3D3	2.5	4.95	4	5650,0
2632	#FFFFFF	#D3D3D3	2.95	4.5	16	5600,0
2632	#FFFFFF	#D3D3D3	2.95	4.5	4	5650,0
2632	#FFFFFF	#D3D3D3	2.5	4.05	16	5600,0
2632	#FFFFFF	#D3D3D3	2.5	4.05	4	5650,0
2632	#FFFFFF	#D3D3D3	2.05	4.5	16	5600,0
2632	#FFFFFF	#D3D3D3	2.05	4.5	4	5650,0
2658	#FFFFFF	#D3D3D3	2.55	5	16	5600,0
2658	#FFFFFF	#D3D3D3	2.55	5	4	5650,0
2658	#FFFFFF	#D3D3D3	3	5.45	16	5600,0
2658	#FFFFFF	#D3D3D3	3	5.45	4	5650,0
2658	#FFFFFF	#D3D3D3	3.45	5	16	5600,0
2658	#FFFFFF	#D3D3D3	3.45	5	4	5650,0
2658	#FFFFFF	#D3D3D3	3	4.55	16	5600,0
2658	#FFFFFF	#D3D3D3	3	4.55	4	5650,0
2658	#FFFFFF	#D3D3D3	2.55	5	16	5600,0
2658	#FFFFFF	#D3D3D3	2.55	5	4	5650,0
2683	#FFFFFF	#D3D3D3	3.05	5.5	16	5600,0
2683	#FFFFFF	#D3D3D3	3.5	5.95	16	5600,0
2683	#FFFFFF	#D3D3D3	3.95	5.5	16	5600,0
2683	#FFFFFF	#D3D3D3	3.5	5.05	16	5600,0
2683	#FFFFFF	#D3D3D3	3.05	5.5	16	5600,0
2710	#FFFFFF	#D3D3D3	3.55	6	16	5600,0
2710	#FFFFFF	#D3D3D3	4	6.45	16	5600,0
2710	#FFFFFF	#D3D3D3	4.45	6	16	5600,0
2710	#FFFFFF	#D3D3D3	4	5.55	16	5600,0
2710	#FFFFFF	#D3D3D3	3.55	6	16	5600,0
2736	#FFFFFF	#D3D3D3	4.05	6.5	16	5600,0
2736	#FFFFFF	#D3D3D3	4.5	6.95	16	5600,0
2736	#FFFFFF	#D3D3D3	4.95	6.5	16	5600,0
2736	#FFFFFF	#D3D3D3	4.5	6.05	16	5600,0
2736	#FFFFFF	#D3D3D3	4.05	6.5	16	5600,0
2764	#FFFFFF	#D3D3D3	4.55	7	16	5600,0
2764	#FFFFFF	#D3D3D3	5	7.45	16	5600,0
2764	#FFFFFF	#D3D3D3	5.45	7	16	5600,0
2764	#FFFFFF	#D3D3D3	5	6.55	16	5600,0
2764	#FFFFFF	#D3D3D3	4.55	7	16	5600,0
2311	#FFFFFF	#D3D3D3	-44.95	7.5	16	5650,0
2311	#FFFFFF	#D3D3D3	-44.5	7.95	16	5650,0
2311	#FFFFFF	#D3D3D3	-44.05	7.5	16	5650,0
2311	#FFFFFF	#D3D3D3	-44.5	7.05	16	5650,0
2311	#FFFFFF	#D3D3D3	-44.95	7.5	16	5650,0
2285	#FFFFFF	#D3D3D3	-44.45	8	16	5650,0
2285	#FFFFFF	#D3D3D3	-44	8.45	16	5650,0
2285	#FFFFFF	#D3D3D3	-43.55	8	16	5650,0
2285	#FFFFFF	#D3D3D3	-44	7.55	16	5650,0
2285	#FFFFFF	#D3D3D3	-44.45	8	16	5650,0
2257	#FFFFFF	#D3D3D3	-43.95	8.5	16	5650,0
2257	#FFFFFF	#D3D3D3	-43.5	8.95	16	5650,0
2257	#FFFFFF	#D3D3D3	-43.05	8.5	16	5650,0
2257	#FFFFFF	#D3D3D3	-43.5	8.05	16	5650,0
2257	#FFFFFF	#D3D3D3	-43.95	8.5	16	5650,0
2229	#FFFFFF	#D3D3D3	-43.45	9	16	5650,0
2229	#FFFFFF	#D3D3D3	-43	9.45	16	5650,0
2229	#FFFFFF	#D3D3D3	-42.55	9	16	5650,0
2229	#FFFFFF	#D3D3D3	-43	8.55	16	5650,0
2229	#FFFFFF	#D3D3D3	-43.45	9	16	5650,0
2199	#FFFFFF	#D3D3D3	-42.95	9.5	16	5650,0
2199	#FFFFFF	#D3D3D3	-42.5	9.95	16	5650,0
2199	#FFFFFF	#D3D3D3	-42.05	9.5	16	5650,0
2199	#FFFFFF	#D3D3D3	-42.5	9.05	16	5650,0
2199	#FFFFFF	#D3D3D3	-42.95	9.5	16	5650,0
2143	#FFFFFF	#D3D3D3	-42.45	10	16	5650,0
2143	#FFFFFF	#D3D3D3	-42	10.45	16	5650,0
2143	#FFFFFF	#D3D3D3	-41.55	10	16	5650,0
2143	#FFFFFF	#D3D3D3	-42	9.55	16	5650,0
2143	#FFFFFF	#D3D3D3	-42.45	10	16	5650,0
2114	#FFFFFF	#D3D3D3	-41.95	10.5	16	5650,0
2114	#FFFFFF	#D3D3D3	-41.5	10.95	16	5650,0
2114	#FFFFFF	#D3D3D3	-41.05	10.5	16	5650,0
2114	#FFFFFF	#D3D3D3	-41.5	10.05	16	5650,0
2114	#FFFFFF	#D3D3D3	-41.95	10.5	16	5650,0
2084	#FFFFFF	#D3D3D3	-41.45	11	16	5650,0
2084	#FFFFFF	#D3D3D3	-41	11.45	16	5650,0
2084	#FFFFFF	#D3D3D3	-40.55	11	16	5650,0
2084	#FFFFFF	#D3D3D3	-41	10.55	16	5650,0
2084	#FFFFFF	#D3D3D3	-41.45	11	16	5650,0
2053	#FFFFFF	#D3D3D3	-40.95	11.5	16	5650,0
2053	#FFFFFF	#D3D3D3	-40.5	11.95	16	5650,0
2053	#FFFFFF	#D3D3D3	-40.05	11.5	16	5650,0
2053	#FFFFFF	#D3D3D3	-40.5	11.05	16	5650,0
2053	#FFFFFF	#D3D3D3	-40.95	11.5	16	5650,0
2023	#FFFFFF	#D3D3D3	-40.45	12	16	5650,0
2023	#FFFFFF	#D3D3D3	-40	12.45	16	5650,0
2023	#FFFFFF	#D3D3D3	-39.55	12	16	5650,0
2023	#FFFFFF	#D3D3D3	-40	11.55	16	5650,0
2023	#FFFFFF	#D3D3D3	-40.45	12	16	5650,0
1951	#FFFFFF	#D3D3D3	-39.95	12.5	16	5650,0
1951	#FFFFFF	#D3D3D3	-39.5	12.95	16	5650,0
1951	#FFFFFF	#D3D3D3	-39.05	12.5	16	5650,0
1951	#FFFFFF	#D3D3D3	-39.5	12.05	16	5650,0
1951	#FFFFFF	#D3D3D3	-39.95	12.5	16	5650,0
1919	#FFFFFF	#D3D3D3	-39.45	13	16	5650,0
1919	#FFFFFF	#D3D3D3	-39	13.45	16	5650,0
1919	#FFFFFF	#D3D3D3	-38.55	13	16	5650,0
1919	#FFFFFF	#D3D3D3	-39	12.55	16	5650,0
1919	#FFFFFF	#D3D3D3	-39.45	13	16	5650,0
1886	#FFFFFF	#D3D3D3	-38.95	13.5	16	5650,0
1886	#FFFFFF	#D3D3D3	-38.5	13.95	16	5650,0
1886	#FFFFFF	#D3D3D3	-38.05	13.5	16	5650,0
1886	#FFFFFF	#D3D3D3	-38.5	13.05	16	5650,0
1886	#FFFFFF	#D3D3D3	-38.95	13.5	16	5650,0
1853	#FFFFFF	#D3D3D3	-38.45	14	16	5650,0
1853	#FFFFFF	#D3D3D3	-38	14.45	16	5650,0
1853	#FFFFFF	#D3D3D3	-37.55	14	16	5650,0
1853	#FFFFFF	#D3D3D3	-38	13.55	16	5650,0
1853	#FFFFFF	#D3D3D3	-38.45	14	16	5650,0
1819	#FFFFFF	#D3D3D3	-37.95	14.5	16	5650,0
1819	#FFFFFF	#D3D3D3	-37.5	14.95	16	5650,0
1819	#FFFFFF	#D3D3D3	-37.05	14.5	16	5650,0
1819	#FFFFFF	#D3D3D3	-37.5	14.05	16	5650,0
1819	#FFFFFF	#D3D3D3	-37.95	14.5	16	5650,0
1785	#FFFFFF	#D3D3D3	-37.45	15	16	5650,0
1785	#FFFFFF	#D3D3D3	-37	15.45	16	5650,0
1785	#FFFFFF	#D3D3D3	-36.55	15	16	5650,0
1785	#FFFFFF	#D3D3D3	-37	14.55	16	5650,0
1785	#FFFFFF	#D3D3D3	-37.45	15	16	5650,0
1750	#FFFFFF	#D3D3D3	-36.95	15.5	16	5650,0
1750	#FFFFFF	#D3D3D3	-36.5	15.95	16	5650,0
1750	#FFFFFF	#D3D3D3	-36.05	15.5	16	5650,0
1750	#FFFFFF	#D3D3D3	-36.5	15.05	16	5650,0
1750	#FFFFFF	#D3D3D3	-36.95	15.5	16	5650,0
1716	#FFFFFF	#D3D3D3	-36.45	16	16	5650,0
1716	#FFFFFF	#D3D3D3	-36	16.45	16	5650,0
1716	#FFFFFF	#D3D3D3	-35.55	16	16	5650,0
1716	#FFFFFF	#D3D3D3	-36	15.55	16	5650,0
1716	#FFFFFF	#D3D3D3	-36.45	16	16	5650,0
1680	#FFFFFF	#D3D3D3	-35.95	16.5	16	5650,0
1680	#FFFFFF	#D3D3D3	-35.5	16.95	16	5650,0
1680	#FFFFFF	#D3D3D3	-35.05	16.5	16	5650,0
1680	#FFFFFF	#D3D3D3	-35.5	16.05	16	5650,0
1680	#FFFFFF	#D3D3D3	-35.95	16.5	16	5650,0
1645	#FFFFFF	#D3D3D3	-35.45	17	16	5650,0
1645	#FFFFFF	#D3D3D3	-35	17.45	16	5650,0
1645	#FFFFFF	#D3D3D3	-34.55	17	16	5650,0
1645	#FFFFFF	#D3D3D3	-35	16.55	16	5650,0
1645	#FFFFFF	#D3D3D3	-35.45	17	16	5650,0
1608	#FFFFFF	#D3D3D3	-34.95	17.5	16	5650,0
1608	#FFFFFF	#D3D3D3	-34.5	17.95	16	5650,0
1608	#FFFFFF	#D3D3D3	-34.05	17.5	16	5650,0
1608	#FFFFFF	#D3D3D3	-34.5	17.05	16	5650,0
1608	#FFFFFF	#D3D3D3	-34.95	17.5	16	5650,0
1571	#FFFFFF	#D3D3D3	-34.45	18	8	5650,0
1571	#FFFFFF	#D3D3D3	-34	18.45	8	5650,0
1571	#FFFFFF	#D3D3D3	-33.55	18	8	5650,0
1571	#FFFFFF	#D3D3D3	-34	17.55	8	5650,0
1571	#FFFFFF	#D3D3D3	-34.45	18	8	5650,0
1534	#FFFFFF	#D3D3D3	-33.95	18.5	8	5650,0
1534	#FFFFFF	#D3D3D3	-33.5	18.95	8	5650,0
1534	#FFFFFF	#D3D3D3	-33.05	18.5	8	5650,0
1534	#FFFFFF	#D3D3D3	-33.5	18.05	8	5650,0
1534	#FFFFFF	#D3D3D3	-33.95	18.5	8	5650,0
1497	#FFFFFF	#D3D3D3	-33.45	19	8	5650,0
1497	#FFFFFF	#D3D3D3	-33	19.45	8	5650,0
1497	#FFFFFF	#D3D3D3	-32.55	19	8	5650,0
1497	#FFFFFF	#D3D3D3	-33	18.55	8	5650,0
1497	#FFFFFF	#D3D3D3	-33.45	19	8	5650,0
1459	#FFFFFF	#D3D3D3	-32.95	19.5	8	5650,0
1459	#FFFFFF	#D3D3D3	-32.5	19.95	8	5650,0
1459	#FFFFFF	#D3D3D3	-32.05	19.5	8	5650,0
1459	#FFFFFF	#D3D3D3	-32.5	19.05	8	5650,0
1459	#FFFFFF	#D3D3D3	-32.95	19.5	8	5650,0
1423	#FFFFFF	#D3D3D3	-32.45	20	16	5650,0
1423	#FFFFFF	#D3D3D3	-32	20.45	16	5650,0
1423	#FFFFFF	#D3D3D3	-31.55	20	16	5650,0
1423	#FFFFFF	#D3D3D3	-32	19.55	16	5650,0
1423	#FFFFFF	#D3D3D3	-32.45	20	16	5650,0
1387	#FFFFFF	#D3D3D3	-31.95	20.5	8	5650,0
1387	#FFFFFF	#D3D3D3	-31.5	20.95	8	5650,0
1387	#FFFFFF	#D3D3D3	-31.05	20.5	8	5650,0
1387	#FFFFFF	#D3D3D3	-31.5	20.05	8	5650,0
1387	#FFFFFF	#D3D3D3	-31.95	20.5	8	5650,0
1352	#FFFFFF	#D3D3D3	-31.45	21	16	5650,0
1352	#FFFFFF	#D3D3D3	-31	21.45	16	5650,0
1352	#FFFFFF	#D3D3D3	-30.55	21	16	5650,0
1352	#FFFFFF	#D3D3D3	-31	20.55	16	5650,0
1352	#FFFFFF	#D3D3D3	-31.45	21	16	5650,0
1317	#FFFFFF	#D3D3D3	-30.95	21.5	16	5650,0
1317	#FFFFFF	#D3D3D3	-30.5	21.95	16	5650,0
1317	#FFFFFF	#D3D3D3	-30.05	21.5	16	5650,0
1317	#FFFFFF	#D3D3D3	-30.5	21.05	16	5650,0
1317	#FFFFFF	#D3D3D3	-30.95	21.5	16	5650,0
1283	#FFFFFF	#D3D3D3	-30.45	22	16	5650,0
1283	#FFFFFF	#D3D3D3	-30	22.45	16	5650,0
1283	#FFFFFF	#D3D3D3	-29.55	22	16	5650,0
1283	#FFFFFF	#D3D3D3	-30	21.55	16	5650,0
1283	#FFFFFF	#D3D3D3	-30.45	22	16	5650,0
1205	#FFFFFF	#D3D3D3	-29.95	22.5	16	5650,0
1205	#FFFFFF	#D3D3D3	-29.5	22.95	16	5650,0
1205	#FFFFFF	#D3D3D3	-29.05	22.5	16	5650,0
1205	#FFFFFF	#D3D3D3	-29.5	22.05	16	5650,0
1205	#FFFFFF	#D3D3D3	-29.95	22.5	16	5650,0
1172	#FFFFFF	#D3D3D3	-29.45	23	16	5650,0
1172	#FFFFFF	#D3D3D3	-29	23.45	16	5650,0
1172	#FFFFFF	#D3D3D3	-28.55	23	16	5650,0
1172	#FFFFFF	#D3D3D3	-29	22.55	16	5650,0
1172	#FFFFFF	#D3D3D3	-29.45	23	16	5650,0
1139	#FFFFFF	#D3D3D3	-28.95	23.5	16	5650,0
1139	#FFFFFF	#D3D3D3	-28.5	23.95	16	5650,0
1139	#FFFFFF	#D3D3D3	-28.05	23.5	16	5650,0
1139	#FFFFFF	#D3D3D3	-28.5	23.05	16	5650,0
1139	#FFFFFF	#D3D3D3	-28.95	23.5	16	5650,0
1106	#FFFFFF	#D3D3D3	-28.45	24	16	5650,0
1106	#FFFFFF	#D3D3D3	-28	24.45	16	5650,0
1106	#FFFFFF	#D3D3D3	-27.55	24	16	5650,0
1106	#FFFFFF	#D3D3D3	-28	23.55	16	5650,0
1106	#FFFFFF	#D3D3D3	-28.45	24	16	5650,0
1073	#FFFFFF	#D3D3D3	-27.95	24.5	16	5650,0
1073	#FFFFFF	#D3D3D3	-27.5	24.95	16	5650,0
1073	#FFFFFF	#D3D3D3	-27.05	24.5	16	5650,0
1073	#FFFFFF	#D3D3D3	-27.5	24.05	16	5650,0
1073	#FFFFFF	#D3D3D3	-27.95	24.5	16	5650,0
1040	#FFFFFF	#D3D3D3	-27.45	25	16	5650,0
1040	#FFFFFF	#D3D3D3	-27	25.45	16	5650,0
1040	#FFFFFF	#D3D3D3	-26.55	25	16	5650,0
1040	#FFFFFF	#D3D3D3	-27	24.55	16	5650,0
1040	#FFFFFF	#D3D3D3	-27.45	25	16	5650,0
1007	#FFFFFF	#D3D3D3	-26.95	25.5	16	5650,0
1007	#FFFFFF	#D3D3D3	-26.5	25.95	16	5650,0
1007	#FFFFFF	#D3D3D3	-26.05	25.5	16	5650,0
1007	#FFFFFF	#D3D3D3	-26.5	25.05	16	5650,0
1007	#FFFFFF	#D3D3D3	-26.95	25.5	16	5650,0
973	#FFFFFF	#D3D3D3	-26.45	26	16	5650,0
973	#FFFFFF	#D3D3D3	-26	26.45	16	5650,0
973	#FFFFFF	#D3D3D3	-25.55	26	16	5650,0
973	#FFFFFF	#D3D3D3	-26	25.55	16	5650,0
973	#FFFFFF	#D3D3D3	-26.45	26	16	5650,0
939	#FFFFFF	#D3D3D3	-25.95	26.5	16	5650,0
939	#FFFFFF	#D3D3D3	-25.5	26.95	16	5650,0
939	#FFFFFF	#D3D3D3	-25.05	26.5	16	5650,0
939	#FFFFFF	#D3D3D3	-25.5	26.05	16	5650,0
939	#FFFFFF	#D3D3D3	-25.95	26.5	16	5650,0
906	#FFFFFF	#D3D3D3	-25.45	27	8	5650,0
906	#FFFFFF	#D3D3D3	-25	27.45	8	5650,0
906	#FFFFFF	#D3D3D3	-24.55	27	8	5650,0
906	#FFFFFF	#D3D3D3	-25	26.55	8	5650,0
906	#FFFFFF	#D3D3D3	-25.45	27	8	5650,0
873	#FFFFFF	#D3D3D3	-24.95	27.5	8	5650,0
873	#FFFFFF	#D3D3D3	-24.5	27.95	8	5650,0
873	#FFFFFF	#D3D3D3	-24.05	27.5	8	5650,0
873	#FFFFFF	#D3D3D3	-24.5	27.05	8	5650,0
873	#FFFFFF	#D3D3D3	-24.95	27.5	8	5650,0
841	#FFFFFF	#D3D3D3	-24.45	28	8	5650,0
841	#FFFFFF	#D3D3D3	-24	28.45	8	5650,0
841	#FFFFFF	#D3D3D3	-23.55	28	8	5650,0
841	#FFFFFF	#D3D3D3	-24	27.55	8	5650,0
841	#FFFFFF	#D3D3D3	-24.45	28	8	5650,0
809	#FFFFFF	#D3D3D3	-23.95	28.5	4	5650,0
809	#FFFFFF	#D3D3D3	-23.5	28.95	4	5650,0
809	#FFFFFF	#D3D3D3	-23.05	28.5	4	5650,0
809	#FFFFFF	#D3D3D3	-23.5	28.05	4	5650,0
809	#FFFFFF	#D3D3D3	-23.95	28.5	4	5650,0
778	#FFFFFF	#D3D3D3	-23.45	29	4	5650,0
778	#FFFFFF	#D3D3D3	-23	29.45	4	5650,0
778	#FFFFFF	#D3D3D3	-22.55	29	4	5650,0
778	#FFFFFF	#D3D3D3	-23	28.55	4	5650,0
778	#FFFFFF	#D3D3D3	-23.45	29	4	5650,0
747	#FFFFFF	#D3D3D3	-22.95	29.5	4	5650,0
747	#FFFFFF	#D3D3D3	-22.5	29.95	4	5650,0
747	#FFFFFF	#D3D3D3	-22.05	29.5	4	5650,0
747	#FFFFFF	#D3D3D3	-22.5	29.05	4	5650,0
747	#FFFFFF	#D3D3D3	-22.95	29.5	4	5650,0
718	#FFFFFF	#D3D3D3	-22.45	30	4	5650,0
718	#FFFFFF	#D3D3D3	-22	30.45	4	5650,0
718	#FFFFFF	#D3D3D3	-21.55	30	4	5650,0
718	#FFFFFF	#D3D3D3	-22	29.55	4	5650,0
718	#FFFFFF	#D3D3D3	-22.45	30	4	5650,0
22	#CD1076	#000000	-1.45	0	83	5600,0
22	#FFFFFF	#D3D3D3	-1.45	0	4	5650,0
22	#CD1076	#000000	-1	0.45	83	5600,0
22	#FFFFFF	#D3D3D3	-1	0.45	4	5650,0
22	#CD1076	#000000	-0.55	0	83	5600,0
22	#FFFFFF	#D3D3D3	-0.55	0	4	5650,0
22	#CD1076	#000000	-1	-0.45	83	5600,0
22	#FFFFFF	#D3D3D3	-1	-0.45	4	5650,0
22	#CD1076	#000000	-1.45	0	83	5600,0
22	#FFFFFF	#D3D3D3	-1.45	0	4	5650,0
1	#CD1076	#000000	-0.95	0.5	83	5600,0
1	#FFFFFF	#D3D3D3	-0.95	0.5	4	5650,0
1	#CD1076	#000000	-0.5	0.95	83	5600,0
1	#FFFFFF	#D3D3D3	-0.5	0.95	4	5650,0
1	#CD1076	#000000	-0.05	0.5	83	5600,0
1	#FFFFFF	#D3D3D3	-0.05	0.5	4	5650,0
1	#CD1076	#000000	-0.5	0.05	83	5600,0
1	#FFFFFF	#D3D3D3	-0.5	0.05	4	5650,0
1	#CD1076	#000000	-0.95	0.5	83	5600,0
1	#FFFFFF	#D3D3D3	-0.95	0.5	4	5650,0
2501	#CD1076	#000000	-0.45	1	18	5600,0
2501	#FFFFFF	#D3D3D3	-0.45	1	4	5650,0
2501	#CD1076	#000000	0	1.45	18	5600,0
2501	#FFFFFF	#D3D3D3	0	1.45	4	5650,0
2501	#CD1076	#000000	0.45	1	18	5600,0
2501	#FFFFFF	#D3D3D3	0.45	1	4	5650,0
2501	#CD1076	#000000	0	0.55	18	5600,0
2501	#FFFFFF	#D3D3D3	0	0.55	4	5650,0
2501	#CD1076	#000000	-0.45	1	18	5600,0
2501	#FFFFFF	#D3D3D3	-0.45	1	4	5650,0
2523	#CD1076	#000000	0.05	1.5	18	5600,0
2523	#FFFFFF	#D3D3D3	0.05	1.5	4	5650,0
2523	#CD1076	#000000	0.5	1.95	18	5600,0
2523	#FFFFFF	#D3D3D3	0.5	1.95	4	5650,0
2523	#CD1076	#000000	0.95	1.5	18	5600,0
2523	#FFFFFF	#D3D3D3	0.95	1.5	4	5650,0
2523	#CD1076	#000000	0.5	1.05	18	5600,0
2523	#FFFFFF	#D3D3D3	0.5	1.05	4	5650,0
2523	#CD1076	#000000	0.05	1.5	18	5600,0
2523	#FFFFFF	#D3D3D3	0.05	1.5	4	5650,0
2554	#FFFFFF	#D3D3D3	0.55	2	16	5600,0
2554	#FFFFFF	#D3D3D3	0.55	2	4	5650,0
2554	#FFFFFF	#D3D3D3	1	2.45	16	5600,0
2554	#FFFFFF	#D3D3D3	1	2.45	4	5650,0
2554	#FFFFFF	#D3D3D3	1.45	2	16	5600,0
2554	#FFFFFF	#D3D3D3	1.45	2	4	5650,0
2554	#FFFFFF	#D3D3D3	1	1.55	16	5600,0
2554	#FFFFFF	#D3D3D3	1	1.55	4	5650,0
2554	#FFFFFF	#D3D3D3	0.55	2	16	5600,0
2554	#FFFFFF	#D3D3D3	0.55	2	4	5650,0
2577	#FFFFFF	#D3D3D3	1.05	2.5	16	5600,0
2577	#FFFFFF	#D3D3D3	1.05	2.5	4	5650,0
2577	#FFFFFF	#D3D3D3	1.5	2.95	16	5600,0
2577	#FFFFFF	#D3D3D3	1.5	2.95	4	5650,0
2577	#FFFFFF	#D3D3D3	1.95	2.5	16	5600,0
2577	#FFFFFF	#D3D3D3	1.95	2.5	4	5650,0
2577	#FFFFFF	#D3D3D3	1.5	2.05	16	5600,0
2577	#FFFFFF	#D3D3D3	1.5	2.05	4	5650,0
2577	#FFFFFF	#D3D3D3	1.05	2.5	16	5600,0
2577	#FFFFFF	#D3D3D3	1.05	2.5	4	5650,0
2607	#FFFFFF	#D3D3D3	1.55	3	16	5600,0
2607	#FFFFFF	#D3D3D3	1.55	3	4	5650,0
2607	#FFFFFF	#D3D3D3	2	3.45	16	5600,0
2607	#FFFFFF	#D3D3D3	2	3.45	4	5650,0
2607	#FFFFFF	#D3D3D3	2.45	3	16	5600,0
2607	#FFFFFF	#D3D3D3	2.45	3	4	5650,0
2607	#FFFFFF	#D3D3D3	2	2.55	16	5600,0
2607	#FFFFFF	#D3D3D3	2	2.55	4	5650,0
2607	#FFFFFF	#D3D3D3	1.55	3	16	5600,0
2607	#FFFFFF	#D3D3D3	1.55	3	4	5650,0
2631	#FFFFFF	#D3D3D3	2.05	3.5	16	5600,0
2631	#FFFFFF	#D3D3D3	2.05	3.5	4	5650,0
2631	#FFFFFF	#D3D3D3	2.5	3.95	16	5600,0
2631	#FFFFFF	#D3D3D3	2.5	3.95	4	5650,0
2631	#FFFFFF	#D3D3D3	2.95	3.5	16	5600,0
2631	#FFFFFF	#D3D3D3	2.95	3.5	4	5650,0
2631	#FFFFFF	#D3D3D3	2.5	3.05	16	5600,0
2631	#FFFFFF	#D3D3D3	2.5	3.05	4	5650,0
2631	#FFFFFF	#D3D3D3	2.05	3.5	16	5600,0
2631	#FFFFFF	#D3D3D3	2.05	3.5	4	5650,0
2657	#FFFFFF	#D3D3D3	2.55	4	16	5600,0
2657	#FFFFFF	#D3D3D3	2.55	4	4	5650,0
2657	#FFFFFF	#D3D3D3	3	4.45	16	5600,0
2657	#FFFFFF	#D3D3D3	3	4.45	4	5650,0
2657	#FFFFFF	#D3D3D3	3.45	4	16	5600,0
2657	#FFFFFF	#D3D3D3	3.45	4	4	5650,0
2657	#FFFFFF	#D3D3D3	3	3.55	16	5600,0
2657	#FFFFFF	#D3D3D3	3	3.55	4	5650,0
2657	#FFFFFF	#D3D3D3	2.55	4	16	5600,0
2657	#FFFFFF	#D3D3D3	2.55	4	4	5650,0
2682	#FFFFFF	#D3D3D3	3.05	4.5	16	5600,0
2682	#FFFFFF	#D3D3D3	3.05	4.5	4	5650,0
2682	#FFFFFF	#D3D3D3	3.5	4.95	16	5600,0
2682	#FFFFFF	#D3D3D3	3.5	4.95	4	5650,0
2682	#FFFFFF	#D3D3D3	3.95	4.5	16	5600,0
2682	#FFFFFF	#D3D3D3	3.95	4.5	4	5650,0
2682	#FFFFFF	#D3D3D3	3.5	4.05	16	5600,0
2682	#FFFFFF	#D3D3D3	3.5	4.05	4	5650,0
2682	#FFFFFF	#D3D3D3	3.05	4.5	16	5600,0
2682	#FFFFFF	#D3D3D3	3.05	4.5	4	5650,0
2709	#FFFFFF	#D3D3D3	3.55	5	16	5600,0
2709	#FFFFFF	#D3D3D3	4	5.45	16	5600,0
2709	#FFFFFF	#D3D3D3	4.45	5	16	5600,0
2709	#FFFFFF	#D3D3D3	4	4.55	16	5600,0
2709	#FFFFFF	#D3D3D3	3.55	5	16	5600,0
2735	#FFFFFF	#D3D3D3	4.05	5.5	16	5600,0
2735	#FFFFFF	#D3D3D3	4.5	5.95	16	5600,0
2735	#FFFFFF	#D3D3D3	4.95	5.5	16	5600,0
2735	#FFFFFF	#D3D3D3	4.5	5.05	16	5600,0
2735	#FFFFFF	#D3D3D3	4.05	5.5	16	5600,0
2763	#FFFFFF	#D3D3D3	4.55	6	16	5600,0
2763	#FFFFFF	#D3D3D3	5	6.45	16	5600,0
2763	#FFFFFF	#D3D3D3	5.45	6	16	5600,0
2763	#FFFFFF	#D3D3D3	5	5.55	16	5600,0
2763	#FFFFFF	#D3D3D3	4.55	6	16	5600,0
2310	#FFFFFF	#D3D3D3	-44.95	6.5	16	5650,0
2310	#FFFFFF	#D3D3D3	-44.5	6.95	16	5650,0
2310	#FFFFFF	#D3D3D3	-44.05	6.5	16	5650,0
2310	#FFFFFF	#D3D3D3	-44.5	6.05	16	5650,0
2310	#FFFFFF	#D3D3D3	-44.95	6.5	16	5650,0
2284	#FFFFFF	#D3D3D3	-44.45	7	16	5650,0
2284	#FFFFFF	#D3D3D3	-44	7.45	16	5650,0
2284	#FFFFFF	#D3D3D3	-43.55	7	16	5650,0
2284	#FFFFFF	#D3D3D3	-44	6.55	16	5650,0
2284	#FFFFFF	#D3D3D3	-44.45	7	16	5650,0
2256	#FFFFFF	#D3D3D3	-43.95	7.5	16	5650,0
2256	#FFFFFF	#D3D3D3	-43.5	7.95	16	5650,0
2256	#FFFFFF	#D3D3D3	-43.05	7.5	16	5650,0
2256	#FFFFFF	#D3D3D3	-43.5	7.05	16	5650,0
2256	#FFFFFF	#D3D3D3	-43.95	7.5	16	5650,0
2228	#FFFFFF	#D3D3D3	-43.45	8	16	5650,0
2228	#FFFFFF	#D3D3D3	-43	8.45	16	5650,0
2228	#FFFFFF	#D3D3D3	-42.55	8	16	5650,0
2228	#FFFFFF	#D3D3D3	-43	7.55	16	5650,0
2228	#FFFFFF	#D3D3D3	-43.45	8	16	5650,0
2198	#FFFFFF	#D3D3D3	-42.95	8.5	16	5650,0
2198	#FFFFFF	#D3D3D3	-42.5	8.95	16	5650,0
2198	#FFFFFF	#D3D3D3	-42.05	8.5	16	5650,0
2198	#FFFFFF	#D3D3D3	-42.5	8.05	16	5650,0
2198	#FFFFFF	#D3D3D3	-42.95	8.5	16	5650,0
2170	#FFFFFF	#D3D3D3	-42.45	9	16	5650,0
2170	#FFFFFF	#D3D3D3	-42	9.45	16	5650,0
2170	#FFFFFF	#D3D3D3	-41.55	9	16	5650,0
2170	#FFFFFF	#D3D3D3	-42	8.55	16	5650,0
2170	#FFFFFF	#D3D3D3	-42.45	9	16	5650,0
2140	#FFFFFF	#D3D3D3	-41.95	9.5	16	5650,0
2140	#FFFFFF	#D3D3D3	-41.5	9.95	16	5650,0
2140	#FFFFFF	#D3D3D3	-41.05	9.5	16	5650,0
2140	#FFFFFF	#D3D3D3	-41.5	9.05	16	5650,0
2140	#FFFFFF	#D3D3D3	-41.95	9.5	16	5650,0
2083	#FFFFFF	#D3D3D3	-41.45	10	16	5650,0
2083	#FFFFFF	#D3D3D3	-41	10.45	16	5650,0
2083	#FFFFFF	#D3D3D3	-40.55	10	16	5650,0
2083	#FFFFFF	#D3D3D3	-41	9.55	16	5650,0
2083	#FFFFFF	#D3D3D3	-41.45	10	16	5650,0
2052	#FFFFFF	#D3D3D3	-40.95	10.5	16	5650,0
2052	#FFFFFF	#D3D3D3	-40.5	10.95	16	5650,0
2052	#FFFFFF	#D3D3D3	-40.05	10.5	16	5650,0
2052	#FFFFFF	#D3D3D3	-40.5	10.05	16	5650,0
2052	#FFFFFF	#D3D3D3	-40.95	10.5	16	5650,0
2022	#FFFFFF	#D3D3D3	-40.45	11	16	5650,0
2022	#FFFFFF	#D3D3D3	-40	11.45	16	5650,0
2022	#FFFFFF	#D3D3D3	-39.55	11	16	5650,0
2022	#FFFFFF	#D3D3D3	-40	10.55	16	5650,0
2022	#FFFFFF	#D3D3D3	-40.45	11	16	5650,0
1950	#FFFFFF	#D3D3D3	-39.95	11.5	16	5650,0
1950	#FFFFFF	#D3D3D3	-39.5	11.95	16	5650,0
1950	#FFFFFF	#D3D3D3	-39.05	11.5	16	5650,0
1950	#FFFFFF	#D3D3D3	-39.5	11.05	16	5650,0
1950	#FFFFFF	#D3D3D3	-39.95	11.5	16	5650,0
1918	#FFFFFF	#D3D3D3	-39.45	12	16	5650,0
1918	#FFFFFF	#D3D3D3	-39	12.45	16	5650,0
1918	#FFFFFF	#D3D3D3	-38.55	12	16	5650,0
1918	#FFFFFF	#D3D3D3	-39	11.55	16	5650,0
1918	#FFFFFF	#D3D3D3	-39.45	12	16	5650,0
1885	#FFFFFF	#D3D3D3	-38.95	12.5	16	5650,0
1885	#FFFFFF	#D3D3D3	-38.5	12.95	16	5650,0
1885	#FFFFFF	#D3D3D3	-38.05	12.5	16	5650,0
1885	#FFFFFF	#D3D3D3	-38.5	12.05	16	5650,0
1885	#FFFFFF	#D3D3D3	-38.95	12.5	16	5650,0
1852	#FFFFFF	#D3D3D3	-38.45	13	16	5650,0
1852	#FFFFFF	#D3D3D3	-38	13.45	16	5650,0
1852	#FFFFFF	#D3D3D3	-37.55	13	16	5650,0
1852	#FFFFFF	#D3D3D3	-38	12.55	16	5650,0
1852	#FFFFFF	#D3D3D3	-38.45	13	16	5650,0
1818	#FFFFFF	#D3D3D3	-37.95	13.5	16	5650,0
1818	#FFFFFF	#D3D3D3	-37.5	13.95	16	5650,0
1818	#FFFFFF	#D3D3D3	-37.05	13.5	16	5650,0
1818	#FFFFFF	#D3D3D3	-37.5	13.05	16	5650,0
1818	#FFFFFF	#D3D3D3	-37.95	13.5	16	5650,0
1784	#FFFFFF	#D3D3D3	-37.45	14	16	5650,0
1784	#FFFFFF	#D3D3D3	-37	14.45	16	5650,0
1784	#FFFFFF	#D3D3D3	-36.55	14	16	5650,0
1784	#FFFFFF	#D3D3D3	-37	13.55	16	5650,0
1784	#FFFFFF	#D3D3D3	-37.45	14	16	5650,0
1749	#FFFFFF	#D3D3D3	-36.95	14.5	16	5650,0
1749	#FFFFFF	#D3D3D3	-36.5	14.95	16	5650,0
1749	#FFFFFF	#D3D3D3	-36.05	14.5	16	5650,0
1749	#FFFFFF	#D3D3D3	-36.5	14.05	16	5650,0
1749	#FFFFFF	#D3D3D3	-36.95	14.5	16	5650,0
1715	#FFFFFF	#D3D3D3	-36.45	15	16	5650,0
1715	#FFFFFF	#D3D3D3	-36	15.45	16	5650,0
1715	#FFFFFF	#D3D3D3	-35.55	15	16	5650,0
1715	#FFFFFF	#D3D3D3	-36	14.55	16	5650,0
1715	#FFFFFF	#D3D3D3	-36.45	15	16	5650,0
1679	#FFFFFF	#D3D3D3	-35.95	15.5	16	5650,0
1679	#FFFFFF	#D3D3D3	-35.5	15.95	16	5650,0
1679	#FFFFFF	#D3D3D3	-35.05	15.5	16	5650,0
1679	#FFFFFF	#D3D3D3	-35.5	15.05	16	5650,0
1679	#FFFFFF	#D3D3D3	-35.95	15.5	16	5650,0
1644	#FFFFFF	#D3D3D3	-35.45	16	16	5650,0
1644	#FFFFFF	#D3D3D3	-35	16.45	16	5650,0
1644	#FFFFFF	#D3D3D3	-34.55	16	16	5650,0
1644	#FFFFFF	#D3D3D3	-35	15.55	16	5650,0
1644	#FFFFFF	#D3D3D3	-35.45	16	16	5650,0
1607	#FFFFFF	#D3D3D3	-34.95	16.5	16	5650,0
1607	#FFFFFF	#D3D3D3	-34.5	16.95	16	5650,0
1607	#FFFFFF	#D3D3D3	-34.05	16.5	16	5650,0
1607	#FFFFFF	#D3D3D3	-34.5	16.05	16	5650,0
1607	#FFFFFF	#D3D3D3	-34.95	16.5	16	5650,0
1570	#FFFFFF	#D3D3D3	-34.45	17	16	5650,0
1570	#FFFFFF	#D3D3D3	-34	17.45	16	5650,0
1570	#FFFFFF	#D3D3D3	-33.55	17	16	5650,0
1570	#FFFFFF	#D3D3D3	-34	16.55	16	5650,0
1570	#FFFFFF	#D3D3D3	-34.45	17	16	5650,0
1533	#FFFFFF	#D3D3D3	-33.95	17.5	16	5650,0
1533	#FFFFFF	#D3D3D3	-33.5	17.95	16	5650,0
1533	#FFFFFF	#D3D3D3	-33.05	17.5	16	5650,0
1533	#FFFFFF	#D3D3D3	-33.5	17.05	16	5650,0
1533	#FFFFFF	#D3D3D3	-33.95	17.5	16	5650,0
1496	#FFFFFF	#D3D3D3	-33.45	18	16	5650,0
1496	#FFFFFF	#D3D3D3	-33	18.45	16	5650,0
1496	#FFFFFF	#D3D3D3	-32.55	18	16	5650,0
1496	#FFFFFF	#D3D3D3	-33	17.55	16	5650,0
1496	#FFFFFF	#D3D3D3	-33.45	18	16	5650,0
1458	#FFFFFF	#D3D3D3	-32.95	18.5	8	5650,0
1458	#FFFFFF	#D3D3D3	-32.5	18.95	8	5650,0
1458	#FFFFFF	#D3D3D3	-32.05	18.5	8	5650,0
1458	#FFFFFF	#D3D3D3	-32.5	18.05	8	5650,0
1458	#FFFFFF	#D3D3D3	-32.95	18.5	8	5650,0
1421	#FFFFFF	#D3D3D3	-32.45	19	8	5650,0
1421	#FFFFFF	#D3D3D3	-32	19.45	8	5650,0
1421	#FFFFFF	#D3D3D3	-31.55	19	8	5650,0
1421	#FFFFFF	#D3D3D3	-32	18.55	8	5650,0
1421	#FFFFFF	#D3D3D3	-32.45	19	8	5650,0
1385	#FFFFFF	#D3D3D3	-31.95	19.5	8	5650,0
1385	#FFFFFF	#D3D3D3	-31.5	19.95	8	5650,0
1385	#FFFFFF	#D3D3D3	-31.05	19.5	8	5650,0
1385	#FFFFFF	#D3D3D3	-31.5	19.05	8	5650,0
1385	#FFFFFF	#D3D3D3	-31.95	19.5	8	5650,0
1351	#FFFFFF	#D3D3D3	-31.45	20	8	5650,0
1351	#FFFFFF	#D3D3D3	-31	20.45	8	5650,0
1351	#FFFFFF	#D3D3D3	-30.55	20	8	5650,0
1351	#FFFFFF	#D3D3D3	-31	19.55	8	5650,0
1351	#FFFFFF	#D3D3D3	-31.45	20	8	5650,0
1316	#FFFFFF	#D3D3D3	-30.95	20.5	8	5650,0
1316	#FFFFFF	#D3D3D3	-30.5	20.95	8	5650,0
1316	#FFFFFF	#D3D3D3	-30.05	20.5	8	5650,0
1316	#FFFFFF	#D3D3D3	-30.5	20.05	8	5650,0
1316	#FFFFFF	#D3D3D3	-30.95	20.5	8	5650,0
1282	#FFFFFF	#D3D3D3	-30.45	21	16	5650,0
1282	#FFFFFF	#D3D3D3	-30	21.45	16	5650,0
1282	#FFFFFF	#D3D3D3	-29.55	21	16	5650,0
1282	#FFFFFF	#D3D3D3	-30	20.55	16	5650,0
1282	#FFFFFF	#D3D3D3	-30.45	21	16	5650,0
1204	#FFFFFF	#D3D3D3	-29.95	21.5	16	5650,0
1204	#FFFFFF	#D3D3D3	-29.5	21.95	16	5650,0
1204	#FFFFFF	#D3D3D3	-29.05	21.5	16	5650,0
1204	#FFFFFF	#D3D3D3	-29.5	21.05	16	5650,0
1204	#FFFFFF	#D3D3D3	-29.95	21.5	16	5650,0
1171	#FFFFFF	#D3D3D3	-29.45	22	16	5650,0
1171	#FFFFFF	#D3D3D3	-29	22.45	16	5650,0
1171	#FFFFFF	#D3D3D3	-28.55	22	16	5650,0
1171	#FFFFFF	#D3D3D3	-29	21.55	16	5650,0
1171	#FFFFFF	#D3D3D3	-29.45	22	16	5650,0
1138	#FFFFFF	#D3D3D3	-28.95	22.5	16	5650,0
1138	#FFFFFF	#D3D3D3	-28.5	22.95	16	5650,0
1138	#FFFFFF	#D3D3D3	-28.05	22.5	16	5650,0
1138	#FFFFFF	#D3D3D3	-28.5	22.05	16	5650,0
1138	#FFFFFF	#D3D3D3	-28.95	22.5	16	5650,0
1105	#FFFFFF	#D3D3D3	-28.45	23	16	5650,0
1105	#FFFFFF	#D3D3D3	-28	23.45	16	5650,0
1105	#FFFFFF	#D3D3D3	-27.55	23	16	5650,0
1105	#FFFFFF	#D3D3D3	-28	22.55	16	5650,0
1105	#FFFFFF	#D3D3D3	-28.45	23	16	5650,0
1072	#FFFFFF	#D3D3D3	-27.95	23.5	16	5650,0
1072	#FFFFFF	#D3D3D3	-27.5	23.95	16	5650,0
1072	#FFFFFF	#D3D3D3	-27.05	23.5	16	5650,0
1072	#FFFFFF	#D3D3D3	-27.5	23.05	16	5650,0
1072	#FFFFFF	#D3D3D3	-27.95	23.5	16	5650,0
1039	#FFFFFF	#D3D3D3	-27.45	24	16	5650,0
1039	#FFFFFF	#D3D3D3	-27	24.45	16	5650,0
1039	#FFFFFF	#D3D3D3	-26.55	24	16	5650,0
1039	#FFFFFF	#D3D3D3	-27	23.55	16	5650,0
1039	#FFFFFF	#D3D3D3	-27.45	24	16	5650,0
1006	#FFFFFF	#D3D3D3	-26.95	24.5	16	5650,0
1006	#FFFFFF	#D3D3D3	-26.5	24.95	16	5650,0
1006	#FFFFFF	#D3D3D3	-26.05	24.5	16	5650,0
1006	#FFFFFF	#D3D3D3	-26.5	24.05	16	5650,0
1006	#FFFFFF	#D3D3D3	-26.95	24.5	16	5650,0
972	#FFFFFF	#D3D3D3	-26.45	25	16	5650,0
972	#FFFFFF	#D3D3D3	-26	25.45	16	5650,0
972	#FFFFFF	#D3D3D3	-25.55	25	16	5650,0
972	#FFFFFF	#D3D3D3	-26	24.55	16	5650,0
972	#FFFFFF	#D3D3D3	-26.45	25	16	5650,0
938	#FFFFFF	#D3D3D3	-25.95	25.5	16	5650,0
938	#FFFFFF	#D3D3D3	-25.5	25.95	16	5650,0
938	#FFFFFF	#D3D3D3	-25.05	25.5	16	5650,0
938	#FFFFFF	#D3D3D3	-25.5	25.05	16	5650,0
938	#FFFFFF	#D3D3D3	-25.95	25.5	16	5650,0
905	#FFFFFF	#D3D3D3	-25.45	26	8	5650,0
905	#FFFFFF	#D3D3D3	-25	26.45	8	5650,0
905	#FFFFFF	#D3D3D3	-24.55	26	8	5650,0
905	#FFFFFF	#D3D3D3	-25	25.55	8	5650,0
905	#FFFFFF	#D3D3D3	-25.45	26	8	5650,0
872	#FFFFFF	#D3D3D3	-24.95	26.5	8	5650,0
872	#FFFFFF	#D3D3D3	-24.5	26.95	8	5650,0
872	#FFFFFF	#D3D3D3	-24.05	26.5	8	5650,0
872	#FFFFFF	#D3D3D3	-24.5	26.05	8	5650,0
872	#FFFFFF	#D3D3D3	-24.95	26.5	8	5650,0
840	#FFFFFF	#D3D3D3	-24.45	27	4	5650,0
840	#FFFFFF	#D3D3D3	-24	27.45	4	5650,0
840	#FFFFFF	#D3D3D3	-23.55	27	4	5650,0
840	#FFFFFF	#D3D3D3	-24	26.55	4	5650,0
840	#FFFFFF	#D3D3D3	-24.45	27	4	5650,0
808	#FFFFFF	#D3D3D3	-23.95	27.5	8	5650,0
808	#FFFFFF	#D3D3D3	-23.5	27.95	8	5650,0
808	#FFFFFF	#D3D3D3	-23.05	27.5	8	5650,0
808	#FFFFFF	#D3D3D3	-23.5	27.05	8	5650,0
808	#FFFFFF	#D3D3D3	-23.95	27.5	8	5650,0
777	#FFFFFF	#D3D3D3	-23.45	28	8	5650,0
777	#FFFFFF	#D3D3D3	-23	28.45	8	5650,0
777	#FFFFFF	#D3D3D3	-22.55	28	8	5650,0
777	#FFFFFF	#D3D3D3	-23	27.55	8	5650,0
777	#FFFFFF	#D3D3D3	-23.45	28	8	5650,0
746	#FFFFFF	#D3D3D3	-22.95	28.5	8	5650,0
746	#FFFFFF	#D3D3D3	-22.5	28.95	8	5650,0
746	#FFFFFF	#D3D3D3	-22.05	28.5	8	5650,0
746	#FFFFFF	#D3D3D3	-22.5	28.05	8	5650,0
746	#FFFFFF	#D3D3D3	-22.95	28.5	8	5650,0
716	#FFFFFF	#D3D3D3	-22.45	29	4	5650,0
716	#FFFFFF	#D3D3D3	-22	29.45	4	5650,0
716	#FFFFFF	#D3D3D3	-21.55	29	4	5650,0
716	#FFFFFF	#D3D3D3	-22	28.55	4	5650,0
716	#FFFFFF	#D3D3D3	-22.45	29	4	5650,0
686	#FFFFFF	#D3D3D3	-21.95	29.5	4	5650,0
686	#FFFFFF	#D3D3D3	-21.5	29.95	4	5650,0
686	#FFFFFF	#D3D3D3	-21.05	29.5	4	5650,0
686	#FFFFFF	#D3D3D3	-21.5	29.05	4	5650,0
686	#FFFFFF	#D3D3D3	-21.95	29.5	4	5650,0
2500	#CD1076	#000000	-0.45	0	83	5600,0
2500	#FFFFFF	#D3D3D3	-0.45	0	4	5650,0
2500	#CD1076	#000000	0	0.45	83	5600,0
2500	#FFFFFF	#D3D3D3	0	0.45	4	5650,0
2500	#CD1076	#000000	0.45	0	83	5600,0
2500	#FFFFFF	#D3D3D3	0.45	0	4	5650,0
2500	#CD1076	#000000	0	-0.45	83	5600,0
2500	#FFFFFF	#D3D3D3	0	-0.45	4	5650,0
2500	#CD1076	#000000	-0.45	0	83	5600,0
2500	#FFFFFF	#D3D3D3	-0.45	0	4	5650,0
2522	#CD1076	#000000	0.05	0.5	83	5600,0
2522	#FFFFFF	#D3D3D3	0.05	0.5	4	5650,0
2522	#CD1076	#000000	0.5	0.95	83	5600,0
2522	#FFFFFF	#D3D3D3	0.5	0.95	4	5650,0
2522	#CD1076	#000000	0.95	0.5	83	5600,0
2522	#FFFFFF	#D3D3D3	0.95	0.5	4	5650,0
2522	#CD1076	#000000	0.5	0.05	83	5600,0
2522	#FFFFFF	#D3D3D3	0.5	0.05	4	5650,0
2522	#CD1076	#000000	0.05	0.5	83	5600,0
2522	#FFFFFF	#D3D3D3	0.05	0.5	4	5650,0
2546	#CD1076	#000000	0.55	1	18	5600,0
2546	#FFFFFF	#D3D3D3	0.55	1	4	5650,0
2546	#CD1076	#000000	1	1.45	18	5600,0
2546	#FFFFFF	#D3D3D3	1	1.45	4	5650,0
2546	#CD1076	#000000	1.45	1	18	5600,0
2546	#FFFFFF	#D3D3D3	1.45	1	4	5650,0
2546	#CD1076	#000000	1	0.55	18	5600,0
2546	#FFFFFF	#D3D3D3	1	0.55	4	5650,0
2546	#CD1076	#000000	0.55	1	18	5600,0
2546	#FFFFFF	#D3D3D3	0.55	1	4	5650,0
2569	#FFFFFF	#D3D3D3	1.05	1.5	16	5600,0
2569	#FFFFFF	#D3D3D3	1.05	1.5	4	5650,0
2569	#FFFFFF	#D3D3D3	1.5	1.95	16	5600,0
2569	#FFFFFF	#D3D3D3	1.5	1.95	4	5650,0
2569	#FFFFFF	#D3D3D3	1.95	1.5	16	5600,0
2569	#FFFFFF	#D3D3D3	1.95	1.5	4	5650,0
2569	#FFFFFF	#D3D3D3	1.5	1.05	16	5600,0
2569	#FFFFFF	#D3D3D3	1.5	1.05	4	5650,0
2569	#FFFFFF	#D3D3D3	1.05	1.5	16	5600,0
2569	#FFFFFF	#D3D3D3	1.05	1.5	4	5650,0
2600	#FFFFFF	#D3D3D3	1.55	2	16	5600,0
2600	#FFFFFF	#D3D3D3	1.55	2	4	5650,0
2600	#FFFFFF	#D3D3D3	2	2.45	16	5600,0
2600	#FFFFFF	#D3D3D3	2	2.45	4	5650,0
2600	#FFFFFF	#D3D3D3	2.45	2	16	5600,0
2600	#FFFFFF	#D3D3D3	2.45	2	4	5650,0
2600	#FFFFFF	#D3D3D3	2	1.55	16	5600,0
2600	#FFFFFF	#D3D3D3	2	1.55	4	5650,0
2600	#FFFFFF	#D3D3D3	1.55	2	16	5600,0
2600	#FFFFFF	#D3D3D3	1.55	2	4	5650,0
2623	#FFFFFF	#D3D3D3	2.05	2.5	16	5600,0
2623	#FFFFFF	#D3D3D3	2.05	2.5	4	5650,0
2623	#FFFFFF	#D3D3D3	2.5	2.95	16	5600,0
2623	#FFFFFF	#D3D3D3	2.5	2.95	4	5650,0
2623	#FFFFFF	#D3D3D3	2.95	2.5	16	5600,0
2623	#FFFFFF	#D3D3D3	2.95	2.5	4	5650,0
2623	#FFFFFF	#D3D3D3	2.5	2.05	16	5600,0
2623	#FFFFFF	#D3D3D3	2.5	2.05	4	5650,0
2623	#FFFFFF	#D3D3D3	2.05	2.5	16	5600,0
2623	#FFFFFF	#D3D3D3	2.05	2.5	4	5650,0
2656	#FFFFFF	#D3D3D3	2.55	3	16	5600,0
2656	#FFFFFF	#D3D3D3	2.55	3	4	5650,0
2656	#FFFFFF	#D3D3D3	3	3.45	16	5600,0
2656	#FFFFFF	#D3D3D3	3	3.45	4	5650,0
2656	#FFFFFF	#D3D3D3	3.45	3	16	5600,0
2656	#FFFFFF	#D3D3D3	3.45	3	4	5650,0
2656	#FFFFFF	#D3D3D3	3	2.55	16	5600,0
2656	#FFFFFF	#D3D3D3	3	2.55	4	5650,0
2656	#FFFFFF	#D3D3D3	2.55	3	16	5600,0
2656	#FFFFFF	#D3D3D3	2.55	3	4	5650,0
2681	#FFFFFF	#D3D3D3	3.05	3.5	16	5600,0
2681	#FFFFFF	#D3D3D3	3.05	3.5	4	5650,0
2681	#FFFFFF	#D3D3D3	3.5	3.95	16	5600,0
2681	#FFFFFF	#D3D3D3	3.5	3.95	4	5650,0
2681	#FFFFFF	#D3D3D3	3.95	3.5	16	5600,0
2681	#FFFFFF	#D3D3D3	3.95	3.5	4	5650,0
2681	#FFFFFF	#D3D3D3	3.5	3.05	16	5600,0
2681	#FFFFFF	#D3D3D3	3.5	3.05	4	5650,0
2681	#FFFFFF	#D3D3D3	3.05	3.5	16	5600,0
2681	#FFFFFF	#D3D3D3	3.05	3.5	4	5650,0
2708	#FFFFFF	#D3D3D3	3.55	4	16	5600,0
2708	#FFFFFF	#D3D3D3	3.55	4	4	5650,0
2708	#FFFFFF	#D3D3D3	4	4.45	16	5600,0
2708	#FFFFFF	#D3D3D3	4	4.45	4	5650,0
2708	#FFFFFF	#D3D3D3	4.45	4	16	5600,0
2708	#FFFFFF	#D3D3D3	4.45	4	4	5650,0
2708	#FFFFFF	#D3D3D3	4	3.55	16	5600,0
2708	#FFFFFF	#D3D3D3	4	3.55	4	5650,0
2708	#FFFFFF	#D3D3D3	3.55	4	16	5600,0
2708	#FFFFFF	#D3D3D3	3.55	4	4	5650,0
2734	#FFFFFF	#D3D3D3	4.05	4.5	16	5600,0
2734	#FFFFFF	#D3D3D3	4.5	4.95	16	5600,0
2734	#FFFFFF	#D3D3D3	4.95	4.5	16	5600,0
2734	#FFFFFF	#D3D3D3	4.5	4.05	16	5600,0
2734	#FFFFFF	#D3D3D3	4.05	4.5	16	5600,0
2762	#FFFFFF	#D3D3D3	4.55	5	16	5600,0
2762	#FFFFFF	#D3D3D3	5	5.45	16	5600,0
2762	#FFFFFF	#D3D3D3	5.45	5	16	5600,0
2762	#FFFFFF	#D3D3D3	5	4.55	16	5600,0
2762	#FFFFFF	#D3D3D3	4.55	5	16	5600,0
2309	#FFFFFF	#D3D3D3	-44.95	5.5	16	5650,0
2309	#FFFFFF	#D3D3D3	-44.5	5.95	16	5650,0
2309	#FFFFFF	#D3D3D3	-44.05	5.5	16	5650,0
2309	#FFFFFF	#D3D3D3	-44.5	5.05	16	5650,0
2309	#FFFFFF	#D3D3D3	-44.95	5.5	16	5650,0
2283	#FFFFFF	#D3D3D3	-44.45	6	16	5650,0
2283	#FFFFFF	#D3D3D3	-44	6.45	16	5650,0
2283	#FFFFFF	#D3D3D3	-43.55	6	16	5650,0
2283	#FFFFFF	#D3D3D3	-44	5.55	16	5650,0
2283	#FFFFFF	#D3D3D3	-44.45	6	16	5650,0
2255	#FFFFFF	#D3D3D3	-43.95	6.5	16	5650,0
2255	#FFFFFF	#D3D3D3	-43.5	6.95	16	5650,0
2255	#FFFFFF	#D3D3D3	-43.05	6.5	16	5650,0
2255	#FFFFFF	#D3D3D3	-43.5	6.05	16	5650,0
2255	#FFFFFF	#D3D3D3	-43.95	6.5	16	5650,0
2227	#FFFFFF	#D3D3D3	-43.45	7	16	5650,0
2227	#FFFFFF	#D3D3D3	-43	7.45	16	5650,0
2227	#FFFFFF	#D3D3D3	-42.55	7	16	5650,0
2227	#FFFFFF	#D3D3D3	-43	6.55	16	5650,0
2227	#FFFFFF	#D3D3D3	-43.45	7	16	5650,0
2197	#FFFFFF	#D3D3D3	-42.95	7.5	16	5650,0
2197	#FFFFFF	#D3D3D3	-42.5	7.95	16	5650,0
2197	#FFFFFF	#D3D3D3	-42.05	7.5	16	5650,0
2197	#FFFFFF	#D3D3D3	-42.5	7.05	16	5650,0
2197	#FFFFFF	#D3D3D3	-42.95	7.5	16	5650,0
2169	#FFFFFF	#D3D3D3	-42.45	8	16	5650,0
2169	#FFFFFF	#D3D3D3	-42	8.45	16	5650,0
2169	#FFFFFF	#D3D3D3	-41.55	8	16	5650,0
2169	#FFFFFF	#D3D3D3	-42	7.55	16	5650,0
2169	#FFFFFF	#D3D3D3	-42.45	8	16	5650,0
2139	#FFFFFF	#D3D3D3	-41.95	8.5	16	5650,0
2139	#FFFFFF	#D3D3D3	-41.5	8.95	16	5650,0
2139	#FFFFFF	#D3D3D3	-41.05	8.5	16	5650,0
2139	#FFFFFF	#D3D3D3	-41.5	8.05	16	5650,0
2139	#FFFFFF	#D3D3D3	-41.95	8.5	16	5650,0
2111	#FFFFFF	#D3D3D3	-41.45	9	16	5650,0
2111	#FFFFFF	#D3D3D3	-41	9.45	16	5650,0
2111	#FFFFFF	#D3D3D3	-40.55	9	16	5650,0
2111	#FFFFFF	#D3D3D3	-41	8.55	16	5650,0
2111	#FFFFFF	#D3D3D3	-41.45	9	16	5650,0
2080	#FFFFFF	#D3D3D3	-40.95	9.5	16	5650,0
2080	#FFFFFF	#D3D3D3	-40.5	9.95	16	5650,0
2080	#FFFFFF	#D3D3D3	-40.05	9.5	16	5650,0
2080	#FFFFFF	#D3D3D3	-40.5	9.05	16	5650,0
2080	#FFFFFF	#D3D3D3	-40.95	9.5	16	5650,0
2021	#FFFFFF	#D3D3D3	-40.45	10	16	5650,0
2021	#FFFFFF	#D3D3D3	-40	10.45	16	5650,0
2021	#FFFFFF	#D3D3D3	-39.55	10	16	5650,0
2021	#FFFFFF	#D3D3D3	-40	9.55	16	5650,0
2021	#FFFFFF	#D3D3D3	-40.45	10	16	5650,0
1949	#FFFFFF	#D3D3D3	-39.95	10.5	16	5650,0
1949	#FFFFFF	#D3D3D3	-39.5	10.95	16	5650,0
1949	#FFFFFF	#D3D3D3	-39.05	10.5	16	5650,0
1949	#FFFFFF	#D3D3D3	-39.5	10.05	16	5650,0
1949	#FFFFFF	#D3D3D3	-39.95	10.5	16	5650,0
1917	#FFFFFF	#D3D3D3	-39.45	11	16	5650,0
1917	#FFFFFF	#D3D3D3	-39	11.45	16	5650,0
1917	#FFFFFF	#D3D3D3	-38.55	11	16	5650,0
1917	#FFFFFF	#D3D3D3	-39	10.55	16	5650,0
1917	#FFFFFF	#D3D3D3	-39.45	11	16	5650,0
1884	#FFFFFF	#D3D3D3	-38.95	11.5	16	5650,0
1884	#FFFFFF	#D3D3D3	-38.5	11.95	16	5650,0
1884	#FFFFFF	#D3D3D3	-38.05	11.5	16	5650,0
1884	#FFFFFF	#D3D3D3	-38.5	11.05	16	5650,0
1884	#FFFFFF	#D3D3D3	-38.95	11.5	16	5650,0
1851	#FFFFFF	#D3D3D3	-38.45	12	16	5650,0
1851	#FFFFFF	#D3D3D3	-38	12.45	16	5650,0
1851	#FFFFFF	#D3D3D3	-37.55	12	16	5650,0
1851	#FFFFFF	#D3D3D3	-38	11.55	16	5650,0
1851	#FFFFFF	#D3D3D3	-38.45	12	16	5650,0
1817	#FFFFFF	#D3D3D3	-37.95	12.5	16	5650,0
1817	#FFFFFF	#D3D3D3	-37.5	12.95	16	5650,0
1817	#FFFFFF	#D3D3D3	-37.05	12.5	16	5650,0
1817	#FFFFFF	#D3D3D3	-37.5	12.05	16	5650,0
1817	#FFFFFF	#D3D3D3	-37.95	12.5	16	5650,0
1783	#FFFFFF	#D3D3D3	-37.45	13	16	5650,0
1783	#FFFFFF	#D3D3D3	-37	13.45	16	5650,0
1783	#FFFFFF	#D3D3D3	-36.55	13	16	5650,0
1783	#FFFFFF	#D3D3D3	-37	12.55	16	5650,0
1783	#FFFFFF	#D3D3D3	-37.45	13	16	5650,0
1748	#FFFFFF	#D3D3D3	-36.95	13.5	16	5650,0
1748	#FFFFFF	#D3D3D3	-36.5	13.95	16	5650,0
1748	#FFFFFF	#D3D3D3	-36.05	13.5	16	5650,0
1748	#FFFFFF	#D3D3D3	-36.5	13.05	16	5650,0
1748	#FFFFFF	#D3D3D3	-36.95	13.5	16	5650,0
1714	#FFFFFF	#D3D3D3	-36.45	14	16	5650,0
1714	#FFFFFF	#D3D3D3	-36	14.45	16	5650,0
1714	#FFFFFF	#D3D3D3	-35.55	14	16	5650,0
1714	#FFFFFF	#D3D3D3	-36	13.55	16	5650,0
1714	#FFFFFF	#D3D3D3	-36.45	14	16	5650,0
1678	#FFFFFF	#D3D3D3	-35.95	14.5	16	5650,0
1678	#FFFFFF	#D3D3D3	-35.5	14.95	16	5650,0
1678	#FFFFFF	#D3D3D3	-35.05	14.5	16	5650,0
1678	#FFFFFF	#D3D3D3	-35.5	14.05	16	5650,0
1678	#FFFFFF	#D3D3D3	-35.95	14.5	16	5650,0
1643	#FFFFFF	#D3D3D3	-35.45	15	16	5650,0
1643	#FFFFFF	#D3D3D3	-35	15.45	16	5650,0
1643	#FFFFFF	#D3D3D3	-34.55	15	16	5650,0
1643	#FFFFFF	#D3D3D3	-35	14.55	16	5650,0
1643	#FFFFFF	#D3D3D3	-35.45	15	16	5650,0
1606	#FFFFFF	#D3D3D3	-34.95	15.5	16	5650,0
1606	#FFFFFF	#D3D3D3	-34.5	15.95	16	5650,0
1606	#FFFFFF	#D3D3D3	-34.05	15.5	16	5650,0
1606	#FFFFFF	#D3D3D3	-34.5	15.05	16	5650,0
1606	#FFFFFF	#D3D3D3	-34.95	15.5	16	5650,0
1569	#FFFFFF	#D3D3D3	-34.45	16	16	5650,0
1569	#FFFFFF	#D3D3D3	-34	16.45	16	5650,0
1569	#FFFFFF	#D3D3D3	-33.55	16	16	5650,0
1569	#FFFFFF	#D3D3D3	-34	15.55	16	5650,0
1569	#FFFFFF	#D3D3D3	-34.45	16	16	5650,0
1532	#FFFFFF	#D3D3D3	-33.95	16.5	16	5650,0
1532	#FFFFFF	#D3D3D3	-33.5	16.95	16	5650,0
1532	#FFFFFF	#D3D3D3	-33.05	16.5	16	5650,0
1532	#FFFFFF	#D3D3D3	-33.5	16.05	16	5650,0
1532	#FFFFFF	#D3D3D3	-33.95	16.5	16	5650,0
1495	#FFFFFF	#D3D3D3	-33.45	17	16	5650,0
1495	#FFFFFF	#D3D3D3	-33	17.45	16	5650,0
1495	#FFFFFF	#D3D3D3	-32.55	17	16	5650,0
1495	#FFFFFF	#D3D3D3	-33	16.55	16	5650,0
1495	#FFFFFF	#D3D3D3	-33.45	17	16	5650,0
1457	#FFFFFF	#D3D3D3	-32.95	17.5	16	5650,0
1457	#FFFFFF	#D3D3D3	-32.5	17.95	16	5650,0
1457	#FFFFFF	#D3D3D3	-32.05	17.5	16	5650,0
1457	#FFFFFF	#D3D3D3	-32.5	17.05	16	5650,0
1457	#FFFFFF	#D3D3D3	-32.95	17.5	16	5650,0
1420	#FFFFFF	#D3D3D3	-32.45	18	16	5650,0
1420	#FFFFFF	#D3D3D3	-32	18.45	16	5650,0
1420	#FFFFFF	#D3D3D3	-31.55	18	16	5650,0
1420	#FFFFFF	#D3D3D3	-32	17.55	16	5650,0
1420	#FFFFFF	#D3D3D3	-32.45	18	16	5650,0
1384	#FFFFFF	#D3D3D3	-31.95	18.5	16	5650,0
1384	#FFFFFF	#D3D3D3	-31.5	18.95	16	5650,0
1384	#FFFFFF	#D3D3D3	-31.05	18.5	16	5650,0
1384	#FFFFFF	#D3D3D3	-31.5	18.05	16	5650,0
1384	#FFFFFF	#D3D3D3	-31.95	18.5	16	5650,0
1349	#FFFFFF	#D3D3D3	-31.45	19	16	5650,0
1349	#FFFFFF	#D3D3D3	-31	19.45	16	5650,0
1349	#FFFFFF	#D3D3D3	-30.55	19	16	5650,0
1349	#FFFFFF	#D3D3D3	-31	18.55	16	5650,0
1349	#FFFFFF	#D3D3D3	-31.45	19	16	5650,0
1314	#FFFFFF	#D3D3D3	-30.95	19.5	8	5650,0
1314	#FFFFFF	#D3D3D3	-30.5	19.95	8	5650,0
1314	#FFFFFF	#D3D3D3	-30.05	19.5	8	5650,0
1314	#FFFFFF	#D3D3D3	-30.5	19.05	8	5650,0
1314	#FFFFFF	#D3D3D3	-30.95	19.5	8	5650,0
1281	#FFFFFF	#D3D3D3	-30.45	20	16	5650,0
1281	#FFFFFF	#D3D3D3	-30	20.45	16	5650,0
1281	#FFFFFF	#D3D3D3	-29.55	20	16	5650,0
1281	#FFFFFF	#D3D3D3	-30	19.55	16	5650,0
1281	#FFFFFF	#D3D3D3	-30.45	20	16	5650,0
1203	#FFFFFF	#D3D3D3	-29.95	20.5	16	5650,0
1203	#FFFFFF	#D3D3D3	-29.5	20.95	16	5650,0
1203	#FFFFFF	#D3D3D3	-29.05	20.5	16	5650,0
1203	#FFFFFF	#D3D3D3	-29.5	20.05	16	5650,0
1203	#FFFFFF	#D3D3D3	-29.95	20.5	16	5650,0
1170	#FFFFFF	#D3D3D3	-29.45	21	16	5650,0
1170	#FFFFFF	#D3D3D3	-29	21.45	16	5650,0
1170	#FFFFFF	#D3D3D3	-28.55	21	16	5650,0
1170	#FFFFFF	#D3D3D3	-29	20.55	16	5650,0
1170	#FFFFFF	#D3D3D3	-29.45	21	16	5650,0
1137	#FFFFFF	#D3D3D3	-28.95	21.5	16	5650,0
1137	#FFFFFF	#D3D3D3	-28.5	21.95	16	5650,0
1137	#FFFFFF	#D3D3D3	-28.05	21.5	16	5650,0
1137	#FFFFFF	#D3D3D3	-28.5	21.05	16	5650,0
1137	#FFFFFF	#D3D3D3	-28.95	21.5	16	5650,0
1104	#FFFFFF	#D3D3D3	-28.45	22	16	5650,0
1104	#FFFFFF	#D3D3D3	-28	22.45	16	5650,0
1104	#FFFFFF	#D3D3D3	-27.55	22	16	5650,0
1104	#FFFFFF	#D3D3D3	-28	21.55	16	5650,0
1104	#FFFFFF	#D3D3D3	-28.45	22	16	5650,0
1071	#FFFFFF	#D3D3D3	-27.95	22.5	16	5650,0
1071	#FFFFFF	#D3D3D3	-27.5	22.95	16	5650,0
1071	#FFFFFF	#D3D3D3	-27.05	22.5	16	5650,0
1071	#FFFFFF	#D3D3D3	-27.5	22.05	16	5650,0
1071	#FFFFFF	#D3D3D3	-27.95	22.5	16	5650,0
1038	#FFFFFF	#D3D3D3	-27.45	23	16	5650,0
1038	#FFFFFF	#D3D3D3	-27	23.45	16	5650,0
1038	#FFFFFF	#D3D3D3	-26.55	23	16	5650,0
1038	#FFFFFF	#D3D3D3	-27	22.55	16	5650,0
1038	#FFFFFF	#D3D3D3	-27.45	23	16	5650,0
1005	#FFFFFF	#D3D3D3	-26.95	23.5	16	5650,0
1005	#FFFFFF	#D3D3D3	-26.5	23.95	16	5650,0
1005	#FFFFFF	#D3D3D3	-26.05	23.5	16	5650,0
1005	#FFFFFF	#D3D3D3	-26.5	23.05	16	5650,0
1005	#FFFFFF	#D3D3D3	-26.95	23.5	16	5650,0
971	#FFFFFF	#D3D3D3	-26.45	24	16	5650,0
971	#FFFFFF	#D3D3D3	-26	24.45	16	5650,0
971	#FFFFFF	#D3D3D3	-25.55	24	16	5650,0
971	#FFFFFF	#D3D3D3	-26	23.55	16	5650,0
971	#FFFFFF	#D3D3D3	-26.45	24	16	5650,0
937	#FFFFFF	#D3D3D3	-25.95	24.5	16	5650,0
937	#FFFFFF	#D3D3D3	-25.5	24.95	16	5650,0
937	#FFFFFF	#D3D3D3	-25.05	24.5	16	5650,0
937	#FFFFFF	#D3D3D3	-25.5	24.05	16	5650,0
937	#FFFFFF	#D3D3D3	-25.95	24.5	16	5650,0
904	#FFFFFF	#D3D3D3	-25.45	25	16	5650,0
904	#FFFFFF	#D3D3D3	-25	25.45	16	5650,0
904	#FFFFFF	#D3D3D3	-24.55	25	16	5650,0
904	#FFFFFF	#D3D3D3	-25	24.55	16	5650,0
904	#FFFFFF	#D3D3D3	-25.45	25	16	5650,0
871	#FFFFFF	#D3D3D3	-24.95	25.5	8	5650,0
871	#FFFFFF	#D3D3D3	-24.5	25.95	8	5650,0
871	#FFFFFF	#D3D3D3	-24.05	25.5	8	5650,0
871	#FFFFFF	#D3D3D3	-24.5	25.05	8	5650,0
871	#FFFFFF	#D3D3D3	-24.95	25.5	8	5650,0
839	#FFFFFF	#D3D3D3	-24.45	26	8	5650,0
839	#FFFFFF	#D3D3D3	-24	26.45	8	5650,0
839	#FFFFFF	#D3D3D3	-23.55	26	8	5650,0
839	#FFFFFF	#D3D3D3	-24	25.55	8	5650,0
839	#FFFFFF	#D3D3D3	-24.45	26	8	5650,0
807	#FFFFFF	#D3D3D3	-23.95	26.5	4	5650,0
807	#FFFFFF	#D3D3D3	-23.5	26.95	4	5650,0
807	#FFFFFF	#D3D3D3	-23.05	26.5	4	5650,0
807	#FFFFFF	#D3D3D3	-23.5	26.05	4	5650,0
807	#FFFFFF	#D3D3D3	-23.95	26.5	4	5650,0
776	#FFFFFF	#D3D3D3	-23.45	27	8	5650,0
776	#FFFFFF	#D3D3D3	-23	27.45	8	5650,0
776	#FFFFFF	#D3D3D3	-22.55	27	8	5650,0
776	#FFFFFF	#D3D3D3	-23	26.55	8	5650,0
776	#FFFFFF	#D3D3D3	-23.45	27	8	5650,0
745	#FFFFFF	#D3D3D3	-22.95	27.5	4	5650,0
745	#FFFFFF	#D3D3D3	-22.5	27.95	4	5650,0
745	#FFFFFF	#D3D3D3	-22.05	27.5	4	5650,0
745	#FFFFFF	#D3D3D3	-22.5	27.05	4	5650,0
745	#FFFFFF	#D3D3D3	-22.95	27.5	4	5650,0
715	#FFFFFF	#D3D3D3	-22.45	28	4	5650,0
715	#FFFFFF	#D3D3D3	-22	28.45	4	5650,0
715	#FFFFFF	#D3D3D3	-21.55	28	4	5650,0
715	#FFFFFF	#D3D3D3	-22	27.55	4	5650,0
715	#FFFFFF	#D3D3D3	-22.45	28	4	5650,0
685	#FFFFFF	#D3D3D3	-21.95	28.5	4	5650,0
685	#FFFFFF	#D3D3D3	-21.5	28.95	4	5650,0
685	#FFFFFF	#D3D3D3	-21.05	28.5	4	5650,0
685	#FFFFFF	#D3D3D3	-21.5	28.05	4	5650,0
685	#FFFFFF	#D3D3D3	-21.95	28.5	4	5650,0
656	#FFFFFF	#D3D3D3	-21.45	29	4	5650,0
656	#FFFFFF	#D3D3D3	-21	29.45	4	5650,0
656	#FFFFFF	#D3D3D3	-20.55	29	4	5650,0
656	#FFFFFF	#D3D3D3	-21	28.55	4	5650,0
656	#FFFFFF	#D3D3D3	-21.45	29	4	5650,0
2545	#CD1076	#000000	0.55	0	83	5600,0
2545	#FFFFFF	#D3D3D3	0.55	0	4	5650,0
2545	#CD1076	#000000	1	0.45	83	5600,0
2545	#FFFFFF	#D3D3D3	1	0.45	4	5650,0
2545	#CD1076	#000000	1.45	0	83	5600,0
2545	#FFFFFF	#D3D3D3	1.45	0	4	5650,0
2545	#CD1076	#000000	1	-0.45	83	5600,0
2545	#FFFFFF	#D3D3D3	1	-0.45	4	5650,0
2545	#CD1076	#000000	0.55	0	83	5600,0
2545	#FFFFFF	#D3D3D3	0.55	0	4	5650,0
2568	#CD1076	#000000	1.05	0.5	83	5600,0
2568	#FFFFFF	#D3D3D3	1.05	0.5	4	5650,0
2568	#CD1076	#000000	1.5	0.95	83	5600,0
2568	#FFFFFF	#D3D3D3	1.5	0.95	4	5650,0
2568	#CD1076	#000000	1.95	0.5	83	5600,0
2568	#FFFFFF	#D3D3D3	1.95	0.5	4	5650,0
2568	#CD1076	#000000	1.5	0.05	83	5600,0
2568	#FFFFFF	#D3D3D3	1.5	0.05	4	5650,0
2568	#CD1076	#000000	1.05	0.5	83	5600,0
2568	#FFFFFF	#D3D3D3	1.05	0.5	4	5650,0
2592	#FFFFFF	#D3D3D3	1.55	1	16	5600,0
2592	#FFFFFF	#D3D3D3	1.55	1	4	5650,0
2592	#FFFFFF	#D3D3D3	2	1.45	16	5600,0
2592	#FFFFFF	#D3D3D3	2	1.45	4	5650,0
2592	#FFFFFF	#D3D3D3	2.45	1	16	5600,0
2592	#FFFFFF	#D3D3D3	2.45	1	4	5650,0
2592	#FFFFFF	#D3D3D3	2	0.55	16	5600,0
2592	#FFFFFF	#D3D3D3	2	0.55	4	5650,0
2592	#FFFFFF	#D3D3D3	1.55	1	16	5600,0
2592	#FFFFFF	#D3D3D3	1.55	1	4	5650,0
2615	#FFFFFF	#D3D3D3	2.05	1.5	16	5600,0
2615	#FFFFFF	#D3D3D3	2.05	1.5	4	5650,0
2615	#FFFFFF	#D3D3D3	2.5	1.95	16	5600,0
2615	#FFFFFF	#D3D3D3	2.5	1.95	4	5650,0
2615	#FFFFFF	#D3D3D3	2.95	1.5	16	5600,0
2615	#FFFFFF	#D3D3D3	2.95	1.5	4	5650,0
2615	#FFFFFF	#D3D3D3	2.5	1.05	16	5600,0
2615	#FFFFFF	#D3D3D3	2.5	1.05	4	5650,0
2615	#FFFFFF	#D3D3D3	2.05	1.5	16	5600,0
2615	#FFFFFF	#D3D3D3	2.05	1.5	4	5650,0
2647	#FFFFFF	#D3D3D3	2.55	2	16	5600,0
2647	#FFFFFF	#D3D3D3	2.55	2	4	5650,0
2647	#FFFFFF	#D3D3D3	3	2.45	16	5600,0
2647	#FFFFFF	#D3D3D3	3	2.45	4	5650,0
2647	#FFFFFF	#D3D3D3	3.45	2	16	5600,0
2647	#FFFFFF	#D3D3D3	3.45	2	4	5650,0
2647	#FFFFFF	#D3D3D3	3	1.55	16	5600,0
2647	#FFFFFF	#D3D3D3	3	1.55	4	5650,0
2647	#FFFFFF	#D3D3D3	2.55	2	16	5600,0
2647	#FFFFFF	#D3D3D3	2.55	2	4	5650,0
2672	#FFFFFF	#D3D3D3	3.05	2.5	16	5600,0
2672	#FFFFFF	#D3D3D3	3.05	2.5	4	5650,0
2672	#FFFFFF	#D3D3D3	3.5	2.95	16	5600,0
2672	#FFFFFF	#D3D3D3	3.5	2.95	4	5650,0
2672	#FFFFFF	#D3D3D3	3.95	2.5	16	5600,0
2672	#FFFFFF	#D3D3D3	3.95	2.5	4	5650,0
2672	#FFFFFF	#D3D3D3	3.5	2.05	16	5600,0
2672	#FFFFFF	#D3D3D3	3.5	2.05	4	5650,0
2672	#FFFFFF	#D3D3D3	3.05	2.5	16	5600,0
2672	#FFFFFF	#D3D3D3	3.05	2.5	4	5650,0
2707	#FFFFFF	#D3D3D3	3.55	3	16	5600,0
2707	#FFFFFF	#D3D3D3	3.55	3	4	5650,0
2707	#FFFFFF	#D3D3D3	4	3.45	16	5600,0
2707	#FFFFFF	#D3D3D3	4	3.45	4	5650,0
2707	#FFFFFF	#D3D3D3	4.45	3	16	5600,0
2707	#FFFFFF	#D3D3D3	4.45	3	4	5650,0
2707	#FFFFFF	#D3D3D3	4	2.55	16	5600,0
2707	#FFFFFF	#D3D3D3	4	2.55	4	5650,0
2707	#FFFFFF	#D3D3D3	3.55	3	16	5600,0
2707	#FFFFFF	#D3D3D3	3.55	3	4	5650,0
2733	#FFFFFF	#D3D3D3	4.05	3.5	16	5600,0
2733	#FFFFFF	#D3D3D3	4.05	3.5	4	5650,0
2733	#FFFFFF	#D3D3D3	4.5	3.95	16	5600,0
2733	#FFFFFF	#D3D3D3	4.5	3.95	4	5650,0
2733	#FFFFFF	#D3D3D3	4.95	3.5	16	5600,0
2733	#FFFFFF	#D3D3D3	4.95	3.5	4	5650,0
2733	#FFFFFF	#D3D3D3	4.5	3.05	16	5600,0
2733	#FFFFFF	#D3D3D3	4.5	3.05	4	5650,0
2733	#FFFFFF	#D3D3D3	4.05	3.5	16	5600,0
2733	#FFFFFF	#D3D3D3	4.05	3.5	4	5650,0
2761	#FFFFFF	#D3D3D3	4.55	4	16	5600,0
2761	#FFFFFF	#D3D3D3	5	4.45	16	5600,0
2761	#FFFFFF	#D3D3D3	5.45	4	16	5600,0
2761	#FFFFFF	#D3D3D3	5	3.55	16	5600,0
2761	#FFFFFF	#D3D3D3	4.55	4	16	5600,0
2308	#FFFFFF	#D3D3D3	-44.95	4.5	16	5650,0
2308	#FFFFFF	#D3D3D3	-44.5	4.95	16	5650,0
2308	#FFFFFF	#D3D3D3	-44.05	4.5	16	5650,0
2308	#FFFFFF	#D3D3D3	-44.5	4.05	16	5650,0
2308	#FFFFFF	#D3D3D3	-44.95	4.5	16	5650,0
2282	#FFFFFF	#D3D3D3	-44.45	5	16	5650,0
2282	#FFFFFF	#D3D3D3	-44	5.45	16	5650,0
2282	#FFFFFF	#D3D3D3	-43.55	5	16	5650,0
2282	#FFFFFF	#D3D3D3	-44	4.55	16	5650,0
2282	#FFFFFF	#D3D3D3	-44.45	5	16	5650,0
2254	#FFFFFF	#D3D3D3	-43.95	5.5	16	5650,0
2254	#FFFFFF	#D3D3D3	-43.5	5.95	16	5650,0
2254	#FFFFFF	#D3D3D3	-43.05	5.5	16	5650,0
2254	#FFFFFF	#D3D3D3	-43.5	5.05	16	5650,0
2254	#FFFFFF	#D3D3D3	-43.95	5.5	16	5650,0
2226	#FFFFFF	#D3D3D3	-43.45	6	16	5650,0
2226	#FFFFFF	#D3D3D3	-43	6.45	16	5650,0
2226	#FFFFFF	#D3D3D3	-42.55	6	16	5650,0
2226	#FFFFFF	#D3D3D3	-43	5.55	16	5650,0
2226	#FFFFFF	#D3D3D3	-43.45	6	16	5650,0
2196	#FFFFFF	#D3D3D3	-42.95	6.5	16	5650,0
2196	#FFFFFF	#D3D3D3	-42.5	6.95	16	5650,0
2196	#FFFFFF	#D3D3D3	-42.05	6.5	16	5650,0
2196	#FFFFFF	#D3D3D3	-42.5	6.05	16	5650,0
2196	#FFFFFF	#D3D3D3	-42.95	6.5	16	5650,0
2168	#FFFFFF	#D3D3D3	-42.45	7	16	5650,0
2168	#FFFFFF	#D3D3D3	-42	7.45	16	5650,0
2168	#FFFFFF	#D3D3D3	-41.55	7	16	5650,0
2168	#FFFFFF	#D3D3D3	-42	6.55	16	5650,0
2168	#FFFFFF	#D3D3D3	-42.45	7	16	5650,0
2138	#FFFFFF	#D3D3D3	-41.95	7.5	16	5650,0
2138	#FFFFFF	#D3D3D3	-41.5	7.95	16	5650,0
2138	#FFFFFF	#D3D3D3	-41.05	7.5	16	5650,0
2138	#FFFFFF	#D3D3D3	-41.5	7.05	16	5650,0
2138	#FFFFFF	#D3D3D3	-41.95	7.5	16	5650,0
2110	#FFFFFF	#D3D3D3	-41.45	8	16	5650,0
2110	#FFFFFF	#D3D3D3	-41	8.45	16	5650,0
2110	#FFFFFF	#D3D3D3	-40.55	8	16	5650,0
2110	#FFFFFF	#D3D3D3	-41	7.55	16	5650,0
2110	#FFFFFF	#D3D3D3	-41.45	8	16	5650,0
2079	#FFFFFF	#D3D3D3	-40.95	8.5	16	5650,0
2079	#FFFFFF	#D3D3D3	-40.5	8.95	16	5650,0
2079	#FFFFFF	#D3D3D3	-40.05	8.5	16	5650,0
2079	#FFFFFF	#D3D3D3	-40.5	8.05	16	5650,0
2079	#FFFFFF	#D3D3D3	-40.95	8.5	16	5650,0
2049	#FFFFFF	#D3D3D3	-40.45	9	16	5650,0
2049	#FFFFFF	#D3D3D3	-40	9.45	16	5650,0
2049	#FFFFFF	#D3D3D3	-39.55	9	16	5650,0
2049	#FFFFFF	#D3D3D3	-40	8.55	16	5650,0
2049	#FFFFFF	#D3D3D3	-40.45	9	16	5650,0
1978	#FFFFFF	#D3D3D3	-39.95	9.5	16	5650,0
1978	#FFFFFF	#D3D3D3	-39.5	9.95	16	5650,0
1978	#FFFFFF	#D3D3D3	-39.05	9.5	16	5650,0
1978	#FFFFFF	#D3D3D3	-39.5	9.05	16	5650,0
1978	#FFFFFF	#D3D3D3	-39.95	9.5	16	5650,0
1916	#FFFFFF	#D3D3D3	-39.45	10	16	5650,0
1916	#FFFFFF	#D3D3D3	-39	10.45	16	5650,0
1916	#FFFFFF	#D3D3D3	-38.55	10	16	5650,0
1916	#FFFFFF	#D3D3D3	-39	9.55	16	5650,0
1916	#FFFFFF	#D3D3D3	-39.45	10	16	5650,0
1883	#FFFFFF	#D3D3D3	-38.95	10.5	16	5650,0
1883	#FFFFFF	#D3D3D3	-38.5	10.95	16	5650,0
1883	#FFFFFF	#D3D3D3	-38.05	10.5	16	5650,0
1883	#FFFFFF	#D3D3D3	-38.5	10.05	16	5650,0
1883	#FFFFFF	#D3D3D3	-38.95	10.5	16	5650,0
1850	#FFFFFF	#D3D3D3	-38.45	11	16	5650,0
1850	#FFFFFF	#D3D3D3	-38	11.45	16	5650,0
1850	#FFFFFF	#D3D3D3	-37.55	11	16	5650,0
1850	#FFFFFF	#D3D3D3	-38	10.55	16	5650,0
1850	#FFFFFF	#D3D3D3	-38.45	11	16	5650,0
1816	#FFFFFF	#D3D3D3	-37.95	11.5	16	5650,0
1816	#FFFFFF	#D3D3D3	-37.5	11.95	16	5650,0
1816	#FFFFFF	#D3D3D3	-37.05	11.5	16	5650,0
1816	#FFFFFF	#D3D3D3	-37.5	11.05	16	5650,0
1816	#FFFFFF	#D3D3D3	-37.95	11.5	16	5650,0
1782	#FFFFFF	#D3D3D3	-37.45	12	16	5650,0
1782	#FFFFFF	#D3D3D3	-37	12.45	16	5650,0
1782	#FFFFFF	#D3D3D3	-36.55	12	16	5650,0
1782	#FFFFFF	#D3D3D3	-37	11.55	16	5650,0
1782	#FFFFFF	#D3D3D3	-37.45	12	16	5650,0
1747	#FFFFFF	#D3D3D3	-36.95	12.5	16	5650,0
1747	#FFFFFF	#D3D3D3	-36.5	12.95	16	5650,0
1747	#FFFFFF	#D3D3D3	-36.05	12.5	16	5650,0
1747	#FFFFFF	#D3D3D3	-36.5	12.05	16	5650,0
1747	#FFFFFF	#D3D3D3	-36.95	12.5	16	5650,0
1713	#FFFFFF	#D3D3D3	-36.45	13	16	5650,0
1713	#FFFFFF	#D3D3D3	-36	13.45	16	5650,0
1713	#FFFFFF	#D3D3D3	-35.55	13	16	5650,0
1713	#FFFFFF	#D3D3D3	-36	12.55	16	5650,0
1713	#FFFFFF	#D3D3D3	-36.45	13	16	5650,0
1677	#FFFFFF	#D3D3D3	-35.95	13.5	16	5650,0
1677	#FFFFFF	#D3D3D3	-35.5	13.95	16	5650,0
1677	#FFFFFF	#D3D3D3	-35.05	13.5	16	5650,0
1677	#FFFFFF	#D3D3D3	-35.5	13.05	16	5650,0
1677	#FFFFFF	#D3D3D3	-35.95	13.5	16	5650,0
1642	#FFFFFF	#D3D3D3	-35.45	14	16	5650,0
1642	#FFFFFF	#D3D3D3	-35	14.45	16	5650,0
1642	#FFFFFF	#D3D3D3	-34.55	14	16	5650,0
1642	#FFFFFF	#D3D3D3	-35	13.55	16	5650,0
1642	#FFFFFF	#D3D3D3	-35.45	14	16	5650,0
1605	#FFFFFF	#D3D3D3	-34.95	14.5	16	5650,0
1605	#FFFFFF	#D3D3D3	-34.5	14.95	16	5650,0
1605	#FFFFFF	#D3D3D3	-34.05	14.5	16	5650,0
1605	#FFFFFF	#D3D3D3	-34.5	14.05	16	5650,0
1605	#FFFFFF	#D3D3D3	-34.95	14.5	16	5650,0
1568	#FFFFFF	#D3D3D3	-34.45	15	16	5650,0
1568	#FFFFFF	#D3D3D3	-34	15.45	16	5650,0
1568	#FFFFFF	#D3D3D3	-33.55	15	16	5650,0
1568	#FFFFFF	#D3D3D3	-34	14.55	16	5650,0
1568	#FFFFFF	#D3D3D3	-34.45	15	16	5650,0
1531	#FFFFFF	#D3D3D3	-33.95	15.5	16	5650,0
1531	#FFFFFF	#D3D3D3	-33.5	15.95	16	5650,0
1531	#FFFFFF	#D3D3D3	-33.05	15.5	16	5650,0
1531	#FFFFFF	#D3D3D3	-33.5	15.05	16	5650,0
1531	#FFFFFF	#D3D3D3	-33.95	15.5	16	5650,0
1494	#FFFFFF	#D3D3D3	-33.45	16	16	5650,0
1494	#FFFFFF	#D3D3D3	-33	16.45	16	5650,0
1494	#FFFFFF	#D3D3D3	-32.55	16	16	5650,0
1494	#FFFFFF	#D3D3D3	-33	15.55	16	5650,0
1494	#FFFFFF	#D3D3D3	-33.45	16	16	5650,0
1456	#FFFFFF	#D3D3D3	-32.95	16.5	16	5650,0
1456	#FFFFFF	#D3D3D3	-32.5	16.95	16	5650,0
1456	#FFFFFF	#D3D3D3	-32.05	16.5	16	5650,0
1456	#FFFFFF	#D3D3D3	-32.5	16.05	16	5650,0
1456	#FFFFFF	#D3D3D3	-32.95	16.5	16	5650,0
1419	#FFFFFF	#D3D3D3	-32.45	17	16	5650,0
1419	#FFFFFF	#D3D3D3	-32	17.45	16	5650,0
1419	#FFFFFF	#D3D3D3	-31.55	17	16	5650,0
1419	#FFFFFF	#D3D3D3	-32	16.55	16	5650,0
1419	#FFFFFF	#D3D3D3	-32.45	17	16	5650,0
1383	#FFFFFF	#D3D3D3	-31.95	17.5	8	5650,0
1383	#FFFFFF	#D3D3D3	-31.5	17.95	8	5650,0
1383	#FFFFFF	#D3D3D3	-31.05	17.5	8	5650,0
1383	#FFFFFF	#D3D3D3	-31.5	17.05	8	5650,0
1383	#FFFFFF	#D3D3D3	-31.95	17.5	8	5650,0
1348	#FFFFFF	#D3D3D3	-31.45	18	8	5650,0
1348	#FFFFFF	#D3D3D3	-31	18.45	8	5650,0
1348	#FFFFFF	#D3D3D3	-30.55	18	8	5650,0
1348	#FFFFFF	#D3D3D3	-31	17.55	8	5650,0
1348	#FFFFFF	#D3D3D3	-31.45	18	8	5650,0
1313	#FFFFFF	#D3D3D3	-30.95	18.5	8	5650,0
1313	#FFFFFF	#D3D3D3	-30.5	18.95	8	5650,0
1313	#FFFFFF	#D3D3D3	-30.05	18.5	8	5650,0
1313	#FFFFFF	#D3D3D3	-30.5	18.05	8	5650,0
1313	#FFFFFF	#D3D3D3	-30.95	18.5	8	5650,0
1279	#FFFFFF	#D3D3D3	-30.45	19	8	5650,0
1279	#FFFFFF	#D3D3D3	-30	19.45	8	5650,0
1279	#FFFFFF	#D3D3D3	-29.55	19	8	5650,0
1279	#FFFFFF	#D3D3D3	-30	18.55	8	5650,0
1279	#FFFFFF	#D3D3D3	-30.45	19	8	5650,0
1201	#FFFFFF	#D3D3D3	-29.95	19.5	8	5650,0
1201	#FFFFFF	#D3D3D3	-29.5	19.95	8	5650,0
1201	#FFFFFF	#D3D3D3	-29.05	19.5	8	5650,0
1201	#FFFFFF	#D3D3D3	-29.5	19.05	8	5650,0
1201	#FFFFFF	#D3D3D3	-29.95	19.5	8	5650,0
1169	#FFFFFF	#D3D3D3	-29.45	20	16	5650,0
1169	#FFFFFF	#D3D3D3	-29	20.45	16	5650,0
1169	#FFFFFF	#D3D3D3	-28.55	20	16	5650,0
1169	#FFFFFF	#D3D3D3	-29	19.55	16	5650,0
1169	#FFFFFF	#D3D3D3	-29.45	20	16	5650,0
1136	#FFFFFF	#D3D3D3	-28.95	20.5	8	5650,0
1136	#FFFFFF	#D3D3D3	-28.5	20.95	8	5650,0
1136	#FFFFFF	#D3D3D3	-28.05	20.5	8	5650,0
1136	#FFFFFF	#D3D3D3	-28.5	20.05	8	5650,0
1136	#FFFFFF	#D3D3D3	-28.95	20.5	8	5650,0
1103	#FFFFFF	#D3D3D3	-28.45	21	8	5650,0
1103	#FFFFFF	#D3D3D3	-28	21.45	8	5650,0
1103	#FFFFFF	#D3D3D3	-27.55	21	8	5650,0
1103	#FFFFFF	#D3D3D3	-28	20.55	8	5650,0
1103	#FFFFFF	#D3D3D3	-28.45	21	8	5650,0
1070	#FFFFFF	#D3D3D3	-27.95	21.5	16	5650,0
1070	#FFFFFF	#D3D3D3	-27.5	21.95	16	5650,0
1070	#FFFFFF	#D3D3D3	-27.05	21.5	16	5650,0
1070	#FFFFFF	#D3D3D3	-27.5	21.05	16	5650,0
1070	#FFFFFF	#D3D3D3	-27.95	21.5	16	5650,0
1037	#FFFFFF	#D3D3D3	-27.45	22	16	5650,0
1037	#FFFFFF	#D3D3D3	-27	22.45	16	5650,0
1037	#FFFFFF	#D3D3D3	-26.55	22	16	5650,0
1037	#FFFFFF	#D3D3D3	-27	21.55	16	5650,0
1037	#FFFFFF	#D3D3D3	-27.45	22	16	5650,0
1004	#FFFFFF	#D3D3D3	-26.95	22.5	8	5650,0
1004	#FFFFFF	#D3D3D3	-26.5	22.95	8	5650,0
1004	#FFFFFF	#D3D3D3	-26.05	22.5	8	5650,0
1004	#FFFFFF	#D3D3D3	-26.5	22.05	8	5650,0
1004	#FFFFFF	#D3D3D3	-26.95	22.5	8	5650,0
970	#FFFFFF	#D3D3D3	-26.45	23	16	5650,0
970	#FFFFFF	#D3D3D3	-26	23.45	16	5650,0
970	#FFFFFF	#D3D3D3	-25.55	23	16	5650,0
970	#FFFFFF	#D3D3D3	-26	22.55	16	5650,0
970	#FFFFFF	#D3D3D3	-26.45	23	16	5650,0
936	#FFFFFF	#D3D3D3	-25.95	23.5	16	5650,0
936	#FFFFFF	#D3D3D3	-25.5	23.95	16	5650,0
936	#FFFFFF	#D3D3D3	-25.05	23.5	16	5650,0
936	#FFFFFF	#D3D3D3	-25.5	23.05	16	5650,0
936	#FFFFFF	#D3D3D3	-25.95	23.5	16	5650,0
903	#FFFFFF	#D3D3D3	-25.45	24	16	5650,0
903	#FFFFFF	#D3D3D3	-25	24.45	16	5650,0
903	#FFFFFF	#D3D3D3	-24.55	24	16	5650,0
903	#FFFFFF	#D3D3D3	-25	23.55	16	5650,0
903	#FFFFFF	#D3D3D3	-25.45	24	16	5650,0
870	#FFFFFF	#D3D3D3	-24.95	24.5	16	5650,0
870	#FFFFFF	#D3D3D3	-24.5	24.95	16	5650,0
870	#FFFFFF	#D3D3D3	-24.05	24.5	16	5650,0
870	#FFFFFF	#D3D3D3	-24.5	24.05	16	5650,0
870	#FFFFFF	#D3D3D3	-24.95	24.5	16	5650,0
838	#FFFFFF	#D3D3D3	-24.45	25	8	5650,0
838	#FFFFFF	#D3D3D3	-24	25.45	8	5650,0
838	#FFFFFF	#D3D3D3	-23.55	25	8	5650,0
838	#FFFFFF	#D3D3D3	-24	24.55	8	5650,0
838	#FFFFFF	#D3D3D3	-24.45	25	8	5650,0
806	#FFFFFF	#D3D3D3	-23.95	25.5	8	5650,0
806	#FFFFFF	#D3D3D3	-23.5	25.95	8	5650,0
806	#FFFFFF	#D3D3D3	-23.05	25.5	8	5650,0
806	#FFFFFF	#D3D3D3	-23.5	25.05	8	5650,0
806	#FFFFFF	#D3D3D3	-23.95	25.5	8	5650,0
775	#FFFFFF	#D3D3D3	-23.45	26	4	5650,0
775	#FFFFFF	#D3D3D3	-23	26.45	4	5650,0
775	#FFFFFF	#D3D3D3	-22.55	26	4	5650,0
775	#FFFFFF	#D3D3D3	-23	25.55	4	5650,0
775	#FFFFFF	#D3D3D3	-23.45	26	4	5650,0
744	#FFFFFF	#D3D3D3	-22.95	26.5	4	5650,0
744	#FFFFFF	#D3D3D3	-22.5	26.95	4	5650,0
744	#FFFFFF	#D3D3D3	-22.05	26.5	4	5650,0
744	#FFFFFF	#D3D3D3	-22.5	26.05	4	5650,0
744	#FFFFFF	#D3D3D3	-22.95	26.5	4	5650,0
714	#FFFFFF	#D3D3D3	-22.45	27	4	5650,0
714	#FFFFFF	#D3D3D3	-22	27.45	4	5650,0
714	#FFFFFF	#D3D3D3	-21.55	27	4	5650,0
714	#FFFFFF	#D3D3D3	-22	26.55	4	5650,0
714	#FFFFFF	#D3D3D3	-22.45	27	4	5650,0
684	#FFFFFF	#D3D3D3	-21.95	27.5	4	5650,0
684	#FFFFFF	#D3D3D3	-21.5	27.95	4	5650,0
684	#FFFFFF	#D3D3D3	-21.05	27.5	4	5650,0
684	#FFFFFF	#D3D3D3	-21.5	27.05	4	5650,0
684	#FFFFFF	#D3D3D3	-21.95	27.5	4	5650,0
655	#FFFFFF	#D3D3D3	-21.45	28	4	5650,0
655	#FFFFFF	#D3D3D3	-21	28.45	4	5650,0
655	#FFFFFF	#D3D3D3	-20.55	28	4	5650,0
655	#FFFFFF	#D3D3D3	-21	27.55	4	5650,0
655	#FFFFFF	#D3D3D3	-21.45	28	4	5650,0
626	#FFFFFF	#D3D3D3	-20.95	28.5	4	5650,0
626	#FFFFFF	#D3D3D3	-20.5	28.95	4	5650,0
626	#FFFFFF	#D3D3D3	-20.05	28.5	4	5650,0
626	#FFFFFF	#D3D3D3	-20.5	28.05	4	5650,0
626	#FFFFFF	#D3D3D3	-20.95	28.5	4	5650,0
2591	#CD1076	#000000	1.55	0	83	5600,0
2591	#FFFFFF	#D3D3D3	1.55	0	4	5650,0
2591	#CD1076	#000000	2	0.45	83	5600,0
2591	#FFFFFF	#D3D3D3	2	0.45	4	5650,0
2591	#CD1076	#000000	2.45	0	83	5600,0
2591	#FFFFFF	#D3D3D3	2.45	0	4	5650,0
2591	#CD1076	#000000	2	-0.45	83	5600,0
2591	#FFFFFF	#D3D3D3	2	-0.45	4	5650,0
2591	#CD1076	#000000	1.55	0	83	5600,0
2591	#FFFFFF	#D3D3D3	1.55	0	4	5650,0
2614	#FFFFFF	#D3D3D3	2.05	0.5	16	5600,0
2614	#FFFFFF	#D3D3D3	2.05	0.5	4	5650,0
2614	#FFFFFF	#D3D3D3	2.5	0.95	16	5600,0
2614	#FFFFFF	#D3D3D3	2.5	0.95	4	5650,0
2614	#FFFFFF	#D3D3D3	2.95	0.5	16	5600,0
2614	#FFFFFF	#D3D3D3	2.95	0.5	4	5650,0
2614	#FFFFFF	#D3D3D3	2.5	0.05	16	5600,0
2614	#FFFFFF	#D3D3D3	2.5	0.05	4	5650,0
2614	#FFFFFF	#D3D3D3	2.05	0.5	16	5600,0
2614	#FFFFFF	#D3D3D3	2.05	0.5	4	5650,0
2639	#FFFFFF	#D3D3D3	2.55	1	16	5600,0
2639	#FFFFFF	#D3D3D3	2.55	1	4	5650,0
2639	#FFFFFF	#D3D3D3	3	1.45	16	5600,0
2639	#FFFFFF	#D3D3D3	3	1.45	4	5650,0
2639	#FFFFFF	#D3D3D3	3.45	1	16	5600,0
2639	#FFFFFF	#D3D3D3	3.45	1	4	5650,0
2639	#FFFFFF	#D3D3D3	3	0.55	16	5600,0
2639	#FFFFFF	#D3D3D3	3	0.55	4	5650,0
2639	#FFFFFF	#D3D3D3	2.55	1	16	5600,0
2639	#FFFFFF	#D3D3D3	2.55	1	4	5650,0
2664	#FFFFFF	#D3D3D3	3.05	1.5	16	5600,0
2664	#FFFFFF	#D3D3D3	3.05	1.5	4	5650,0
2664	#FFFFFF	#D3D3D3	3.5	1.95	16	5600,0
2664	#FFFFFF	#D3D3D3	3.5	1.95	4	5650,0
2664	#FFFFFF	#D3D3D3	3.95	1.5	16	5600,0
2664	#FFFFFF	#D3D3D3	3.95	1.5	4	5650,0
2664	#FFFFFF	#D3D3D3	3.5	1.05	16	5600,0
2664	#FFFFFF	#D3D3D3	3.5	1.05	4	5650,0
2664	#FFFFFF	#D3D3D3	3.05	1.5	16	5600,0
2664	#FFFFFF	#D3D3D3	3.05	1.5	4	5650,0
2697	#FFFFFF	#D3D3D3	3.55	2	16	5600,0
2697	#FFFFFF	#D3D3D3	3.55	2	4	5650,0
2697	#FFFFFF	#D3D3D3	4	2.45	16	5600,0
2697	#FFFFFF	#D3D3D3	4	2.45	4	5650,0
2697	#FFFFFF	#D3D3D3	4.45	2	16	5600,0
2697	#FFFFFF	#D3D3D3	4.45	2	4	5650,0
2697	#FFFFFF	#D3D3D3	4	1.55	16	5600,0
2697	#FFFFFF	#D3D3D3	4	1.55	4	5650,0
2697	#FFFFFF	#D3D3D3	3.55	2	16	5600,0
2697	#FFFFFF	#D3D3D3	3.55	2	4	5650,0
2723	#FFFFFF	#D3D3D3	4.05	2.5	16	5600,0
2723	#FFFFFF	#D3D3D3	4.05	2.5	4	5650,0
2723	#FFFFFF	#D3D3D3	4.5	2.95	16	5600,0
2723	#FFFFFF	#D3D3D3	4.5	2.95	4	5650,0
2723	#FFFFFF	#D3D3D3	4.95	2.5	16	5600,0
2723	#FFFFFF	#D3D3D3	4.95	2.5	4	5650,0
2723	#FFFFFF	#D3D3D3	4.5	2.05	16	5600,0
2723	#FFFFFF	#D3D3D3	4.5	2.05	4	5650,0
2723	#FFFFFF	#D3D3D3	4.05	2.5	16	5600,0
2723	#FFFFFF	#D3D3D3	4.05	2.5	4	5650,0
2759	#FFFFFF	#D3D3D3	4.55	3	16	5600,0
2759	#FFFFFF	#D3D3D3	5	3.45	16	5600,0
2759	#FFFFFF	#D3D3D3	5.45	3	16	5600,0
2759	#FFFFFF	#D3D3D3	5	2.55	16	5600,0
2759	#FFFFFF	#D3D3D3	4.55	3	16	5600,0
2306	#FFFFFF	#D3D3D3	-44.95	3.5	16	5650,0
2306	#FFFFFF	#D3D3D3	-44.5	3.95	16	5650,0
2306	#FFFFFF	#D3D3D3	-44.05	3.5	16	5650,0
2306	#FFFFFF	#D3D3D3	-44.5	3.05	16	5650,0
2306	#FFFFFF	#D3D3D3	-44.95	3.5	16	5650,0
2281	#FFFFFF	#D3D3D3	-44.45	4	16	5650,0
2281	#FFFFFF	#D3D3D3	-44	4.45	16	5650,0
2281	#FFFFFF	#D3D3D3	-43.55	4	16	5650,0
2281	#FFFFFF	#D3D3D3	-44	3.55	16	5650,0
2281	#FFFFFF	#D3D3D3	-44.45	4	16	5650,0
2253	#FFFFFF	#D3D3D3	-43.95	4.5	16	5650,0
2253	#FFFFFF	#D3D3D3	-43.5	4.95	16	5650,0
2253	#FFFFFF	#D3D3D3	-43.05	4.5	16	5650,0
2253	#FFFFFF	#D3D3D3	-43.5	4.05	16	5650,0
2253	#FFFFFF	#D3D3D3	-43.95	4.5	16	5650,0
2225	#FFFFFF	#D3D3D3	-43.45	5	16	5650,0
2225	#FFFFFF	#D3D3D3	-43	5.45	16	5650,0
2225	#FFFFFF	#D3D3D3	-42.55	5	16	5650,0
2225	#FFFFFF	#D3D3D3	-43	4.55	16	5650,0
2225	#FFFFFF	#D3D3D3	-43.45	5	16	5650,0
2195	#FFFFFF	#D3D3D3	-42.95	5.5	16	5650,0
2195	#FFFFFF	#D3D3D3	-42.5	5.95	16	5650,0
2195	#FFFFFF	#D3D3D3	-42.05	5.5	16	5650,0
2195	#FFFFFF	#D3D3D3	-42.5	5.05	16	5650,0
2195	#FFFFFF	#D3D3D3	-42.95	5.5	16	5650,0
2167	#FFFFFF	#D3D3D3	-42.45	6	16	5650,0
2167	#FFFFFF	#D3D3D3	-42	6.45	16	5650,0
2167	#FFFFFF	#D3D3D3	-41.55	6	16	5650,0
2167	#FFFFFF	#D3D3D3	-42	5.55	16	5650,0
2167	#FFFFFF	#D3D3D3	-42.45	6	16	5650,0
2137	#FFFFFF	#D3D3D3	-41.95	6.5	16	5650,0
2137	#FFFFFF	#D3D3D3	-41.5	6.95	16	5650,0
2137	#FFFFFF	#D3D3D3	-41.05	6.5	16	5650,0
2137	#FFFFFF	#D3D3D3	-41.5	6.05	16	5650,0
2137	#FFFFFF	#D3D3D3	-41.95	6.5	16	5650,0
2109	#FFFFFF	#D3D3D3	-41.45	7	16	5650,0
2109	#FFFFFF	#D3D3D3	-41	7.45	16	5650,0
2109	#FFFFFF	#D3D3D3	-40.55	7	16	5650,0
2109	#FFFFFF	#D3D3D3	-41	6.55	16	5650,0
2109	#FFFFFF	#D3D3D3	-41.45	7	16	5650,0
2078	#FFFFFF	#D3D3D3	-40.95	7.5	16	5650,0
2078	#FFFFFF	#D3D3D3	-40.5	7.95	16	5650,0
2078	#FFFFFF	#D3D3D3	-40.05	7.5	16	5650,0
2078	#FFFFFF	#D3D3D3	-40.5	7.05	16	5650,0
2078	#FFFFFF	#D3D3D3	-40.95	7.5	16	5650,0
2048	#FFFFFF	#D3D3D3	-40.45	8	16	5650,0
2048	#FFFFFF	#D3D3D3	-40	8.45	16	5650,0
2048	#FFFFFF	#D3D3D3	-39.55	8	16	5650,0
2048	#FFFFFF	#D3D3D3	-40	7.55	16	5650,0
2048	#FFFFFF	#D3D3D3	-40.45	8	16	5650,0
1977	#FFFFFF	#D3D3D3	-39.95	8.5	16	5650,0
1977	#FFFFFF	#D3D3D3	-39.5	8.95	16	5650,0
1977	#FFFFFF	#D3D3D3	-39.05	8.5	16	5650,0
1977	#FFFFFF	#D3D3D3	-39.5	8.05	16	5650,0
1977	#FFFFFF	#D3D3D3	-39.95	8.5	16	5650,0
1946	#FFFFFF	#D3D3D3	-39.45	9	16	5650,0
1946	#FFFFFF	#D3D3D3	-39	9.45	16	5650,0
1946	#FFFFFF	#D3D3D3	-38.55	9	16	5650,0
1946	#FFFFFF	#D3D3D3	-39	8.55	16	5650,0
1946	#FFFFFF	#D3D3D3	-39.45	9	16	5650,0
1913	#FFFFFF	#D3D3D3	-38.95	9.5	16	5650,0
1913	#FFFFFF	#D3D3D3	-38.5	9.95	16	5650,0
1913	#FFFFFF	#D3D3D3	-38.05	9.5	16	5650,0
1913	#FFFFFF	#D3D3D3	-38.5	9.05	16	5650,0
1913	#FFFFFF	#D3D3D3	-38.95	9.5	16	5650,0
1849	#FFFFFF	#D3D3D3	-38.45	10	16	5650,0
1849	#FFFFFF	#D3D3D3	-38	10.45	16	5650,0
1849	#FFFFFF	#D3D3D3	-37.55	10	16	5650,0
1849	#FFFFFF	#D3D3D3	-38	9.55	16	5650,0
1849	#FFFFFF	#D3D3D3	-38.45	10	16	5650,0
1815	#FFFFFF	#D3D3D3	-37.95	10.5	16	5650,0
1815	#FFFFFF	#D3D3D3	-37.5	10.95	16	5650,0
1815	#FFFFFF	#D3D3D3	-37.05	10.5	16	5650,0
1815	#FFFFFF	#D3D3D3	-37.5	10.05	16	5650,0
1815	#FFFFFF	#D3D3D3	-37.95	10.5	16	5650,0
1781	#FFFFFF	#D3D3D3	-37.45	11	16	5650,0
1781	#FFFFFF	#D3D3D3	-37	11.45	16	5650,0
1781	#FFFFFF	#D3D3D3	-36.55	11	16	5650,0
1781	#FFFFFF	#D3D3D3	-37	10.55	16	5650,0
1781	#FFFFFF	#D3D3D3	-37.45	11	16	5650,0
1746	#FFFFFF	#D3D3D3	-36.95	11.5	16	5650,0
1746	#FFFFFF	#D3D3D3	-36.5	11.95	16	5650,0
1746	#FFFFFF	#D3D3D3	-36.05	11.5	16	5650,0
1746	#FFFFFF	#D3D3D3	-36.5	11.05	16	5650,0
1746	#FFFFFF	#D3D3D3	-36.95	11.5	16	5650,0
1712	#FFFFFF	#D3D3D3	-36.45	12	16	5650,0
1712	#FFFFFF	#D3D3D3	-36	12.45	16	5650,0
1712	#FFFFFF	#D3D3D3	-35.55	12	16	5650,0
1712	#FFFFFF	#D3D3D3	-36	11.55	16	5650,0
1712	#FFFFFF	#D3D3D3	-36.45	12	16	5650,0
1676	#FFFFFF	#D3D3D3	-35.95	12.5	16	5650,0
1676	#FFFFFF	#D3D3D3	-35.5	12.95	16	5650,0
1676	#FFFFFF	#D3D3D3	-35.05	12.5	16	5650,0
1676	#FFFFFF	#D3D3D3	-35.5	12.05	16	5650,0
1676	#FFFFFF	#D3D3D3	-35.95	12.5	16	5650,0
1641	#FFFFFF	#D3D3D3	-35.45	13	16	5650,0
1641	#FFFFFF	#D3D3D3	-35	13.45	16	5650,0
1641	#FFFFFF	#D3D3D3	-34.55	13	16	5650,0
1641	#FFFFFF	#D3D3D3	-35	12.55	16	5650,0
1641	#FFFFFF	#D3D3D3	-35.45	13	16	5650,0
1604	#FFFFFF	#D3D3D3	-34.95	13.5	16	5650,0
1604	#FFFFFF	#D3D3D3	-34.5	13.95	16	5650,0
1604	#FFFFFF	#D3D3D3	-34.05	13.5	16	5650,0
1604	#FFFFFF	#D3D3D3	-34.5	13.05	16	5650,0
1604	#FFFFFF	#D3D3D3	-34.95	13.5	16	5650,0
1567	#FFFFFF	#D3D3D3	-34.45	14	16	5650,0
1567	#FFFFFF	#D3D3D3	-34	14.45	16	5650,0
1567	#FFFFFF	#D3D3D3	-33.55	14	16	5650,0
1567	#FFFFFF	#D3D3D3	-34	13.55	16	5650,0
1567	#FFFFFF	#D3D3D3	-34.45	14	16	5650,0
1530	#FFFFFF	#D3D3D3	-33.95	14.5	16	5650,0
1530	#FFFFFF	#D3D3D3	-33.5	14.95	16	5650,0
1530	#FFFFFF	#D3D3D3	-33.05	14.5	16	5650,0
1530	#FFFFFF	#D3D3D3	-33.5	14.05	16	5650,0
1530	#FFFFFF	#D3D3D3	-33.95	14.5	16	5650,0
1493	#FFFFFF	#D3D3D3	-33.45	15	16	5650,0
1493	#FFFFFF	#D3D3D3	-33	15.45	16	5650,0
1493	#FFFFFF	#D3D3D3	-32.55	15	16	5650,0
1493	#FFFFFF	#D3D3D3	-33	14.55	16	5650,0
1493	#FFFFFF	#D3D3D3	-33.45	15	16	5650,0
1455	#FFFFFF	#D3D3D3	-32.95	15.5	16	5650,0
1455	#FFFFFF	#D3D3D3	-32.5	15.95	16	5650,0
1455	#FFFFFF	#D3D3D3	-32.05	15.5	16	5650,0
1455	#FFFFFF	#D3D3D3	-32.5	15.05	16	5650,0
1455	#FFFFFF	#D3D3D3	-32.95	15.5	16	5650,0
1418	#FFFFFF	#D3D3D3	-32.45	16	16	5650,0
1418	#FFFFFF	#D3D3D3	-32	16.45	16	5650,0
1418	#FFFFFF	#D3D3D3	-31.55	16	16	5650,0
1418	#FFFFFF	#D3D3D3	-32	15.55	16	5650,0
1418	#FFFFFF	#D3D3D3	-32.45	16	16	5650,0
1382	#FFFFFF	#D3D3D3	-31.95	16.5	16	5650,0
1382	#FFFFFF	#D3D3D3	-31.5	16.95	16	5650,0
1382	#FFFFFF	#D3D3D3	-31.05	16.5	16	5650,0
1382	#FFFFFF	#D3D3D3	-31.5	16.05	16	5650,0
1382	#FFFFFF	#D3D3D3	-31.95	16.5	16	5650,0
1347	#FFFFFF	#D3D3D3	-31.45	17	16	5650,0
1347	#FFFFFF	#D3D3D3	-31	17.45	16	5650,0
1347	#FFFFFF	#D3D3D3	-30.55	17	16	5650,0
1347	#FFFFFF	#D3D3D3	-31	16.55	16	5650,0
1347	#FFFFFF	#D3D3D3	-31.45	17	16	5650,0
1312	#FFFFFF	#D3D3D3	-30.95	17.5	8	5650,0
1312	#FFFFFF	#D3D3D3	-30.5	17.95	8	5650,0
1312	#FFFFFF	#D3D3D3	-30.05	17.5	8	5650,0
1312	#FFFFFF	#D3D3D3	-30.5	17.05	8	5650,0
1312	#FFFFFF	#D3D3D3	-30.95	17.5	8	5650,0
1278	#FFFFFF	#D3D3D3	-30.45	18	8	5650,0
1278	#FFFFFF	#D3D3D3	-30	18.45	8	5650,0
1278	#FFFFFF	#D3D3D3	-29.55	18	8	5650,0
1278	#FFFFFF	#D3D3D3	-30	17.55	8	5650,0
1278	#FFFFFF	#D3D3D3	-30.45	18	8	5650,0
1200	#FFFFFF	#D3D3D3	-29.95	18.5	8	5650,0
1200	#FFFFFF	#D3D3D3	-29.5	18.95	8	5650,0
1200	#FFFFFF	#D3D3D3	-29.05	18.5	8	5650,0
1200	#FFFFFF	#D3D3D3	-29.5	18.05	8	5650,0
1200	#FFFFFF	#D3D3D3	-29.95	18.5	8	5650,0
1167	#FFFFFF	#D3D3D3	-29.45	19	8	5650,0
1167	#FFFFFF	#D3D3D3	-29	19.45	8	5650,0
1167	#FFFFFF	#D3D3D3	-28.55	19	8	5650,0
1167	#FFFFFF	#D3D3D3	-29	18.55	8	5650,0
1167	#FFFFFF	#D3D3D3	-29.45	19	8	5650,0
1134	#FFFFFF	#D3D3D3	-28.95	19.5	16	5650,0
1134	#FFFFFF	#D3D3D3	-28.5	19.95	16	5650,0
1134	#FFFFFF	#D3D3D3	-28.05	19.5	16	5650,0
1134	#FFFFFF	#D3D3D3	-28.5	19.05	16	5650,0
1134	#FFFFFF	#D3D3D3	-28.95	19.5	16	5650,0
1102	#FFFFFF	#D3D3D3	-28.45	20	16	5650,0
1102	#FFFFFF	#D3D3D3	-28	20.45	16	5650,0
1102	#FFFFFF	#D3D3D3	-27.55	20	16	5650,0
1102	#FFFFFF	#D3D3D3	-28	19.55	16	5650,0
1102	#FFFFFF	#D3D3D3	-28.45	20	16	5650,0
1069	#FFFFFF	#D3D3D3	-27.95	20.5	8	5650,0
1069	#FFFFFF	#D3D3D3	-27.5	20.95	8	5650,0
1069	#FFFFFF	#D3D3D3	-27.05	20.5	8	5650,0
1069	#FFFFFF	#D3D3D3	-27.5	20.05	8	5650,0
1069	#FFFFFF	#D3D3D3	-27.95	20.5	8	5650,0
1036	#FFFFFF	#D3D3D3	-27.45	21	16	5650,0
1036	#FFFFFF	#D3D3D3	-27	21.45	16	5650,0
1036	#FFFFFF	#D3D3D3	-26.55	21	16	5650,0
1036	#FFFFFF	#D3D3D3	-27	20.55	16	5650,0
1036	#FFFFFF	#D3D3D3	-27.45	21	16	5650,0
1003	#FFFFFF	#D3D3D3	-26.95	21.5	8	5650,0
1003	#FFFFFF	#D3D3D3	-26.5	21.95	8	5650,0
1003	#FFFFFF	#D3D3D3	-26.05	21.5	8	5650,0
1003	#FFFFFF	#D3D3D3	-26.5	21.05	8	5650,0
1003	#FFFFFF	#D3D3D3	-26.95	21.5	8	5650,0
969	#FFFFFF	#D3D3D3	-26.45	22	8	5650,0
969	#FFFFFF	#D3D3D3	-26	22.45	8	5650,0
969	#FFFFFF	#D3D3D3	-25.55	22	8	5650,0
969	#FFFFFF	#D3D3D3	-26	21.55	8	5650,0
969	#FFFFFF	#D3D3D3	-26.45	22	8	5650,0
935	#FFFFFF	#D3D3D3	-25.95	22.5	8	5650,0
935	#FFFFFF	#D3D3D3	-25.5	22.95	8	5650,0
935	#FFFFFF	#D3D3D3	-25.05	22.5	8	5650,0
935	#FFFFFF	#D3D3D3	-25.5	22.05	8	5650,0
935	#FFFFFF	#D3D3D3	-25.95	22.5	8	5650,0
902	#FFFFFF	#D3D3D3	-25.45	23	16	5650,0
902	#FFFFFF	#D3D3D3	-25	23.45	16	5650,0
902	#FFFFFF	#D3D3D3	-24.55	23	16	5650,0
902	#FFFFFF	#D3D3D3	-25	22.55	16	5650,0
902	#FFFFFF	#D3D3D3	-25.45	23	16	5650,0
869	#FFFFFF	#D3D3D3	-24.95	23.5	8	5650,0
869	#FFFFFF	#D3D3D3	-24.5	23.95	8	5650,0
869	#FFFFFF	#D3D3D3	-24.05	23.5	8	5650,0
869	#FFFFFF	#D3D3D3	-24.5	23.05	8	5650,0
869	#FFFFFF	#D3D3D3	-24.95	23.5	8	5650,0
837	#FFFFFF	#D3D3D3	-24.45	24	8	5650,0
837	#FFFFFF	#D3D3D3	-24	24.45	8	5650,0
837	#FFFFFF	#D3D3D3	-23.55	24	8	5650,0
837	#FFFFFF	#D3D3D3	-24	23.55	8	5650,0
837	#FFFFFF	#D3D3D3	-24.45	24	8	5650,0
805	#FFFFFF	#D3D3D3	-23.95	24.5	8	5650,0
805	#FFFFFF	#D3D3D3	-23.5	24.95	8	5650,0
805	#FFFFFF	#D3D3D3	-23.05	24.5	8	5650,0
805	#FFFFFF	#D3D3D3	-23.5	24.05	8	5650,0
805	#FFFFFF	#D3D3D3	-23.95	24.5	8	5650,0
774	#FFFFFF	#D3D3D3	-23.45	25	8	5650,0
774	#FFFFFF	#D3D3D3	-23	25.45	8	5650,0
774	#FFFFFF	#D3D3D3	-22.55	25	8	5650,0
774	#FFFFFF	#D3D3D3	-23	24.55	8	5650,0
774	#FFFFFF	#D3D3D3	-23.45	25	8	5650,0
743	#FFFFFF	#D3D3D3	-22.95	25.5	8	5650,0
743	#FFFFFF	#D3D3D3	-22.5	25.95	8	5650,0
743	#FFFFFF	#D3D3D3	-22.05	25.5	8	5650,0
743	#FFFFFF	#D3D3D3	-22.5	25.05	8	5650,0
743	#FFFFFF	#D3D3D3	-22.95	25.5	8	5650,0
713	#FFFFFF	#D3D3D3	-22.45	26	8	5650,0
713	#FFFFFF	#D3D3D3	-22	26.45	8	5650,0
713	#FFFFFF	#D3D3D3	-21.55	26	8	5650,0
713	#FFFFFF	#D3D3D3	-22	25.55	8	5650,0
713	#FFFFFF	#D3D3D3	-22.45	26	8	5650,0
683	#FFFFFF	#D3D3D3	-21.95	26.5	4	5650,0
683	#FFFFFF	#D3D3D3	-21.5	26.95	4	5650,0
683	#FFFFFF	#D3D3D3	-21.05	26.5	4	5650,0
683	#FFFFFF	#D3D3D3	-21.5	26.05	4	5650,0
683	#FFFFFF	#D3D3D3	-21.95	26.5	4	5650,0
654	#FFFFFF	#D3D3D3	-21.45	27	4	5650,0
654	#FFFFFF	#D3D3D3	-21	27.45	4	5650,0
654	#FFFFFF	#D3D3D3	-20.55	27	4	5650,0
654	#FFFFFF	#D3D3D3	-21	26.55	4	5650,0
654	#FFFFFF	#D3D3D3	-21.45	27	4	5650,0
625	#FFFFFF	#D3D3D3	-20.95	27.5	4	5650,0
625	#FFFFFF	#D3D3D3	-20.5	27.95	4	5650,0
625	#FFFFFF	#D3D3D3	-20.05	27.5	4	5650,0
625	#FFFFFF	#D3D3D3	-20.5	27.05	4	5650,0
625	#FFFFFF	#D3D3D3	-20.95	27.5	4	5650,0
597	#FFFFFF	#D3D3D3	-20.45	28	4	5650,0
597	#FFFFFF	#D3D3D3	-20	28.45	4	5650,0
597	#FFFFFF	#D3D3D3	-19.55	28	4	5650,0
597	#FFFFFF	#D3D3D3	-20	27.55	4	5650,0
597	#FFFFFF	#D3D3D3	-20.45	28	4	5650,0
2638	#FFFFFF	#D3D3D3	2.55	0	16	5600,0
2638	#FFFFFF	#D3D3D3	2.55	0	4	5650,0
2638	#FFFFFF	#D3D3D3	3	0.45	16	5600,0
2638	#FFFFFF	#D3D3D3	3	0.45	4	5650,0
2638	#FFFFFF	#D3D3D3	3.45	0	16	5600,0
2638	#FFFFFF	#D3D3D3	3.45	0	4	5650,0
2638	#FFFFFF	#D3D3D3	3	-0.45	16	5600,0
2638	#FFFFFF	#D3D3D3	3	-0.45	4	5650,0
2638	#FFFFFF	#D3D3D3	2.55	0	16	5600,0
2638	#FFFFFF	#D3D3D3	2.55	0	4	5650,0
2663	#FFFFFF	#D3D3D3	3.05	0.5	16	5600,0
2663	#FFFFFF	#D3D3D3	3.05	0.5	4	5650,0
2663	#FFFFFF	#D3D3D3	3.5	0.95	16	5600,0
2663	#FFFFFF	#D3D3D3	3.5	0.95	4	5650,0
2663	#FFFFFF	#D3D3D3	3.95	0.5	16	5600,0
2663	#FFFFFF	#D3D3D3	3.95	0.5	4	5650,0
2663	#FFFFFF	#D3D3D3	3.5	0.05	16	5600,0
2663	#FFFFFF	#D3D3D3	3.5	0.05	4	5650,0
2663	#FFFFFF	#D3D3D3	3.05	0.5	16	5600,0
2663	#FFFFFF	#D3D3D3	3.05	0.5	4	5650,0
2689	#FFFFFF	#D3D3D3	3.55	1	16	5600,0
2689	#FFFFFF	#D3D3D3	3.55	1	4	5650,0
2689	#FFFFFF	#D3D3D3	4	1.45	16	5600,0
2689	#FFFFFF	#D3D3D3	4	1.45	4	5650,0
2689	#FFFFFF	#D3D3D3	4.45	1	16	5600,0
2689	#FFFFFF	#D3D3D3	4.45	1	4	5650,0
2689	#FFFFFF	#D3D3D3	4	0.55	16	5600,0
2689	#FFFFFF	#D3D3D3	4	0.55	4	5650,0
2689	#FFFFFF	#D3D3D3	3.55	1	16	5600,0
2689	#FFFFFF	#D3D3D3	3.55	1	4	5650,0
2715	#FFFFFF	#D3D3D3	4.05	1.5	16	5600,0
2715	#FFFFFF	#D3D3D3	4.05	1.5	4	5650,0
2715	#FFFFFF	#D3D3D3	4.5	1.95	16	5600,0
2715	#FFFFFF	#D3D3D3	4.5	1.95	4	5650,0
2715	#FFFFFF	#D3D3D3	4.95	1.5	16	5600,0
2715	#FFFFFF	#D3D3D3	4.95	1.5	4	5650,0
2715	#FFFFFF	#D3D3D3	4.5	1.05	16	5600,0
2715	#FFFFFF	#D3D3D3	4.5	1.05	4	5650,0
2715	#FFFFFF	#D3D3D3	4.05	1.5	16	5600,0
2715	#FFFFFF	#D3D3D3	4.05	1.5	4	5650,0
2749	#FFFFFF	#D3D3D3	4.55	2	16	5600,0
2749	#FFFFFF	#D3D3D3	5	2.45	16	5600,0
2749	#FFFFFF	#D3D3D3	5.45	2	16	5600,0
2749	#FFFFFF	#D3D3D3	5	1.55	16	5600,0
2749	#FFFFFF	#D3D3D3	4.55	2	16	5600,0
2296	#FFFFFF	#D3D3D3	-44.95	2.5	16	5650,0
2296	#FFFFFF	#D3D3D3	-44.95	2.5	4	5700,0
2296	#FFFFFF	#D3D3D3	-44.5	2.95	16	5650,0
2296	#FFFFFF	#D3D3D3	-44.5	2.95	4	5700,0
2296	#FFFFFF	#D3D3D3	-44.05	2.5	16	5650,0
2296	#FFFFFF	#D3D3D3	-44.05	2.5	4	5700,0
2296	#FFFFFF	#D3D3D3	-44.5	2.05	16	5650,0
2296	#FFFFFF	#D3D3D3	-44.5	2.05	4	5700,0
2296	#FFFFFF	#D3D3D3	-44.95	2.5	16	5650,0
2296	#FFFFFF	#D3D3D3	-44.95	2.5	4	5700,0
2279	#FFFFFF	#D3D3D3	-44.45	3	16	5650,0
2279	#FFFFFF	#D3D3D3	-44	3.45	16	5650,0
2279	#FFFFFF	#D3D3D3	-43.55	3	16	5650,0
2279	#FFFFFF	#D3D3D3	-44	2.55	16	5650,0
2279	#FFFFFF	#D3D3D3	-44.45	3	16	5650,0
2250	#FFFFFF	#D3D3D3	-43.95	3.5	16	5650,0
2250	#FFFFFF	#D3D3D3	-43.5	3.95	16	5650,0
2250	#FFFFFF	#D3D3D3	-43.05	3.5	16	5650,0
2250	#FFFFFF	#D3D3D3	-43.5	3.05	16	5650,0
2250	#FFFFFF	#D3D3D3	-43.95	3.5	16	5650,0
2224	#FFFFFF	#D3D3D3	-43.45	4	16	5650,0
2224	#FFFFFF	#D3D3D3	-43	4.45	16	5650,0
2224	#FFFFFF	#D3D3D3	-42.55	4	16	5650,0
2224	#FFFFFF	#D3D3D3	-43	3.55	16	5650,0
2224	#FFFFFF	#D3D3D3	-43.45	4	16	5650,0
2194	#FFFFFF	#D3D3D3	-42.95	4.5	16	5650,0
2194	#FFFFFF	#D3D3D3	-42.5	4.95	16	5650,0
2194	#FFFFFF	#D3D3D3	-42.05	4.5	16	5650,0
2194	#FFFFFF	#D3D3D3	-42.5	4.05	16	5650,0
2194	#FFFFFF	#D3D3D3	-42.95	4.5	16	5650,0
2166	#FFFFFF	#D3D3D3	-42.45	5	16	5650,0
2166	#FFFFFF	#D3D3D3	-42	5.45	16	5650,0
2166	#FFFFFF	#D3D3D3	-41.55	5	16	5650,0
2166	#FFFFFF	#D3D3D3	-42	4.55	16	5650,0
2166	#FFFFFF	#D3D3D3	-42.45	5	16	5650,0
2136	#FFFFFF	#D3D3D3	-41.95	5.5	16	5650,0
2136	#FFFFFF	#D3D3D3	-41.5	5.95	16	5650,0
2136	#FFFFFF	#D3D3D3	-41.05	5.5	16	5650,0
2136	#FFFFFF	#D3D3D3	-41.5	5.05	16	5650,0
2136	#FFFFFF	#D3D3D3	-41.95	5.5	16	5650,0
2108	#FFFFFF	#D3D3D3	-41.45	6	16	5650,0
2108	#FFFFFF	#D3D3D3	-41	6.45	16	5650,0
2108	#FFFFFF	#D3D3D3	-40.55	6	16	5650,0
2108	#FFFFFF	#D3D3D3	-41	5.55	16	5650,0
2108	#FFFFFF	#D3D3D3	-41.45	6	16	5650,0
2077	#FFFFFF	#D3D3D3	-40.95	6.5	16	5650,0
2077	#FFFFFF	#D3D3D3	-40.5	6.95	16	5650,0
2077	#FFFFFF	#D3D3D3	-40.05	6.5	16	5650,0
2077	#FFFFFF	#D3D3D3	-40.5	6.05	16	5650,0
2077	#FFFFFF	#D3D3D3	-40.95	6.5	16	5650,0
2047	#FFFFFF	#D3D3D3	-40.45	7	16	5650,0
2047	#FFFFFF	#D3D3D3	-40	7.45	16	5650,0
2047	#FFFFFF	#D3D3D3	-39.55	7	16	5650,0
2047	#FFFFFF	#D3D3D3	-40	6.55	16	5650,0
2047	#FFFFFF	#D3D3D3	-40.45	7	16	5650,0
1976	#FFFFFF	#D3D3D3	-39.95	7.5	16	5650,0
1976	#FFFFFF	#D3D3D3	-39.5	7.95	16	5650,0
1976	#FFFFFF	#D3D3D3	-39.05	7.5	16	5650,0
1976	#FFFFFF	#D3D3D3	-39.5	7.05	16	5650,0
1976	#FFFFFF	#D3D3D3	-39.95	7.5	16	5650,0
1945	#FFFFFF	#D3D3D3	-39.45	8	16	5650,0
1945	#FFFFFF	#D3D3D3	-39	8.45	16	5650,0
1945	#FFFFFF	#D3D3D3	-38.55	8	16	5650,0
1945	#FFFFFF	#D3D3D3	-39	7.55	16	5650,0
1945	#FFFFFF	#D3D3D3	-39.45	8	16	5650,0
1912	#FFFFFF	#D3D3D3	-38.95	8.5	16	5650,0
1912	#FFFFFF	#D3D3D3	-38.5	8.95	16	5650,0
1912	#FFFFFF	#D3D3D3	-38.05	8.5	16	5650,0
1912	#FFFFFF	#D3D3D3	-38.5	8.05	16	5650,0
1912	#FFFFFF	#D3D3D3	-38.95	8.5	16	5650,0
1880	#FFFFFF	#D3D3D3	-38.45	9	16	5650,0
1880	#FFFFFF	#D3D3D3	-38	9.45	16	5650,0
1880	#FFFFFF	#D3D3D3	-37.55	9	16	5650,0
1880	#FFFFFF	#D3D3D3	-38	8.55	16	5650,0
1880	#FFFFFF	#D3D3D3	-38.45	9	16	5650,0
1846	#FFFFFF	#D3D3D3	-37.95	9.5	16	5650,0
1846	#FFFFFF	#D3D3D3	-37.5	9.95	16	5650,0
1846	#FFFFFF	#D3D3D3	-37.05	9.5	16	5650,0
1846	#FFFFFF	#D3D3D3	-37.5	9.05	16	5650,0
1846	#FFFFFF	#D3D3D3	-37.95	9.5	16	5650,0
1780	#FFFFFF	#D3D3D3	-37.45	10	16	5650,0
1780	#FFFFFF	#D3D3D3	-37	10.45	16	5650,0
1780	#FFFFFF	#D3D3D3	-36.55	10	16	5650,0
1780	#FFFFFF	#D3D3D3	-37	9.55	16	5650,0
1780	#FFFFFF	#D3D3D3	-37.45	10	16	5650,0
1745	#FFFFFF	#D3D3D3	-36.95	10.5	16	5650,0
1745	#FFFFFF	#D3D3D3	-36.5	10.95	16	5650,0
1745	#FFFFFF	#D3D3D3	-36.05	10.5	16	5650,0
1745	#FFFFFF	#D3D3D3	-36.5	10.05	16	5650,0
1745	#FFFFFF	#D3D3D3	-36.95	10.5	16	5650,0
1711	#FFFFFF	#D3D3D3	-36.45	11	16	5650,0
1711	#FFFFFF	#D3D3D3	-36	11.45	16	5650,0
1711	#FFFFFF	#D3D3D3	-35.55	11	16	5650,0
1711	#FFFFFF	#D3D3D3	-36	10.55	16	5650,0
1711	#FFFFFF	#D3D3D3	-36.45	11	16	5650,0
1675	#FFFFFF	#D3D3D3	-35.95	11.5	16	5650,0
1675	#FFFFFF	#D3D3D3	-35.5	11.95	16	5650,0
1675	#FFFFFF	#D3D3D3	-35.05	11.5	16	5650,0
1675	#FFFFFF	#D3D3D3	-35.5	11.05	16	5650,0
1675	#FFFFFF	#D3D3D3	-35.95	11.5	16	5650,0
1640	#FFFFFF	#D3D3D3	-35.45	12	16	5650,0
1640	#FFFFFF	#D3D3D3	-35	12.45	16	5650,0
1640	#FFFFFF	#D3D3D3	-34.55	12	16	5650,0
1640	#FFFFFF	#D3D3D3	-35	11.55	16	5650,0
1640	#FFFFFF	#D3D3D3	-35.45	12	16	5650,0
1603	#FFFFFF	#D3D3D3	-34.95	12.5	16	5650,0
1603	#FFFFFF	#D3D3D3	-34.5	12.95	16	5650,0
1603	#FFFFFF	#D3D3D3	-34.05	12.5	16	5650,0
1603	#FFFFFF	#D3D3D3	-34.5	12.05	16	5650,0
1603	#FFFFFF	#D3D3D3	-34.95	12.5	16	5650,0
1566	#FFFFFF	#D3D3D3	-34.45	13	16	5650,0
1566	#FFFFFF	#D3D3D3	-34	13.45	16	5650,0
1566	#FFFFFF	#D3D3D3	-33.55	13	16	5650,0
1566	#FFFFFF	#D3D3D3	-34	12.55	16	5650,0
1566	#FFFFFF	#D3D3D3	-34.45	13	16	5650,0
1529	#FFFFFF	#D3D3D3	-33.95	13.5	16	5650,0
1529	#FFFFFF	#D3D3D3	-33.5	13.95	16	5650,0
1529	#FFFFFF	#D3D3D3	-33.05	13.5	16	5650,0
1529	#FFFFFF	#D3D3D3	-33.5	13.05	16	5650,0
1529	#FFFFFF	#D3D3D3	-33.95	13.5	16	5650,0
1492	#FFFFFF	#D3D3D3	-33.45	14	16	5650,0
1492	#FFFFFF	#D3D3D3	-33	14.45	16	5650,0
1492	#FFFFFF	#D3D3D3	-32.55	14	16	5650,0
1492	#FFFFFF	#D3D3D3	-33	13.55	16	5650,0
1492	#FFFFFF	#D3D3D3	-33.45	14	16	5650,0
1454	#FFFFFF	#D3D3D3	-32.95	14.5	16	5650,0
1454	#FFFFFF	#D3D3D3	-32.5	14.95	16	5650,0
1454	#FFFFFF	#D3D3D3	-32.05	14.5	16	5650,0
1454	#FFFFFF	#D3D3D3	-32.5	14.05	16	5650,0
1454	#FFFFFF	#D3D3D3	-32.95	14.5	16	5650,0
1417	#FFFFFF	#D3D3D3	-32.45	15	16	5650,0
1417	#FFFFFF	#D3D3D3	-32	15.45	16	5650,0
1417	#FFFFFF	#D3D3D3	-31.55	15	16	5650,0
1417	#FFFFFF	#D3D3D3	-32	14.55	16	5650,0
1417	#FFFFFF	#D3D3D3	-32.45	15	16	5650,0
1381	#FFFFFF	#D3D3D3	-31.95	15.5	16	5650,0
1381	#FFFFFF	#D3D3D3	-31.5	15.95	16	5650,0
1381	#FFFFFF	#D3D3D3	-31.05	15.5	16	5650,0
1381	#FFFFFF	#D3D3D3	-31.5	15.05	16	5650,0
1381	#FFFFFF	#D3D3D3	-31.95	15.5	16	5650,0
1346	#FFFFFF	#D3D3D3	-31.45	16	16	5650,0
1346	#FFFFFF	#D3D3D3	-31	16.45	16	5650,0
1346	#FFFFFF	#D3D3D3	-30.55	16	16	5650,0
1346	#FFFFFF	#D3D3D3	-31	15.55	16	5650,0
1346	#FFFFFF	#D3D3D3	-31.45	16	16	5650,0
1311	#FFFFFF	#D3D3D3	-30.95	16.5	16	5650,0
1311	#FFFFFF	#D3D3D3	-30.5	16.95	16	5650,0
1311	#FFFFFF	#D3D3D3	-30.05	16.5	16	5650,0
1311	#FFFFFF	#D3D3D3	-30.5	16.05	16	5650,0
1311	#FFFFFF	#D3D3D3	-30.95	16.5	16	5650,0
1277	#FFFFFF	#D3D3D3	-30.45	17	16	5650,0
1277	#FFFFFF	#D3D3D3	-30	17.45	16	5650,0
1277	#FFFFFF	#D3D3D3	-29.55	17	16	5650,0
1277	#FFFFFF	#D3D3D3	-30	16.55	16	5650,0
1277	#FFFFFF	#D3D3D3	-30.45	17	16	5650,0
1199	#FFFFFF	#D3D3D3	-29.95	17.5	8	5650,0
1199	#FFFFFF	#D3D3D3	-29.5	17.95	8	5650,0
1199	#FFFFFF	#D3D3D3	-29.05	17.5	8	5650,0
1199	#FFFFFF	#D3D3D3	-29.5	17.05	8	5650,0
1199	#FFFFFF	#D3D3D3	-29.95	17.5	8	5650,0
1166	#FFFFFF	#D3D3D3	-29.45	18	8	5650,0
1166	#FFFFFF	#D3D3D3	-29	18.45	8	5650,0
1166	#FFFFFF	#D3D3D3	-28.55	18	8	5650,0
1166	#FFFFFF	#D3D3D3	-29	17.55	8	5650,0
1166	#FFFFFF	#D3D3D3	-29.45	18	8	5650,0
1133	#FFFFFF	#D3D3D3	-28.95	18.5	16	5650,0
1133	#FFFFFF	#D3D3D3	-28.5	18.95	16	5650,0
1133	#FFFFFF	#D3D3D3	-28.05	18.5	16	5650,0
1133	#FFFFFF	#D3D3D3	-28.5	18.05	16	5650,0
1133	#FFFFFF	#D3D3D3	-28.95	18.5	16	5650,0
1100	#FFFFFF	#D3D3D3	-28.45	19	16	5650,0
1100	#FFFFFF	#D3D3D3	-28	19.45	16	5650,0
1100	#FFFFFF	#D3D3D3	-27.55	19	16	5650,0
1100	#FFFFFF	#D3D3D3	-28	18.55	16	5650,0
1100	#FFFFFF	#D3D3D3	-28.45	19	16	5650,0
1067	#FFFFFF	#D3D3D3	-27.95	19.5	16	5650,0
1067	#FFFFFF	#D3D3D3	-27.5	19.95	16	5650,0
1067	#FFFFFF	#D3D3D3	-27.05	19.5	16	5650,0
1067	#FFFFFF	#D3D3D3	-27.5	19.05	16	5650,0
1067	#FFFFFF	#D3D3D3	-27.95	19.5	16	5650,0
1035	#FFFFFF	#D3D3D3	-27.45	20	8	5650,0
1035	#FFFFFF	#D3D3D3	-27	20.45	8	5650,0
1035	#FFFFFF	#D3D3D3	-26.55	20	8	5650,0
1035	#FFFFFF	#D3D3D3	-27	19.55	8	5650,0
1035	#FFFFFF	#D3D3D3	-27.45	20	8	5650,0
1002	#FFFFFF	#D3D3D3	-26.95	20.5	8	5650,0
1002	#FFFFFF	#D3D3D3	-26.5	20.95	8	5650,0
1002	#FFFFFF	#D3D3D3	-26.05	20.5	8	5650,0
1002	#FFFFFF	#D3D3D3	-26.5	20.05	8	5650,0
1002	#FFFFFF	#D3D3D3	-26.95	20.5	8	5650,0
968	#FFFFFF	#D3D3D3	-26.45	21	8	5650,0
968	#FFFFFF	#D3D3D3	-26	21.45	8	5650,0
968	#FFFFFF	#D3D3D3	-25.55	21	8	5650,0
968	#FFFFFF	#D3D3D3	-26	20.55	8	5650,0
968	#FFFFFF	#D3D3D3	-26.45	21	8	5650,0
934	#FFFFFF	#D3D3D3	-25.95	21.5	8	5650,0
934	#FFFFFF	#D3D3D3	-25.5	21.95	8	5650,0
934	#FFFFFF	#D3D3D3	-25.05	21.5	8	5650,0
934	#FFFFFF	#D3D3D3	-25.5	21.05	8	5650,0
934	#FFFFFF	#D3D3D3	-25.95	21.5	8	5650,0
901	#FFFFFF	#D3D3D3	-25.45	22	8	5650,0
901	#FFFFFF	#D3D3D3	-25	22.45	8	5650,0
901	#FFFFFF	#D3D3D3	-24.55	22	8	5650,0
901	#FFFFFF	#D3D3D3	-25	21.55	8	5650,0
901	#FFFFFF	#D3D3D3	-25.45	22	8	5650,0
868	#FFFFFF	#D3D3D3	-24.95	22.5	8	5650,0
868	#FFFFFF	#D3D3D3	-24.5	22.95	8	5650,0
868	#FFFFFF	#D3D3D3	-24.05	22.5	8	5650,0
868	#FFFFFF	#D3D3D3	-24.5	22.05	8	5650,0
868	#FFFFFF	#D3D3D3	-24.95	22.5	8	5650,0
836	#FFFFFF	#D3D3D3	-24.45	23	8	5650,0
836	#FFFFFF	#D3D3D3	-24	23.45	8	5650,0
836	#FFFFFF	#D3D3D3	-23.55	23	8	5650,0
836	#FFFFFF	#D3D3D3	-24	22.55	8	5650,0
836	#FFFFFF	#D3D3D3	-24.45	23	8	5650,0
804	#FFFFFF	#D3D3D3	-23.95	23.5	8	5650,0
804	#FFFFFF	#D3D3D3	-23.5	23.95	8	5650,0
804	#FFFFFF	#D3D3D3	-23.05	23.5	8	5650,0
804	#FFFFFF	#D3D3D3	-23.5	23.05	8	5650,0
804	#FFFFFF	#D3D3D3	-23.95	23.5	8	5650,0
773	#FFFFFF	#D3D3D3	-23.45	24	13	5650,0
773	#FFFFFF	#D3D3D3	-23	24.45	13	5650,0
773	#FFFFFF	#D3D3D3	-22.55	24	13	5650,0
773	#FFFFFF	#D3D3D3	-23	23.55	13	5650,0
773	#FFFFFF	#D3D3D3	-23.45	24	13	5650,0
742	#FFFFFF	#D3D3D3	-22.95	24.5	8	5650,0
742	#FFFFFF	#D3D3D3	-22.5	24.95	8	5650,0
742	#FFFFFF	#D3D3D3	-22.05	24.5	8	5650,0
742	#FFFFFF	#D3D3D3	-22.5	24.05	8	5650,0
742	#FFFFFF	#D3D3D3	-22.95	24.5	8	5650,0
712	#FFFFFF	#D3D3D3	-22.45	25	8	5650,0
712	#FFFFFF	#D3D3D3	-22	25.45	8	5650,0
712	#FFFFFF	#D3D3D3	-21.55	25	8	5650,0
712	#FFFFFF	#D3D3D3	-22	24.55	8	5650,0
712	#FFFFFF	#D3D3D3	-22.45	25	8	5650,0
682	#FFFFFF	#D3D3D3	-21.95	25.5	4	5650,0
682	#FFFFFF	#D3D3D3	-21.5	25.95	4	5650,0
682	#FFFFFF	#D3D3D3	-21.05	25.5	4	5650,0
682	#FFFFFF	#D3D3D3	-21.5	25.05	4	5650,0
682	#FFFFFF	#D3D3D3	-21.95	25.5	4	5650,0
653	#FFFFFF	#D3D3D3	-21.45	26	4	5650,0
653	#FFFFFF	#D3D3D3	-21	26.45	4	5650,0
653	#FFFFFF	#D3D3D3	-20.55	26	4	5650,0
653	#FFFFFF	#D3D3D3	-21	25.55	4	5650,0
653	#FFFFFF	#D3D3D3	-21.45	26	4	5650,0
624	#FFFFFF	#D3D3D3	-20.95	26.5	4	5650,0
624	#FFFFFF	#D3D3D3	-20.5	26.95	4	5650,0
624	#FFFFFF	#D3D3D3	-20.05	26.5	4	5650,0
624	#FFFFFF	#D3D3D3	-20.5	26.05	4	5650,0
624	#FFFFFF	#D3D3D3	-20.95	26.5	4	5650,0
596	#FFFFFF	#D3D3D3	-20.45	27	4	5650,0
596	#FFFFFF	#D3D3D3	-20	27.45	4	5650,0
596	#FFFFFF	#D3D3D3	-19.55	27	4	5650,0
596	#FFFFFF	#D3D3D3	-20	26.55	4	5650,0
596	#FFFFFF	#D3D3D3	-20.45	27	4	5650,0
524	#FFFFFF	#D3D3D3	-19.95	27.5	4	5650,0
524	#FFFFFF	#D3D3D3	-19.5	27.95	4	5650,0
524	#FFFFFF	#D3D3D3	-19.05	27.5	4	5650,0
524	#FFFFFF	#D3D3D3	-19.5	27.05	4	5650,0
524	#FFFFFF	#D3D3D3	-19.95	27.5	4	5650,0
2688	#FFFFFF	#D3D3D3	3.55	0	16	5600,0
2688	#FFFFFF	#D3D3D3	3.55	0	4	5650,0
2688	#FFFFFF	#D3D3D3	4	0.45	16	5600,0
2688	#FFFFFF	#D3D3D3	4	0.45	4	5650,0
2688	#FFFFFF	#D3D3D3	4.45	0	16	5600,0
2688	#FFFFFF	#D3D3D3	4.45	0	4	5650,0
2688	#FFFFFF	#D3D3D3	4	-0.45	16	5600,0
2688	#FFFFFF	#D3D3D3	4	-0.45	4	5650,0
2688	#FFFFFF	#D3D3D3	3.55	0	16	5600,0
2688	#FFFFFF	#D3D3D3	3.55	0	4	5650,0
2714	#FFFFFF	#D3D3D3	4.05	0.5	16	5600,0
2714	#FFFFFF	#D3D3D3	4.05	0.5	4	5650,0
2714	#FFFFFF	#D3D3D3	4.5	0.95	16	5600,0
2714	#FFFFFF	#D3D3D3	4.5	0.95	4	5650,0
2714	#FFFFFF	#D3D3D3	4.95	0.5	16	5600,0
2714	#FFFFFF	#D3D3D3	4.95	0.5	4	5650,0
2714	#FFFFFF	#D3D3D3	4.5	0.05	16	5600,0
2714	#FFFFFF	#D3D3D3	4.5	0.05	4	5650,0
2714	#FFFFFF	#D3D3D3	4.05	0.5	16	5600,0
2714	#FFFFFF	#D3D3D3	4.05	0.5	4	5650,0
2741	#FFFFFF	#D3D3D3	4.55	1	16	5600,0
2741	#FFFFFF	#D3D3D3	5	1.45	16	5600,0
2741	#FFFFFF	#D3D3D3	5.45	1	16	5600,0
2741	#FFFFFF	#D3D3D3	5	0.55	16	5600,0
2741	#FFFFFF	#D3D3D3	4.55	1	16	5600,0
2288	#FFFFFF	#D3D3D3	-44.95	1.5	16	5650,0
2288	#FFFFFF	#D3D3D3	-44.95	1.5	4	5700,0
2288	#FFFFFF	#D3D3D3	-44.5	1.95	16	5650,0
2288	#FFFFFF	#D3D3D3	-44.5	1.95	4	5700,0
2288	#FFFFFF	#D3D3D3	-44.05	1.5	16	5650,0
2288	#FFFFFF	#D3D3D3	-44.05	1.5	4	5700,0
2288	#FFFFFF	#D3D3D3	-44.5	1.05	16	5650,0
2288	#FFFFFF	#D3D3D3	-44.5	1.05	4	5700,0
2288	#FFFFFF	#D3D3D3	-44.95	1.5	16	5650,0
2288	#FFFFFF	#D3D3D3	-44.95	1.5	4	5700,0
2268	#FFFFFF	#D3D3D3	-44.45	2	16	5650,0
2268	#FFFFFF	#D3D3D3	-44.45	2	4	5700,0
2268	#FFFFFF	#D3D3D3	-44	2.45	16	5650,0
2268	#FFFFFF	#D3D3D3	-44	2.45	4	5700,0
2268	#FFFFFF	#D3D3D3	-43.55	2	16	5650,0
2268	#FFFFFF	#D3D3D3	-43.55	2	4	5700,0
2268	#FFFFFF	#D3D3D3	-44	1.55	16	5650,0
2268	#FFFFFF	#D3D3D3	-44	1.55	4	5700,0
2268	#FFFFFF	#D3D3D3	-44.45	2	16	5650,0
2268	#FFFFFF	#D3D3D3	-44.45	2	4	5700,0
2239	#FFFFFF	#D3D3D3	-43.95	2.5	16	5650,0
2239	#FFFFFF	#D3D3D3	-43.5	2.95	16	5650,0
2239	#FFFFFF	#D3D3D3	-43.05	2.5	16	5650,0
2239	#FFFFFF	#D3D3D3	-43.5	2.05	16	5650,0
2239	#FFFFFF	#D3D3D3	-43.95	2.5	16	5650,0
2221	#FFFFFF	#D3D3D3	-43.45	3	16	5650,0
2221	#FFFFFF	#D3D3D3	-43	3.45	16	5650,0
2221	#FFFFFF	#D3D3D3	-42.55	3	16	5650,0
2221	#FFFFFF	#D3D3D3	-43	2.55	16	5650,0
2221	#FFFFFF	#D3D3D3	-43.45	3	16	5650,0
2191	#FFFFFF	#D3D3D3	-42.95	3.5	16	5650,0
2191	#FFFFFF	#D3D3D3	-42.5	3.95	16	5650,0
2191	#FFFFFF	#D3D3D3	-42.05	3.5	16	5650,0
2191	#FFFFFF	#D3D3D3	-42.5	3.05	16	5650,0
2191	#FFFFFF	#D3D3D3	-42.95	3.5	16	5650,0
2165	#FFFFFF	#D3D3D3	-42.45	4	16	5650,0
2165	#FFFFFF	#D3D3D3	-42	4.45	16	5650,0
2165	#FFFFFF	#D3D3D3	-41.55	4	16	5650,0
2165	#FFFFFF	#D3D3D3	-42	3.55	16	5650,0
2165	#FFFFFF	#D3D3D3	-42.45	4	16	5650,0
2135	#FFFFFF	#D3D3D3	-41.95	4.5	16	5650,0
2135	#FFFFFF	#D3D3D3	-41.5	4.95	16	5650,0
2135	#FFFFFF	#D3D3D3	-41.05	4.5	16	5650,0
2135	#FFFFFF	#D3D3D3	-41.5	4.05	16	5650,0
2135	#FFFFFF	#D3D3D3	-41.95	4.5	16	5650,0
2107	#FFFFFF	#D3D3D3	-41.45	5	16	5650,0
2107	#FFFFFF	#D3D3D3	-41	5.45	16	5650,0
2107	#FFFFFF	#D3D3D3	-40.55	5	16	5650,0
2107	#FFFFFF	#D3D3D3	-41	4.55	16	5650,0
2107	#FFFFFF	#D3D3D3	-41.45	5	16	5650,0
2076	#FFFFFF	#D3D3D3	-40.95	5.5	16	5650,0
2076	#FFFFFF	#D3D3D3	-40.5	5.95	16	5650,0
2076	#FFFFFF	#D3D3D3	-40.05	5.5	16	5650,0
2076	#FFFFFF	#D3D3D3	-40.5	5.05	16	5650,0
2076	#FFFFFF	#D3D3D3	-40.95	5.5	16	5650,0
2046	#FFFFFF	#D3D3D3	-40.45	6	16	5650,0
2046	#FFFFFF	#D3D3D3	-40	6.45	16	5650,0
2046	#FFFFFF	#D3D3D3	-39.55	6	16	5650,0
2046	#FFFFFF	#D3D3D3	-40	5.55	16	5650,0
2046	#FFFFFF	#D3D3D3	-40.45	6	16	5650,0
1975	#FFFFFF	#D3D3D3	-39.95	6.5	16	5650,0
1975	#FFFFFF	#D3D3D3	-39.5	6.95	16	5650,0
1975	#FFFFFF	#D3D3D3	-39.05	6.5	16	5650,0
1975	#FFFFFF	#D3D3D3	-39.5	6.05	16	5650,0
1975	#FFFFFF	#D3D3D3	-39.95	6.5	16	5650,0
1944	#FFFFFF	#D3D3D3	-39.45	7	16	5650,0
1944	#FFFFFF	#D3D3D3	-39	7.45	16	5650,0
1944	#FFFFFF	#D3D3D3	-38.55	7	16	5650,0
1944	#FFFFFF	#D3D3D3	-39	6.55	16	5650,0
1944	#FFFFFF	#D3D3D3	-39.45	7	16	5650,0
1911	#FFFFFF	#D3D3D3	-38.95	7.5	16	5650,0
1911	#FFFFFF	#D3D3D3	-38.5	7.95	16	5650,0
1911	#FFFFFF	#D3D3D3	-38.05	7.5	16	5650,0
1911	#FFFFFF	#D3D3D3	-38.5	7.05	16	5650,0
1911	#FFFFFF	#D3D3D3	-38.95	7.5	16	5650,0
1879	#FFFFFF	#D3D3D3	-38.45	8	16	5650,0
1879	#FFFFFF	#D3D3D3	-38	8.45	16	5650,0
1879	#FFFFFF	#D3D3D3	-37.55	8	16	5650,0
1879	#FFFFFF	#D3D3D3	-38	7.55	16	5650,0
1879	#FFFFFF	#D3D3D3	-38.45	8	16	5650,0
1845	#FFFFFF	#D3D3D3	-37.95	8.5	16	5650,0
1845	#FFFFFF	#D3D3D3	-37.5	8.95	16	5650,0
1845	#FFFFFF	#D3D3D3	-37.05	8.5	16	5650,0
1845	#FFFFFF	#D3D3D3	-37.5	8.05	16	5650,0
1845	#FFFFFF	#D3D3D3	-37.95	8.5	16	5650,0
1812	#FFFFFF	#D3D3D3	-37.45	9	16	5650,0
1812	#FFFFFF	#D3D3D3	-37	9.45	16	5650,0
1812	#FFFFFF	#D3D3D3	-36.55	9	16	5650,0
1812	#FFFFFF	#D3D3D3	-37	8.55	16	5650,0
1812	#FFFFFF	#D3D3D3	-37.45	9	16	5650,0
1777	#FFFFFF	#D3D3D3	-36.95	9.5	16	5650,0
1777	#FFFFFF	#D3D3D3	-36.5	9.95	16	5650,0
1777	#FFFFFF	#D3D3D3	-36.05	9.5	16	5650,0
1777	#FFFFFF	#D3D3D3	-36.5	9.05	16	5650,0
1777	#FFFFFF	#D3D3D3	-36.95	9.5	16	5650,0
1710	#FFFFFF	#D3D3D3	-36.45	10	16	5650,0
1710	#FFFFFF	#D3D3D3	-36	10.45	16	5650,0
1710	#FFFFFF	#D3D3D3	-35.55	10	16	5650,0
1710	#FFFFFF	#D3D3D3	-36	9.55	16	5650,0
1710	#FFFFFF	#D3D3D3	-36.45	10	16	5650,0
1674	#FFFFFF	#D3D3D3	-35.95	10.5	16	5650,0
1674	#FFFFFF	#D3D3D3	-35.5	10.95	16	5650,0
1674	#FFFFFF	#D3D3D3	-35.05	10.5	16	5650,0
1674	#FFFFFF	#D3D3D3	-35.5	10.05	16	5650,0
1674	#FFFFFF	#D3D3D3	-35.95	10.5	16	5650,0
1639	#FFFFFF	#D3D3D3	-35.45	11	16	5650,0
1639	#FFFFFF	#D3D3D3	-35	11.45	16	5650,0
1639	#FFFFFF	#D3D3D3	-34.55	11	16	5650,0
1639	#FFFFFF	#D3D3D3	-35	10.55	16	5650,0
1639	#FFFFFF	#D3D3D3	-35.45	11	16	5650,0
1602	#FFFFFF	#D3D3D3	-34.95	11.5	16	5650,0
1602	#FFFFFF	#D3D3D3	-34.5	11.95	16	5650,0
1602	#FFFFFF	#D3D3D3	-34.05	11.5	16	5650,0
1602	#FFFFFF	#D3D3D3	-34.5	11.05	16	5650,0
1602	#FFFFFF	#D3D3D3	-34.95	11.5	16	5650,0
1565	#FFFFFF	#D3D3D3	-34.45	12	16	5650,0
1565	#FFFFFF	#D3D3D3	-34	12.45	16	5650,0
1565	#FFFFFF	#D3D3D3	-33.55	12	16	5650,0
1565	#FFFFFF	#D3D3D3	-34	11.55	16	5650,0
1565	#FFFFFF	#D3D3D3	-34.45	12	16	5650,0
1528	#FFFFFF	#D3D3D3	-33.95	12.5	16	5650,0
1528	#FFFFFF	#D3D3D3	-33.5	12.95	16	5650,0
1528	#FFFFFF	#D3D3D3	-33.05	12.5	16	5650,0
1528	#FFFFFF	#D3D3D3	-33.5	12.05	16	5650,0
1528	#FFFFFF	#D3D3D3	-33.95	12.5	16	5650,0
1491	#FFFFFF	#D3D3D3	-33.45	13	16	5650,0
1491	#FFFFFF	#D3D3D3	-33	13.45	16	5650,0
1491	#FFFFFF	#D3D3D3	-32.55	13	16	5650,0
1491	#FFFFFF	#D3D3D3	-33	12.55	16	5650,0
1491	#FFFFFF	#D3D3D3	-33.45	13	16	5650,0
1453	#FFFFFF	#D3D3D3	-32.95	13.5	16	5650,0
1453	#FFFFFF	#D3D3D3	-32.5	13.95	16	5650,0
1453	#FFFFFF	#D3D3D3	-32.05	13.5	16	5650,0
1453	#FFFFFF	#D3D3D3	-32.5	13.05	16	5650,0
1453	#FFFFFF	#D3D3D3	-32.95	13.5	16	5650,0
1416	#FFFFFF	#D3D3D3	-32.45	14	16	5650,0
1416	#FFFFFF	#D3D3D3	-32	14.45	16	5650,0
1416	#FFFFFF	#D3D3D3	-31.55	14	16	5650,0
1416	#FFFFFF	#D3D3D3	-32	13.55	16	5650,0
1416	#FFFFFF	#D3D3D3	-32.45	14	16	5650,0
1380	#FFFFFF	#D3D3D3	-31.95	14.5	16	5650,0
1380	#FFFFFF	#D3D3D3	-31.5	14.95	16	5650,0
1380	#FFFFFF	#D3D3D3	-31.05	14.5	16	5650,0
1380	#FFFFFF	#D3D3D3	-31.5	14.05	16	5650,0
1380	#FFFFFF	#D3D3D3	-31.95	14.5	16	5650,0
1345	#FFFFFF	#D3D3D3	-31.45	15	16	5650,0
1345	#FFFFFF	#D3D3D3	-31	15.45	16	5650,0
1345	#FFFFFF	#D3D3D3	-30.55	15	16	5650,0
1345	#FFFFFF	#D3D3D3	-31	14.55	16	5650,0
1345	#FFFFFF	#D3D3D3	-31.45	15	16	5650,0
1310	#FFFFFF	#D3D3D3	-30.95	15.5	16	5650,0
1310	#FFFFFF	#D3D3D3	-30.5	15.95	16	5650,0
1310	#FFFFFF	#D3D3D3	-30.05	15.5	16	5650,0
1310	#FFFFFF	#D3D3D3	-30.5	15.05	16	5650,0
1310	#FFFFFF	#D3D3D3	-30.95	15.5	16	5650,0
1276	#FFFFFF	#D3D3D3	-30.45	16	16	5650,0
1276	#FFFFFF	#D3D3D3	-30	16.45	16	5650,0
1276	#FFFFFF	#D3D3D3	-29.55	16	16	5650,0
1276	#FFFFFF	#D3D3D3	-30	15.55	16	5650,0
1276	#FFFFFF	#D3D3D3	-30.45	16	16	5650,0
1198	#FFFFFF	#D3D3D3	-29.95	16.5	16	5650,0
1198	#FFFFFF	#D3D3D3	-29.5	16.95	16	5650,0
1198	#FFFFFF	#D3D3D3	-29.05	16.5	16	5650,0
1198	#FFFFFF	#D3D3D3	-29.5	16.05	16	5650,0
1198	#FFFFFF	#D3D3D3	-29.95	16.5	16	5650,0
1165	#FFFFFF	#D3D3D3	-29.45	17	16	5650,0
1165	#FFFFFF	#D3D3D3	-29	17.45	16	5650,0
1165	#FFFFFF	#D3D3D3	-28.55	17	16	5650,0
1165	#FFFFFF	#D3D3D3	-29	16.55	16	5650,0
1165	#FFFFFF	#D3D3D3	-29.45	17	16	5650,0
1132	#FFFFFF	#D3D3D3	-28.95	17.5	8	5650,0
1132	#FFFFFF	#D3D3D3	-28.5	17.95	8	5650,0
1132	#FFFFFF	#D3D3D3	-28.05	17.5	8	5650,0
1132	#FFFFFF	#D3D3D3	-28.5	17.05	8	5650,0
1132	#FFFFFF	#D3D3D3	-28.95	17.5	8	5650,0
1099	#FFFFFF	#D3D3D3	-28.45	18	8	5650,0
1099	#FFFFFF	#D3D3D3	-28	18.45	8	5650,0
1099	#FFFFFF	#D3D3D3	-27.55	18	8	5650,0
1099	#FFFFFF	#D3D3D3	-28	17.55	8	5650,0
1099	#FFFFFF	#D3D3D3	-28.45	18	8	5650,0
1066	#FFFFFF	#D3D3D3	-27.95	18.5	8	5650,0
1066	#FFFFFF	#D3D3D3	-27.5	18.95	8	5650,0
1066	#FFFFFF	#D3D3D3	-27.05	18.5	8	5650,0
1066	#FFFFFF	#D3D3D3	-27.5	18.05	8	5650,0
1066	#FFFFFF	#D3D3D3	-27.95	18.5	8	5650,0
1033	#FFFFFF	#D3D3D3	-27.45	19	8	5650,0
1033	#FFFFFF	#D3D3D3	-27	19.45	8	5650,0
1033	#FFFFFF	#D3D3D3	-26.55	19	8	5650,0
1033	#FFFFFF	#D3D3D3	-27	18.55	8	5650,0
1033	#FFFFFF	#D3D3D3	-27.45	19	8	5650,0
1000	#FFFFFF	#D3D3D3	-26.95	19.5	8	5650,0
1000	#FFFFFF	#D3D3D3	-26.5	19.95	8	5650,0
1000	#FFFFFF	#D3D3D3	-26.05	19.5	8	5650,0
1000	#FFFFFF	#D3D3D3	-26.5	19.05	8	5650,0
1000	#FFFFFF	#D3D3D3	-26.95	19.5	8	5650,0
967	#FFFFFF	#D3D3D3	-26.45	20	8	5650,0
967	#FFFFFF	#D3D3D3	-26	20.45	8	5650,0
967	#FFFFFF	#D3D3D3	-25.55	20	8	5650,0
967	#FFFFFF	#D3D3D3	-26	19.55	8	5650,0
967	#FFFFFF	#D3D3D3	-26.45	20	8	5650,0
933	#FFFFFF	#D3D3D3	-25.95	20.5	8	5650,0
933	#FFFFFF	#D3D3D3	-25.5	20.95	8	5650,0
933	#FFFFFF	#D3D3D3	-25.05	20.5	8	5650,0
933	#FFFFFF	#D3D3D3	-25.5	20.05	8	5650,0
933	#FFFFFF	#D3D3D3	-25.95	20.5	8	5650,0
900	#FFFFFF	#D3D3D3	-25.45	21	8	5650,0
900	#FFFFFF	#D3D3D3	-25	21.45	8	5650,0
900	#FFFFFF	#D3D3D3	-24.55	21	8	5650,0
900	#FFFFFF	#D3D3D3	-25	20.55	8	5650,0
900	#FFFFFF	#D3D3D3	-25.45	21	8	5650,0
867	#FFFFFF	#D3D3D3	-24.95	21.5	8	5650,0
867	#FFFFFF	#D3D3D3	-24.5	21.95	8	5650,0
867	#FFFFFF	#D3D3D3	-24.05	21.5	8	5650,0
867	#FFFFFF	#D3D3D3	-24.5	21.05	8	5650,0
867	#FFFFFF	#D3D3D3	-24.95	21.5	8	5650,0
835	#FFFFFF	#D3D3D3	-24.45	22	8	5650,0
835	#FFFFFF	#D3D3D3	-24	22.45	8	5650,0
835	#FFFFFF	#D3D3D3	-23.55	22	8	5650,0
835	#FFFFFF	#D3D3D3	-24	21.55	8	5650,0
835	#FFFFFF	#D3D3D3	-24.45	22	8	5650,0
803	#FFFFFF	#D3D3D3	-23.95	22.5	8	5650,0
803	#FFFFFF	#D3D3D3	-23.5	22.95	8	5650,0
803	#FFFFFF	#D3D3D3	-23.05	22.5	8	5650,0
803	#FFFFFF	#D3D3D3	-23.5	22.05	8	5650,0
803	#FFFFFF	#D3D3D3	-23.95	22.5	8	5650,0
772	#FFFFFF	#D3D3D3	-23.45	23	8	5650,0
772	#FFFFFF	#D3D3D3	-23	23.45	8	5650,0
772	#FFFFFF	#D3D3D3	-22.55	23	8	5650,0
772	#FFFFFF	#D3D3D3	-23	22.55	8	5650,0
772	#FFFFFF	#D3D3D3	-23.45	23	8	5650,0
741	#FFFFFF	#D3D3D3	-22.95	23.5	13	5650,0
741	#FFFFFF	#D3D3D3	-22.5	23.95	13	5650,0
741	#FFFFFF	#D3D3D3	-22.05	23.5	13	5650,0
741	#FFFFFF	#D3D3D3	-22.5	23.05	13	5650,0
741	#FFFFFF	#D3D3D3	-22.95	23.5	13	5650,0
711	#FFFFFF	#D3D3D3	-22.45	24	8	5650,0
711	#FFFFFF	#D3D3D3	-22	24.45	8	5650,0
711	#FFFFFF	#D3D3D3	-21.55	24	8	5650,0
711	#FFFFFF	#D3D3D3	-22	23.55	8	5650,0
711	#FFFFFF	#D3D3D3	-22.45	24	8	5650,0
681	#FFFFFF	#D3D3D3	-21.95	24.5	8	5650,0
681	#FFFFFF	#D3D3D3	-21.5	24.95	8	5650,0
681	#FFFFFF	#D3D3D3	-21.05	24.5	8	5650,0
681	#FFFFFF	#D3D3D3	-21.5	24.05	8	5650,0
681	#FFFFFF	#D3D3D3	-21.95	24.5	8	5650,0
652	#FFFFFF	#D3D3D3	-21.45	25	4	5650,0
652	#FFFFFF	#D3D3D3	-21	25.45	4	5650,0
652	#FFFFFF	#D3D3D3	-20.55	25	4	5650,0
652	#FFFFFF	#D3D3D3	-21	24.55	4	5650,0
652	#FFFFFF	#D3D3D3	-21.45	25	4	5650,0
623	#FFFFFF	#D3D3D3	-20.95	25.5	4	5650,0
623	#FFFFFF	#D3D3D3	-20.5	25.95	4	5650,0
623	#FFFFFF	#D3D3D3	-20.05	25.5	4	5650,0
623	#FFFFFF	#D3D3D3	-20.5	25.05	4	5650,0
623	#FFFFFF	#D3D3D3	-20.95	25.5	4	5650,0
595	#FFFFFF	#D3D3D3	-20.45	26	4	5650,0
595	#FFFFFF	#D3D3D3	-20	26.45	4	5650,0
595	#FFFFFF	#D3D3D3	-19.55	26	4	5650,0
595	#FFFFFF	#D3D3D3	-20	25.55	4	5650,0
595	#FFFFFF	#D3D3D3	-20.45	26	4	5650,0
523	#FFFFFF	#D3D3D3	-19.95	26.5	4	5650,0
523	#FFFFFF	#D3D3D3	-19.5	26.95	4	5650,0
523	#FFFFFF	#D3D3D3	-19.05	26.5	4	5650,0
523	#FFFFFF	#D3D3D3	-19.5	26.05	4	5650,0
523	#FFFFFF	#D3D3D3	-19.95	26.5	4	5650,0
496	#FFFFFF	#D3D3D3	-19.45	27	4	5650,0
496	#FFFFFF	#D3D3D3	-19	27.45	4	5650,0
496	#FFFFFF	#D3D3D3	-18.55	27	4	5650,0
496	#FFFFFF	#D3D3D3	-19	26.55	4	5650,0
496	#FFFFFF	#D3D3D3	-19.45	27	4	5650,0
2740	#FFFFFF	#D3D3D3	4.55	0	16	5600,0
2740	#FFFFFF	#D3D3D3	5	0.45	16	5600,0
2740	#FFFFFF	#D3D3D3	5.45	0	16	5600,0
2740	#FFFFFF	#D3D3D3	5	-0.45	16	5600,0
2740	#FFFFFF	#D3D3D3	4.55	0	16	5600,0
2287	#FFFFFF	#D3D3D3	-44.95	0.5	16	5650,0
2287	#FFFFFF	#D3D3D3	-44.95	0.5	4	5700,0
2287	#FFFFFF	#D3D3D3	-44.5	0.95	16	5650,0
2287	#FFFFFF	#D3D3D3	-44.5	0.95	4	5700,0
2287	#FFFFFF	#D3D3D3	-44.05	0.5	16	5650,0
2287	#FFFFFF	#D3D3D3	-44.05	0.5	4	5700,0
2287	#FFFFFF	#D3D3D3	-44.5	0.05	16	5650,0
2287	#FFFFFF	#D3D3D3	-44.5	0.05	4	5700,0
2287	#FFFFFF	#D3D3D3	-44.95	0.5	16	5650,0
2287	#FFFFFF	#D3D3D3	-44.95	0.5	4	5700,0
2260	#FFFFFF	#D3D3D3	-44.45	1	16	5650,0
2260	#FFFFFF	#D3D3D3	-44.45	1	4	5700,0
2260	#FFFFFF	#D3D3D3	-44	1.45	16	5650,0
2260	#FFFFFF	#D3D3D3	-44	1.45	4	5700,0
2260	#FFFFFF	#D3D3D3	-43.55	1	16	5650,0
2260	#FFFFFF	#D3D3D3	-43.55	1	4	5700,0
2260	#FFFFFF	#D3D3D3	-44	0.55	16	5650,0
2260	#FFFFFF	#D3D3D3	-44	0.55	4	5700,0
2260	#FFFFFF	#D3D3D3	-44.45	1	16	5650,0
2260	#FFFFFF	#D3D3D3	-44.45	1	4	5700,0
2231	#FFFFFF	#D3D3D3	-43.95	1.5	16	5650,0
2231	#FFFFFF	#D3D3D3	-43.95	1.5	4	5700,0
2231	#FFFFFF	#D3D3D3	-43.5	1.95	16	5650,0
2231	#FFFFFF	#D3D3D3	-43.5	1.95	4	5700,0
2231	#FFFFFF	#D3D3D3	-43.05	1.5	16	5650,0
2231	#FFFFFF	#D3D3D3	-43.05	1.5	4	5700,0
2231	#FFFFFF	#D3D3D3	-43.5	1.05	16	5650,0
2231	#FFFFFF	#D3D3D3	-43.5	1.05	4	5700,0
2231	#FFFFFF	#D3D3D3	-43.95	1.5	16	5650,0
2231	#FFFFFF	#D3D3D3	-43.95	1.5	4	5700,0
2211	#FFFFFF	#D3D3D3	-43.45	2	16	5650,0
2211	#FFFFFF	#D3D3D3	-43	2.45	16	5650,0
2211	#FFFFFF	#D3D3D3	-42.55	2	16	5650,0
2211	#FFFFFF	#D3D3D3	-43	1.55	16	5650,0
2211	#FFFFFF	#D3D3D3	-43.45	2	16	5650,0
2181	#FFFFFF	#D3D3D3	-42.95	2.5	16	5650,0
2181	#FFFFFF	#D3D3D3	-42.5	2.95	16	5650,0
2181	#FFFFFF	#D3D3D3	-42.05	2.5	16	5650,0
2181	#FFFFFF	#D3D3D3	-42.5	2.05	16	5650,0
2181	#FFFFFF	#D3D3D3	-42.95	2.5	16	5650,0
2161	#FFFFFF	#D3D3D3	-42.45	3	16	5650,0
2161	#FFFFFF	#D3D3D3	-42	3.45	16	5650,0
2161	#FFFFFF	#D3D3D3	-41.55	3	16	5650,0
2161	#FFFFFF	#D3D3D3	-42	2.55	16	5650,0
2161	#FFFFFF	#D3D3D3	-42.45	3	16	5650,0
2131	#FFFFFF	#D3D3D3	-41.95	3.5	16	5650,0
2131	#FFFFFF	#D3D3D3	-41.5	3.95	16	5650,0
2131	#FFFFFF	#D3D3D3	-41.05	3.5	16	5650,0
2131	#FFFFFF	#D3D3D3	-41.5	3.05	16	5650,0
2131	#FFFFFF	#D3D3D3	-41.95	3.5	16	5650,0
2106	#FFFFFF	#D3D3D3	-41.45	4	16	5650,0
2106	#FFFFFF	#D3D3D3	-41	4.45	16	5650,0
2106	#FFFFFF	#D3D3D3	-40.55	4	16	5650,0
2106	#FFFFFF	#D3D3D3	-41	3.55	16	5650,0
2106	#FFFFFF	#D3D3D3	-41.45	4	16	5650,0
2075	#FFFFFF	#D3D3D3	-40.95	4.5	16	5650,0
2075	#FFFFFF	#D3D3D3	-40.5	4.95	16	5650,0
2075	#FFFFFF	#D3D3D3	-40.05	4.5	16	5650,0
2075	#FFFFFF	#D3D3D3	-40.5	4.05	16	5650,0
2075	#FFFFFF	#D3D3D3	-40.95	4.5	16	5650,0
2045	#FFFFFF	#D3D3D3	-40.45	5	16	5650,0
2045	#FFFFFF	#D3D3D3	-40	5.45	16	5650,0
2045	#FFFFFF	#D3D3D3	-39.55	5	16	5650,0
2045	#FFFFFF	#D3D3D3	-40	4.55	16	5650,0
2045	#FFFFFF	#D3D3D3	-40.45	5	16	5650,0
1974	#FFFFFF	#D3D3D3	-39.95	5.5	16	5650,0
1974	#FFFFFF	#D3D3D3	-39.5	5.95	16	5650,0
1974	#FFFFFF	#D3D3D3	-39.05	5.5	16	5650,0
1974	#FFFFFF	#D3D3D3	-39.5	5.05	16	5650,0
1974	#FFFFFF	#D3D3D3	-39.95	5.5	16	5650,0
1943	#FFFFFF	#D3D3D3	-39.45	6	16	5650,0
1943	#FFFFFF	#D3D3D3	-39	6.45	16	5650,0
1943	#FFFFFF	#D3D3D3	-38.55	6	16	5650,0
1943	#FFFFFF	#D3D3D3	-39	5.55	16	5650,0
1943	#FFFFFF	#D3D3D3	-39.45	6	16	5650,0
1910	#FFFFFF	#D3D3D3	-38.95	6.5	16	5650,0
1910	#FFFFFF	#D3D3D3	-38.5	6.95	16	5650,0
1910	#FFFFFF	#D3D3D3	-38.05	6.5	16	5650,0
1910	#FFFFFF	#D3D3D3	-38.5	6.05	16	5650,0
1910	#FFFFFF	#D3D3D3	-38.95	6.5	16	5650,0
1878	#FFFFFF	#D3D3D3	-38.45	7	16	5650,0
1878	#FFFFFF	#D3D3D3	-38	7.45	16	5650,0
1878	#FFFFFF	#D3D3D3	-37.55	7	16	5650,0
1878	#FFFFFF	#D3D3D3	-38	6.55	16	5650,0
1878	#FFFFFF	#D3D3D3	-38.45	7	16	5650,0
1844	#FFFFFF	#D3D3D3	-37.95	7.5	16	5650,0
1844	#FFFFFF	#D3D3D3	-37.5	7.95	16	5650,0
1844	#FFFFFF	#D3D3D3	-37.05	7.5	16	5650,0
1844	#FFFFFF	#D3D3D3	-37.5	7.05	16	5650,0
1844	#FFFFFF	#D3D3D3	-37.95	7.5	16	5650,0
1811	#FFFFFF	#D3D3D3	-37.45	8	16	5650,0
1811	#FFFFFF	#D3D3D3	-37	8.45	16	5650,0
1811	#FFFFFF	#D3D3D3	-36.55	8	16	5650,0
1811	#FFFFFF	#D3D3D3	-37	7.55	16	5650,0
1811	#FFFFFF	#D3D3D3	-37.45	8	16	5650,0
1776	#FFFFFF	#D3D3D3	-36.95	8.5	16	5650,0
1776	#FFFFFF	#D3D3D3	-36.5	8.95	16	5650,0
1776	#FFFFFF	#D3D3D3	-36.05	8.5	16	5650,0
1776	#FFFFFF	#D3D3D3	-36.5	8.05	16	5650,0
1776	#FFFFFF	#D3D3D3	-36.95	8.5	16	5650,0
1742	#FFFFFF	#D3D3D3	-36.45	9	16	5650,0
1742	#FFFFFF	#D3D3D3	-36	9.45	16	5650,0
1742	#FFFFFF	#D3D3D3	-35.55	9	16	5650,0
1742	#FFFFFF	#D3D3D3	-36	8.55	16	5650,0
1742	#FFFFFF	#D3D3D3	-36.45	9	16	5650,0
1707	#FFFFFF	#D3D3D3	-35.95	9.5	16	5650,0
1707	#FFFFFF	#D3D3D3	-35.5	9.95	16	5650,0
1707	#FFFFFF	#D3D3D3	-35.05	9.5	16	5650,0
1707	#FFFFFF	#D3D3D3	-35.5	9.05	16	5650,0
1707	#FFFFFF	#D3D3D3	-35.95	9.5	16	5650,0
1638	#FFFFFF	#D3D3D3	-35.45	10	16	5650,0
1638	#FFFFFF	#D3D3D3	-35	10.45	16	5650,0
1638	#FFFFFF	#D3D3D3	-34.55	10	16	5650,0
1638	#FFFFFF	#D3D3D3	-35	9.55	16	5650,0
1638	#FFFFFF	#D3D3D3	-35.45	10	16	5650,0
1601	#FFFFFF	#D3D3D3	-34.95	10.5	16	5650,0
1601	#FFFFFF	#D3D3D3	-34.5	10.95	16	5650,0
1601	#FFFFFF	#D3D3D3	-34.05	10.5	16	5650,0
1601	#FFFFFF	#D3D3D3	-34.5	10.05	16	5650,0
1601	#FFFFFF	#D3D3D3	-34.95	10.5	16	5650,0
1564	#FFFFFF	#D3D3D3	-34.45	11	16	5650,0
1564	#FFFFFF	#D3D3D3	-34	11.45	16	5650,0
1564	#FFFFFF	#D3D3D3	-33.55	11	16	5650,0
1564	#FFFFFF	#D3D3D3	-34	10.55	16	5650,0
1564	#FFFFFF	#D3D3D3	-34.45	11	16	5650,0
1527	#FFFFFF	#D3D3D3	-33.95	11.5	16	5650,0
1527	#FFFFFF	#D3D3D3	-33.5	11.95	16	5650,0
1527	#FFFFFF	#D3D3D3	-33.05	11.5	16	5650,0
1527	#FFFFFF	#D3D3D3	-33.5	11.05	16	5650,0
1527	#FFFFFF	#D3D3D3	-33.95	11.5	16	5650,0
1490	#FFFFFF	#D3D3D3	-33.45	12	16	5650,0
1490	#FFFFFF	#D3D3D3	-33	12.45	16	5650,0
1490	#FFFFFF	#D3D3D3	-32.55	12	16	5650,0
1490	#FFFFFF	#D3D3D3	-33	11.55	16	5650,0
1490	#FFFFFF	#D3D3D3	-33.45	12	16	5650,0
1452	#FFFFFF	#D3D3D3	-32.95	12.5	16	5650,0
1452	#FFFFFF	#D3D3D3	-32.5	12.95	16	5650,0
1452	#FFFFFF	#D3D3D3	-32.05	12.5	16	5650,0
1452	#FFFFFF	#D3D3D3	-32.5	12.05	16	5650,0
1452	#FFFFFF	#D3D3D3	-32.95	12.5	16	5650,0
1415	#FFFFFF	#D3D3D3	-32.45	13	16	5650,0
1415	#FFFFFF	#D3D3D3	-32	13.45	16	5650,0
1415	#FFFFFF	#D3D3D3	-31.55	13	16	5650,0
1415	#FFFFFF	#D3D3D3	-32	12.55	16	5650,0
1415	#FFFFFF	#D3D3D3	-32.45	13	16	5650,0
1379	#FFFFFF	#D3D3D3	-31.95	13.5	16	5650,0
1379	#FFFFFF	#D3D3D3	-31.5	13.95	16	5650,0
1379	#FFFFFF	#D3D3D3	-31.05	13.5	16	5650,0
1379	#FFFFFF	#D3D3D3	-31.5	13.05	16	5650,0
1379	#FFFFFF	#D3D3D3	-31.95	13.5	16	5650,0
1344	#FFFFFF	#D3D3D3	-31.45	14	16	5650,0
1344	#FFFFFF	#D3D3D3	-31	14.45	16	5650,0
1344	#FFFFFF	#D3D3D3	-30.55	14	16	5650,0
1344	#FFFFFF	#D3D3D3	-31	13.55	16	5650,0
1344	#FFFFFF	#D3D3D3	-31.45	14	16	5650,0
1309	#FFFFFF	#D3D3D3	-30.95	14.5	16	5650,0
1309	#FFFFFF	#D3D3D3	-30.5	14.95	16	5650,0
1309	#FFFFFF	#D3D3D3	-30.05	14.5	16	5650,0
1309	#FFFFFF	#D3D3D3	-30.5	14.05	16	5650,0
1309	#FFFFFF	#D3D3D3	-30.95	14.5	16	5650,0
1275	#FFFFFF	#D3D3D3	-30.45	15	16	5650,0
1275	#FFFFFF	#D3D3D3	-30	15.45	16	5650,0
1275	#FFFFFF	#D3D3D3	-29.55	15	16	5650,0
1275	#FFFFFF	#D3D3D3	-30	14.55	16	5650,0
1275	#FFFFFF	#D3D3D3	-30.45	15	16	5650,0
1197	#FFFFFF	#D3D3D3	-29.95	15.5	16	5650,0
1197	#FFFFFF	#D3D3D3	-29.5	15.95	16	5650,0
1197	#FFFFFF	#D3D3D3	-29.05	15.5	16	5650,0
1197	#FFFFFF	#D3D3D3	-29.5	15.05	16	5650,0
1197	#FFFFFF	#D3D3D3	-29.95	15.5	16	5650,0
1164	#FFFFFF	#D3D3D3	-29.45	16	16	5650,0
1164	#FFFFFF	#D3D3D3	-29	16.45	16	5650,0
1164	#FFFFFF	#D3D3D3	-28.55	16	16	5650,0
1164	#FFFFFF	#D3D3D3	-29	15.55	16	5650,0
1164	#FFFFFF	#D3D3D3	-29.45	16	16	5650,0
1131	#FFFFFF	#D3D3D3	-28.95	16.5	16	5650,0
1131	#FFFFFF	#D3D3D3	-28.5	16.95	16	5650,0
1131	#FFFFFF	#D3D3D3	-28.05	16.5	16	5650,0
1131	#FFFFFF	#D3D3D3	-28.5	16.05	16	5650,0
1131	#FFFFFF	#D3D3D3	-28.95	16.5	16	5650,0
1098	#FFFFFF	#D3D3D3	-28.45	17	16	5650,0
1098	#FFFFFF	#D3D3D3	-28	17.45	16	5650,0
1098	#FFFFFF	#D3D3D3	-27.55	17	16	5650,0
1098	#FFFFFF	#D3D3D3	-28	16.55	16	5650,0
1098	#FFFFFF	#D3D3D3	-28.45	17	16	5650,0
1065	#FFFFFF	#D3D3D3	-27.95	17.5	8	5650,0
1065	#FFFFFF	#D3D3D3	-27.5	17.95	8	5650,0
1065	#FFFFFF	#D3D3D3	-27.05	17.5	8	5650,0
1065	#FFFFFF	#D3D3D3	-27.5	17.05	8	5650,0
1065	#FFFFFF	#D3D3D3	-27.95	17.5	8	5650,0
1032	#FFFFFF	#D3D3D3	-27.45	18	8	5650,0
1032	#FFFFFF	#D3D3D3	-27	18.45	8	5650,0
1032	#FFFFFF	#D3D3D3	-26.55	18	8	5650,0
1032	#FFFFFF	#D3D3D3	-27	17.55	8	5650,0
1032	#FFFFFF	#D3D3D3	-27.45	18	8	5650,0
999	#FFFFFF	#D3D3D3	-26.95	18.5	8	5650,0
999	#FFFFFF	#D3D3D3	-26.5	18.95	8	5650,0
999	#FFFFFF	#D3D3D3	-26.05	18.5	8	5650,0
999	#FFFFFF	#D3D3D3	-26.5	18.05	8	5650,0
999	#FFFFFF	#D3D3D3	-26.95	18.5	8	5650,0
965	#FFFFFF	#D3D3D3	-26.45	19	8	5650,0
965	#FFFFFF	#D3D3D3	-26	19.45	8	5650,0
965	#FFFFFF	#D3D3D3	-25.55	19	8	5650,0
965	#FFFFFF	#D3D3D3	-26	18.55	8	5650,0
965	#FFFFFF	#D3D3D3	-26.45	19	8	5650,0
931	#FFFFFF	#D3D3D3	-25.95	19.5	8	5650,0
931	#FFFFFF	#D3D3D3	-25.5	19.95	8	5650,0
931	#FFFFFF	#D3D3D3	-25.05	19.5	8	5650,0
931	#FFFFFF	#D3D3D3	-25.5	19.05	8	5650,0
931	#FFFFFF	#D3D3D3	-25.95	19.5	8	5650,0
899	#FFFFFF	#D3D3D3	-25.45	20	8	5650,0
899	#FFFFFF	#D3D3D3	-25	20.45	8	5650,0
899	#FFFFFF	#D3D3D3	-24.55	20	8	5650,0
899	#FFFFFF	#D3D3D3	-25	19.55	8	5650,0
899	#FFFFFF	#D3D3D3	-25.45	20	8	5650,0
866	#FFFFFF	#D3D3D3	-24.95	20.5	8	5650,0
866	#FFFFFF	#D3D3D3	-24.5	20.95	8	5650,0
866	#FFFFFF	#D3D3D3	-24.05	20.5	8	5650,0
866	#FFFFFF	#D3D3D3	-24.5	20.05	8	5650,0
866	#FFFFFF	#D3D3D3	-24.95	20.5	8	5650,0
834	#FFFFFF	#D3D3D3	-24.45	21	8	5650,0
834	#FFFFFF	#D3D3D3	-24	21.45	8	5650,0
834	#FFFFFF	#D3D3D3	-23.55	21	8	5650,0
834	#FFFFFF	#D3D3D3	-24	20.55	8	5650,0
834	#FFFFFF	#D3D3D3	-24.45	21	8	5650,0
802	#FFFFFF	#D3D3D3	-23.95	21.5	8	5650,0
802	#FFFFFF	#D3D3D3	-23.5	21.95	8	5650,0
802	#FFFFFF	#D3D3D3	-23.05	21.5	8	5650,0
802	#FFFFFF	#D3D3D3	-23.5	21.05	8	5650,0
802	#FFFFFF	#D3D3D3	-23.95	21.5	8	5650,0
771	#FFFFFF	#D3D3D3	-23.45	22	8	5650,0
771	#FFFFFF	#D3D3D3	-23	22.45	8	5650,0
771	#FFFFFF	#D3D3D3	-22.55	22	8	5650,0
771	#FFFFFF	#D3D3D3	-23	21.55	8	5650,0
771	#FFFFFF	#D3D3D3	-23.45	22	8	5650,0
740	#FFFFFF	#D3D3D3	-22.95	22.5	8	5650,0
740	#FFFFFF	#D3D3D3	-22.5	22.95	8	5650,0
740	#FFFFFF	#D3D3D3	-22.05	22.5	8	5650,0
740	#FFFFFF	#D3D3D3	-22.5	22.05	8	5650,0
740	#FFFFFF	#D3D3D3	-22.95	22.5	8	5650,0
710	#FFFFFF	#D3D3D3	-22.45	23	8	5650,0
710	#FFFFFF	#D3D3D3	-22	23.45	8	5650,0
710	#FFFFFF	#D3D3D3	-21.55	23	8	5650,0
710	#FFFFFF	#D3D3D3	-22	22.55	8	5650,0
710	#FFFFFF	#D3D3D3	-22.45	23	8	5650,0
680	#FFFFFF	#D3D3D3	-21.95	23.5	4	5650,0
680	#FFFFFF	#D3D3D3	-21.5	23.95	4	5650,0
680	#FFFFFF	#D3D3D3	-21.05	23.5	4	5650,0
680	#FFFFFF	#D3D3D3	-21.5	23.05	4	5650,0
680	#FFFFFF	#D3D3D3	-21.95	23.5	4	5650,0
651	#FFFFFF	#D3D3D3	-21.45	24	4	5650,0
651	#FFFFFF	#D3D3D3	-21	24.45	4	5650,0
651	#FFFFFF	#D3D3D3	-20.55	24	4	5650,0
651	#FFFFFF	#D3D3D3	-21	23.55	4	5650,0
651	#FFFFFF	#D3D3D3	-21.45	24	4	5650,0
622	#FFFFFF	#D3D3D3	-20.95	24.5	4	5650,0
622	#FFFFFF	#D3D3D3	-20.5	24.95	4	5650,0
622	#FFFFFF	#D3D3D3	-20.05	24.5	4	5650,0
622	#FFFFFF	#D3D3D3	-20.5	24.05	4	5650,0
622	#FFFFFF	#D3D3D3	-20.95	24.5	4	5650,0
594	#FFFFFF	#D3D3D3	-20.45	25	4	5650,0
594	#FFFFFF	#D3D3D3	-20	25.45	4	5650,0
594	#FFFFFF	#D3D3D3	-19.55	25	4	5650,0
594	#FFFFFF	#D3D3D3	-20	24.55	4	5650,0
594	#FFFFFF	#D3D3D3	-20.45	25	4	5650,0
522	#FFFFFF	#D3D3D3	-19.95	25.5	4	5650,0
522	#FFFFFF	#D3D3D3	-19.5	25.95	4	5650,0
522	#FFFFFF	#D3D3D3	-19.05	25.5	4	5650,0
522	#FFFFFF	#D3D3D3	-19.5	25.05	4	5650,0
522	#FFFFFF	#D3D3D3	-19.95	25.5	4	5650,0
495	#FFFFFF	#D3D3D3	-19.45	26	4	5650,0
495	#FFFFFF	#D3D3D3	-19	26.45	4	5650,0
495	#FFFFFF	#D3D3D3	-18.55	26	4	5650,0
495	#FFFFFF	#D3D3D3	-19	25.55	4	5650,0
495	#FFFFFF	#D3D3D3	-19.45	26	4	5650,0
468	#FFFFFF	#D3D3D3	-18.95	26.5	4	5650,0
468	#FFFFFF	#D3D3D3	-18.5	26.95	4	5650,0
468	#FFFFFF	#D3D3D3	-18.05	26.5	4	5650,0
468	#FFFFFF	#D3D3D3	-18.5	26.05	4	5650,0
468	#FFFFFF	#D3D3D3	-18.95	26.5	4	5650,0
2259	#FFFFFF	#D3D3D3	-44.45	0	16	5650,0
2259	#FFFFFF	#D3D3D3	-44.45	0	4	5700,0
2259	#FFFFFF	#D3D3D3	-44	0.45	16	5650,0
2259	#FFFFFF	#D3D3D3	-44	0.45	4	5700,0
2259	#FFFFFF	#D3D3D3	-43.55	0	16	5650,0
2259	#FFFFFF	#D3D3D3	-43.55	0	4	5700,0
2259	#FFFFFF	#D3D3D3	-44	-0.45	16	5650,0
2259	#FFFFFF	#D3D3D3	-44	-0.45	4	5700,0
2259	#FFFFFF	#D3D3D3	-44.45	0	16	5650,0
2259	#FFFFFF	#D3D3D3	-44.45	0	4	5700,0
2230	#FFFFFF	#D3D3D3	-43.95	0.5	16	5650,0
2230	#FFFFFF	#D3D3D3	-43.95	0.5	4	5700,0
2230	#FFFFFF	#D3D3D3	-43.5	0.95	16	5650,0
2230	#FFFFFF	#D3D3D3	-43.5	0.95	4	5700,0
2230	#FFFFFF	#D3D3D3	-43.05	0.5	16	5650,0
2230	#FFFFFF	#D3D3D3	-43.05	0.5	4	5700,0
2230	#FFFFFF	#D3D3D3	-43.5	0.05	16	5650,0
2230	#FFFFFF	#D3D3D3	-43.5	0.05	4	5700,0
2230	#FFFFFF	#D3D3D3	-43.95	0.5	16	5650,0
2230	#FFFFFF	#D3D3D3	-43.95	0.5	4	5700,0
2201	#FFFFFF	#D3D3D3	-43.45	1	16	5650,0
2201	#FFFFFF	#D3D3D3	-43.45	1	4	5700,0
2201	#FFFFFF	#D3D3D3	-43	1.45	16	5650,0
2201	#FFFFFF	#D3D3D3	-43	1.45	4	5700,0
2201	#FFFFFF	#D3D3D3	-42.55	1	16	5650,0
2201	#FFFFFF	#D3D3D3	-42.55	1	4	5700,0
2201	#FFFFFF	#D3D3D3	-43	0.55	16	5650,0
2201	#FFFFFF	#D3D3D3	-43	0.55	4	5700,0
2201	#FFFFFF	#D3D3D3	-43.45	1	16	5650,0
2201	#FFFFFF	#D3D3D3	-43.45	1	4	5700,0
2172	#FFFFFF	#D3D3D3	-42.95	1.5	16	5650,0
2172	#FFFFFF	#D3D3D3	-42.5	1.95	16	5650,0
2172	#FFFFFF	#D3D3D3	-42.05	1.5	16	5650,0
2172	#FFFFFF	#D3D3D3	-42.5	1.05	16	5650,0
2172	#FFFFFF	#D3D3D3	-42.95	1.5	16	5650,0
2152	#FFFFFF	#D3D3D3	-42.45	2	16	5650,0
2152	#FFFFFF	#D3D3D3	-42	2.45	16	5650,0
2152	#FFFFFF	#D3D3D3	-41.55	2	16	5650,0
2152	#FFFFFF	#D3D3D3	-42	1.55	16	5650,0
2152	#FFFFFF	#D3D3D3	-42.45	2	16	5650,0
2123	#FFFFFF	#D3D3D3	-41.95	2.5	16	5650,0
2123	#FFFFFF	#D3D3D3	-41.5	2.95	16	5650,0
2123	#FFFFFF	#D3D3D3	-41.05	2.5	16	5650,0
2123	#FFFFFF	#D3D3D3	-41.5	2.05	16	5650,0
2123	#FFFFFF	#D3D3D3	-41.95	2.5	16	5650,0
2101	#FFFFFF	#D3D3D3	-41.45	3	16	5650,0
2101	#FFFFFF	#D3D3D3	-41	3.45	16	5650,0
2101	#FFFFFF	#D3D3D3	-40.55	3	16	5650,0
2101	#FFFFFF	#D3D3D3	-41	2.55	16	5650,0
2101	#FFFFFF	#D3D3D3	-41.45	3	16	5650,0
2070	#FFFFFF	#D3D3D3	-40.95	3.5	16	5650,0
2070	#FFFFFF	#D3D3D3	-40.5	3.95	16	5650,0
2070	#FFFFFF	#D3D3D3	-40.05	3.5	16	5650,0
2070	#FFFFFF	#D3D3D3	-40.5	3.05	16	5650,0
2070	#FFFFFF	#D3D3D3	-40.95	3.5	16	5650,0
2044	#FFFFFF	#D3D3D3	-40.45	4	16	5650,0
2044	#FFFFFF	#D3D3D3	-40	4.45	16	5650,0
2044	#FFFFFF	#D3D3D3	-39.55	4	16	5650,0
2044	#FFFFFF	#D3D3D3	-40	3.55	16	5650,0
2044	#FFFFFF	#D3D3D3	-40.45	4	16	5650,0
1973	#FFFFFF	#D3D3D3	-39.95	4.5	16	5650,0
1973	#FFFFFF	#D3D3D3	-39.5	4.95	16	5650,0
1973	#FFFFFF	#D3D3D3	-39.05	4.5	16	5650,0
1973	#FFFFFF	#D3D3D3	-39.5	4.05	16	5650,0
1973	#FFFFFF	#D3D3D3	-39.95	4.5	16	5650,0
1942	#FFFFFF	#D3D3D3	-39.45	5	16	5650,0
1942	#FFFFFF	#D3D3D3	-39	5.45	16	5650,0
1942	#FFFFFF	#D3D3D3	-38.55	5	16	5650,0
1942	#FFFFFF	#D3D3D3	-39	4.55	16	5650,0
1942	#FFFFFF	#D3D3D3	-39.45	5	16	5650,0
1909	#FFFFFF	#D3D3D3	-38.95	5.5	16	5650,0
1909	#FFFFFF	#D3D3D3	-38.5	5.95	16	5650,0
1909	#FFFFFF	#D3D3D3	-38.05	5.5	16	5650,0
1909	#FFFFFF	#D3D3D3	-38.5	5.05	16	5650,0
1909	#FFFFFF	#D3D3D3	-38.95	5.5	16	5650,0
1877	#FFFFFF	#D3D3D3	-38.45	6	16	5650,0
1877	#FFFFFF	#D3D3D3	-38	6.45	16	5650,0
1877	#FFFFFF	#D3D3D3	-37.55	6	16	5650,0
1877	#FFFFFF	#D3D3D3	-38	5.55	16	5650,0
1877	#FFFFFF	#D3D3D3	-38.45	6	16	5650,0
1843	#FFFFFF	#D3D3D3	-37.95	6.5	16	5650,0
1843	#FFFFFF	#D3D3D3	-37.5	6.95	16	5650,0
1843	#FFFFFF	#D3D3D3	-37.05	6.5	16	5650,0
1843	#FFFFFF	#D3D3D3	-37.5	6.05	16	5650,0
1843	#FFFFFF	#D3D3D3	-37.95	6.5	16	5650,0
1810	#FFFFFF	#D3D3D3	-37.45	7	16	5650,0
1810	#FFFFFF	#D3D3D3	-37	7.45	16	5650,0
1810	#FFFFFF	#D3D3D3	-36.55	7	16	5650,0
1810	#FFFFFF	#D3D3D3	-37	6.55	16	5650,0
1810	#FFFFFF	#D3D3D3	-37.45	7	16	5650,0
1775	#FFFFFF	#D3D3D3	-36.95	7.5	16	5650,0
1775	#FFFFFF	#D3D3D3	-36.5	7.95	16	5650,0
1775	#FFFFFF	#D3D3D3	-36.05	7.5	16	5650,0
1775	#FFFFFF	#D3D3D3	-36.5	7.05	16	5650,0
1775	#FFFFFF	#D3D3D3	-36.95	7.5	16	5650,0
1741	#FFFFFF	#D3D3D3	-36.45	8	16	5650,0
1741	#FFFFFF	#D3D3D3	-36	8.45	16	5650,0
1741	#FFFFFF	#D3D3D3	-35.55	8	16	5650,0
1741	#FFFFFF	#D3D3D3	-36	7.55	16	5650,0
1741	#FFFFFF	#D3D3D3	-36.45	8	16	5650,0
1706	#FFFFFF	#D3D3D3	-35.95	8.5	16	5650,0
1706	#FFFFFF	#D3D3D3	-35.5	8.95	16	5650,0
1706	#FFFFFF	#D3D3D3	-35.05	8.5	16	5650,0
1706	#FFFFFF	#D3D3D3	-35.5	8.05	16	5650,0
1706	#FFFFFF	#D3D3D3	-35.95	8.5	16	5650,0
1671	#FFFFFF	#D3D3D3	-35.45	9	16	5650,0
1671	#FFFFFF	#D3D3D3	-35	9.45	16	5650,0
1671	#FFFFFF	#D3D3D3	-34.55	9	16	5650,0
1671	#FFFFFF	#D3D3D3	-35	8.55	16	5650,0
1671	#FFFFFF	#D3D3D3	-35.45	9	16	5650,0
1635	#FFFFFF	#D3D3D3	-34.95	9.5	16	5650,0
1635	#FFFFFF	#D3D3D3	-34.5	9.95	16	5650,0
1635	#FFFFFF	#D3D3D3	-34.05	9.5	16	5650,0
1635	#FFFFFF	#D3D3D3	-34.5	9.05	16	5650,0
1635	#FFFFFF	#D3D3D3	-34.95	9.5	16	5650,0
1563	#FFFFFF	#D3D3D3	-34.45	10	16	5650,0
1563	#FFFFFF	#D3D3D3	-34	10.45	16	5650,0
1563	#FFFFFF	#D3D3D3	-33.55	10	16	5650,0
1563	#FFFFFF	#D3D3D3	-34	9.55	16	5650,0
1563	#FFFFFF	#D3D3D3	-34.45	10	16	5650,0
1526	#FFFFFF	#D3D3D3	-33.95	10.5	16	5650,0
1526	#FFFFFF	#D3D3D3	-33.5	10.95	16	5650,0
1526	#FFFFFF	#D3D3D3	-33.05	10.5	16	5650,0
1526	#FFFFFF	#D3D3D3	-33.5	10.05	16	5650,0
1526	#FFFFFF	#D3D3D3	-33.95	10.5	16	5650,0
1489	#FFFFFF	#D3D3D3	-33.45	11	16	5650,0
1489	#FFFFFF	#D3D3D3	-33	11.45	16	5650,0
1489	#FFFFFF	#D3D3D3	-32.55	11	16	5650,0
1489	#FFFFFF	#D3D3D3	-33	10.55	16	5650,0
1489	#FFFFFF	#D3D3D3	-33.45	11	16	5650,0
1451	#FFFFFF	#D3D3D3	-32.95	11.5	16	5650,0
1451	#FFFFFF	#D3D3D3	-32.5	11.95	16	5650,0
1451	#FFFFFF	#D3D3D3	-32.05	11.5	16	5650,0
1451	#FFFFFF	#D3D3D3	-32.5	11.05	16	5650,0
1451	#FFFFFF	#D3D3D3	-32.95	11.5	16	5650,0
1414	#FFFFFF	#D3D3D3	-32.45	12	16	5650,0
1414	#FFFFFF	#D3D3D3	-32	12.45	16	5650,0
1414	#FFFFFF	#D3D3D3	-31.55	12	16	5650,0
1414	#FFFFFF	#D3D3D3	-32	11.55	16	5650,0
1414	#FFFFFF	#D3D3D3	-32.45	12	16	5650,0
1378	#FFFFFF	#D3D3D3	-31.95	12.5	16	5650,0
1378	#FFFFFF	#D3D3D3	-31.5	12.95	16	5650,0
1378	#FFFFFF	#D3D3D3	-31.05	12.5	16	5650,0
1378	#FFFFFF	#D3D3D3	-31.5	12.05	16	5650,0
1378	#FFFFFF	#D3D3D3	-31.95	12.5	16	5650,0
1343	#FFFFFF	#D3D3D3	-31.45	13	16	5650,0
1343	#FFFFFF	#D3D3D3	-31	13.45	16	5650,0
1343	#FFFFFF	#D3D3D3	-30.55	13	16	5650,0
1343	#FFFFFF	#D3D3D3	-31	12.55	16	5650,0
1343	#FFFFFF	#D3D3D3	-31.45	13	16	5650,0
1308	#FFFFFF	#D3D3D3	-30.95	13.5	16	5650,0
1308	#FFFFFF	#D3D3D3	-30.5	13.95	16	5650,0
1308	#FFFFFF	#D3D3D3	-30.05	13.5	16	5650,0
1308	#FFFFFF	#D3D3D3	-30.5	13.05	16	5650,0
1308	#FFFFFF	#D3D3D3	-30.95	13.5	16	5650,0
1274	#FFFFFF	#D3D3D3	-30.45	14	16	5650,0
1274	#FFFFFF	#D3D3D3	-30	14.45	16	5650,0
1274	#FFFFFF	#D3D3D3	-29.55	14	16	5650,0
1274	#FFFFFF	#D3D3D3	-30	13.55	16	5650,0
1274	#FFFFFF	#D3D3D3	-30.45	14	16	5650,0
1196	#FFFFFF	#D3D3D3	-29.95	14.5	16	5650,0
1196	#FFFFFF	#D3D3D3	-29.5	14.95	16	5650,0
1196	#FFFFFF	#D3D3D3	-29.05	14.5	16	5650,0
1196	#FFFFFF	#D3D3D3	-29.5	14.05	16	5650,0
1196	#FFFFFF	#D3D3D3	-29.95	14.5	16	5650,0
1163	#FFFFFF	#D3D3D3	-29.45	15	16	5650,0
1163	#FFFFFF	#D3D3D3	-29	15.45	16	5650,0
1163	#FFFFFF	#D3D3D3	-28.55	15	16	5650,0
1163	#FFFFFF	#D3D3D3	-29	14.55	16	5650,0
1163	#FFFFFF	#D3D3D3	-29.45	15	16	5650,0
1130	#FFFFFF	#D3D3D3	-28.95	15.5	16	5650,0
1130	#FFFFFF	#D3D3D3	-28.5	15.95	16	5650,0
1130	#FFFFFF	#D3D3D3	-28.05	15.5	16	5650,0
1130	#FFFFFF	#D3D3D3	-28.5	15.05	16	5650,0
1130	#FFFFFF	#D3D3D3	-28.95	15.5	16	5650,0
1097	#FFFFFF	#D3D3D3	-28.45	16	8	5650,0
1097	#FFFFFF	#D3D3D3	-28	16.45	8	5650,0
1097	#FFFFFF	#D3D3D3	-27.55	16	8	5650,0
1097	#FFFFFF	#D3D3D3	-28	15.55	8	5650,0
1097	#FFFFFF	#D3D3D3	-28.45	16	8	5650,0
1064	#FFFFFF	#D3D3D3	-27.95	16.5	8	5650,0
1064	#FFFFFF	#D3D3D3	-27.5	16.95	8	5650,0
1064	#FFFFFF	#D3D3D3	-27.05	16.5	8	5650,0
1064	#FFFFFF	#D3D3D3	-27.5	16.05	8	5650,0
1064	#FFFFFF	#D3D3D3	-27.95	16.5	8	5650,0
1031	#FFFFFF	#D3D3D3	-27.45	17	8	5650,0
1031	#FFFFFF	#D3D3D3	-27	17.45	8	5650,0
1031	#FFFFFF	#D3D3D3	-26.55	17	8	5650,0
1031	#FFFFFF	#D3D3D3	-27	16.55	8	5650,0
1031	#FFFFFF	#D3D3D3	-27.45	17	8	5650,0
998	#FFFFFF	#D3D3D3	-26.95	17.5	8	5650,0
998	#FFFFFF	#D3D3D3	-26.5	17.95	8	5650,0
998	#FFFFFF	#D3D3D3	-26.05	17.5	8	5650,0
998	#FFFFFF	#D3D3D3	-26.5	17.05	8	5650,0
998	#FFFFFF	#D3D3D3	-26.95	17.5	8	5650,0
964	#FFFFFF	#D3D3D3	-26.45	18	8	5650,0
964	#FFFFFF	#D3D3D3	-26	18.45	8	5650,0
964	#FFFFFF	#D3D3D3	-25.55	18	8	5650,0
964	#FFFFFF	#D3D3D3	-26	17.55	8	5650,0
964	#FFFFFF	#D3D3D3	-26.45	18	8	5650,0
930	#FFFFFF	#D3D3D3	-25.95	18.5	8	5650,0
930	#FFFFFF	#D3D3D3	-25.5	18.95	8	5650,0
930	#FFFFFF	#D3D3D3	-25.05	18.5	8	5650,0
930	#FFFFFF	#D3D3D3	-25.5	18.05	8	5650,0
930	#FFFFFF	#D3D3D3	-25.95	18.5	8	5650,0
897	#FFFFFF	#D3D3D3	-25.45	19	8	5650,0
897	#FFFFFF	#D3D3D3	-25	19.45	8	5650,0
897	#FFFFFF	#D3D3D3	-24.55	19	8	5650,0
897	#FFFFFF	#D3D3D3	-25	18.55	8	5650,0
897	#FFFFFF	#D3D3D3	-25.45	19	8	5650,0
864	#FFFFFF	#D3D3D3	-24.95	19.5	8	5650,0
864	#FFFFFF	#D3D3D3	-24.5	19.95	8	5650,0
864	#FFFFFF	#D3D3D3	-24.05	19.5	8	5650,0
864	#FFFFFF	#D3D3D3	-24.5	19.05	8	5650,0
864	#FFFFFF	#D3D3D3	-24.95	19.5	8	5650,0
833	#FFFFFF	#D3D3D3	-24.45	20	8	5650,0
833	#FFFFFF	#D3D3D3	-24	20.45	8	5650,0
833	#FFFFFF	#D3D3D3	-23.55	20	8	5650,0
833	#FFFFFF	#D3D3D3	-24	19.55	8	5650,0
833	#FFFFFF	#D3D3D3	-24.45	20	8	5650,0
801	#FFFFFF	#D3D3D3	-23.95	20.5	8	5650,0
801	#FFFFFF	#D3D3D3	-23.5	20.95	8	5650,0
801	#FFFFFF	#D3D3D3	-23.05	20.5	8	5650,0
801	#FFFFFF	#D3D3D3	-23.5	20.05	8	5650,0
801	#FFFFFF	#D3D3D3	-23.95	20.5	8	5650,0
770	#FFFFFF	#D3D3D3	-23.45	21	8	5650,0
770	#FFFFFF	#D3D3D3	-23	21.45	8	5650,0
770	#FFFFFF	#D3D3D3	-22.55	21	8	5650,0
770	#FFFFFF	#D3D3D3	-23	20.55	8	5650,0
770	#FFFFFF	#D3D3D3	-23.45	21	8	5650,0
739	#FFFFFF	#D3D3D3	-22.95	21.5	8	5650,0
739	#FFFFFF	#D3D3D3	-22.5	21.95	8	5650,0
739	#FFFFFF	#D3D3D3	-22.05	21.5	8	5650,0
739	#FFFFFF	#D3D3D3	-22.5	21.05	8	5650,0
739	#FFFFFF	#D3D3D3	-22.95	21.5	8	5650,0
709	#FFFFFF	#D3D3D3	-22.45	22	8	5650,0
709	#FFFFFF	#D3D3D3	-22	22.45	8	5650,0
709	#FFFFFF	#D3D3D3	-21.55	22	8	5650,0
709	#FFFFFF	#D3D3D3	-22	21.55	8	5650,0
709	#FFFFFF	#D3D3D3	-22.45	22	8	5650,0
679	#FFFFFF	#D3D3D3	-21.95	22.5	8	5650,0
679	#FFFFFF	#D3D3D3	-21.5	22.95	8	5650,0
679	#FFFFFF	#D3D3D3	-21.05	22.5	8	5650,0
679	#FFFFFF	#D3D3D3	-21.5	22.05	8	5650,0
679	#FFFFFF	#D3D3D3	-21.95	22.5	8	5650,0
650	#FFFFFF	#D3D3D3	-21.45	23	8	5650,0
650	#FFFFFF	#D3D3D3	-21	23.45	8	5650,0
650	#FFFFFF	#D3D3D3	-20.55	23	8	5650,0
650	#FFFFFF	#D3D3D3	-21	22.55	8	5650,0
650	#FFFFFF	#D3D3D3	-21.45	23	8	5650,0
621	#FFFFFF	#D3D3D3	-20.95	23.5	4	5650,0
621	#FFFFFF	#D3D3D3	-20.5	23.95	4	5650,0
621	#FFFFFF	#D3D3D3	-20.05	23.5	4	5650,0
621	#FFFFFF	#D3D3D3	-20.5	23.05	4	5650,0
621	#FFFFFF	#D3D3D3	-20.95	23.5	4	5650,0
593	#FFFFFF	#D3D3D3	-20.45	24	4	5650,0
593	#FFFFFF	#D3D3D3	-20	24.45	4	5650,0
593	#FFFFFF	#D3D3D3	-19.55	24	4	5650,0
593	#FFFFFF	#D3D3D3	-20	23.55	4	5650,0
593	#FFFFFF	#D3D3D3	-20.45	24	4	5650,0
521	#FFFFFF	#D3D3D3	-19.95	24.5	4	5650,0
521	#FFFFFF	#D3D3D3	-19.5	24.95	4	5650,0
521	#FFFFFF	#D3D3D3	-19.05	24.5	4	5650,0
521	#FFFFFF	#D3D3D3	-19.5	24.05	4	5650,0
521	#FFFFFF	#D3D3D3	-19.95	24.5	4	5650,0
494	#FFFFFF	#D3D3D3	-19.45	25	4	5650,0
494	#FFFFFF	#D3D3D3	-19	25.45	4	5650,0
494	#FFFFFF	#D3D3D3	-18.55	25	4	5650,0
494	#FFFFFF	#D3D3D3	-19	24.55	4	5650,0
494	#FFFFFF	#D3D3D3	-19.45	25	4	5650,0
467	#FFFFFF	#D3D3D3	-18.95	25.5	4	5650,0
467	#FFFFFF	#D3D3D3	-18.5	25.95	4	5650,0
467	#FFFFFF	#D3D3D3	-18.05	25.5	4	5650,0
467	#FFFFFF	#D3D3D3	-18.5	25.05	4	5650,0
467	#FFFFFF	#D3D3D3	-18.95	25.5	4	5650,0
441	#FFFFFF	#D3D3D3	-18.45	26	4	5650,0
441	#FFFFFF	#D3D3D3	-18	26.45	4	5650,0
441	#FFFFFF	#D3D3D3	-17.55	26	4	5650,0
441	#FFFFFF	#D3D3D3	-18	25.55	4	5650,0
441	#FFFFFF	#D3D3D3	-18.45	26	4	5650,0
2200	#FFFFFF	#D3D3D3	-43.45	0	16	5650,0
2200	#FFFFFF	#D3D3D3	-43.45	0	4	5700,0
2200	#FFFFFF	#D3D3D3	-43	0.45	16	5650,0
2200	#FFFFFF	#D3D3D3	-43	0.45	4	5700,0
2200	#FFFFFF	#D3D3D3	-42.55	0	16	5650,0
2200	#FFFFFF	#D3D3D3	-42.55	0	4	5700,0
2200	#FFFFFF	#D3D3D3	-43	-0.45	16	5650,0
2200	#FFFFFF	#D3D3D3	-43	-0.45	4	5700,0
2200	#FFFFFF	#D3D3D3	-43.45	0	16	5650,0
2200	#FFFFFF	#D3D3D3	-43.45	0	4	5700,0
2171	#FFFFFF	#D3D3D3	-42.95	0.5	16	5650,0
2171	#FFFFFF	#D3D3D3	-42.95	0.5	4	5700,0
2171	#FFFFFF	#D3D3D3	-42.5	0.95	16	5650,0
2171	#FFFFFF	#D3D3D3	-42.5	0.95	4	5700,0
2171	#FFFFFF	#D3D3D3	-42.05	0.5	16	5650,0
2171	#FFFFFF	#D3D3D3	-42.05	0.5	4	5700,0
2171	#FFFFFF	#D3D3D3	-42.5	0.05	16	5650,0
2171	#FFFFFF	#D3D3D3	-42.5	0.05	4	5700,0
2171	#FFFFFF	#D3D3D3	-42.95	0.5	16	5650,0
2171	#FFFFFF	#D3D3D3	-42.95	0.5	4	5700,0
2142	#FFFFFF	#D3D3D3	-42.45	1	16	5650,0
2142	#FFFFFF	#D3D3D3	-42	1.45	16	5650,0
2142	#FFFFFF	#D3D3D3	-41.55	1	16	5650,0
2142	#FFFFFF	#D3D3D3	-42	0.55	16	5650,0
2142	#FFFFFF	#D3D3D3	-42.45	1	16	5650,0
2113	#FFFFFF	#D3D3D3	-41.95	1.5	16	5650,0
2113	#FFFFFF	#D3D3D3	-41.5	1.95	16	5650,0
2113	#FFFFFF	#D3D3D3	-41.05	1.5	16	5650,0
2113	#FFFFFF	#D3D3D3	-41.5	1.05	16	5650,0
2113	#FFFFFF	#D3D3D3	-41.95	1.5	16	5650,0
2093	#FFFFFF	#D3D3D3	-41.45	2	16	5650,0
2093	#FFFFFF	#D3D3D3	-41	2.45	16	5650,0
2093	#FFFFFF	#D3D3D3	-40.55	2	16	5650,0
2093	#FFFFFF	#D3D3D3	-41	1.55	16	5650,0
2093	#FFFFFF	#D3D3D3	-41.45	2	16	5650,0
2062	#FFFFFF	#D3D3D3	-40.95	2.5	16	5650,0
2062	#FFFFFF	#D3D3D3	-40.5	2.95	16	5650,0
2062	#FFFFFF	#D3D3D3	-40.05	2.5	16	5650,0
2062	#FFFFFF	#D3D3D3	-40.5	2.05	16	5650,0
2062	#FFFFFF	#D3D3D3	-40.95	2.5	16	5650,0
2038	#FFFFFF	#D3D3D3	-40.45	3	16	5650,0
2038	#FFFFFF	#D3D3D3	-40	3.45	16	5650,0
2038	#FFFFFF	#D3D3D3	-39.55	3	16	5650,0
2038	#FFFFFF	#D3D3D3	-40	2.55	16	5650,0
2038	#FFFFFF	#D3D3D3	-40.45	3	16	5650,0
1967	#FFFFFF	#D3D3D3	-39.95	3.5	16	5650,0
1967	#FFFFFF	#D3D3D3	-39.5	3.95	16	5650,0
1967	#FFFFFF	#D3D3D3	-39.05	3.5	16	5650,0
1967	#FFFFFF	#D3D3D3	-39.5	3.05	16	5650,0
1967	#FFFFFF	#D3D3D3	-39.95	3.5	16	5650,0
1941	#FFFFFF	#D3D3D3	-39.45	4	16	5650,0
1941	#FFFFFF	#D3D3D3	-39	4.45	16	5650,0
1941	#FFFFFF	#D3D3D3	-38.55	4	16	5650,0
1941	#FFFFFF	#D3D3D3	-39	3.55	16	5650,0
1941	#FFFFFF	#D3D3D3	-39.45	4	16	5650,0
1908	#FFFFFF	#D3D3D3	-38.95	4.5	16	5650,0
1908	#FFFFFF	#D3D3D3	-38.5	4.95	16	5650,0
1908	#FFFFFF	#D3D3D3	-38.05	4.5	16	5650,0
1908	#FFFFFF	#D3D3D3	-38.5	4.05	16	5650,0
1908	#FFFFFF	#D3D3D3	-38.95	4.5	16	5650,0
1876	#FFFFFF	#D3D3D3	-38.45	5	16	5650,0
1876	#FFFFFF	#D3D3D3	-38	5.45	16	5650,0
1876	#FFFFFF	#D3D3D3	-37.55	5	16	5650,0
1876	#FFFFFF	#D3D3D3	-38	4.55	16	5650,0
1876	#FFFFFF	#D3D3D3	-38.45	5	16	5650,0
1842	#FFFFFF	#D3D3D3	-37.95	5.5	16	5650,0
1842	#FFFFFF	#D3D3D3	-37.5	5.95	16	5650,0
1842	#FFFFFF	#D3D3D3	-37.05	5.5	16	5650,0
1842	#FFFFFF	#D3D3D3	-37.5	5.05	16	5650,0
1842	#FFFFFF	#D3D3D3	-37.95	5.5	16	5650,0
1809	#FFFFFF	#D3D3D3	-37.45	6	16	5650,0
1809	#FFFFFF	#D3D3D3	-37	6.45	16	5650,0
1809	#FFFFFF	#D3D3D3	-36.55	6	16	5650,0
1809	#FFFFFF	#D3D3D3	-37	5.55	16	5650,0
1809	#FFFFFF	#D3D3D3	-37.45	6	16	5650,0
1774	#FFFFFF	#D3D3D3	-36.95	6.5	16	5650,0
1774	#FFFFFF	#D3D3D3	-36.5	6.95	16	5650,0
1774	#FFFFFF	#D3D3D3	-36.05	6.5	16	5650,0
1774	#FFFFFF	#D3D3D3	-36.5	6.05	16	5650,0
1774	#FFFFFF	#D3D3D3	-36.95	6.5	16	5650,0
1740	#FFFFFF	#D3D3D3	-36.45	7	16	5650,0
1740	#FFFFFF	#D3D3D3	-36	7.45	16	5650,0
1740	#FFFFFF	#D3D3D3	-35.55	7	16	5650,0
1740	#FFFFFF	#D3D3D3	-36	6.55	16	5650,0
1740	#FFFFFF	#D3D3D3	-36.45	7	16	5650,0
1705	#FFFFFF	#D3D3D3	-35.95	7.5	16	5650,0
1705	#FFFFFF	#D3D3D3	-35.5	7.95	16	5650,0
1705	#FFFFFF	#D3D3D3	-35.05	7.5	16	5650,0
1705	#FFFFFF	#D3D3D3	-35.5	7.05	16	5650,0
1705	#FFFFFF	#D3D3D3	-35.95	7.5	16	5650,0
1670	#FFFFFF	#D3D3D3	-35.45	8	16	5650,0
1670	#FFFFFF	#D3D3D3	-35	8.45	16	5650,0
1670	#FFFFFF	#D3D3D3	-34.55	8	16	5650,0
1670	#FFFFFF	#D3D3D3	-35	7.55	16	5650,0
1670	#FFFFFF	#D3D3D3	-35.45	8	16	5650,0
1634	#FFFFFF	#D3D3D3	-34.95	8.5	16	5650,0
1634	#FFFFFF	#D3D3D3	-34.5	8.95	16	5650,0
1634	#FFFFFF	#D3D3D3	-34.05	8.5	16	5650,0
1634	#FFFFFF	#D3D3D3	-34.5	8.05	16	5650,0
1634	#FFFFFF	#D3D3D3	-34.95	8.5	16	5650,0
1598	#FFFFFF	#D3D3D3	-34.45	9	16	5650,0
1598	#FFFFFF	#D3D3D3	-34	9.45	16	5650,0
1598	#FFFFFF	#D3D3D3	-33.55	9	16	5650,0
1598	#FFFFFF	#D3D3D3	-34	8.55	16	5650,0
1598	#FFFFFF	#D3D3D3	-34.45	9	16	5650,0
1560	#FFFFFF	#D3D3D3	-33.95	9.5	16	5650,0
1560	#FFFFFF	#D3D3D3	-33.5	9.95	16	5650,0
1560	#FFFFFF	#D3D3D3	-33.05	9.5	16	5650,0
1560	#FFFFFF	#D3D3D3	-33.5	9.05	16	5650,0
1560	#FFFFFF	#D3D3D3	-33.95	9.5	16	5650,0
1488	#FFFFFF	#D3D3D3	-33.45	10	16	5650,0
1488	#FFFFFF	#D3D3D3	-33	10.45	16	5650,0
1488	#FFFFFF	#D3D3D3	-32.55	10	16	5650,0
1488	#FFFFFF	#D3D3D3	-33	9.55	16	5650,0
1488	#FFFFFF	#D3D3D3	-33.45	10	16	5650,0
1450	#FFFFFF	#D3D3D3	-32.95	10.5	16	5650,0
1450	#FFFFFF	#D3D3D3	-32.5	10.95	16	5650,0
1450	#FFFFFF	#D3D3D3	-32.05	10.5	16	5650,0
1450	#FFFFFF	#D3D3D3	-32.5	10.05	16	5650,0
1450	#FFFFFF	#D3D3D3	-32.95	10.5	16	5650,0
1413	#FFFFFF	#D3D3D3	-32.45	11	16	5650,0
1413	#FFFFFF	#D3D3D3	-32	11.45	16	5650,0
1413	#FFFFFF	#D3D3D3	-31.55	11	16	5650,0
1413	#FFFFFF	#D3D3D3	-32	10.55	16	5650,0
1413	#FFFFFF	#D3D3D3	-32.45	11	16	5650,0
1377	#FFFFFF	#D3D3D3	-31.95	11.5	16	5650,0
1377	#FFFFFF	#D3D3D3	-31.5	11.95	16	5650,0
1377	#FFFFFF	#D3D3D3	-31.05	11.5	16	5650,0
1377	#FFFFFF	#D3D3D3	-31.5	11.05	16	5650,0
1377	#FFFFFF	#D3D3D3	-31.95	11.5	16	5650,0
1342	#FFFFFF	#D3D3D3	-31.45	12	16	5650,0
1342	#FFFFFF	#D3D3D3	-31	12.45	16	5650,0
1342	#FFFFFF	#D3D3D3	-30.55	12	16	5650,0
1342	#FFFFFF	#D3D3D3	-31	11.55	16	5650,0
1342	#FFFFFF	#D3D3D3	-31.45	12	16	5650,0
1307	#FFFFFF	#D3D3D3	-30.95	12.5	16	5650,0
1307	#FFFFFF	#D3D3D3	-30.5	12.95	16	5650,0
1307	#FFFFFF	#D3D3D3	-30.05	12.5	16	5650,0
1307	#FFFFFF	#D3D3D3	-30.5	12.05	16	5650,0
1307	#FFFFFF	#D3D3D3	-30.95	12.5	16	5650,0
1273	#FFFFFF	#D3D3D3	-30.45	13	16	5650,0
1273	#FFFFFF	#D3D3D3	-30	13.45	16	5650,0
1273	#FFFFFF	#D3D3D3	-29.55	13	16	5650,0
1273	#FFFFFF	#D3D3D3	-30	12.55	16	5650,0
1273	#FFFFFF	#D3D3D3	-30.45	13	16	5650,0
1195	#FFFFFF	#D3D3D3	-29.95	13.5	16	5650,0
1195	#FFFFFF	#D3D3D3	-29.5	13.95	16	5650,0
1195	#FFFFFF	#D3D3D3	-29.05	13.5	16	5650,0
1195	#FFFFFF	#D3D3D3	-29.5	13.05	16	5650,0
1195	#FFFFFF	#D3D3D3	-29.95	13.5	16	5650,0
1162	#FFFFFF	#D3D3D3	-29.45	14	16	5650,0
1162	#FFFFFF	#D3D3D3	-29	14.45	16	5650,0
1162	#FFFFFF	#D3D3D3	-28.55	14	16	5650,0
1162	#FFFFFF	#D3D3D3	-29	13.55	16	5650,0
1162	#FFFFFF	#D3D3D3	-29.45	14	16	5650,0
1129	#FFFFFF	#D3D3D3	-28.95	14.5	8	5650,0
1129	#FFFFFF	#D3D3D3	-28.5	14.95	8	5650,0
1129	#FFFFFF	#D3D3D3	-28.05	14.5	8	5650,0
1129	#FFFFFF	#D3D3D3	-28.5	14.05	8	5650,0
1129	#FFFFFF	#D3D3D3	-28.95	14.5	8	5650,0
1096	#FFFFFF	#D3D3D3	-28.45	15	8	5650,0
1096	#FFFFFF	#D3D3D3	-28	15.45	8	5650,0
1096	#FFFFFF	#D3D3D3	-27.55	15	8	5650,0
1096	#FFFFFF	#D3D3D3	-28	14.55	8	5650,0
1096	#FFFFFF	#D3D3D3	-28.45	15	8	5650,0
1063	#FFFFFF	#D3D3D3	-27.95	15.5	8	5650,0
1063	#FFFFFF	#D3D3D3	-27.5	15.95	8	5650,0
1063	#FFFFFF	#D3D3D3	-27.05	15.5	8	5650,0
1063	#FFFFFF	#D3D3D3	-27.5	15.05	8	5650,0
1063	#FFFFFF	#D3D3D3	-27.95	15.5	8	5650,0
1030	#FFFFFF	#D3D3D3	-27.45	16	8	5650,0
1030	#FFFFFF	#D3D3D3	-27	16.45	8	5650,0
1030	#FFFFFF	#D3D3D3	-26.55	16	8	5650,0
1030	#FFFFFF	#D3D3D3	-27	15.55	8	5650,0
1030	#FFFFFF	#D3D3D3	-27.45	16	8	5650,0
997	#FFFFFF	#D3D3D3	-26.95	16.5	8	5650,0
997	#FFFFFF	#D3D3D3	-26.5	16.95	8	5650,0
997	#FFFFFF	#D3D3D3	-26.05	16.5	8	5650,0
997	#FFFFFF	#D3D3D3	-26.5	16.05	8	5650,0
997	#FFFFFF	#D3D3D3	-26.95	16.5	8	5650,0
963	#FFFFFF	#D3D3D3	-26.45	17	8	5650,0
963	#FFFFFF	#D3D3D3	-26	17.45	8	5650,0
963	#FFFFFF	#D3D3D3	-25.55	17	8	5650,0
963	#FFFFFF	#D3D3D3	-26	16.55	8	5650,0
963	#FFFFFF	#D3D3D3	-26.45	17	8	5650,0
929	#FFFFFF	#D3D3D3	-25.95	17.5	8	5650,0
929	#FFFFFF	#D3D3D3	-25.5	17.95	8	5650,0
929	#FFFFFF	#D3D3D3	-25.05	17.5	8	5650,0
929	#FFFFFF	#D3D3D3	-25.5	17.05	8	5650,0
929	#FFFFFF	#D3D3D3	-25.95	17.5	8	5650,0
896	#FFFFFF	#D3D3D3	-25.45	18	8	5650,0
896	#FFFFFF	#D3D3D3	-25	18.45	8	5650,0
896	#FFFFFF	#D3D3D3	-24.55	18	8	5650,0
896	#FFFFFF	#D3D3D3	-25	17.55	8	5650,0
896	#FFFFFF	#D3D3D3	-25.45	18	8	5650,0
863	#FFFFFF	#D3D3D3	-24.95	18.5	8	5650,0
863	#FFFFFF	#D3D3D3	-24.5	18.95	8	5650,0
863	#FFFFFF	#D3D3D3	-24.05	18.5	8	5650,0
863	#FFFFFF	#D3D3D3	-24.5	18.05	8	5650,0
863	#FFFFFF	#D3D3D3	-24.95	18.5	8	5650,0
831	#FFFFFF	#D3D3D3	-24.45	19	8	5650,0
831	#FFFFFF	#D3D3D3	-24	19.45	8	5650,0
831	#FFFFFF	#D3D3D3	-23.55	19	8	5650,0
831	#FFFFFF	#D3D3D3	-24	18.55	8	5650,0
831	#FFFFFF	#D3D3D3	-24.45	19	8	5650,0
799	#FFFFFF	#D3D3D3	-23.95	19.5	8	5650,0
799	#FFFFFF	#D3D3D3	-23.5	19.95	8	5650,0
799	#FFFFFF	#D3D3D3	-23.05	19.5	8	5650,0
799	#FFFFFF	#D3D3D3	-23.5	19.05	8	5650,0
799	#FFFFFF	#D3D3D3	-23.95	19.5	8	5650,0
769	#FFFFFF	#D3D3D3	-23.45	20	8	5650,0
769	#FFFFFF	#D3D3D3	-23	20.45	8	5650,0
769	#FFFFFF	#D3D3D3	-22.55	20	8	5650,0
769	#FFFFFF	#D3D3D3	-23	19.55	8	5650,0
769	#FFFFFF	#D3D3D3	-23.45	20	8	5650,0
738	#FFFFFF	#D3D3D3	-22.95	20.5	8	5650,0
738	#FFFFFF	#D3D3D3	-22.5	20.95	8	5650,0
738	#FFFFFF	#D3D3D3	-22.05	20.5	8	5650,0
738	#FFFFFF	#D3D3D3	-22.5	20.05	8	5650,0
738	#FFFFFF	#D3D3D3	-22.95	20.5	8	5650,0
708	#FFFFFF	#D3D3D3	-22.45	21	8	5650,0
708	#FFFFFF	#D3D3D3	-22	21.45	8	5650,0
708	#FFFFFF	#D3D3D3	-21.55	21	8	5650,0
708	#FFFFFF	#D3D3D3	-22	20.55	8	5650,0
708	#FFFFFF	#D3D3D3	-22.45	21	8	5650,0
678	#FFFFFF	#D3D3D3	-21.95	21.5	8	5650,0
678	#FFFFFF	#D3D3D3	-21.5	21.95	8	5650,0
678	#FFFFFF	#D3D3D3	-21.05	21.5	8	5650,0
678	#FFFFFF	#D3D3D3	-21.5	21.05	8	5650,0
678	#FFFFFF	#D3D3D3	-21.95	21.5	8	5650,0
649	#FFFFFF	#D3D3D3	-21.45	22	8	5650,0
649	#FFFFFF	#D3D3D3	-21	22.45	8	5650,0
649	#FFFFFF	#D3D3D3	-20.55	22	8	5650,0
649	#FFFFFF	#D3D3D3	-21	21.55	8	5650,0
649	#FFFFFF	#D3D3D3	-21.45	22	8	5650,0
620	#FFFFFF	#D3D3D3	-20.95	22.5	8	5650,0
620	#FFFFFF	#D3D3D3	-20.5	22.95	8	5650,0
620	#FFFFFF	#D3D3D3	-20.05	22.5	8	5650,0
620	#FFFFFF	#D3D3D3	-20.5	22.05	8	5650,0
620	#FFFFFF	#D3D3D3	-20.95	22.5	8	5650,0
592	#FFFFFF	#D3D3D3	-20.45	23	4	5650,0
592	#FFFFFF	#D3D3D3	-20	23.45	4	5650,0
592	#FFFFFF	#D3D3D3	-19.55	23	4	5650,0
592	#FFFFFF	#D3D3D3	-20	22.55	4	5650,0
592	#FFFFFF	#D3D3D3	-20.45	23	4	5650,0
520	#FFFFFF	#D3D3D3	-19.95	23.5	4	5650,0
520	#FFFFFF	#D3D3D3	-19.5	23.95	4	5650,0
520	#FFFFFF	#D3D3D3	-19.05	23.5	4	5650,0
520	#FFFFFF	#D3D3D3	-19.5	23.05	4	5650,0
520	#FFFFFF	#D3D3D3	-19.95	23.5	4	5650,0
493	#FFFFFF	#D3D3D3	-19.45	24	4	5650,0
493	#FFFFFF	#D3D3D3	-19	24.45	4	5650,0
493	#FFFFFF	#D3D3D3	-18.55	24	4	5650,0
493	#FFFFFF	#D3D3D3	-19	23.55	4	5650,0
493	#FFFFFF	#D3D3D3	-19.45	24	4	5650,0
466	#FFFFFF	#D3D3D3	-18.95	24.5	4	5650,0
466	#FFFFFF	#D3D3D3	-18.5	24.95	4	5650,0
466	#FFFFFF	#D3D3D3	-18.05	24.5	4	5650,0
466	#FFFFFF	#D3D3D3	-18.5	24.05	4	5650,0
466	#FFFFFF	#D3D3D3	-18.95	24.5	4	5650,0
440	#FFFFFF	#D3D3D3	-18.45	25	4	5650,0
440	#FFFFFF	#D3D3D3	-18	25.45	4	5650,0
440	#FFFFFF	#D3D3D3	-17.55	25	4	5650,0
440	#FFFFFF	#D3D3D3	-18	24.55	4	5650,0
440	#FFFFFF	#D3D3D3	-18.45	25	4	5650,0
414	#FFFFFF	#D3D3D3	-17.95	25.5	4	5650,0
414	#FFFFFF	#D3D3D3	-17.5	25.95	4	5650,0
414	#FFFFFF	#D3D3D3	-17.05	25.5	4	5650,0
414	#FFFFFF	#D3D3D3	-17.5	25.05	4	5650,0
414	#FFFFFF	#D3D3D3	-17.95	25.5	4	5650,0
2141	#FFFFFF	#D3D3D3	-42.45	0	16	5650,0
2141	#FFFFFF	#D3D3D3	-42.45	0	4	5700,0
2141	#FFFFFF	#D3D3D3	-42	0.45	16	5650,0
2141	#FFFFFF	#D3D3D3	-42	0.45	4	5700,0
2141	#FFFFFF	#D3D3D3	-41.55	0	16	5650,0
2141	#FFFFFF	#D3D3D3	-41.55	0	4	5700,0
2141	#FFFFFF	#D3D3D3	-42	-0.45	16	5650,0
2141	#FFFFFF	#D3D3D3	-42	-0.45	4	5700,0
2141	#FFFFFF	#D3D3D3	-42.45	0	16	5650,0
2141	#FFFFFF	#D3D3D3	-42.45	0	4	5700,0
2112	#FFFFFF	#D3D3D3	-41.95	0.5	16	5650,0
2112	#FFFFFF	#D3D3D3	-41.5	0.95	16	5650,0
2112	#FFFFFF	#D3D3D3	-41.05	0.5	16	5650,0
2112	#FFFFFF	#D3D3D3	-41.5	0.05	16	5650,0
2112	#FFFFFF	#D3D3D3	-41.95	0.5	16	5650,0
2082	#FFFFFF	#D3D3D3	-41.45	1	16	5650,0
2082	#FFFFFF	#D3D3D3	-41	1.45	16	5650,0
2082	#FFFFFF	#D3D3D3	-40.55	1	16	5650,0
2082	#FFFFFF	#D3D3D3	-41	0.55	16	5650,0
2082	#FFFFFF	#D3D3D3	-41.45	1	16	5650,0
2051	#FFFFFF	#D3D3D3	-40.95	1.5	16	5650,0
2051	#FFFFFF	#D3D3D3	-40.5	1.95	16	5650,0
2051	#FFFFFF	#D3D3D3	-40.05	1.5	16	5650,0
2051	#FFFFFF	#D3D3D3	-40.5	1.05	16	5650,0
2051	#FFFFFF	#D3D3D3	-40.95	1.5	16	5650,0
2031	#FFFFFF	#D3D3D3	-40.45	2	16	5650,0
2031	#FFFFFF	#D3D3D3	-40	2.45	16	5650,0
2031	#FFFFFF	#D3D3D3	-39.55	2	16	5650,0
2031	#FFFFFF	#D3D3D3	-40	1.55	16	5650,0
2031	#FFFFFF	#D3D3D3	-40.45	2	16	5650,0
1959	#FFFFFF	#D3D3D3	-39.95	2.5	16	5650,0
1959	#FFFFFF	#D3D3D3	-39.5	2.95	16	5650,0
1959	#FFFFFF	#D3D3D3	-39.05	2.5	16	5650,0
1959	#FFFFFF	#D3D3D3	-39.5	2.05	16	5650,0
1959	#FFFFFF	#D3D3D3	-39.95	2.5	16	5650,0
1934	#FFFFFF	#D3D3D3	-39.45	3	16	5650,0
1934	#FFFFFF	#D3D3D3	-39	3.45	16	5650,0
1934	#FFFFFF	#D3D3D3	-38.55	3	16	5650,0
1934	#FFFFFF	#D3D3D3	-39	2.55	16	5650,0
1934	#FFFFFF	#D3D3D3	-39.45	3	16	5650,0
1901	#FFFFFF	#D3D3D3	-38.95	3.5	16	5650,0
1901	#FFFFFF	#D3D3D3	-38.5	3.95	16	5650,0
1901	#FFFFFF	#D3D3D3	-38.05	3.5	16	5650,0
1901	#FFFFFF	#D3D3D3	-38.5	3.05	16	5650,0
1901	#FFFFFF	#D3D3D3	-38.95	3.5	16	5650,0
1875	#FFFFFF	#D3D3D3	-38.45	4	16	5650,0
1875	#FFFFFF	#D3D3D3	-38	4.45	16	5650,0
1875	#FFFFFF	#D3D3D3	-37.55	4	16	5650,0
1875	#FFFFFF	#D3D3D3	-38	3.55	16	5650,0
1875	#FFFFFF	#D3D3D3	-38.45	4	16	5650,0
1841	#FFFFFF	#D3D3D3	-37.95	4.5	16	5650,0
1841	#FFFFFF	#D3D3D3	-37.5	4.95	16	5650,0
1841	#FFFFFF	#D3D3D3	-37.05	4.5	16	5650,0
1841	#FFFFFF	#D3D3D3	-37.5	4.05	16	5650,0
1841	#FFFFFF	#D3D3D3	-37.95	4.5	16	5650,0
1808	#FFFFFF	#D3D3D3	-37.45	5	16	5650,0
1808	#FFFFFF	#D3D3D3	-37	5.45	16	5650,0
1808	#FFFFFF	#D3D3D3	-36.55	5	16	5650,0
1808	#FFFFFF	#D3D3D3	-37	4.55	16	5650,0
1808	#FFFFFF	#D3D3D3	-37.45	5	16	5650,0
1773	#FFFFFF	#D3D3D3	-36.95	5.5	16	5650,0
1773	#FFFFFF	#D3D3D3	-36.5	5.95	16	5650,0
1773	#FFFFFF	#D3D3D3	-36.05	5.5	16	5650,0
1773	#FFFFFF	#D3D3D3	-36.5	5.05	16	5650,0
1773	#FFFFFF	#D3D3D3	-36.95	5.5	16	5650,0
1739	#FFFFFF	#D3D3D3	-36.45	6	16	5650,0
1739	#FFFFFF	#D3D3D3	-36	6.45	16	5650,0
1739	#FFFFFF	#D3D3D3	-35.55	6	16	5650,0
1739	#FFFFFF	#D3D3D3	-36	5.55	16	5650,0
1739	#FFFFFF	#D3D3D3	-36.45	6	16	5650,0
1704	#FFFFFF	#D3D3D3	-35.95	6.5	16	5650,0
1704	#FFFFFF	#D3D3D3	-35.5	6.95	16	5650,0
1704	#FFFFFF	#D3D3D3	-35.05	6.5	16	5650,0
1704	#FFFFFF	#D3D3D3	-35.5	6.05	16	5650,0
1704	#FFFFFF	#D3D3D3	-35.95	6.5	16	5650,0
1669	#FFFFFF	#D3D3D3	-35.45	7	16	5650,0
1669	#FFFFFF	#D3D3D3	-35	7.45	16	5650,0
1669	#FFFFFF	#D3D3D3	-34.55	7	16	5650,0
1669	#FFFFFF	#D3D3D3	-35	6.55	16	5650,0
1669	#FFFFFF	#D3D3D3	-35.45	7	16	5650,0
1633	#FFFFFF	#D3D3D3	-34.95	7.5	16	5650,0
1633	#FFFFFF	#D3D3D3	-34.5	7.95	16	5650,0
1633	#FFFFFF	#D3D3D3	-34.05	7.5	16	5650,0
1633	#FFFFFF	#D3D3D3	-34.5	7.05	16	5650,0
1633	#FFFFFF	#D3D3D3	-34.95	7.5	16	5650,0
1597	#FFFFFF	#D3D3D3	-34.45	8	16	5650,0
1597	#FFFFFF	#D3D3D3	-34	8.45	16	5650,0
1597	#FFFFFF	#D3D3D3	-33.55	8	16	5650,0
1597	#FFFFFF	#D3D3D3	-34	7.55	16	5650,0
1597	#FFFFFF	#D3D3D3	-34.45	8	16	5650,0
1559	#FFFFFF	#D3D3D3	-33.95	8.5	16	5650,0
1559	#FFFFFF	#D3D3D3	-33.5	8.95	16	5650,0
1559	#FFFFFF	#D3D3D3	-33.05	8.5	16	5650,0
1559	#FFFFFF	#D3D3D3	-33.5	8.05	16	5650,0
1559	#FFFFFF	#D3D3D3	-33.95	8.5	16	5650,0
1523	#FFFFFF	#D3D3D3	-33.45	9	16	5650,0
1523	#FFFFFF	#D3D3D3	-33	9.45	16	5650,0
1523	#FFFFFF	#D3D3D3	-32.55	9	16	5650,0
1523	#FFFFFF	#D3D3D3	-33	8.55	16	5650,0
1523	#FFFFFF	#D3D3D3	-33.45	9	16	5650,0
1485	#FFFFFF	#D3D3D3	-32.95	9.5	16	5650,0
1485	#FFFFFF	#D3D3D3	-32.5	9.95	16	5650,0
1485	#FFFFFF	#D3D3D3	-32.05	9.5	16	5650,0
1485	#FFFFFF	#D3D3D3	-32.5	9.05	16	5650,0
1485	#FFFFFF	#D3D3D3	-32.95	9.5	16	5650,0
1412	#FFFFFF	#D3D3D3	-32.45	10	16	5650,0
1412	#FFFFFF	#D3D3D3	-32	10.45	16	5650,0
1412	#FFFFFF	#D3D3D3	-31.55	10	16	5650,0
1412	#FFFFFF	#D3D3D3	-32	9.55	16	5650,0
1412	#FFFFFF	#D3D3D3	-32.45	10	16	5650,0
1376	#FFFFFF	#D3D3D3	-31.95	10.5	16	5650,0
1376	#FFFFFF	#D3D3D3	-31.5	10.95	16	5650,0
1376	#FFFFFF	#D3D3D3	-31.05	10.5	16	5650,0
1376	#FFFFFF	#D3D3D3	-31.5	10.05	16	5650,0
1376	#FFFFFF	#D3D3D3	-31.95	10.5	16	5650,0
1341	#FFFFFF	#D3D3D3	-31.45	11	16	5650,0
1341	#FFFFFF	#D3D3D3	-31	11.45	16	5650,0
1341	#FFFFFF	#D3D3D3	-30.55	11	16	5650,0
1341	#FFFFFF	#D3D3D3	-31	10.55	16	5650,0
1341	#FFFFFF	#D3D3D3	-31.45	11	16	5650,0
1306	#FFFFFF	#D3D3D3	-30.95	11.5	16	5650,0
1306	#FFFFFF	#D3D3D3	-30.5	11.95	16	5650,0
1306	#FFFFFF	#D3D3D3	-30.05	11.5	16	5650,0
1306	#FFFFFF	#D3D3D3	-30.5	11.05	16	5650,0
1306	#FFFFFF	#D3D3D3	-30.95	11.5	16	5650,0
1272	#FFFFFF	#D3D3D3	-30.45	12	16	5650,0
1272	#FFFFFF	#D3D3D3	-30	12.45	16	5650,0
1272	#FFFFFF	#D3D3D3	-29.55	12	16	5650,0
1272	#FFFFFF	#D3D3D3	-30	11.55	16	5650,0
1272	#FFFFFF	#D3D3D3	-30.45	12	16	5650,0
1194	#FFFFFF	#D3D3D3	-29.95	12.5	16	5650,0
1194	#FFFFFF	#D3D3D3	-29.5	12.95	16	5650,0
1194	#FFFFFF	#D3D3D3	-29.05	12.5	16	5650,0
1194	#FFFFFF	#D3D3D3	-29.5	12.05	16	5650,0
1194	#FFFFFF	#D3D3D3	-29.95	12.5	16	5650,0
1161	#FFFFFF	#D3D3D3	-29.45	13	16	5650,0
1161	#FFFFFF	#D3D3D3	-29	13.45	16	5650,0
1161	#FFFFFF	#D3D3D3	-28.55	13	16	5650,0
1161	#FFFFFF	#D3D3D3	-29	12.55	16	5650,0
1161	#FFFFFF	#D3D3D3	-29.45	13	16	5650,0
1128	#FFFFFF	#D3D3D3	-28.95	13.5	8	5650,0
1128	#FFFFFF	#D3D3D3	-28.5	13.95	8	5650,0
1128	#FFFFFF	#D3D3D3	-28.05	13.5	8	5650,0
1128	#FFFFFF	#D3D3D3	-28.5	13.05	8	5650,0
1128	#FFFFFF	#D3D3D3	-28.95	13.5	8	5650,0
1095	#FFFFFF	#D3D3D3	-28.45	14	8	5650,0
1095	#FFFFFF	#D3D3D3	-28	14.45	8	5650,0
1095	#FFFFFF	#D3D3D3	-27.55	14	8	5650,0
1095	#FFFFFF	#D3D3D3	-28	13.55	8	5650,0
1095	#FFFFFF	#D3D3D3	-28.45	14	8	5650,0
1062	#FFFFFF	#D3D3D3	-27.95	14.5	8	5650,0
1062	#FFFFFF	#D3D3D3	-27.5	14.95	8	5650,0
1062	#FFFFFF	#D3D3D3	-27.05	14.5	8	5650,0
1062	#FFFFFF	#D3D3D3	-27.5	14.05	8	5650,0
1062	#FFFFFF	#D3D3D3	-27.95	14.5	8	5650,0
1029	#FFFFFF	#D3D3D3	-27.45	15	8	5650,0
1029	#FFFFFF	#D3D3D3	-27	15.45	8	5650,0
1029	#FFFFFF	#D3D3D3	-26.55	15	8	5650,0
1029	#FFFFFF	#D3D3D3	-27	14.55	8	5650,0
1029	#FFFFFF	#D3D3D3	-27.45	15	8	5650,0
996	#FFFFFF	#D3D3D3	-26.95	15.5	8	5650,0
996	#FFFFFF	#D3D3D3	-26.5	15.95	8	5650,0
996	#FFFFFF	#D3D3D3	-26.05	15.5	8	5650,0
996	#FFFFFF	#D3D3D3	-26.5	15.05	8	5650,0
996	#FFFFFF	#D3D3D3	-26.95	15.5	8	5650,0
962	#FFFFFF	#D3D3D3	-26.45	16	8	5650,0
962	#FFFFFF	#D3D3D3	-26	16.45	8	5650,0
962	#FFFFFF	#D3D3D3	-25.55	16	8	5650,0
962	#FFFFFF	#D3D3D3	-26	15.55	8	5650,0
962	#FFFFFF	#D3D3D3	-26.45	16	8	5650,0
928	#FFFFFF	#D3D3D3	-25.95	16.5	8	5650,0
928	#FFFFFF	#D3D3D3	-25.5	16.95	8	5650,0
928	#FFFFFF	#D3D3D3	-25.05	16.5	8	5650,0
928	#FFFFFF	#D3D3D3	-25.5	16.05	8	5650,0
928	#FFFFFF	#D3D3D3	-25.95	16.5	8	5650,0
895	#FFFFFF	#D3D3D3	-25.45	17	8	5650,0
895	#FFFFFF	#D3D3D3	-25	17.45	8	5650,0
895	#FFFFFF	#D3D3D3	-24.55	17	8	5650,0
895	#FFFFFF	#D3D3D3	-25	16.55	8	5650,0
895	#FFFFFF	#D3D3D3	-25.45	17	8	5650,0
862	#FFFFFF	#D3D3D3	-24.95	17.5	8	5650,0
862	#FFFFFF	#D3D3D3	-24.5	17.95	8	5650,0
862	#FFFFFF	#D3D3D3	-24.05	17.5	8	5650,0
862	#FFFFFF	#D3D3D3	-24.5	17.05	8	5650,0
862	#FFFFFF	#D3D3D3	-24.95	17.5	8	5650,0
830	#FFFFFF	#D3D3D3	-24.45	18	8	5650,0
830	#FFFFFF	#D3D3D3	-24	18.45	8	5650,0
830	#FFFFFF	#D3D3D3	-23.55	18	8	5650,0
830	#FFFFFF	#D3D3D3	-24	17.55	8	5650,0
830	#FFFFFF	#D3D3D3	-24.45	18	8	5650,0
798	#FFFFFF	#D3D3D3	-23.95	18.5	8	5650,0
798	#FFFFFF	#D3D3D3	-23.5	18.95	8	5650,0
798	#FFFFFF	#D3D3D3	-23.05	18.5	8	5650,0
798	#FFFFFF	#D3D3D3	-23.5	18.05	8	5650,0
798	#FFFFFF	#D3D3D3	-23.95	18.5	8	5650,0
767	#FFFFFF	#D3D3D3	-23.45	19	8	5650,0
767	#FFFFFF	#D3D3D3	-23	19.45	8	5650,0
767	#FFFFFF	#D3D3D3	-22.55	19	8	5650,0
767	#FFFFFF	#D3D3D3	-23	18.55	8	5650,0
767	#FFFFFF	#D3D3D3	-23.45	19	8	5650,0
736	#FFFFFF	#D3D3D3	-22.95	19.5	8	5650,0
736	#FFFFFF	#D3D3D3	-22.5	19.95	8	5650,0
736	#FFFFFF	#D3D3D3	-22.05	19.5	8	5650,0
736	#FFFFFF	#D3D3D3	-22.5	19.05	8	5650,0
736	#FFFFFF	#D3D3D3	-22.95	19.5	8	5650,0
707	#FFFFFF	#D3D3D3	-22.45	20	8	5650,0
707	#FFFFFF	#D3D3D3	-22	20.45	8	5650,0
707	#FFFFFF	#D3D3D3	-21.55	20	8	5650,0
707	#FFFFFF	#D3D3D3	-22	19.55	8	5650,0
707	#FFFFFF	#D3D3D3	-22.45	20	8	5650,0
677	#FFFFFF	#D3D3D3	-21.95	20.5	8	5650,0
677	#FFFFFF	#D3D3D3	-21.5	20.95	8	5650,0
677	#FFFFFF	#D3D3D3	-21.05	20.5	8	5650,0
677	#FFFFFF	#D3D3D3	-21.5	20.05	8	5650,0
677	#FFFFFF	#D3D3D3	-21.95	20.5	8	5650,0
648	#FFFFFF	#D3D3D3	-21.45	21	8	5650,0
648	#FFFFFF	#D3D3D3	-21	21.45	8	5650,0
648	#FFFFFF	#D3D3D3	-20.55	21	8	5650,0
648	#FFFFFF	#D3D3D3	-21	20.55	8	5650,0
648	#FFFFFF	#D3D3D3	-21.45	21	8	5650,0
619	#FFFFFF	#D3D3D3	-20.95	21.5	8	5650,0
619	#FFFFFF	#D3D3D3	-20.5	21.95	8	5650,0
619	#FFFFFF	#D3D3D3	-20.05	21.5	8	5650,0
619	#FFFFFF	#D3D3D3	-20.5	21.05	8	5650,0
619	#FFFFFF	#D3D3D3	-20.95	21.5	8	5650,0
591	#FFFFFF	#D3D3D3	-20.45	22	8	5650,0
591	#FFFFFF	#D3D3D3	-20	22.45	8	5650,0
591	#FFFFFF	#D3D3D3	-19.55	22	8	5650,0
591	#FFFFFF	#D3D3D3	-20	21.55	8	5650,0
591	#FFFFFF	#D3D3D3	-20.45	22	8	5650,0
519	#FFFFFF	#D3D3D3	-19.95	22.5	8	5650,0
519	#FFFFFF	#D3D3D3	-19.5	22.95	8	5650,0
519	#FFFFFF	#D3D3D3	-19.05	22.5	8	5650,0
519	#FFFFFF	#D3D3D3	-19.5	22.05	8	5650,0
519	#FFFFFF	#D3D3D3	-19.95	22.5	8	5650,0
492	#FFFFFF	#D3D3D3	-19.45	23	4	5650,0
492	#FFFFFF	#D3D3D3	-19	23.45	4	5650,0
492	#FFFFFF	#D3D3D3	-18.55	23	4	5650,0
492	#FFFFFF	#D3D3D3	-19	22.55	4	5650,0
492	#FFFFFF	#D3D3D3	-19.45	23	4	5650,0
465	#FFFFFF	#D3D3D3	-18.95	23.5	4	5650,0
465	#FFFFFF	#D3D3D3	-18.5	23.95	4	5650,0
465	#FFFFFF	#D3D3D3	-18.05	23.5	4	5650,0
465	#FFFFFF	#D3D3D3	-18.5	23.05	4	5650,0
465	#FFFFFF	#D3D3D3	-18.95	23.5	4	5650,0
439	#FFFFFF	#D3D3D3	-18.45	24	4	5650,0
439	#FFFFFF	#D3D3D3	-18	24.45	4	5650,0
439	#FFFFFF	#D3D3D3	-17.55	24	4	5650,0
439	#FFFFFF	#D3D3D3	-18	23.55	4	5650,0
439	#FFFFFF	#D3D3D3	-18.45	24	4	5650,0
413	#FFFFFF	#D3D3D3	-17.95	24.5	4	5650,0
413	#FFFFFF	#D3D3D3	-17.5	24.95	4	5650,0
413	#FFFFFF	#D3D3D3	-17.05	24.5	4	5650,0
413	#FFFFFF	#D3D3D3	-17.5	24.05	4	5650,0
413	#FFFFFF	#D3D3D3	-17.95	24.5	4	5650,0
388	#FFFFFF	#D3D3D3	-17.45	25	4	5650,0
388	#FFFFFF	#D3D3D3	-17	25.45	4	5650,0
388	#FFFFFF	#D3D3D3	-16.55	25	4	5650,0
388	#FFFFFF	#D3D3D3	-17	24.55	4	5650,0
388	#FFFFFF	#D3D3D3	-17.45	25	4	5650,0
2081	#FFFFFF	#D3D3D3	-41.45	0	16	5650,0
2081	#FFFFFF	#D3D3D3	-41	0.45	16	5650,0
2081	#FFFFFF	#D3D3D3	-40.55	0	16	5650,0
2081	#FFFFFF	#D3D3D3	-41	-0.45	16	5650,0
2081	#FFFFFF	#D3D3D3	-41.45	0	16	5650,0
2050	#FFFFFF	#D3D3D3	-40.95	0.5	16	5650,0
2050	#FFFFFF	#D3D3D3	-40.5	0.95	16	5650,0
2050	#FFFFFF	#D3D3D3	-40.05	0.5	16	5650,0
2050	#FFFFFF	#D3D3D3	-40.5	0.05	16	5650,0
2050	#FFFFFF	#D3D3D3	-40.95	0.5	16	5650,0
2020	#FFFFFF	#D3D3D3	-40.45	1	16	5650,0
2020	#FFFFFF	#D3D3D3	-40	1.45	16	5650,0
2020	#FFFFFF	#D3D3D3	-39.55	1	16	5650,0
2020	#FFFFFF	#D3D3D3	-40	0.55	16	5650,0
2020	#FFFFFF	#D3D3D3	-40.45	1	16	5650,0
1948	#FFFFFF	#D3D3D3	-39.95	1.5	16	5650,0
1948	#FFFFFF	#D3D3D3	-39.5	1.95	16	5650,0
1948	#FFFFFF	#D3D3D3	-39.05	1.5	16	5650,0
1948	#FFFFFF	#D3D3D3	-39.5	1.05	16	5650,0
1948	#FFFFFF	#D3D3D3	-39.95	1.5	16	5650,0
1926	#FFFFFF	#D3D3D3	-39.45	2	16	5650,0
1926	#FFFFFF	#D3D3D3	-39	2.45	16	5650,0
1926	#FFFFFF	#D3D3D3	-38.55	2	16	5650,0
1926	#FFFFFF	#D3D3D3	-39	1.55	16	5650,0
1926	#FFFFFF	#D3D3D3	-39.45	2	16	5650,0
1893	#FFFFFF	#D3D3D3	-38.95	2.5	16	5650,0
1893	#FFFFFF	#D3D3D3	-38.5	2.95	16	5650,0
1893	#FFFFFF	#D3D3D3	-38.05	2.5	16	5650,0
1893	#FFFFFF	#D3D3D3	-38.5	2.05	16	5650,0
1893	#FFFFFF	#D3D3D3	-38.95	2.5	16	5650,0
1867	#FFFFFF	#D3D3D3	-38.45	3	16	5650,0
1867	#FFFFFF	#D3D3D3	-38	3.45	16	5650,0
1867	#FFFFFF	#D3D3D3	-37.55	3	16	5650,0
1867	#FFFFFF	#D3D3D3	-38	2.55	16	5650,0
1867	#FFFFFF	#D3D3D3	-38.45	3	16	5650,0
1833	#FFFFFF	#D3D3D3	-37.95	3.5	16	5650,0
1833	#FFFFFF	#D3D3D3	-37.5	3.95	16	5650,0
1833	#FFFFFF	#D3D3D3	-37.05	3.5	16	5650,0
1833	#FFFFFF	#D3D3D3	-37.5	3.05	16	5650,0
1833	#FFFFFF	#D3D3D3	-37.95	3.5	16	5650,0
1807	#FFFFFF	#D3D3D3	-37.45	4	16	5650,0
1807	#FFFFFF	#D3D3D3	-37	4.45	16	5650,0
1807	#FFFFFF	#D3D3D3	-36.55	4	16	5650,0
1807	#FFFFFF	#D3D3D3	-37	3.55	16	5650,0
1807	#FFFFFF	#D3D3D3	-37.45	4	16	5650,0
1772	#FFFFFF	#D3D3D3	-36.95	4.5	16	5650,0
1772	#FFFFFF	#D3D3D3	-36.5	4.95	16	5650,0
1772	#FFFFFF	#D3D3D3	-36.05	4.5	16	5650,0
1772	#FFFFFF	#D3D3D3	-36.5	4.05	16	5650,0
1772	#FFFFFF	#D3D3D3	-36.95	4.5	16	5650,0
1738	#FFFFFF	#D3D3D3	-36.45	5	16	5650,0
1738	#FFFFFF	#D3D3D3	-36	5.45	16	5650,0
1738	#FFFFFF	#D3D3D3	-35.55	5	16	5650,0
1738	#FFFFFF	#D3D3D3	-36	4.55	16	5650,0
1738	#FFFFFF	#D3D3D3	-36.45	5	16	5650,0
1703	#FFFFFF	#D3D3D3	-35.95	5.5	16	5650,0
1703	#FFFFFF	#D3D3D3	-35.5	5.95	16	5650,0
1703	#FFFFFF	#D3D3D3	-35.05	5.5	16	5650,0
1703	#FFFFFF	#D3D3D3	-35.5	5.05	16	5650,0
1703	#FFFFFF	#D3D3D3	-35.95	5.5	16	5650,0
1668	#FFFFFF	#D3D3D3	-35.45	6	16	5650,0
1668	#FFFFFF	#D3D3D3	-35	6.45	16	5650,0
1668	#FFFFFF	#D3D3D3	-34.55	6	16	5650,0
1668	#FFFFFF	#D3D3D3	-35	5.55	16	5650,0
1668	#FFFFFF	#D3D3D3	-35.45	6	16	5650,0
1632	#FFFFFF	#D3D3D3	-34.95	6.5	16	5650,0
1632	#FFFFFF	#D3D3D3	-34.5	6.95	16	5650,0
1632	#FFFFFF	#D3D3D3	-34.05	6.5	16	5650,0
1632	#FFFFFF	#D3D3D3	-34.5	6.05	16	5650,0
1632	#FFFFFF	#D3D3D3	-34.95	6.5	16	5650,0
1596	#FFFFFF	#D3D3D3	-34.45	7	16	5650,0
1596	#FFFFFF	#D3D3D3	-34	7.45	16	5650,0
1596	#FFFFFF	#D3D3D3	-33.55	7	16	5650,0
1596	#FFFFFF	#D3D3D3	-34	6.55	16	5650,0
1596	#FFFFFF	#D3D3D3	-34.45	7	16	5650,0
1558	#FFFFFF	#D3D3D3	-33.95	7.5	16	5650,0
1558	#FFFFFF	#D3D3D3	-33.5	7.95	16	5650,0
1558	#FFFFFF	#D3D3D3	-33.05	7.5	16	5650,0
1558	#FFFFFF	#D3D3D3	-33.5	7.05	16	5650,0
1558	#FFFFFF	#D3D3D3	-33.95	7.5	16	5650,0
1522	#FFFFFF	#D3D3D3	-33.45	8	16	5650,0
1522	#FFFFFF	#D3D3D3	-33	8.45	16	5650,0
1522	#FFFFFF	#D3D3D3	-32.55	8	16	5650,0
1522	#FFFFFF	#D3D3D3	-33	7.55	16	5650,0
1522	#FFFFFF	#D3D3D3	-33.45	8	16	5650,0
1484	#FFFFFF	#D3D3D3	-32.95	8.5	16	5650,0
1484	#FFFFFF	#D3D3D3	-32.5	8.95	16	5650,0
1484	#FFFFFF	#D3D3D3	-32.05	8.5	16	5650,0
1484	#FFFFFF	#D3D3D3	-32.5	8.05	16	5650,0
1484	#FFFFFF	#D3D3D3	-32.95	8.5	16	5650,0
1447	#FFFFFF	#D3D3D3	-32.45	9	16	5650,0
1447	#FFFFFF	#D3D3D3	-32	9.45	16	5650,0
1447	#FFFFFF	#D3D3D3	-31.55	9	16	5650,0
1447	#FFFFFF	#D3D3D3	-32	8.55	16	5650,0
1447	#FFFFFF	#D3D3D3	-32.45	9	16	5650,0
1409	#FFFFFF	#D3D3D3	-31.95	9.5	16	5650,0
1409	#FFFFFF	#D3D3D3	-31.5	9.95	16	5650,0
1409	#FFFFFF	#D3D3D3	-31.05	9.5	16	5650,0
1409	#FFFFFF	#D3D3D3	-31.5	9.05	16	5650,0
1409	#FFFFFF	#D3D3D3	-31.95	9.5	16	5650,0
1340	#FFFFFF	#D3D3D3	-31.45	10	16	5650,0
1340	#FFFFFF	#D3D3D3	-31	10.45	16	5650,0
1340	#FFFFFF	#D3D3D3	-30.55	10	16	5650,0
1340	#FFFFFF	#D3D3D3	-31	9.55	16	5650,0
1340	#FFFFFF	#D3D3D3	-31.45	10	16	5650,0
1305	#FFFFFF	#D3D3D3	-30.95	10.5	16	5650,0
1305	#FFFFFF	#D3D3D3	-30.5	10.95	16	5650,0
1305	#FFFFFF	#D3D3D3	-30.05	10.5	16	5650,0
1305	#FFFFFF	#D3D3D3	-30.5	10.05	16	5650,0
1305	#FFFFFF	#D3D3D3	-30.95	10.5	16	5650,0
1271	#FFFFFF	#D3D3D3	-30.45	11	16	5650,0
1271	#FFFFFF	#D3D3D3	-30	11.45	16	5650,0
1271	#FFFFFF	#D3D3D3	-29.55	11	16	5650,0
1271	#FFFFFF	#D3D3D3	-30	10.55	16	5650,0
1271	#FFFFFF	#D3D3D3	-30.45	11	16	5650,0
1193	#FFFFFF	#D3D3D3	-29.95	11.5	16	5650,0
1193	#FFFFFF	#D3D3D3	-29.5	11.95	16	5650,0
1193	#FFFFFF	#D3D3D3	-29.05	11.5	16	5650,0
1193	#FFFFFF	#D3D3D3	-29.5	11.05	16	5650,0
1193	#FFFFFF	#D3D3D3	-29.95	11.5	16	5650,0
1160	#FFFFFF	#D3D3D3	-29.45	12	16	5650,0
1160	#FFFFFF	#D3D3D3	-29	12.45	16	5650,0
1160	#FFFFFF	#D3D3D3	-28.55	12	16	5650,0
1160	#FFFFFF	#D3D3D3	-29	11.55	16	5650,0
1160	#FFFFFF	#D3D3D3	-29.45	12	16	5650,0
1127	#FFFFFF	#D3D3D3	-28.95	12.5	8	5650,0
1127	#FFFFFF	#D3D3D3	-28.5	12.95	8	5650,0
1127	#FFFFFF	#D3D3D3	-28.05	12.5	8	5650,0
1127	#FFFFFF	#D3D3D3	-28.5	12.05	8	5650,0
1127	#FFFFFF	#D3D3D3	-28.95	12.5	8	5650,0
1094	#FFFFFF	#D3D3D3	-28.45	13	8	5650,0
1094	#FFFFFF	#D3D3D3	-28	13.45	8	5650,0
1094	#FFFFFF	#D3D3D3	-27.55	13	8	5650,0
1094	#FFFFFF	#D3D3D3	-28	12.55	8	5650,0
1094	#FFFFFF	#D3D3D3	-28.45	13	8	5650,0
1061	#FFFFFF	#D3D3D3	-27.95	13.5	8	5650,0
1061	#FFFFFF	#D3D3D3	-27.5	13.95	8	5650,0
1061	#FFFFFF	#D3D3D3	-27.05	13.5	8	5650,0
1061	#FFFFFF	#D3D3D3	-27.5	13.05	8	5650,0
1061	#FFFFFF	#D3D3D3	-27.95	13.5	8	5650,0
1028	#FFFFFF	#D3D3D3	-27.45	14	8	5650,0
1028	#FFFFFF	#D3D3D3	-27	14.45	8	5650,0
1028	#FFFFFF	#D3D3D3	-26.55	14	8	5650,0
1028	#FFFFFF	#D3D3D3	-27	13.55	8	5650,0
1028	#FFFFFF	#D3D3D3	-27.45	14	8	5650,0
995	#FFFFFF	#D3D3D3	-26.95	14.5	8	5650,0
995	#FFFFFF	#D3D3D3	-26.5	14.95	8	5650,0
995	#FFFFFF	#D3D3D3	-26.05	14.5	8	5650,0
995	#FFFFFF	#D3D3D3	-26.5	14.05	8	5650,0
995	#FFFFFF	#D3D3D3	-26.95	14.5	8	5650,0
961	#FFFFFF	#D3D3D3	-26.45	15	8	5650,0
961	#FFFFFF	#D3D3D3	-26	15.45	8	5650,0
961	#FFFFFF	#D3D3D3	-25.55	15	8	5650,0
961	#FFFFFF	#D3D3D3	-26	14.55	8	5650,0
961	#FFFFFF	#D3D3D3	-26.45	15	8	5650,0
927	#FFFFFF	#D3D3D3	-25.95	15.5	8	5650,0
927	#FFFFFF	#D3D3D3	-25.5	15.95	8	5650,0
927	#FFFFFF	#D3D3D3	-25.05	15.5	8	5650,0
927	#FFFFFF	#D3D3D3	-25.5	15.05	8	5650,0
927	#FFFFFF	#D3D3D3	-25.95	15.5	8	5650,0
894	#FFFFFF	#D3D3D3	-25.45	16	8	5650,0
894	#FFFFFF	#D3D3D3	-25	16.45	8	5650,0
894	#FFFFFF	#D3D3D3	-24.55	16	8	5650,0
894	#FFFFFF	#D3D3D3	-25	15.55	8	5650,0
894	#FFFFFF	#D3D3D3	-25.45	16	8	5650,0
861	#FFFFFF	#D3D3D3	-24.95	16.5	8	5650,0
861	#FFFFFF	#D3D3D3	-24.5	16.95	8	5650,0
861	#FFFFFF	#D3D3D3	-24.05	16.5	8	5650,0
861	#FFFFFF	#D3D3D3	-24.5	16.05	8	5650,0
861	#FFFFFF	#D3D3D3	-24.95	16.5	8	5650,0
829	#FFFFFF	#D3D3D3	-24.45	17	8	5650,0
829	#FFFFFF	#D3D3D3	-24	17.45	8	5650,0
829	#FFFFFF	#D3D3D3	-23.55	17	8	5650,0
829	#FFFFFF	#D3D3D3	-24	16.55	8	5650,0
829	#FFFFFF	#D3D3D3	-24.45	17	8	5650,0
797	#FFFFFF	#D3D3D3	-23.95	17.5	8	5650,0
797	#FFFFFF	#D3D3D3	-23.5	17.95	8	5650,0
797	#FFFFFF	#D3D3D3	-23.05	17.5	8	5650,0
797	#FFFFFF	#D3D3D3	-23.5	17.05	8	5650,0
797	#FFFFFF	#D3D3D3	-23.95	17.5	8	5650,0
766	#FFFFFF	#D3D3D3	-23.45	18	8	5650,0
766	#FFFFFF	#D3D3D3	-23	18.45	8	5650,0
766	#FFFFFF	#D3D3D3	-22.55	18	8	5650,0
766	#FFFFFF	#D3D3D3	-23	17.55	8	5650,0
766	#FFFFFF	#D3D3D3	-23.45	18	8	5650,0
735	#FFFFFF	#D3D3D3	-22.95	18.5	8	5650,0
735	#FFFFFF	#D3D3D3	-22.5	18.95	8	5650,0
735	#FFFFFF	#D3D3D3	-22.05	18.5	8	5650,0
735	#FFFFFF	#D3D3D3	-22.5	18.05	8	5650,0
735	#FFFFFF	#D3D3D3	-22.95	18.5	8	5650,0
705	#FFFFFF	#D3D3D3	-22.45	19	8	5650,0
705	#FFFFFF	#D3D3D3	-22	19.45	8	5650,0
705	#FFFFFF	#D3D3D3	-21.55	19	8	5650,0
705	#FFFFFF	#D3D3D3	-22	18.55	8	5650,0
705	#FFFFFF	#D3D3D3	-22.45	19	8	5650,0
675	#FFFFFF	#D3D3D3	-21.95	19.5	8	5650,0
675	#FFFFFF	#D3D3D3	-21.5	19.95	8	5650,0
675	#FFFFFF	#D3D3D3	-21.05	19.5	8	5650,0
675	#FFFFFF	#D3D3D3	-21.5	19.05	8	5650,0
675	#FFFFFF	#D3D3D3	-21.95	19.5	8	5650,0
647	#FFFFFF	#D3D3D3	-21.45	20	8	5650,0
647	#FFFFFF	#D3D3D3	-21	20.45	8	5650,0
647	#FFFFFF	#D3D3D3	-20.55	20	8	5650,0
647	#FFFFFF	#D3D3D3	-21	19.55	8	5650,0
647	#FFFFFF	#D3D3D3	-21.45	20	8	5650,0
618	#FFFFFF	#D3D3D3	-20.95	20.5	8	5650,0
618	#FFFFFF	#D3D3D3	-20.5	20.95	8	5650,0
618	#FFFFFF	#D3D3D3	-20.05	20.5	8	5650,0
618	#FFFFFF	#D3D3D3	-20.5	20.05	8	5650,0
618	#FFFFFF	#D3D3D3	-20.95	20.5	8	5650,0
590	#FFFFFF	#D3D3D3	-20.45	21	79	5650,0
590	#FFFFFF	#D3D3D3	-20	21.45	79	5650,0
590	#FFFFFF	#D3D3D3	-19.55	21	79	5650,0
590	#FFFFFF	#D3D3D3	-20	20.55	79	5650,0
590	#FFFFFF	#D3D3D3	-20.45	21	79	5650,0
518	#FFFFFF	#D3D3D3	-19.95	21.5	8	5650,0
518	#FFFFFF	#D3D3D3	-19.5	21.95	8	5650,0
518	#FFFFFF	#D3D3D3	-19.05	21.5	8	5650,0
518	#FFFFFF	#D3D3D3	-19.5	21.05	8	5650,0
518	#FFFFFF	#D3D3D3	-19.95	21.5	8	5650,0
491	#FFFFFF	#D3D3D3	-19.45	22	4	5650,0
491	#FFFFFF	#D3D3D3	-19	22.45	4	5650,0
491	#FFFFFF	#D3D3D3	-18.55	22	4	5650,0
491	#FFFFFF	#D3D3D3	-19	21.55	4	5650,0
491	#FFFFFF	#D3D3D3	-19.45	22	4	5650,0
464	#FFFFFF	#D3D3D3	-18.95	22.5	4	5650,0
464	#FFFFFF	#D3D3D3	-18.5	22.95	4	5650,0
464	#FFFFFF	#D3D3D3	-18.05	22.5	4	5650,0
464	#FFFFFF	#D3D3D3	-18.5	22.05	4	5650,0
464	#FFFFFF	#D3D3D3	-18.95	22.5	4	5650,0
438	#FFFFFF	#D3D3D3	-18.45	23	4	5650,0
438	#FFFFFF	#D3D3D3	-18	23.45	4	5650,0
438	#FFFFFF	#D3D3D3	-17.55	23	4	5650,0
438	#FFFFFF	#D3D3D3	-18	22.55	4	5650,0
438	#FFFFFF	#D3D3D3	-18.45	23	4	5650,0
412	#FFFFFF	#D3D3D3	-17.95	23.5	4	5650,0
412	#FFFFFF	#D3D3D3	-17.5	23.95	4	5650,0
412	#FFFFFF	#D3D3D3	-17.05	23.5	4	5650,0
412	#FFFFFF	#D3D3D3	-17.5	23.05	4	5650,0
412	#FFFFFF	#D3D3D3	-17.95	23.5	4	5650,0
387	#FFFFFF	#D3D3D3	-17.45	24	4	5650,0
387	#FFFFFF	#D3D3D3	-17	24.45	4	5650,0
387	#FFFFFF	#D3D3D3	-16.55	24	4	5650,0
387	#FFFFFF	#D3D3D3	-17	23.55	4	5650,0
387	#FFFFFF	#D3D3D3	-17.45	24	4	5650,0
362	#FFFFFF	#D3D3D3	-16.95	24.5	4	5650,0
362	#FFFFFF	#D3D3D3	-16.5	24.95	4	5650,0
362	#FFFFFF	#D3D3D3	-16.05	24.5	4	5650,0
362	#FFFFFF	#D3D3D3	-16.5	24.05	4	5650,0
362	#FFFFFF	#D3D3D3	-16.95	24.5	4	5650,0
2019	#FFFFFF	#D3D3D3	-40.45	0	16	5650,0
2019	#FFFFFF	#D3D3D3	-40	0.45	16	5650,0
2019	#FFFFFF	#D3D3D3	-39.55	0	16	5650,0
2019	#FFFFFF	#D3D3D3	-40	-0.45	16	5650,0
2019	#FFFFFF	#D3D3D3	-40.45	0	16	5650,0
1947	#FFFFFF	#D3D3D3	-39.95	0.5	16	5650,0
1947	#FFFFFF	#D3D3D3	-39.5	0.95	16	5650,0
1947	#FFFFFF	#D3D3D3	-39.05	0.5	16	5650,0
1947	#FFFFFF	#D3D3D3	-39.5	0.05	16	5650,0
1947	#FFFFFF	#D3D3D3	-39.95	0.5	16	5650,0
1915	#FFFFFF	#D3D3D3	-39.45	1	16	5650,0
1915	#FFFFFF	#D3D3D3	-39	1.45	16	5650,0
1915	#FFFFFF	#D3D3D3	-38.55	1	16	5650,0
1915	#FFFFFF	#D3D3D3	-39	0.55	16	5650,0
1915	#FFFFFF	#D3D3D3	-39.45	1	16	5650,0
1882	#FFFFFF	#D3D3D3	-38.95	1.5	16	5650,0
1882	#FFFFFF	#D3D3D3	-38.5	1.95	16	5650,0
1882	#FFFFFF	#D3D3D3	-38.05	1.5	16	5650,0
1882	#FFFFFF	#D3D3D3	-38.5	1.05	16	5650,0
1882	#FFFFFF	#D3D3D3	-38.95	1.5	16	5650,0
1859	#FFFFFF	#D3D3D3	-38.45	2	16	5650,0
1859	#FFFFFF	#D3D3D3	-38	2.45	16	5650,0
1859	#FFFFFF	#D3D3D3	-37.55	2	16	5650,0
1859	#FFFFFF	#D3D3D3	-38	1.55	16	5650,0
1859	#FFFFFF	#D3D3D3	-38.45	2	16	5650,0
1825	#FFFFFF	#D3D3D3	-37.95	2.5	16	5650,0
1825	#FFFFFF	#D3D3D3	-37.5	2.95	16	5650,0
1825	#FFFFFF	#D3D3D3	-37.05	2.5	16	5650,0
1825	#FFFFFF	#D3D3D3	-37.5	2.05	16	5650,0
1825	#FFFFFF	#D3D3D3	-37.95	2.5	16	5650,0
1798	#FFFFFF	#D3D3D3	-37.45	3	16	5650,0
1798	#FFFFFF	#D3D3D3	-37	3.45	16	5650,0
1798	#FFFFFF	#D3D3D3	-36.55	3	16	5650,0
1798	#FFFFFF	#D3D3D3	-37	2.55	16	5650,0
1798	#FFFFFF	#D3D3D3	-37.45	3	16	5650,0
1763	#FFFFFF	#D3D3D3	-36.95	3.5	16	5650,0
1763	#FFFFFF	#D3D3D3	-36.5	3.95	16	5650,0
1763	#FFFFFF	#D3D3D3	-36.05	3.5	16	5650,0
1763	#FFFFFF	#D3D3D3	-36.5	3.05	16	5650,0
1763	#FFFFFF	#D3D3D3	-36.95	3.5	16	5650,0
1737	#FFFFFF	#D3D3D3	-36.45	4	16	5650,0
1737	#FFFFFF	#D3D3D3	-36	4.45	16	5650,0
1737	#FFFFFF	#D3D3D3	-35.55	4	16	5650,0
1737	#FFFFFF	#D3D3D3	-36	3.55	16	5650,0
1737	#FFFFFF	#D3D3D3	-36.45	4	16	5650,0
1702	#FFFFFF	#D3D3D3	-35.95	4.5	16	5650,0
1702	#FFFFFF	#D3D3D3	-35.5	4.95	16	5650,0
1702	#FFFFFF	#D3D3D3	-35.05	4.5	16	5650,0
1702	#FFFFFF	#D3D3D3	-35.5	4.05	16	5650,0
1702	#FFFFFF	#D3D3D3	-35.95	4.5	16	5650,0
1667	#FFFFFF	#D3D3D3	-35.45	5	16	5650,0
1667	#FFFFFF	#D3D3D3	-35	5.45	16	5650,0
1667	#FFFFFF	#D3D3D3	-34.55	5	16	5650,0
1667	#FFFFFF	#D3D3D3	-35	4.55	16	5650,0
1667	#FFFFFF	#D3D3D3	-35.45	5	16	5650,0
1631	#FFFFFF	#D3D3D3	-34.95	5.5	16	5650,0
1631	#FFFFFF	#D3D3D3	-34.5	5.95	16	5650,0
1631	#FFFFFF	#D3D3D3	-34.05	5.5	16	5650,0
1631	#FFFFFF	#D3D3D3	-34.5	5.05	16	5650,0
1631	#FFFFFF	#D3D3D3	-34.95	5.5	16	5650,0
1595	#FFFFFF	#D3D3D3	-34.45	6	16	5650,0
1595	#FFFFFF	#D3D3D3	-34	6.45	16	5650,0
1595	#FFFFFF	#D3D3D3	-33.55	6	16	5650,0
1595	#FFFFFF	#D3D3D3	-34	5.55	16	5650,0
1595	#FFFFFF	#D3D3D3	-34.45	6	16	5650,0
1557	#FFFFFF	#D3D3D3	-33.95	6.5	16	5650,0
1557	#FFFFFF	#D3D3D3	-33.5	6.95	16	5650,0
1557	#FFFFFF	#D3D3D3	-33.05	6.5	16	5650,0
1557	#FFFFFF	#D3D3D3	-33.5	6.05	16	5650,0
1557	#FFFFFF	#D3D3D3	-33.95	6.5	16	5650,0
1521	#FFFFFF	#D3D3D3	-33.45	7	16	5650,0
1521	#FFFFFF	#D3D3D3	-33	7.45	16	5650,0
1521	#FFFFFF	#D3D3D3	-32.55	7	16	5650,0
1521	#FFFFFF	#D3D3D3	-33	6.55	16	5650,0
1521	#FFFFFF	#D3D3D3	-33.45	7	16	5650,0
1483	#FFFFFF	#D3D3D3	-32.95	7.5	16	5650,0
1483	#FFFFFF	#D3D3D3	-32.5	7.95	16	5650,0
1483	#FFFFFF	#D3D3D3	-32.05	7.5	16	5650,0
1483	#FFFFFF	#D3D3D3	-32.5	7.05	16	5650,0
1483	#FFFFFF	#D3D3D3	-32.95	7.5	16	5650,0
1446	#FFFFFF	#D3D3D3	-32.45	8	16	5650,0
1446	#FFFFFF	#D3D3D3	-32	8.45	16	5650,0
1446	#FFFFFF	#D3D3D3	-31.55	8	16	5650,0
1446	#FFFFFF	#D3D3D3	-32	7.55	16	5650,0
1446	#FFFFFF	#D3D3D3	-32.45	8	16	5650,0
1408	#FFFFFF	#D3D3D3	-31.95	8.5	16	5650,0
1408	#FFFFFF	#D3D3D3	-31.5	8.95	16	5650,0
1408	#FFFFFF	#D3D3D3	-31.05	8.5	16	5650,0
1408	#FFFFFF	#D3D3D3	-31.5	8.05	16	5650,0
1408	#FFFFFF	#D3D3D3	-31.95	8.5	16	5650,0
1373	#FFFFFF	#D3D3D3	-31.45	9	16	5650,0
1373	#FFFFFF	#D3D3D3	-31	9.45	16	5650,0
1373	#FFFFFF	#D3D3D3	-30.55	9	16	5650,0
1373	#FFFFFF	#D3D3D3	-31	8.55	16	5650,0
1373	#FFFFFF	#D3D3D3	-31.45	9	16	5650,0
1337	#FFFFFF	#D3D3D3	-30.95	9.5	16	5650,0
1337	#FFFFFF	#D3D3D3	-30.5	9.95	16	5650,0
1337	#FFFFFF	#D3D3D3	-30.05	9.5	16	5650,0
1337	#FFFFFF	#D3D3D3	-30.5	9.05	16	5650,0
1337	#FFFFFF	#D3D3D3	-30.95	9.5	16	5650,0
1270	#FFFFFF	#D3D3D3	-30.45	10	16	5650,0
1270	#FFFFFF	#D3D3D3	-30	10.45	16	5650,0
1270	#FFFFFF	#D3D3D3	-29.55	10	16	5650,0
1270	#FFFFFF	#D3D3D3	-30	9.55	16	5650,0
1270	#FFFFFF	#D3D3D3	-30.45	10	16	5650,0
1192	#FFFFFF	#D3D3D3	-29.95	10.5	16	5650,0
1192	#FFFFFF	#D3D3D3	-29.5	10.95	16	5650,0
1192	#FFFFFF	#D3D3D3	-29.05	10.5	16	5650,0
1192	#FFFFFF	#D3D3D3	-29.5	10.05	16	5650,0
1192	#FFFFFF	#D3D3D3	-29.95	10.5	16	5650,0
1159	#FFFFFF	#D3D3D3	-29.45	11	16	5650,0
1159	#FFFFFF	#D3D3D3	-29	11.45	16	5650,0
1159	#FFFFFF	#D3D3D3	-28.55	11	16	5650,0
1159	#FFFFFF	#D3D3D3	-29	10.55	16	5650,0
1159	#FFFFFF	#D3D3D3	-29.45	11	16	5650,0
1126	#FFFFFF	#D3D3D3	-28.95	11.5	16	5650,0
1126	#FFFFFF	#D3D3D3	-28.5	11.95	16	5650,0
1126	#FFFFFF	#D3D3D3	-28.05	11.5	16	5650,0
1126	#FFFFFF	#D3D3D3	-28.5	11.05	16	5650,0
1126	#FFFFFF	#D3D3D3	-28.95	11.5	16	5650,0
1093	#FFFFFF	#D3D3D3	-28.45	12	8	5650,0
1093	#FFFFFF	#D3D3D3	-28	12.45	8	5650,0
1093	#FFFFFF	#D3D3D3	-27.55	12	8	5650,0
1093	#FFFFFF	#D3D3D3	-28	11.55	8	5650,0
1093	#FFFFFF	#D3D3D3	-28.45	12	8	5650,0
1060	#FFFFFF	#D3D3D3	-27.95	12.5	16	5650,0
1060	#FFFFFF	#D3D3D3	-27.5	12.95	16	5650,0
1060	#FFFFFF	#D3D3D3	-27.05	12.5	16	5650,0
1060	#FFFFFF	#D3D3D3	-27.5	12.05	16	5650,0
1060	#FFFFFF	#D3D3D3	-27.95	12.5	16	5650,0
1027	#FFFFFF	#D3D3D3	-27.45	13	8	5650,0
1027	#FFFFFF	#D3D3D3	-27	13.45	8	5650,0
1027	#FFFFFF	#D3D3D3	-26.55	13	8	5650,0
1027	#FFFFFF	#D3D3D3	-27	12.55	8	5650,0
1027	#FFFFFF	#D3D3D3	-27.45	13	8	5650,0
994	#FFFFFF	#D3D3D3	-26.95	13.5	8	5650,0
994	#FFFFFF	#D3D3D3	-26.5	13.95	8	5650,0
994	#FFFFFF	#D3D3D3	-26.05	13.5	8	5650,0
994	#FFFFFF	#D3D3D3	-26.5	13.05	8	5650,0
994	#FFFFFF	#D3D3D3	-26.95	13.5	8	5650,0
960	#FFFFFF	#D3D3D3	-26.45	14	8	5650,0
960	#FFFFFF	#D3D3D3	-26	14.45	8	5650,0
960	#FFFFFF	#D3D3D3	-25.55	14	8	5650,0
960	#FFFFFF	#D3D3D3	-26	13.55	8	5650,0
960	#FFFFFF	#D3D3D3	-26.45	14	8	5650,0
926	#FFFFFF	#D3D3D3	-25.95	14.5	8	5650,0
926	#FFFFFF	#D3D3D3	-25.5	14.95	8	5650,0
926	#FFFFFF	#D3D3D3	-25.05	14.5	8	5650,0
926	#FFFFFF	#D3D3D3	-25.5	14.05	8	5650,0
926	#FFFFFF	#D3D3D3	-25.95	14.5	8	5650,0
893	#FFFFFF	#D3D3D3	-25.45	15	8	5650,0
893	#FFFFFF	#D3D3D3	-25	15.45	8	5650,0
893	#FFFFFF	#D3D3D3	-24.55	15	8	5650,0
893	#FFFFFF	#D3D3D3	-25	14.55	8	5650,0
893	#FFFFFF	#D3D3D3	-25.45	15	8	5650,0
860	#FFFFFF	#D3D3D3	-24.95	15.5	8	5650,0
860	#FFFFFF	#D3D3D3	-24.5	15.95	8	5650,0
860	#FFFFFF	#D3D3D3	-24.05	15.5	8	5650,0
860	#FFFFFF	#D3D3D3	-24.5	15.05	8	5650,0
860	#FFFFFF	#D3D3D3	-24.95	15.5	8	5650,0
828	#FFFFFF	#D3D3D3	-24.45	16	8	5650,0
828	#FFFFFF	#D3D3D3	-24	16.45	8	5650,0
828	#FFFFFF	#D3D3D3	-23.55	16	8	5650,0
828	#FFFFFF	#D3D3D3	-24	15.55	8	5650,0
828	#FFFFFF	#D3D3D3	-24.45	16	8	5650,0
796	#FFFFFF	#D3D3D3	-23.95	16.5	8	5650,0
796	#FFFFFF	#D3D3D3	-23.5	16.95	8	5650,0
796	#FFFFFF	#D3D3D3	-23.05	16.5	8	5650,0
796	#FFFFFF	#D3D3D3	-23.5	16.05	8	5650,0
796	#FFFFFF	#D3D3D3	-23.95	16.5	8	5650,0
765	#FFFFFF	#D3D3D3	-23.45	17	8	5650,0
765	#FFFFFF	#D3D3D3	-23	17.45	8	5650,0
765	#FFFFFF	#D3D3D3	-22.55	17	8	5650,0
765	#FFFFFF	#D3D3D3	-23	16.55	8	5650,0
765	#FFFFFF	#D3D3D3	-23.45	17	8	5650,0
734	#FFFFFF	#D3D3D3	-22.95	17.5	8	5650,0
734	#FFFFFF	#D3D3D3	-22.5	17.95	8	5650,0
734	#FFFFFF	#D3D3D3	-22.05	17.5	8	5650,0
734	#FFFFFF	#D3D3D3	-22.5	17.05	8	5650,0
734	#FFFFFF	#D3D3D3	-22.95	17.5	8	5650,0
704	#FFFFFF	#D3D3D3	-22.45	18	8	5650,0
704	#FFFFFF	#D3D3D3	-22	18.45	8	5650,0
704	#FFFFFF	#D3D3D3	-21.55	18	8	5650,0
704	#FFFFFF	#D3D3D3	-22	17.55	8	5650,0
704	#FFFFFF	#D3D3D3	-22.45	18	8	5650,0
674	#FFFFFF	#D3D3D3	-21.95	18.5	8	5650,0
674	#FFFFFF	#D3D3D3	-21.5	18.95	8	5650,0
674	#FFFFFF	#D3D3D3	-21.05	18.5	8	5650,0
674	#FFFFFF	#D3D3D3	-21.5	18.05	8	5650,0
674	#FFFFFF	#D3D3D3	-21.95	18.5	8	5650,0
645	#FFFFFF	#D3D3D3	-21.45	19	8	5650,0
645	#FFFFFF	#D3D3D3	-21	19.45	8	5650,0
645	#FFFFFF	#D3D3D3	-20.55	19	8	5650,0
645	#FFFFFF	#D3D3D3	-21	18.55	8	5650,0
645	#FFFFFF	#D3D3D3	-21.45	19	8	5650,0
616	#FFFFFF	#D3D3D3	-20.95	19.5	8	5650,0
616	#FFFFFF	#D3D3D3	-20.5	19.95	8	5650,0
616	#FFFFFF	#D3D3D3	-20.05	19.5	8	5650,0
616	#FFFFFF	#D3D3D3	-20.5	19.05	8	5650,0
616	#FFFFFF	#D3D3D3	-20.95	19.5	8	5650,0
589	#FFFFFF	#D3D3D3	-20.45	20	79	5650,0
589	#FFFFFF	#D3D3D3	-20	20.45	79	5650,0
589	#FFFFFF	#D3D3D3	-19.55	20	79	5650,0
589	#FFFFFF	#D3D3D3	-20	19.55	79	5650,0
589	#FFFFFF	#D3D3D3	-20.45	20	79	5650,0
517	#FFFFFF	#D3D3D3	-19.95	20.5	79	5650,0
517	#FFFFFF	#D3D3D3	-19.5	20.95	79	5650,0
517	#FFFFFF	#D3D3D3	-19.05	20.5	79	5650,0
517	#FFFFFF	#D3D3D3	-19.5	20.05	79	5650,0
517	#FFFFFF	#D3D3D3	-19.95	20.5	79	5650,0
490	#FFFFFF	#D3D3D3	-19.45	21	8	5650,0
490	#FFFFFF	#D3D3D3	-19	21.45	8	5650,0
490	#FFFFFF	#D3D3D3	-18.55	21	8	5650,0
490	#FFFFFF	#D3D3D3	-19	20.55	8	5650,0
490	#FFFFFF	#D3D3D3	-19.45	21	8	5650,0
463	#FFFFFF	#D3D3D3	-18.95	21.5	8	5650,0
463	#FFFFFF	#D3D3D3	-18.5	21.95	8	5650,0
463	#FFFFFF	#D3D3D3	-18.05	21.5	8	5650,0
463	#FFFFFF	#D3D3D3	-18.5	21.05	8	5650,0
463	#FFFFFF	#D3D3D3	-18.95	21.5	8	5650,0
437	#FFFFFF	#D3D3D3	-18.45	22	4	5650,0
437	#FFFFFF	#D3D3D3	-18	22.45	4	5650,0
437	#FFFFFF	#D3D3D3	-17.55	22	4	5650,0
437	#FFFFFF	#D3D3D3	-18	21.55	4	5650,0
437	#FFFFFF	#D3D3D3	-18.45	22	4	5650,0
411	#FFFFFF	#D3D3D3	-17.95	22.5	4	5650,0
411	#FFFFFF	#D3D3D3	-17.5	22.95	4	5650,0
411	#FFFFFF	#D3D3D3	-17.05	22.5	4	5650,0
411	#FFFFFF	#D3D3D3	-17.5	22.05	4	5650,0
411	#FFFFFF	#D3D3D3	-17.95	22.5	4	5650,0
386	#FFFFFF	#D3D3D3	-17.45	23	8	5650,0
386	#FFFFFF	#D3D3D3	-17	23.45	8	5650,0
386	#FFFFFF	#D3D3D3	-16.55	23	8	5650,0
386	#FFFFFF	#D3D3D3	-17	22.55	8	5650,0
386	#FFFFFF	#D3D3D3	-17.45	23	8	5650,0
361	#FFFFFF	#D3D3D3	-16.95	23.5	4	5650,0
361	#FFFFFF	#D3D3D3	-16.5	23.95	4	5650,0
361	#FFFFFF	#D3D3D3	-16.05	23.5	4	5650,0
361	#FFFFFF	#D3D3D3	-16.5	23.05	4	5650,0
361	#FFFFFF	#D3D3D3	-16.95	23.5	4	5650,0
337	#FFFFFF	#D3D3D3	-16.45	24	4	5650,0
337	#FFFFFF	#D3D3D3	-16	24.45	4	5650,0
337	#FFFFFF	#D3D3D3	-15.55	24	4	5650,0
337	#FFFFFF	#D3D3D3	-16	23.55	4	5650,0
337	#FFFFFF	#D3D3D3	-16.45	24	4	5650,0
1914	#FFFFFF	#D3D3D3	-39.45	0	16	5650,0
1914	#FFFFFF	#D3D3D3	-39	0.45	16	5650,0
1914	#FFFFFF	#D3D3D3	-38.55	0	16	5650,0
1914	#FFFFFF	#D3D3D3	-39	-0.45	16	5650,0
1914	#FFFFFF	#D3D3D3	-39.45	0	16	5650,0
1881	#FFFFFF	#D3D3D3	-38.95	0.5	16	5650,0
1881	#FFFFFF	#D3D3D3	-38.5	0.95	16	5650,0
1881	#FFFFFF	#D3D3D3	-38.05	0.5	16	5650,0
1881	#FFFFFF	#D3D3D3	-38.5	0.05	16	5650,0
1881	#FFFFFF	#D3D3D3	-38.95	0.5	16	5650,0
1848	#FFFFFF	#D3D3D3	-38.45	1	16	5650,0
1848	#FFFFFF	#D3D3D3	-38	1.45	16	5650,0
1848	#FFFFFF	#D3D3D3	-37.55	1	16	5650,0
1848	#FFFFFF	#D3D3D3	-38	0.55	16	5650,0
1848	#FFFFFF	#D3D3D3	-38.45	1	16	5650,0
1814	#FFFFFF	#D3D3D3	-37.95	1.5	16	5650,0
1814	#FFFFFF	#D3D3D3	-37.5	1.95	16	5650,0
1814	#FFFFFF	#D3D3D3	-37.05	1.5	16	5650,0
1814	#FFFFFF	#D3D3D3	-37.5	1.05	16	5650,0
1814	#FFFFFF	#D3D3D3	-37.95	1.5	16	5650,0
1790	#FFFFFF	#D3D3D3	-37.45	2	16	5650,0
1790	#FFFFFF	#D3D3D3	-37	2.45	16	5650,0
1790	#FFFFFF	#D3D3D3	-36.55	2	16	5650,0
1790	#FFFFFF	#D3D3D3	-37	1.55	16	5650,0
1790	#FFFFFF	#D3D3D3	-37.45	2	16	5650,0
1755	#FFFFFF	#D3D3D3	-36.95	2.5	16	5650,0
1755	#FFFFFF	#D3D3D3	-36.5	2.95	16	5650,0
1755	#FFFFFF	#D3D3D3	-36.05	2.5	16	5650,0
1755	#FFFFFF	#D3D3D3	-36.5	2.05	16	5650,0
1755	#FFFFFF	#D3D3D3	-36.95	2.5	16	5650,0
1728	#FFFFFF	#D3D3D3	-36.45	3	16	5650,0
1728	#FFFFFF	#D3D3D3	-36	3.45	16	5650,0
1728	#FFFFFF	#D3D3D3	-35.55	3	16	5650,0
1728	#FFFFFF	#D3D3D3	-36	2.55	16	5650,0
1728	#FFFFFF	#D3D3D3	-36.45	3	16	5650,0
1692	#FFFFFF	#D3D3D3	-35.95	3.5	16	5650,0
1692	#FFFFFF	#D3D3D3	-35.5	3.95	16	5650,0
1692	#FFFFFF	#D3D3D3	-35.05	3.5	16	5650,0
1692	#FFFFFF	#D3D3D3	-35.5	3.05	16	5650,0
1692	#FFFFFF	#D3D3D3	-35.95	3.5	16	5650,0
1665	#FFFFFF	#D3D3D3	-35.45	4	16	5650,0
1665	#FFFFFF	#D3D3D3	-35	4.45	16	5650,0
1665	#FFFFFF	#D3D3D3	-34.55	4	16	5650,0
1665	#FFFFFF	#D3D3D3	-35	3.55	16	5650,0
1665	#FFFFFF	#D3D3D3	-35.45	4	16	5650,0
1629	#FFFFFF	#D3D3D3	-34.95	4.5	16	5650,0
1629	#FFFFFF	#D3D3D3	-34.5	4.95	16	5650,0
1629	#FFFFFF	#D3D3D3	-34.05	4.5	16	5650,0
1629	#FFFFFF	#D3D3D3	-34.5	4.05	16	5650,0
1629	#FFFFFF	#D3D3D3	-34.95	4.5	16	5650,0
1594	#FFFFFF	#D3D3D3	-34.45	5	16	5650,0
1594	#FFFFFF	#D3D3D3	-34	5.45	16	5650,0
1594	#FFFFFF	#D3D3D3	-33.55	5	16	5650,0
1594	#FFFFFF	#D3D3D3	-34	4.55	16	5650,0
1594	#FFFFFF	#D3D3D3	-34.45	5	16	5650,0
1556	#FFFFFF	#D3D3D3	-33.95	5.5	16	5650,0
1556	#FFFFFF	#D3D3D3	-33.5	5.95	16	5650,0
1556	#FFFFFF	#D3D3D3	-33.05	5.5	16	5650,0
1556	#FFFFFF	#D3D3D3	-33.5	5.05	16	5650,0
1556	#FFFFFF	#D3D3D3	-33.95	5.5	16	5650,0
1520	#FFFFFF	#D3D3D3	-33.45	6	16	5650,0
1520	#FFFFFF	#D3D3D3	-33	6.45	16	5650,0
1520	#FFFFFF	#D3D3D3	-32.55	6	16	5650,0
1520	#FFFFFF	#D3D3D3	-33	5.55	16	5650,0
1520	#FFFFFF	#D3D3D3	-33.45	6	16	5650,0
1482	#FFFFFF	#D3D3D3	-32.95	6.5	16	5650,0
1482	#FFFFFF	#D3D3D3	-32.5	6.95	16	5650,0
1482	#FFFFFF	#D3D3D3	-32.05	6.5	16	5650,0
1482	#FFFFFF	#D3D3D3	-32.5	6.05	16	5650,0
1482	#FFFFFF	#D3D3D3	-32.95	6.5	16	5650,0
1445	#FFFFFF	#D3D3D3	-32.45	7	16	5650,0
1445	#FFFFFF	#D3D3D3	-32	7.45	16	5650,0
1445	#FFFFFF	#D3D3D3	-31.55	7	16	5650,0
1445	#FFFFFF	#D3D3D3	-32	6.55	16	5650,0
1445	#FFFFFF	#D3D3D3	-32.45	7	16	5650,0
1407	#FFFFFF	#D3D3D3	-31.95	7.5	16	5650,0
1407	#FFFFFF	#D3D3D3	-31.5	7.95	16	5650,0
1407	#FFFFFF	#D3D3D3	-31.05	7.5	16	5650,0
1407	#FFFFFF	#D3D3D3	-31.5	7.05	16	5650,0
1407	#FFFFFF	#D3D3D3	-31.95	7.5	16	5650,0
1372	#FFFFFF	#D3D3D3	-31.45	8	16	5650,0
1372	#FFFFFF	#D3D3D3	-31	8.45	16	5650,0
1372	#FFFFFF	#D3D3D3	-30.55	8	16	5650,0
1372	#FFFFFF	#D3D3D3	-31	7.55	16	5650,0
1372	#FFFFFF	#D3D3D3	-31.45	8	16	5650,0
1336	#FFFFFF	#D3D3D3	-30.95	8.5	16	5650,0
1336	#FFFFFF	#D3D3D3	-30.5	8.95	16	5650,0
1336	#FFFFFF	#D3D3D3	-30.05	8.5	16	5650,0
1336	#FFFFFF	#D3D3D3	-30.5	8.05	16	5650,0
1336	#FFFFFF	#D3D3D3	-30.95	8.5	16	5650,0
1302	#FFFFFF	#D3D3D3	-30.45	9	16	5650,0
1302	#FFFFFF	#D3D3D3	-30	9.45	16	5650,0
1302	#FFFFFF	#D3D3D3	-29.55	9	16	5650,0
1302	#FFFFFF	#D3D3D3	-30	8.55	16	5650,0
1302	#FFFFFF	#D3D3D3	-30.45	9	16	5650,0
1224	#FFFFFF	#D3D3D3	-29.95	9.5	16	5650,0
1224	#FFFFFF	#D3D3D3	-29.5	9.95	16	5650,0
1224	#FFFFFF	#D3D3D3	-29.05	9.5	16	5650,0
1224	#FFFFFF	#D3D3D3	-29.5	9.05	16	5650,0
1224	#FFFFFF	#D3D3D3	-29.95	9.5	16	5650,0
1158	#FFFFFF	#D3D3D3	-29.45	10	16	5650,0
1158	#FFFFFF	#D3D3D3	-29	10.45	16	5650,0
1158	#FFFFFF	#D3D3D3	-28.55	10	16	5650,0
1158	#FFFFFF	#D3D3D3	-29	9.55	16	5650,0
1158	#FFFFFF	#D3D3D3	-29.45	10	16	5650,0
1125	#FFFFFF	#D3D3D3	-28.95	10.5	16	5650,0
1125	#FFFFFF	#D3D3D3	-28.5	10.95	16	5650,0
1125	#FFFFFF	#D3D3D3	-28.05	10.5	16	5650,0
1125	#FFFFFF	#D3D3D3	-28.5	10.05	16	5650,0
1125	#FFFFFF	#D3D3D3	-28.95	10.5	16	5650,0
1092	#FFFFFF	#D3D3D3	-28.45	11	8	5650,0
1092	#FFFFFF	#D3D3D3	-28	11.45	8	5650,0
1092	#FFFFFF	#D3D3D3	-27.55	11	8	5650,0
1092	#FFFFFF	#D3D3D3	-28	10.55	8	5650,0
1092	#FFFFFF	#D3D3D3	-28.45	11	8	5650,0
1059	#FFFFFF	#D3D3D3	-27.95	11.5	8	5650,0
1059	#FFFFFF	#D3D3D3	-27.5	11.95	8	5650,0
1059	#FFFFFF	#D3D3D3	-27.05	11.5	8	5650,0
1059	#FFFFFF	#D3D3D3	-27.5	11.05	8	5650,0
1059	#FFFFFF	#D3D3D3	-27.95	11.5	8	5650,0
1026	#FFFFFF	#D3D3D3	-27.45	12	16	5650,0
1026	#FFFFFF	#D3D3D3	-27	12.45	16	5650,0
1026	#FFFFFF	#D3D3D3	-26.55	12	16	5650,0
1026	#FFFFFF	#D3D3D3	-27	11.55	16	5650,0
1026	#FFFFFF	#D3D3D3	-27.45	12	16	5650,0
993	#FFFFFF	#D3D3D3	-26.95	12.5	8	5650,0
993	#FFFFFF	#D3D3D3	-26.5	12.95	8	5650,0
993	#FFFFFF	#D3D3D3	-26.05	12.5	8	5650,0
993	#FFFFFF	#D3D3D3	-26.5	12.05	8	5650,0
993	#FFFFFF	#D3D3D3	-26.95	12.5	8	5650,0
959	#FFFFFF	#D3D3D3	-26.45	13	8	5650,0
959	#FFFFFF	#D3D3D3	-26	13.45	8	5650,0
959	#FFFFFF	#D3D3D3	-25.55	13	8	5650,0
959	#FFFFFF	#D3D3D3	-26	12.55	8	5650,0
959	#FFFFFF	#D3D3D3	-26.45	13	8	5650,0
925	#FFFFFF	#D3D3D3	-25.95	13.5	8	5650,0
925	#FFFFFF	#D3D3D3	-25.5	13.95	8	5650,0
925	#FFFFFF	#D3D3D3	-25.05	13.5	8	5650,0
925	#FFFFFF	#D3D3D3	-25.5	13.05	8	5650,0
925	#FFFFFF	#D3D3D3	-25.95	13.5	8	5650,0
892	#FFFFFF	#D3D3D3	-25.45	14	8	5650,0
892	#FFFFFF	#D3D3D3	-25	14.45	8	5650,0
892	#FFFFFF	#D3D3D3	-24.55	14	8	5650,0
892	#FFFFFF	#D3D3D3	-25	13.55	8	5650,0
892	#FFFFFF	#D3D3D3	-25.45	14	8	5650,0
859	#FFFFFF	#D3D3D3	-24.95	14.5	8	5650,0
859	#FFFFFF	#D3D3D3	-24.5	14.95	8	5650,0
859	#FFFFFF	#D3D3D3	-24.05	14.5	8	5650,0
859	#FFFFFF	#D3D3D3	-24.5	14.05	8	5650,0
859	#FFFFFF	#D3D3D3	-24.95	14.5	8	5650,0
827	#FFFFFF	#D3D3D3	-24.45	15	8	5650,0
827	#FFFFFF	#D3D3D3	-24	15.45	8	5650,0
827	#FFFFFF	#D3D3D3	-23.55	15	8	5650,0
827	#FFFFFF	#D3D3D3	-24	14.55	8	5650,0
827	#FFFFFF	#D3D3D3	-24.45	15	8	5650,0
795	#FFFFFF	#D3D3D3	-23.95	15.5	8	5650,0
795	#FFFFFF	#D3D3D3	-23.5	15.95	8	5650,0
795	#FFFFFF	#D3D3D3	-23.05	15.5	8	5650,0
795	#FFFFFF	#D3D3D3	-23.5	15.05	8	5650,0
795	#FFFFFF	#D3D3D3	-23.95	15.5	8	5650,0
764	#FFFFFF	#D3D3D3	-23.45	16	8	5650,0
764	#FFFFFF	#D3D3D3	-23	16.45	8	5650,0
764	#FFFFFF	#D3D3D3	-22.55	16	8	5650,0
764	#FFFFFF	#D3D3D3	-23	15.55	8	5650,0
764	#FFFFFF	#D3D3D3	-23.45	16	8	5650,0
733	#FFFFFF	#D3D3D3	-22.95	16.5	8	5650,0
733	#FFFFFF	#D3D3D3	-22.5	16.95	8	5650,0
733	#FFFFFF	#D3D3D3	-22.05	16.5	8	5650,0
733	#FFFFFF	#D3D3D3	-22.5	16.05	8	5650,0
733	#FFFFFF	#D3D3D3	-22.95	16.5	8	5650,0
703	#FFFFFF	#D3D3D3	-22.45	17	8	5650,0
703	#FFFFFF	#D3D3D3	-22	17.45	8	5650,0
703	#FFFFFF	#D3D3D3	-21.55	17	8	5650,0
703	#FFFFFF	#D3D3D3	-22	16.55	8	5650,0
703	#FFFFFF	#D3D3D3	-22.45	17	8	5650,0
673	#FFFFFF	#D3D3D3	-21.95	17.5	8	5650,0
673	#FFFFFF	#D3D3D3	-21.5	17.95	8	5650,0
673	#FFFFFF	#D3D3D3	-21.05	17.5	8	5650,0
673	#FFFFFF	#D3D3D3	-21.5	17.05	8	5650,0
673	#FFFFFF	#D3D3D3	-21.95	17.5	8	5650,0
644	#FFFFFF	#D3D3D3	-21.45	18	8	5650,0
644	#FFFFFF	#D3D3D3	-21	18.45	8	5650,0
644	#FFFFFF	#D3D3D3	-20.55	18	8	5650,0
644	#FFFFFF	#D3D3D3	-21	17.55	8	5650,0
644	#FFFFFF	#D3D3D3	-21.45	18	8	5650,0
615	#FFFFFF	#D3D3D3	-20.95	18.5	8	5650,0
615	#FFFFFF	#D3D3D3	-20.5	18.95	8	5650,0
615	#FFFFFF	#D3D3D3	-20.05	18.5	8	5650,0
615	#FFFFFF	#D3D3D3	-20.5	18.05	8	5650,0
615	#FFFFFF	#D3D3D3	-20.95	18.5	8	5650,0
587	#FFFFFF	#D3D3D3	-20.45	19	8	5650,0
587	#FFFFFF	#D3D3D3	-20	19.45	8	5650,0
587	#FFFFFF	#D3D3D3	-19.55	19	8	5650,0
587	#FFFFFF	#D3D3D3	-20	18.55	8	5650,0
587	#FFFFFF	#D3D3D3	-20.45	19	8	5650,0
515	#FFFFFF	#D3D3D3	-19.95	19.5	79	5650,0
515	#FFFFFF	#D3D3D3	-19.5	19.95	79	5650,0
515	#FFFFFF	#D3D3D3	-19.05	19.5	79	5650,0
515	#FFFFFF	#D3D3D3	-19.5	19.05	79	5650,0
515	#FFFFFF	#D3D3D3	-19.95	19.5	79	5650,0
489	#FFFFFF	#D3D3D3	-19.45	20	79	5650,0
489	#FFFFFF	#D3D3D3	-19	20.45	79	5650,0
489	#FFFFFF	#D3D3D3	-18.55	20	79	5650,0
489	#FFFFFF	#D3D3D3	-19	19.55	79	5650,0
489	#FFFFFF	#D3D3D3	-19.45	20	79	5650,0
462	#FFFFFF	#D3D3D3	-18.95	20.5	79	5650,0
462	#FFFFFF	#D3D3D3	-18.5	20.95	79	5650,0
462	#FFFFFF	#D3D3D3	-18.05	20.5	79	5650,0
462	#FFFFFF	#D3D3D3	-18.5	20.05	79	5650,0
462	#FFFFFF	#D3D3D3	-18.95	20.5	79	5650,0
436	#FFFFFF	#D3D3D3	-18.45	21	8	5650,0
436	#FFFFFF	#D3D3D3	-18	21.45	8	5650,0
436	#FFFFFF	#D3D3D3	-17.55	21	8	5650,0
436	#FFFFFF	#D3D3D3	-18	20.55	8	5650,0
436	#FFFFFF	#D3D3D3	-18.45	21	8	5650,0
410	#FFFFFF	#D3D3D3	-17.95	21.5	8	5650,0
410	#FFFFFF	#D3D3D3	-17.5	21.95	8	5650,0
410	#FFFFFF	#D3D3D3	-17.05	21.5	8	5650,0
410	#FFFFFF	#D3D3D3	-17.5	21.05	8	5650,0
410	#FFFFFF	#D3D3D3	-17.95	21.5	8	5650,0
385	#FFFFFF	#D3D3D3	-17.45	22	4	5650,0
385	#FFFFFF	#D3D3D3	-17	22.45	4	5650,0
385	#FFFFFF	#D3D3D3	-16.55	22	4	5650,0
385	#FFFFFF	#D3D3D3	-17	21.55	4	5650,0
385	#FFFFFF	#D3D3D3	-17.45	22	4	5650,0
360	#FFFFFF	#D3D3D3	-16.95	22.5	8	5650,0
360	#FFFFFF	#D3D3D3	-16.5	22.95	8	5650,0
360	#FFFFFF	#D3D3D3	-16.05	22.5	8	5650,0
360	#FFFFFF	#D3D3D3	-16.5	22.05	8	5650,0
360	#FFFFFF	#D3D3D3	-16.95	22.5	8	5650,0
336	#FFFFFF	#D3D3D3	-16.45	23	4	5650,0
336	#FFFFFF	#D3D3D3	-16	23.45	4	5650,0
336	#FFFFFF	#D3D3D3	-15.55	23	4	5650,0
336	#FFFFFF	#D3D3D3	-16	22.55	4	5650,0
336	#FFFFFF	#D3D3D3	-16.45	23	4	5650,0
312	#FFFFFF	#D3D3D3	-15.95	23.5	4	5650,0
312	#FFFFFF	#D3D3D3	-15.5	23.95	4	5650,0
312	#FFFFFF	#D3D3D3	-15.05	23.5	4	5650,0
312	#FFFFFF	#D3D3D3	-15.5	23.05	4	5650,0
312	#FFFFFF	#D3D3D3	-15.95	23.5	4	5650,0
1847	#FFFFFF	#D3D3D3	-38.45	0	16	5650,0
1847	#FFFFFF	#D3D3D3	-38	0.45	16	5650,0
1847	#FFFFFF	#D3D3D3	-37.55	0	16	5650,0
1847	#FFFFFF	#D3D3D3	-38	-0.45	16	5650,0
1847	#FFFFFF	#D3D3D3	-38.45	0	16	5650,0
1813	#FFFFFF	#D3D3D3	-37.95	0.5	16	5650,0
1813	#FFFFFF	#D3D3D3	-37.5	0.95	16	5650,0
1813	#FFFFFF	#D3D3D3	-37.05	0.5	16	5650,0
1813	#FFFFFF	#D3D3D3	-37.5	0.05	16	5650,0
1813	#FFFFFF	#D3D3D3	-37.95	0.5	16	5650,0
1779	#FFFFFF	#D3D3D3	-37.45	1	16	5650,0
1779	#FFFFFF	#D3D3D3	-37	1.45	16	5650,0
1779	#FFFFFF	#D3D3D3	-36.55	1	16	5650,0
1779	#FFFFFF	#D3D3D3	-37	0.55	16	5650,0
1779	#FFFFFF	#D3D3D3	-37.45	1	16	5650,0
1744	#FFFFFF	#D3D3D3	-36.95	1.5	16	5650,0
1744	#FFFFFF	#D3D3D3	-36.5	1.95	16	5650,0
1744	#FFFFFF	#D3D3D3	-36.05	1.5	16	5650,0
1744	#FFFFFF	#D3D3D3	-36.5	1.05	16	5650,0
1744	#FFFFFF	#D3D3D3	-36.95	1.5	16	5650,0
1720	#FFFFFF	#D3D3D3	-36.45	2	16	5650,0
1720	#FFFFFF	#D3D3D3	-36	2.45	16	5650,0
1720	#FFFFFF	#D3D3D3	-35.55	2	16	5650,0
1720	#FFFFFF	#D3D3D3	-36	1.55	16	5650,0
1720	#FFFFFF	#D3D3D3	-36.45	2	16	5650,0
1684	#FFFFFF	#D3D3D3	-35.95	2.5	16	5650,0
1684	#FFFFFF	#D3D3D3	-35.5	2.95	16	5650,0
1684	#FFFFFF	#D3D3D3	-35.05	2.5	16	5650,0
1684	#FFFFFF	#D3D3D3	-35.5	2.05	16	5650,0
1684	#FFFFFF	#D3D3D3	-35.95	2.5	16	5650,0
1656	#FFFFFF	#D3D3D3	-35.45	3	16	5650,0
1656	#FFFFFF	#D3D3D3	-35	3.45	16	5650,0
1656	#FFFFFF	#D3D3D3	-34.55	3	16	5650,0
1656	#FFFFFF	#D3D3D3	-35	2.55	16	5650,0
1656	#FFFFFF	#D3D3D3	-35.45	3	16	5650,0
1619	#FFFFFF	#D3D3D3	-34.95	3.5	16	5650,0
1619	#FFFFFF	#D3D3D3	-34.5	3.95	16	5650,0
1619	#FFFFFF	#D3D3D3	-34.05	3.5	16	5650,0
1619	#FFFFFF	#D3D3D3	-34.5	3.05	16	5650,0
1619	#FFFFFF	#D3D3D3	-34.95	3.5	16	5650,0
1592	#FFFFFF	#D3D3D3	-34.45	4	16	5650,0
1592	#FFFFFF	#D3D3D3	-34	4.45	16	5650,0
1592	#FFFFFF	#D3D3D3	-33.55	4	16	5650,0
1592	#FFFFFF	#D3D3D3	-34	3.55	16	5650,0
1592	#FFFFFF	#D3D3D3	-34.45	4	16	5650,0
1554	#FFFFFF	#D3D3D3	-33.95	4.5	16	5650,0
1554	#FFFFFF	#D3D3D3	-33.5	4.95	16	5650,0
1554	#FFFFFF	#D3D3D3	-33.05	4.5	16	5650,0
1554	#FFFFFF	#D3D3D3	-33.5	4.05	16	5650,0
1554	#FFFFFF	#D3D3D3	-33.95	4.5	16	5650,0
1519	#FFFFFF	#D3D3D3	-33.45	5	16	5650,0
1519	#FFFFFF	#D3D3D3	-33	5.45	16	5650,0
1519	#FFFFFF	#D3D3D3	-32.55	5	16	5650,0
1519	#FFFFFF	#D3D3D3	-33	4.55	16	5650,0
1519	#FFFFFF	#D3D3D3	-33.45	5	16	5650,0
1481	#FFFFFF	#D3D3D3	-32.95	5.5	16	5650,0
1481	#FFFFFF	#D3D3D3	-32.5	5.95	16	5650,0
1481	#FFFFFF	#D3D3D3	-32.05	5.5	16	5650,0
1481	#FFFFFF	#D3D3D3	-32.5	5.05	16	5650,0
1481	#FFFFFF	#D3D3D3	-32.95	5.5	16	5650,0
1444	#FFFFFF	#D3D3D3	-32.45	6	16	5650,0
1444	#FFFFFF	#D3D3D3	-32	6.45	16	5650,0
1444	#FFFFFF	#D3D3D3	-31.55	6	16	5650,0
1444	#FFFFFF	#D3D3D3	-32	5.55	16	5650,0
1444	#FFFFFF	#D3D3D3	-32.45	6	16	5650,0
1406	#FFFFFF	#D3D3D3	-31.95	6.5	16	5650,0
1406	#FFFFFF	#D3D3D3	-31.5	6.95	16	5650,0
1406	#FFFFFF	#D3D3D3	-31.05	6.5	16	5650,0
1406	#FFFFFF	#D3D3D3	-31.5	6.05	16	5650,0
1406	#FFFFFF	#D3D3D3	-31.95	6.5	16	5650,0
1371	#FFFFFF	#D3D3D3	-31.45	7	16	5650,0
1371	#FFFFFF	#D3D3D3	-31	7.45	16	5650,0
1371	#FFFFFF	#D3D3D3	-30.55	7	16	5650,0
1371	#FFFFFF	#D3D3D3	-31	6.55	16	5650,0
1371	#FFFFFF	#D3D3D3	-31.45	7	16	5650,0
1335	#FFFFFF	#D3D3D3	-30.95	7.5	16	5650,0
1335	#FFFFFF	#D3D3D3	-30.5	7.95	16	5650,0
1335	#FFFFFF	#D3D3D3	-30.05	7.5	16	5650,0
1335	#FFFFFF	#D3D3D3	-30.5	7.05	16	5650,0
1335	#FFFFFF	#D3D3D3	-30.95	7.5	16	5650,0
1301	#FFFFFF	#D3D3D3	-30.45	8	16	5650,0
1301	#FFFFFF	#D3D3D3	-30	8.45	16	5650,0
1301	#FFFFFF	#D3D3D3	-29.55	8	16	5650,0
1301	#FFFFFF	#D3D3D3	-30	7.55	16	5650,0
1301	#FFFFFF	#D3D3D3	-30.45	8	16	5650,0
1223	#FFFFFF	#D3D3D3	-29.95	8.5	16	5650,0
1223	#FFFFFF	#D3D3D3	-29.5	8.95	16	5650,0
1223	#FFFFFF	#D3D3D3	-29.05	8.5	16	5650,0
1223	#FFFFFF	#D3D3D3	-29.5	8.05	16	5650,0
1223	#FFFFFF	#D3D3D3	-29.95	8.5	16	5650,0
1189	#FFFFFF	#D3D3D3	-29.45	9	16	5650,0
1189	#FFFFFF	#D3D3D3	-29	9.45	16	5650,0
1189	#FFFFFF	#D3D3D3	-28.55	9	16	5650,0
1189	#FFFFFF	#D3D3D3	-29	8.55	16	5650,0
1189	#FFFFFF	#D3D3D3	-29.45	9	16	5650,0
1155	#FFFFFF	#D3D3D3	-28.95	9.5	16	5650,0
1155	#FFFFFF	#D3D3D3	-28.5	9.95	16	5650,0
1155	#FFFFFF	#D3D3D3	-28.05	9.5	16	5650,0
1155	#FFFFFF	#D3D3D3	-28.5	9.05	16	5650,0
1155	#FFFFFF	#D3D3D3	-28.95	9.5	16	5650,0
1091	#FFFFFF	#D3D3D3	-28.45	10	16	5650,0
1091	#FFFFFF	#D3D3D3	-28	10.45	16	5650,0
1091	#FFFFFF	#D3D3D3	-27.55	10	16	5650,0
1091	#FFFFFF	#D3D3D3	-28	9.55	16	5650,0
1091	#FFFFFF	#D3D3D3	-28.45	10	16	5650,0
1058	#FFFFFF	#D3D3D3	-27.95	10.5	8	5650,0
1058	#FFFFFF	#D3D3D3	-27.5	10.95	8	5650,0
1058	#FFFFFF	#D3D3D3	-27.05	10.5	8	5650,0
1058	#FFFFFF	#D3D3D3	-27.5	10.05	8	5650,0
1058	#FFFFFF	#D3D3D3	-27.95	10.5	8	5650,0
1025	#FFFFFF	#D3D3D3	-27.45	11	8	5650,0
1025	#FFFFFF	#D3D3D3	-27	11.45	8	5650,0
1025	#FFFFFF	#D3D3D3	-26.55	11	8	5650,0
1025	#FFFFFF	#D3D3D3	-27	10.55	8	5650,0
1025	#FFFFFF	#D3D3D3	-27.45	11	8	5650,0
992	#FFFFFF	#D3D3D3	-26.95	11.5	16	5650,0
992	#FFFFFF	#D3D3D3	-26.5	11.95	16	5650,0
992	#FFFFFF	#D3D3D3	-26.05	11.5	16	5650,0
992	#FFFFFF	#D3D3D3	-26.5	11.05	16	5650,0
992	#FFFFFF	#D3D3D3	-26.95	11.5	16	5650,0
958	#FFFFFF	#D3D3D3	-26.45	12	8	5650,0
958	#FFFFFF	#D3D3D3	-26	12.45	8	5650,0
958	#FFFFFF	#D3D3D3	-25.55	12	8	5650,0
958	#FFFFFF	#D3D3D3	-26	11.55	8	5650,0
958	#FFFFFF	#D3D3D3	-26.45	12	8	5650,0
924	#FFFFFF	#D3D3D3	-25.95	12.5	8	5650,0
924	#FFFFFF	#D3D3D3	-25.5	12.95	8	5650,0
924	#FFFFFF	#D3D3D3	-25.05	12.5	8	5650,0
924	#FFFFFF	#D3D3D3	-25.5	12.05	8	5650,0
924	#FFFFFF	#D3D3D3	-25.95	12.5	8	5650,0
891	#FFFFFF	#D3D3D3	-25.45	13	8	5650,0
891	#FFFFFF	#D3D3D3	-25	13.45	8	5650,0
891	#FFFFFF	#D3D3D3	-24.55	13	8	5650,0
891	#FFFFFF	#D3D3D3	-25	12.55	8	5650,0
891	#FFFFFF	#D3D3D3	-25.45	13	8	5650,0
858	#FFFFFF	#D3D3D3	-24.95	13.5	8	5650,0
858	#FFFFFF	#D3D3D3	-24.5	13.95	8	5650,0
858	#FFFFFF	#D3D3D3	-24.05	13.5	8	5650,0
858	#FFFFFF	#D3D3D3	-24.5	13.05	8	5650,0
858	#FFFFFF	#D3D3D3	-24.95	13.5	8	5650,0
826	#FFFFFF	#D3D3D3	-24.45	14	8	5650,0
826	#FFFFFF	#D3D3D3	-24	14.45	8	5650,0
826	#FFFFFF	#D3D3D3	-23.55	14	8	5650,0
826	#FFFFFF	#D3D3D3	-24	13.55	8	5650,0
826	#FFFFFF	#D3D3D3	-24.45	14	8	5650,0
794	#FFFFFF	#D3D3D3	-23.95	14.5	8	5650,0
794	#FFFFFF	#D3D3D3	-23.5	14.95	8	5650,0
794	#FFFFFF	#D3D3D3	-23.05	14.5	8	5650,0
794	#FFFFFF	#D3D3D3	-23.5	14.05	8	5650,0
794	#FFFFFF	#D3D3D3	-23.95	14.5	8	5650,0
763	#FFFFFF	#D3D3D3	-23.45	15	8	5650,0
763	#FFFFFF	#D3D3D3	-23	15.45	8	5650,0
763	#FFFFFF	#D3D3D3	-22.55	15	8	5650,0
763	#FFFFFF	#D3D3D3	-23	14.55	8	5650,0
763	#FFFFFF	#D3D3D3	-23.45	15	8	5650,0
732	#FFFFFF	#D3D3D3	-22.95	15.5	8	5650,0
732	#FFFFFF	#D3D3D3	-22.5	15.95	8	5650,0
732	#FFFFFF	#D3D3D3	-22.05	15.5	8	5650,0
732	#FFFFFF	#D3D3D3	-22.5	15.05	8	5650,0
732	#FFFFFF	#D3D3D3	-22.95	15.5	8	5650,0
702	#FFFFFF	#D3D3D3	-22.45	16	8	5650,0
702	#FFFFFF	#D3D3D3	-22	16.45	8	5650,0
702	#FFFFFF	#D3D3D3	-21.55	16	8	5650,0
702	#FFFFFF	#D3D3D3	-22	15.55	8	5650,0
702	#FFFFFF	#D3D3D3	-22.45	16	8	5650,0
672	#FFFFFF	#D3D3D3	-21.95	16.5	8	5650,0
672	#FFFFFF	#D3D3D3	-21.5	16.95	8	5650,0
672	#FFFFFF	#D3D3D3	-21.05	16.5	8	5650,0
672	#FFFFFF	#D3D3D3	-21.5	16.05	8	5650,0
672	#FFFFFF	#D3D3D3	-21.95	16.5	8	5650,0
643	#FFFFFF	#D3D3D3	-21.45	17	8	5650,0
643	#FFFFFF	#D3D3D3	-21	17.45	8	5650,0
643	#FFFFFF	#D3D3D3	-20.55	17	8	5650,0
643	#FFFFFF	#D3D3D3	-21	16.55	8	5650,0
643	#FFFFFF	#D3D3D3	-21.45	17	8	5650,0
614	#FFFFFF	#D3D3D3	-20.95	17.5	8	5650,0
614	#FFFFFF	#D3D3D3	-20.5	17.95	8	5650,0
614	#FFFFFF	#D3D3D3	-20.05	17.5	8	5650,0
614	#FFFFFF	#D3D3D3	-20.5	17.05	8	5650,0
614	#FFFFFF	#D3D3D3	-20.95	17.5	8	5650,0
586	#FFFFFF	#D3D3D3	-20.45	18	8	5650,0
586	#FFFFFF	#D3D3D3	-20	18.45	8	5650,0
586	#FFFFFF	#D3D3D3	-19.55	18	8	5650,0
586	#FFFFFF	#D3D3D3	-20	17.55	8	5650,0
586	#FFFFFF	#D3D3D3	-20.45	18	8	5650,0
514	#FFFFFF	#D3D3D3	-19.95	18.5	8	5650,0
514	#FFFFFF	#D3D3D3	-19.5	18.95	8	5650,0
514	#FFFFFF	#D3D3D3	-19.05	18.5	8	5650,0
514	#FFFFFF	#D3D3D3	-19.5	18.05	8	5650,0
514	#FFFFFF	#D3D3D3	-19.95	18.5	8	5650,0
487	#FFFFFF	#D3D3D3	-19.45	19	8	5650,0
487	#FFFFFF	#D3D3D3	-19	19.45	8	5650,0
487	#FFFFFF	#D3D3D3	-18.55	19	8	5650,0
487	#FFFFFF	#D3D3D3	-19	18.55	8	5650,0
487	#FFFFFF	#D3D3D3	-19.45	19	8	5650,0
460	#FFFFFF	#D3D3D3	-18.95	19.5	79	5650,0
460	#FFFFFF	#D3D3D3	-18.5	19.95	79	5650,0
460	#FFFFFF	#D3D3D3	-18.05	19.5	79	5650,0
460	#FFFFFF	#D3D3D3	-18.5	19.05	79	5650,0
460	#FFFFFF	#D3D3D3	-18.95	19.5	79	5650,0
435	#FFFFFF	#D3D3D3	-18.45	20	8	5650,0
435	#FFFFFF	#D3D3D3	-18	20.45	8	5650,0
435	#FFFFFF	#D3D3D3	-17.55	20	8	5650,0
435	#FFFFFF	#D3D3D3	-18	19.55	8	5650,0
435	#FFFFFF	#D3D3D3	-18.45	20	8	5650,0
409	#FFFFFF	#D3D3D3	-17.95	20.5	8	5650,0
409	#FFFFFF	#D3D3D3	-17.5	20.95	8	5650,0
409	#FFFFFF	#D3D3D3	-17.05	20.5	8	5650,0
409	#FFFFFF	#D3D3D3	-17.5	20.05	8	5650,0
409	#FFFFFF	#D3D3D3	-17.95	20.5	8	5650,0
384	#FFFFFF	#D3D3D3	-17.45	21	8	5650,0
384	#FFFFFF	#D3D3D3	-17	21.45	8	5650,0
384	#FFFFFF	#D3D3D3	-16.55	21	8	5650,0
384	#FFFFFF	#D3D3D3	-17	20.55	8	5650,0
384	#FFFFFF	#D3D3D3	-17.45	21	8	5650,0
359	#FFFFFF	#D3D3D3	-16.95	21.5	8	5650,0
359	#FFFFFF	#D3D3D3	-16.5	21.95	8	5650,0
359	#FFFFFF	#D3D3D3	-16.05	21.5	8	5650,0
359	#FFFFFF	#D3D3D3	-16.5	21.05	8	5650,0
359	#FFFFFF	#D3D3D3	-16.95	21.5	8	5650,0
335	#FFFFFF	#D3D3D3	-16.45	22	8	5650,0
335	#FFFFFF	#D3D3D3	-16	22.45	8	5650,0
335	#FFFFFF	#D3D3D3	-15.55	22	8	5650,0
335	#FFFFFF	#D3D3D3	-16	21.55	8	5650,0
335	#FFFFFF	#D3D3D3	-16.45	22	8	5650,0
311	#FFFFFF	#D3D3D3	-15.95	22.5	4	5650,0
311	#FFFFFF	#D3D3D3	-15.5	22.95	4	5650,0
311	#FFFFFF	#D3D3D3	-15.05	22.5	4	5650,0
311	#FFFFFF	#D3D3D3	-15.5	22.05	4	5650,0
311	#FFFFFF	#D3D3D3	-15.95	22.5	4	5650,0
288	#FFFFFF	#D3D3D3	-15.45	23	4	5650,0
288	#FFFFFF	#D3D3D3	-15	23.45	4	5650,0
288	#FFFFFF	#D3D3D3	-14.55	23	4	5650,0
288	#FFFFFF	#D3D3D3	-15	22.55	4	5650,0
288	#FFFFFF	#D3D3D3	-15.45	23	4	5650,0
1778	#FFFFFF	#D3D3D3	-37.45	0	16	5650,0
1778	#FFFFFF	#D3D3D3	-37	0.45	16	5650,0
1778	#FFFFFF	#D3D3D3	-36.55	0	16	5650,0
1778	#FFFFFF	#D3D3D3	-37	-0.45	16	5650,0
1778	#FFFFFF	#D3D3D3	-37.45	0	16	5650,0
1743	#FFFFFF	#D3D3D3	-36.95	0.5	16	5650,0
1743	#FFFFFF	#D3D3D3	-36.5	0.95	16	5650,0
1743	#FFFFFF	#D3D3D3	-36.05	0.5	16	5650,0
1743	#FFFFFF	#D3D3D3	-36.5	0.05	16	5650,0
1743	#FFFFFF	#D3D3D3	-36.95	0.5	16	5650,0
1709	#FFFFFF	#D3D3D3	-36.45	1	16	5650,0
1709	#FFFFFF	#D3D3D3	-36	1.45	16	5650,0
1709	#FFFFFF	#D3D3D3	-35.55	1	16	5650,0
1709	#FFFFFF	#D3D3D3	-36	0.55	16	5650,0
1709	#FFFFFF	#D3D3D3	-36.45	1	16	5650,0
1673	#FFFFFF	#D3D3D3	-35.95	1.5	16	5650,0
1673	#FFFFFF	#D3D3D3	-35.5	1.95	16	5650,0
1673	#FFFFFF	#D3D3D3	-35.05	1.5	16	5650,0
1673	#FFFFFF	#D3D3D3	-35.5	1.05	16	5650,0
1673	#FFFFFF	#D3D3D3	-35.95	1.5	16	5650,0
1648	#FFFFFF	#D3D3D3	-35.45	2	16	5650,0
1648	#FFFFFF	#D3D3D3	-35	2.45	16	5650,0
1648	#FFFFFF	#D3D3D3	-34.55	2	16	5650,0
1648	#FFFFFF	#D3D3D3	-35	1.55	16	5650,0
1648	#FFFFFF	#D3D3D3	-35.45	2	16	5650,0
1611	#FFFFFF	#D3D3D3	-34.95	2.5	16	5650,0
1611	#FFFFFF	#D3D3D3	-34.5	2.95	16	5650,0
1611	#FFFFFF	#D3D3D3	-34.05	2.5	16	5650,0
1611	#FFFFFF	#D3D3D3	-34.5	2.05	16	5650,0
1611	#FFFFFF	#D3D3D3	-34.95	2.5	16	5650,0
1581	#FFFFFF	#D3D3D3	-34.45	3	16	5650,0
1581	#FFFFFF	#D3D3D3	-34	3.45	16	5650,0
1581	#FFFFFF	#D3D3D3	-33.55	3	16	5650,0
1581	#FFFFFF	#D3D3D3	-34	2.55	16	5650,0
1581	#FFFFFF	#D3D3D3	-34.45	3	16	5650,0
1544	#FFFFFF	#D3D3D3	-33.95	3.5	16	5650,0
1544	#FFFFFF	#D3D3D3	-33.5	3.95	16	5650,0
1544	#FFFFFF	#D3D3D3	-33.05	3.5	16	5650,0
1544	#FFFFFF	#D3D3D3	-33.5	3.05	16	5650,0
1544	#FFFFFF	#D3D3D3	-33.95	3.5	16	5650,0
1517	#FFFFFF	#D3D3D3	-33.45	4	16	5650,0
1517	#FFFFFF	#D3D3D3	-33	4.45	16	5650,0
1517	#FFFFFF	#D3D3D3	-32.55	4	16	5650,0
1517	#FFFFFF	#D3D3D3	-33	3.55	16	5650,0
1517	#FFFFFF	#D3D3D3	-33.45	4	16	5650,0
1479	#FFFFFF	#D3D3D3	-32.95	4.5	16	5650,0
1479	#FFFFFF	#D3D3D3	-32.5	4.95	16	5650,0
1479	#FFFFFF	#D3D3D3	-32.05	4.5	16	5650,0
1479	#FFFFFF	#D3D3D3	-32.5	4.05	16	5650,0
1479	#FFFFFF	#D3D3D3	-32.95	4.5	16	5650,0
1443	#FFFFFF	#D3D3D3	-32.45	5	16	5650,0
1443	#FFFFFF	#D3D3D3	-32	5.45	16	5650,0
1443	#FFFFFF	#D3D3D3	-31.55	5	16	5650,0
1443	#FFFFFF	#D3D3D3	-32	4.55	16	5650,0
1443	#FFFFFF	#D3D3D3	-32.45	5	16	5650,0
1405	#FFFFFF	#D3D3D3	-31.95	5.5	16	5650,0
1405	#FFFFFF	#D3D3D3	-31.5	5.95	16	5650,0
1405	#FFFFFF	#D3D3D3	-31.05	5.5	16	5650,0
1405	#FFFFFF	#D3D3D3	-31.5	5.05	16	5650,0
1405	#FFFFFF	#D3D3D3	-31.95	5.5	16	5650,0
1370	#FFFFFF	#D3D3D3	-31.45	6	16	5650,0
1370	#FFFFFF	#D3D3D3	-31	6.45	16	5650,0
1370	#FFFFFF	#D3D3D3	-30.55	6	16	5650,0
1370	#FFFFFF	#D3D3D3	-31	5.55	16	5650,0
1370	#FFFFFF	#D3D3D3	-31.45	6	16	5650,0
1334	#FFFFFF	#D3D3D3	-30.95	6.5	16	5650,0
1334	#FFFFFF	#D3D3D3	-30.5	6.95	16	5650,0
1334	#FFFFFF	#D3D3D3	-30.05	6.5	16	5650,0
1334	#FFFFFF	#D3D3D3	-30.5	6.05	16	5650,0
1334	#FFFFFF	#D3D3D3	-30.95	6.5	16	5650,0
1300	#FFFFFF	#D3D3D3	-30.45	7	16	5650,0
1300	#FFFFFF	#D3D3D3	-30	7.45	16	5650,0
1300	#FFFFFF	#D3D3D3	-29.55	7	16	5650,0
1300	#FFFFFF	#D3D3D3	-30	6.55	16	5650,0
1300	#FFFFFF	#D3D3D3	-30.45	7	16	5650,0
1222	#FFFFFF	#D3D3D3	-29.95	7.5	16	5650,0
1222	#FFFFFF	#D3D3D3	-29.5	7.95	16	5650,0
1222	#FFFFFF	#D3D3D3	-29.05	7.5	16	5650,0
1222	#FFFFFF	#D3D3D3	-29.5	7.05	16	5650,0
1222	#FFFFFF	#D3D3D3	-29.95	7.5	16	5650,0
1188	#FFFFFF	#D3D3D3	-29.45	8	16	5650,0
1188	#FFFFFF	#D3D3D3	-29	8.45	16	5650,0
1188	#FFFFFF	#D3D3D3	-28.55	8	16	5650,0
1188	#FFFFFF	#D3D3D3	-29	7.55	16	5650,0
1188	#FFFFFF	#D3D3D3	-29.45	8	16	5650,0
1154	#FFFFFF	#D3D3D3	-28.95	8.5	16	5650,0
1154	#FFFFFF	#D3D3D3	-28.5	8.95	16	5650,0
1154	#FFFFFF	#D3D3D3	-28.05	8.5	16	5650,0
1154	#FFFFFF	#D3D3D3	-28.5	8.05	16	5650,0
1154	#FFFFFF	#D3D3D3	-28.95	8.5	16	5650,0
1122	#FFFFFF	#D3D3D3	-28.45	9	16	5650,0
1122	#FFFFFF	#D3D3D3	-28	9.45	16	5650,0
1122	#FFFFFF	#D3D3D3	-27.55	9	16	5650,0
1122	#FFFFFF	#D3D3D3	-28	8.55	16	5650,0
1122	#FFFFFF	#D3D3D3	-28.45	9	16	5650,0
1088	#FFFFFF	#D3D3D3	-27.95	9.5	16	5650,0
1088	#FFFFFF	#D3D3D3	-27.5	9.95	16	5650,0
1088	#FFFFFF	#D3D3D3	-27.05	9.5	16	5650,0
1088	#FFFFFF	#D3D3D3	-27.5	9.05	16	5650,0
1088	#FFFFFF	#D3D3D3	-27.95	9.5	16	5650,0
1024	#FFFFFF	#D3D3D3	-27.45	10	16	5650,0
1024	#FFFFFF	#D3D3D3	-27	10.45	16	5650,0
1024	#FFFFFF	#D3D3D3	-26.55	10	16	5650,0
1024	#FFFFFF	#D3D3D3	-27	9.55	16	5650,0
1024	#FFFFFF	#D3D3D3	-27.45	10	16	5650,0
991	#FFFFFF	#D3D3D3	-26.95	10.5	16	5650,0
991	#FFFFFF	#D3D3D3	-26.5	10.95	16	5650,0
991	#FFFFFF	#D3D3D3	-26.05	10.5	16	5650,0
991	#FFFFFF	#D3D3D3	-26.5	10.05	16	5650,0
991	#FFFFFF	#D3D3D3	-26.95	10.5	16	5650,0
957	#FFFFFF	#D3D3D3	-26.45	11	16	5650,0
957	#FFFFFF	#D3D3D3	-26	11.45	16	5650,0
957	#FFFFFF	#D3D3D3	-25.55	11	16	5650,0
957	#FFFFFF	#D3D3D3	-26	10.55	16	5650,0
957	#FFFFFF	#D3D3D3	-26.45	11	16	5650,0
923	#FFFFFF	#D3D3D3	-25.95	11.5	8	5650,0
923	#FFFFFF	#D3D3D3	-25.5	11.95	8	5650,0
923	#FFFFFF	#D3D3D3	-25.05	11.5	8	5650,0
923	#FFFFFF	#D3D3D3	-25.5	11.05	8	5650,0
923	#FFFFFF	#D3D3D3	-25.95	11.5	8	5650,0
890	#FFFFFF	#D3D3D3	-25.45	12	8	5650,0
890	#FFFFFF	#D3D3D3	-25	12.45	8	5650,0
890	#FFFFFF	#D3D3D3	-24.55	12	8	5650,0
890	#FFFFFF	#D3D3D3	-25	11.55	8	5650,0
890	#FFFFFF	#D3D3D3	-25.45	12	8	5650,0
857	#FFFFFF	#D3D3D3	-24.95	12.5	8	5650,0
857	#FFFFFF	#D3D3D3	-24.5	12.95	8	5650,0
857	#FFFFFF	#D3D3D3	-24.05	12.5	8	5650,0
857	#FFFFFF	#D3D3D3	-24.5	12.05	8	5650,0
857	#FFFFFF	#D3D3D3	-24.95	12.5	8	5650,0
825	#FFFFFF	#D3D3D3	-24.45	13	8	5650,0
825	#FFFFFF	#D3D3D3	-24	13.45	8	5650,0
825	#FFFFFF	#D3D3D3	-23.55	13	8	5650,0
825	#FFFFFF	#D3D3D3	-24	12.55	8	5650,0
825	#FFFFFF	#D3D3D3	-24.45	13	8	5650,0
793	#FFFFFF	#D3D3D3	-23.95	13.5	8	5650,0
793	#FFFFFF	#D3D3D3	-23.5	13.95	8	5650,0
793	#FFFFFF	#D3D3D3	-23.05	13.5	8	5650,0
793	#FFFFFF	#D3D3D3	-23.5	13.05	8	5650,0
793	#FFFFFF	#D3D3D3	-23.95	13.5	8	5650,0
762	#FFFFFF	#D3D3D3	-23.45	14	8	5650,0
762	#FFFFFF	#D3D3D3	-23	14.45	8	5650,0
762	#FFFFFF	#D3D3D3	-22.55	14	8	5650,0
762	#FFFFFF	#D3D3D3	-23	13.55	8	5650,0
762	#FFFFFF	#D3D3D3	-23.45	14	8	5650,0
731	#FFFFFF	#D3D3D3	-22.95	14.5	8	5650,0
731	#FFFFFF	#D3D3D3	-22.5	14.95	8	5650,0
731	#FFFFFF	#D3D3D3	-22.05	14.5	8	5650,0
731	#FFFFFF	#D3D3D3	-22.5	14.05	8	5650,0
731	#FFFFFF	#D3D3D3	-22.95	14.5	8	5650,0
701	#FFFFFF	#D3D3D3	-22.45	15	8	5650,0
701	#FFFFFF	#D3D3D3	-22	15.45	8	5650,0
701	#FFFFFF	#D3D3D3	-21.55	15	8	5650,0
701	#FFFFFF	#D3D3D3	-22	14.55	8	5650,0
701	#FFFFFF	#D3D3D3	-22.45	15	8	5650,0
671	#FFFFFF	#D3D3D3	-21.95	15.5	8	5650,0
671	#FFFFFF	#D3D3D3	-21.5	15.95	8	5650,0
671	#FFFFFF	#D3D3D3	-21.05	15.5	8	5650,0
671	#FFFFFF	#D3D3D3	-21.5	15.05	8	5650,0
671	#FFFFFF	#D3D3D3	-21.95	15.5	8	5650,0
642	#FFFFFF	#D3D3D3	-21.45	16	8	5650,0
642	#FFFFFF	#D3D3D3	-21	16.45	8	5650,0
642	#FFFFFF	#D3D3D3	-20.55	16	8	5650,0
642	#FFFFFF	#D3D3D3	-21	15.55	8	5650,0
642	#FFFFFF	#D3D3D3	-21.45	16	8	5650,0
613	#FFFFFF	#D3D3D3	-20.95	16.5	8	5650,0
613	#FFFFFF	#D3D3D3	-20.5	16.95	8	5650,0
613	#FFFFFF	#D3D3D3	-20.05	16.5	8	5650,0
613	#FFFFFF	#D3D3D3	-20.5	16.05	8	5650,0
613	#FFFFFF	#D3D3D3	-20.95	16.5	8	5650,0
585	#FFFFFF	#D3D3D3	-20.45	17	8	5650,0
585	#FFFFFF	#D3D3D3	-20	17.45	8	5650,0
585	#FFFFFF	#D3D3D3	-19.55	17	8	5650,0
585	#FFFFFF	#D3D3D3	-20	16.55	8	5650,0
585	#FFFFFF	#D3D3D3	-20.45	17	8	5650,0
513	#FFFFFF	#D3D3D3	-19.95	17.5	8	5650,0
513	#FFFFFF	#D3D3D3	-19.5	17.95	8	5650,0
513	#FFFFFF	#D3D3D3	-19.05	17.5	8	5650,0
513	#FFFFFF	#D3D3D3	-19.5	17.05	8	5650,0
513	#FFFFFF	#D3D3D3	-19.95	17.5	8	5650,0
486	#FFFFFF	#D3D3D3	-19.45	18	8	5650,0
486	#FFFFFF	#D3D3D3	-19	18.45	8	5650,0
486	#FFFFFF	#D3D3D3	-18.55	18	8	5650,0
486	#FFFFFF	#D3D3D3	-19	17.55	8	5650,0
486	#FFFFFF	#D3D3D3	-19.45	18	8	5650,0
459	#FFFFFF	#D3D3D3	-18.95	18.5	8	5650,0
459	#FFFFFF	#D3D3D3	-18.5	18.95	8	5650,0
459	#FFFFFF	#D3D3D3	-18.05	18.5	8	5650,0
459	#FFFFFF	#D3D3D3	-18.5	18.05	8	5650,0
459	#FFFFFF	#D3D3D3	-18.95	18.5	8	5650,0
433	#FFFFFF	#D3D3D3	-18.45	19	8	5650,0
433	#FFFFFF	#D3D3D3	-18	19.45	8	5650,0
433	#FFFFFF	#D3D3D3	-17.55	19	8	5650,0
433	#FFFFFF	#D3D3D3	-18	18.55	8	5650,0
433	#FFFFFF	#D3D3D3	-18.45	19	8	5650,0
407	#FFFFFF	#D3D3D3	-17.95	19.5	8	5650,0
407	#FFFFFF	#D3D3D3	-17.5	19.95	8	5650,0
407	#FFFFFF	#D3D3D3	-17.05	19.5	8	5650,0
407	#FFFFFF	#D3D3D3	-17.5	19.05	8	5650,0
407	#FFFFFF	#D3D3D3	-17.95	19.5	8	5650,0
383	#FFFFFF	#D3D3D3	-17.45	20	4	5650,0
383	#FFFFFF	#D3D3D3	-17	20.45	4	5650,0
383	#FFFFFF	#D3D3D3	-16.55	20	4	5650,0
383	#FFFFFF	#D3D3D3	-17	19.55	4	5650,0
383	#FFFFFF	#D3D3D3	-17.45	20	4	5650,0
358	#FFFFFF	#D3D3D3	-16.95	20.5	4	5650,0
358	#FFFFFF	#D3D3D3	-16.5	20.95	4	5650,0
358	#FFFFFF	#D3D3D3	-16.05	20.5	4	5650,0
358	#FFFFFF	#D3D3D3	-16.5	20.05	4	5650,0
358	#FFFFFF	#D3D3D3	-16.95	20.5	4	5650,0
334	#FFFFFF	#D3D3D3	-16.45	21	4	5650,0
334	#FFFFFF	#D3D3D3	-16	21.45	4	5650,0
334	#FFFFFF	#D3D3D3	-15.55	21	4	5650,0
334	#FFFFFF	#D3D3D3	-16	20.55	4	5650,0
334	#FFFFFF	#D3D3D3	-16.45	21	4	5650,0
310	#FFFFFF	#D3D3D3	-15.95	21.5	8	5650,0
310	#FFFFFF	#D3D3D3	-15.5	21.95	8	5650,0
310	#FFFFFF	#D3D3D3	-15.05	21.5	8	5650,0
310	#FFFFFF	#D3D3D3	-15.5	21.05	8	5650,0
310	#FFFFFF	#D3D3D3	-15.95	21.5	8	5650,0
287	#FFFFFF	#D3D3D3	-15.45	22	4	5650,0
287	#FFFFFF	#D3D3D3	-15	22.45	4	5650,0
287	#FFFFFF	#D3D3D3	-14.55	22	4	5650,0
287	#FFFFFF	#D3D3D3	-15	21.55	4	5650,0
287	#FFFFFF	#D3D3D3	-15.45	22	4	5650,0
264	#FFFFFF	#D3D3D3	-14.95	22.5	4	5650,0
264	#FFFFFF	#D3D3D3	-14.5	22.95	4	5650,0
264	#FFFFFF	#D3D3D3	-14.05	22.5	4	5650,0
264	#FFFFFF	#D3D3D3	-14.5	22.05	4	5650,0
264	#FFFFFF	#D3D3D3	-14.95	22.5	4	5650,0
1708	#FFFFFF	#D3D3D3	-36.45	0	16	5650,0
1708	#FFFFFF	#D3D3D3	-36	0.45	16	5650,0
1708	#FFFFFF	#D3D3D3	-35.55	0	16	5650,0
1708	#FFFFFF	#D3D3D3	-36	-0.45	16	5650,0
1708	#FFFFFF	#D3D3D3	-36.45	0	16	5650,0
1672	#FFFFFF	#D3D3D3	-35.95	0.5	16	5650,0
1672	#FFFFFF	#D3D3D3	-35.5	0.95	16	5650,0
1672	#FFFFFF	#D3D3D3	-35.05	0.5	16	5650,0
1672	#FFFFFF	#D3D3D3	-35.5	0.05	16	5650,0
1672	#FFFFFF	#D3D3D3	-35.95	0.5	16	5650,0
1637	#FFFFFF	#D3D3D3	-35.45	1	16	5650,0
1637	#FFFFFF	#D3D3D3	-35	1.45	16	5650,0
1637	#FFFFFF	#D3D3D3	-34.55	1	16	5650,0
1637	#FFFFFF	#D3D3D3	-35	0.55	16	5650,0
1637	#FFFFFF	#D3D3D3	-35.45	1	16	5650,0
1600	#FFFFFF	#D3D3D3	-34.95	1.5	16	5650,0
1600	#FFFFFF	#D3D3D3	-34.5	1.95	16	5650,0
1600	#FFFFFF	#D3D3D3	-34.05	1.5	16	5650,0
1600	#FFFFFF	#D3D3D3	-34.5	1.05	16	5650,0
1600	#FFFFFF	#D3D3D3	-34.95	1.5	16	5650,0
1573	#FFFFFF	#D3D3D3	-34.45	2	16	5650,0
1573	#FFFFFF	#D3D3D3	-34	2.45	16	5650,0
1573	#FFFFFF	#D3D3D3	-33.55	2	16	5650,0
1573	#FFFFFF	#D3D3D3	-34	1.55	16	5650,0
1573	#FFFFFF	#D3D3D3	-34.45	2	16	5650,0
1536	#FFFFFF	#D3D3D3	-33.95	2.5	16	5650,0
1536	#FFFFFF	#D3D3D3	-33.5	2.95	16	5650,0
1536	#FFFFFF	#D3D3D3	-33.05	2.5	16	5650,0
1536	#FFFFFF	#D3D3D3	-33.5	2.05	16	5650,0
1536	#FFFFFF	#D3D3D3	-33.95	2.5	16	5650,0
1507	#FFFFFF	#D3D3D3	-33.45	3	16	5650,0
1507	#FFFFFF	#D3D3D3	-33	3.45	16	5650,0
1507	#FFFFFF	#D3D3D3	-32.55	3	16	5650,0
1507	#FFFFFF	#D3D3D3	-33	2.55	16	5650,0
1507	#FFFFFF	#D3D3D3	-33.45	3	16	5650,0
1469	#FFFFFF	#D3D3D3	-32.95	3.5	16	5650,0
1469	#FFFFFF	#D3D3D3	-32.5	3.95	16	5650,0
1469	#FFFFFF	#D3D3D3	-32.05	3.5	16	5650,0
1469	#FFFFFF	#D3D3D3	-32.5	3.05	16	5650,0
1469	#FFFFFF	#D3D3D3	-32.95	3.5	16	5650,0
1441	#FFFFFF	#D3D3D3	-32.45	4	16	5650,0
1441	#FFFFFF	#D3D3D3	-32	4.45	16	5650,0
1441	#FFFFFF	#D3D3D3	-31.55	4	16	5650,0
1441	#FFFFFF	#D3D3D3	-32	3.55	16	5650,0
1441	#FFFFFF	#D3D3D3	-32.45	4	16	5650,0
1404	#FFFFFF	#D3D3D3	-31.95	4.5	16	5650,0
1404	#FFFFFF	#D3D3D3	-31.5	4.95	16	5650,0
1404	#FFFFFF	#D3D3D3	-31.05	4.5	16	5650,0
1404	#FFFFFF	#D3D3D3	-31.5	4.05	16	5650,0
1404	#FFFFFF	#D3D3D3	-31.95	4.5	16	5650,0
1369	#FFFFFF	#D3D3D3	-31.45	5	16	5650,0
1369	#FFFFFF	#D3D3D3	-31	5.45	16	5650,0
1369	#FFFFFF	#D3D3D3	-30.55	5	16	5650,0
1369	#FFFFFF	#D3D3D3	-31	4.55	16	5650,0
1369	#FFFFFF	#D3D3D3	-31.45	5	16	5650,0
1333	#FFFFFF	#D3D3D3	-30.95	5.5	16	5650,0
1333	#FFFFFF	#D3D3D3	-30.5	5.95	16	5650,0
1333	#FFFFFF	#D3D3D3	-30.05	5.5	16	5650,0
1333	#FFFFFF	#D3D3D3	-30.5	5.05	16	5650,0
1333	#FFFFFF	#D3D3D3	-30.95	5.5	16	5650,0
1299	#FFFFFF	#D3D3D3	-30.45	6	16	5650,0
1299	#FFFFFF	#D3D3D3	-30	6.45	16	5650,0
1299	#FFFFFF	#D3D3D3	-29.55	6	16	5650,0
1299	#FFFFFF	#D3D3D3	-30	5.55	16	5650,0
1299	#FFFFFF	#D3D3D3	-30.45	6	16	5650,0
1221	#FFFFFF	#D3D3D3	-29.95	6.5	16	5650,0
1221	#FFFFFF	#D3D3D3	-29.5	6.95	16	5650,0
1221	#FFFFFF	#D3D3D3	-29.05	6.5	16	5650,0
1221	#FFFFFF	#D3D3D3	-29.5	6.05	16	5650,0
1221	#FFFFFF	#D3D3D3	-29.95	6.5	16	5650,0
1187	#FFFFFF	#D3D3D3	-29.45	7	16	5650,0
1187	#FFFFFF	#D3D3D3	-29	7.45	16	5650,0
1187	#FFFFFF	#D3D3D3	-28.55	7	16	5650,0
1187	#FFFFFF	#D3D3D3	-29	6.55	16	5650,0
1187	#FFFFFF	#D3D3D3	-29.45	7	16	5650,0
1153	#FFFFFF	#D3D3D3	-28.95	7.5	16	5650,0
1153	#FFFFFF	#D3D3D3	-28.5	7.95	16	5650,0
1153	#FFFFFF	#D3D3D3	-28.05	7.5	16	5650,0
1153	#FFFFFF	#D3D3D3	-28.5	7.05	16	5650,0
1153	#FFFFFF	#D3D3D3	-28.95	7.5	16	5650,0
1121	#FFFFFF	#D3D3D3	-28.45	8	16	5650,0
1121	#FFFFFF	#D3D3D3	-28	8.45	16	5650,0
1121	#FFFFFF	#D3D3D3	-27.55	8	16	5650,0
1121	#FFFFFF	#D3D3D3	-28	7.55	16	5650,0
1121	#FFFFFF	#D3D3D3	-28.45	8	16	5650,0
1087	#FFFFFF	#D3D3D3	-27.95	8.5	16	5650,0
1087	#FFFFFF	#D3D3D3	-27.5	8.95	16	5650,0
1087	#FFFFFF	#D3D3D3	-27.05	8.5	16	5650,0
1087	#FFFFFF	#D3D3D3	-27.5	8.05	16	5650,0
1087	#FFFFFF	#D3D3D3	-27.95	8.5	16	5650,0
1055	#FFFFFF	#D3D3D3	-27.45	9	16	5650,0
1055	#FFFFFF	#D3D3D3	-27	9.45	16	5650,0
1055	#FFFFFF	#D3D3D3	-26.55	9	16	5650,0
1055	#FFFFFF	#D3D3D3	-27	8.55	16	5650,0
1055	#FFFFFF	#D3D3D3	-27.45	9	16	5650,0
1021	#FFFFFF	#D3D3D3	-26.95	9.5	8	5650,0
1021	#FFFFFF	#D3D3D3	-26.5	9.95	8	5650,0
1021	#FFFFFF	#D3D3D3	-26.05	9.5	8	5650,0
1021	#FFFFFF	#D3D3D3	-26.5	9.05	8	5650,0
1021	#FFFFFF	#D3D3D3	-26.95	9.5	8	5650,0
956	#FFFFFF	#D3D3D3	-26.45	10	8	5650,0
956	#FFFFFF	#D3D3D3	-26	10.45	8	5650,0
956	#FFFFFF	#D3D3D3	-25.55	10	8	5650,0
956	#FFFFFF	#D3D3D3	-26	9.55	8	5650,0
956	#FFFFFF	#D3D3D3	-26.45	10	8	5650,0
922	#FFFFFF	#D3D3D3	-25.95	10.5	8	5650,0
922	#FFFFFF	#D3D3D3	-25.5	10.95	8	5650,0
922	#FFFFFF	#D3D3D3	-25.05	10.5	8	5650,0
922	#FFFFFF	#D3D3D3	-25.5	10.05	8	5650,0
922	#FFFFFF	#D3D3D3	-25.95	10.5	8	5650,0
889	#FFFFFF	#D3D3D3	-25.45	11	8	5650,0
889	#FFFFFF	#D3D3D3	-25	11.45	8	5650,0
889	#FFFFFF	#D3D3D3	-24.55	11	8	5650,0
889	#FFFFFF	#D3D3D3	-25	10.55	8	5650,0
889	#FFFFFF	#D3D3D3	-25.45	11	8	5650,0
856	#FFFFFF	#D3D3D3	-24.95	11.5	8	5650,0
856	#FFFFFF	#D3D3D3	-24.5	11.95	8	5650,0
856	#FFFFFF	#D3D3D3	-24.05	11.5	8	5650,0
856	#FFFFFF	#D3D3D3	-24.5	11.05	8	5650,0
856	#FFFFFF	#D3D3D3	-24.95	11.5	8	5650,0
824	#FFFFFF	#D3D3D3	-24.45	12	8	5650,0
824	#FFFFFF	#D3D3D3	-24	12.45	8	5650,0
824	#FFFFFF	#D3D3D3	-23.55	12	8	5650,0
824	#FFFFFF	#D3D3D3	-24	11.55	8	5650,0
824	#FFFFFF	#D3D3D3	-24.45	12	8	5650,0
792	#FFFFFF	#D3D3D3	-23.95	12.5	8	5650,0
792	#FFFFFF	#D3D3D3	-23.5	12.95	8	5650,0
792	#FFFFFF	#D3D3D3	-23.05	12.5	8	5650,0
792	#FFFFFF	#D3D3D3	-23.5	12.05	8	5650,0
792	#FFFFFF	#D3D3D3	-23.95	12.5	8	5650,0
761	#FFFFFF	#D3D3D3	-23.45	13	8	5650,0
761	#FFFFFF	#D3D3D3	-23	13.45	8	5650,0
761	#FFFFFF	#D3D3D3	-22.55	13	8	5650,0
761	#FFFFFF	#D3D3D3	-23	12.55	8	5650,0
761	#FFFFFF	#D3D3D3	-23.45	13	8	5650,0
730	#FFFFFF	#D3D3D3	-22.95	13.5	8	5650,0
730	#FFFFFF	#D3D3D3	-22.5	13.95	8	5650,0
730	#FFFFFF	#D3D3D3	-22.05	13.5	8	5650,0
730	#FFFFFF	#D3D3D3	-22.5	13.05	8	5650,0
730	#FFFFFF	#D3D3D3	-22.95	13.5	8	5650,0
700	#FFFFFF	#D3D3D3	-22.45	14	8	5650,0
700	#FFFFFF	#D3D3D3	-22	14.45	8	5650,0
700	#FFFFFF	#D3D3D3	-21.55	14	8	5650,0
700	#FFFFFF	#D3D3D3	-22	13.55	8	5650,0
700	#FFFFFF	#D3D3D3	-22.45	14	8	5650,0
670	#FFFFFF	#D3D3D3	-21.95	14.5	8	5650,0
670	#FFFFFF	#D3D3D3	-21.5	14.95	8	5650,0
670	#FFFFFF	#D3D3D3	-21.05	14.5	8	5650,0
670	#FFFFFF	#D3D3D3	-21.5	14.05	8	5650,0
670	#FFFFFF	#D3D3D3	-21.95	14.5	8	5650,0
641	#FFFFFF	#D3D3D3	-21.45	15	8	5650,0
641	#FFFFFF	#D3D3D3	-21	15.45	8	5650,0
641	#FFFFFF	#D3D3D3	-20.55	15	8	5650,0
641	#FFFFFF	#D3D3D3	-21	14.55	8	5650,0
641	#FFFFFF	#D3D3D3	-21.45	15	8	5650,0
612	#FFFFFF	#D3D3D3	-20.95	15.5	8	5650,0
612	#FFFFFF	#D3D3D3	-20.5	15.95	8	5650,0
612	#FFFFFF	#D3D3D3	-20.05	15.5	8	5650,0
612	#FFFFFF	#D3D3D3	-20.5	15.05	8	5650,0
612	#FFFFFF	#D3D3D3	-20.95	15.5	8	5650,0
584	#FFFFFF	#D3D3D3	-20.45	16	8	5650,0
584	#FFFFFF	#D3D3D3	-20	16.45	8	5650,0
584	#FFFFFF	#D3D3D3	-19.55	16	8	5650,0
584	#FFFFFF	#D3D3D3	-20	15.55	8	5650,0
584	#FFFFFF	#D3D3D3	-20.45	16	8	5650,0
512	#FFFFFF	#D3D3D3	-19.95	16.5	8	5650,0
512	#FFFFFF	#D3D3D3	-19.5	16.95	8	5650,0
512	#FFFFFF	#D3D3D3	-19.05	16.5	8	5650,0
512	#FFFFFF	#D3D3D3	-19.5	16.05	8	5650,0
512	#FFFFFF	#D3D3D3	-19.95	16.5	8	5650,0
485	#FFFFFF	#D3D3D3	-19.45	17	8	5650,0
485	#FFFFFF	#D3D3D3	-19	17.45	8	5650,0
485	#FFFFFF	#D3D3D3	-18.55	17	8	5650,0
485	#FFFFFF	#D3D3D3	-19	16.55	8	5650,0
485	#FFFFFF	#D3D3D3	-19.45	17	8	5650,0
458	#FFFFFF	#D3D3D3	-18.95	17.5	8	5650,0
458	#FFFFFF	#D3D3D3	-18.5	17.95	8	5650,0
458	#FFFFFF	#D3D3D3	-18.05	17.5	8	5650,0
458	#FFFFFF	#D3D3D3	-18.5	17.05	8	5650,0
458	#FFFFFF	#D3D3D3	-18.95	17.5	8	5650,0
432	#FFFFFF	#D3D3D3	-18.45	18	8	5650,0
432	#FFFFFF	#D3D3D3	-18	18.45	8	5650,0
432	#FFFFFF	#D3D3D3	-17.55	18	8	5650,0
432	#FFFFFF	#D3D3D3	-18	17.55	8	5650,0
432	#FFFFFF	#D3D3D3	-18.45	18	8	5650,0
406	#FFFFFF	#D3D3D3	-17.95	18.5	8	5650,0
406	#FFFFFF	#D3D3D3	-17.5	18.95	8	5650,0
406	#FFFFFF	#D3D3D3	-17.05	18.5	8	5650,0
406	#FFFFFF	#D3D3D3	-17.5	18.05	8	5650,0
406	#FFFFFF	#D3D3D3	-17.95	18.5	8	5650,0
381	#FFFFFF	#D3D3D3	-17.45	19	8	5650,0
381	#FFFFFF	#D3D3D3	-17	19.45	8	5650,0
381	#FFFFFF	#D3D3D3	-16.55	19	8	5650,0
381	#FFFFFF	#D3D3D3	-17	18.55	8	5650,0
381	#FFFFFF	#D3D3D3	-17.45	19	8	5650,0
356	#FFFFFF	#D3D3D3	-16.95	19.5	8	5650,0
356	#FFFFFF	#D3D3D3	-16.5	19.95	8	5650,0
356	#FFFFFF	#D3D3D3	-16.05	19.5	8	5650,0
356	#FFFFFF	#D3D3D3	-16.5	19.05	8	5650,0
356	#FFFFFF	#D3D3D3	-16.95	19.5	8	5650,0
333	#FFFFFF	#D3D3D3	-16.45	20	4	5650,0
333	#FFFFFF	#D3D3D3	-16	20.45	4	5650,0
333	#FFFFFF	#D3D3D3	-15.55	20	4	5650,0
333	#FFFFFF	#D3D3D3	-16	19.55	4	5650,0
333	#FFFFFF	#D3D3D3	-16.45	20	4	5650,0
309	#FFFFFF	#D3D3D3	-15.95	20.5	4	5650,0
309	#FFFFFF	#D3D3D3	-15.5	20.95	4	5650,0
309	#FFFFFF	#D3D3D3	-15.05	20.5	4	5650,0
309	#FFFFFF	#D3D3D3	-15.5	20.05	4	5650,0
309	#FFFFFF	#D3D3D3	-15.95	20.5	4	5650,0
286	#FFFFFF	#D3D3D3	-15.45	21	4	5650,0
286	#FFFFFF	#D3D3D3	-15	21.45	4	5650,0
286	#FFFFFF	#D3D3D3	-14.55	21	4	5650,0
286	#FFFFFF	#D3D3D3	-15	20.55	4	5650,0
286	#FFFFFF	#D3D3D3	-15.45	21	4	5650,0
263	#FFFFFF	#D3D3D3	-14.95	21.5	4	5650,0
263	#FFFFFF	#D3D3D3	-14.5	21.95	4	5650,0
263	#FFFFFF	#D3D3D3	-14.05	21.5	4	5650,0
263	#FFFFFF	#D3D3D3	-14.5	21.05	4	5650,0
263	#FFFFFF	#D3D3D3	-14.95	21.5	4	5650,0
241	#FFFFFF	#D3D3D3	-14.45	22	4	5650,0
241	#FFFFFF	#D3D3D3	-14	22.45	4	5650,0
241	#FFFFFF	#D3D3D3	-13.55	22	4	5650,0
241	#FFFFFF	#D3D3D3	-14	21.55	4	5650,0
241	#FFFFFF	#D3D3D3	-14.45	22	4	5650,0
1636	#FFFFFF	#D3D3D3	-35.45	0	16	5650,0
1636	#FFFFFF	#D3D3D3	-35	0.45	16	5650,0
1636	#FFFFFF	#D3D3D3	-34.55	0	16	5650,0
1636	#FFFFFF	#D3D3D3	-35	-0.45	16	5650,0
1636	#FFFFFF	#D3D3D3	-35.45	0	16	5650,0
1599	#FFFFFF	#D3D3D3	-34.95	0.5	16	5650,0
1599	#FFFFFF	#D3D3D3	-34.5	0.95	16	5650,0
1599	#FFFFFF	#D3D3D3	-34.05	0.5	16	5650,0
1599	#FFFFFF	#D3D3D3	-34.5	0.05	16	5650,0
1599	#FFFFFF	#D3D3D3	-34.95	0.5	16	5650,0
1562	#FFFFFF	#D3D3D3	-34.45	1	16	5650,0
1562	#FFFFFF	#D3D3D3	-34	1.45	16	5650,0
1562	#FFFFFF	#D3D3D3	-33.55	1	16	5650,0
1562	#FFFFFF	#D3D3D3	-34	0.55	16	5650,0
1562	#FFFFFF	#D3D3D3	-34.45	1	16	5650,0
1525	#FFFFFF	#D3D3D3	-33.95	1.5	16	5650,0
1525	#FFFFFF	#D3D3D3	-33.5	1.95	16	5650,0
1525	#FFFFFF	#D3D3D3	-33.05	1.5	16	5650,0
1525	#FFFFFF	#D3D3D3	-33.5	1.05	16	5650,0
1525	#FFFFFF	#D3D3D3	-33.95	1.5	16	5650,0
1498	#FFFFFF	#D3D3D3	-33.45	2	16	5650,0
1498	#FFFFFF	#D3D3D3	-33	2.45	16	5650,0
1498	#FFFFFF	#D3D3D3	-32.55	2	16	5650,0
1498	#FFFFFF	#D3D3D3	-33	1.55	16	5650,0
1498	#FFFFFF	#D3D3D3	-33.45	2	16	5650,0
1460	#FFFFFF	#D3D3D3	-32.95	2.5	16	5650,0
1460	#FFFFFF	#D3D3D3	-32.5	2.95	16	5650,0
1460	#FFFFFF	#D3D3D3	-32.05	2.5	16	5650,0
1460	#FFFFFF	#D3D3D3	-32.5	2.05	16	5650,0
1460	#FFFFFF	#D3D3D3	-32.95	2.5	16	5650,0
1432	#FFFFFF	#D3D3D3	-32.45	3	16	5650,0
1432	#FFFFFF	#D3D3D3	-32	3.45	16	5650,0
1432	#FFFFFF	#D3D3D3	-31.55	3	16	5650,0
1432	#FFFFFF	#D3D3D3	-32	2.55	16	5650,0
1432	#FFFFFF	#D3D3D3	-32.45	3	16	5650,0
1396	#FFFFFF	#D3D3D3	-31.95	3.5	16	5650,0
1396	#FFFFFF	#D3D3D3	-31.5	3.95	16	5650,0
1396	#FFFFFF	#D3D3D3	-31.05	3.5	16	5650,0
1396	#FFFFFF	#D3D3D3	-31.5	3.05	16	5650,0
1396	#FFFFFF	#D3D3D3	-31.95	3.5	16	5650,0
1368	#FFFFFF	#D3D3D3	-31.45	4	16	5650,0
1368	#FFFFFF	#D3D3D3	-31	4.45	16	5650,0
1368	#FFFFFF	#D3D3D3	-30.55	4	16	5650,0
1368	#FFFFFF	#D3D3D3	-31	3.55	16	5650,0
1368	#FFFFFF	#D3D3D3	-31.45	4	16	5650,0
1332	#FFFFFF	#D3D3D3	-30.95	4.5	16	5650,0
1332	#FFFFFF	#D3D3D3	-30.5	4.95	16	5650,0
1332	#FFFFFF	#D3D3D3	-30.05	4.5	16	5650,0
1332	#FFFFFF	#D3D3D3	-30.5	4.05	16	5650,0
1332	#FFFFFF	#D3D3D3	-30.95	4.5	16	5650,0
1298	#FFFFFF	#D3D3D3	-30.45	5	16	5650,0
1298	#FFFFFF	#D3D3D3	-30	5.45	16	5650,0
1298	#FFFFFF	#D3D3D3	-29.55	5	16	5650,0
1298	#FFFFFF	#D3D3D3	-30	4.55	16	5650,0
1298	#FFFFFF	#D3D3D3	-30.45	5	16	5650,0
1220	#FFFFFF	#D3D3D3	-29.95	5.5	16	5650,0
1220	#FFFFFF	#D3D3D3	-29.5	5.95	16	5650,0
1220	#FFFFFF	#D3D3D3	-29.05	5.5	16	5650,0
1220	#FFFFFF	#D3D3D3	-29.5	5.05	16	5650,0
1220	#FFFFFF	#D3D3D3	-29.95	5.5	16	5650,0
1186	#FFFFFF	#D3D3D3	-29.45	6	16	5650,0
1186	#FFFFFF	#D3D3D3	-29	6.45	16	5650,0
1186	#FFFFFF	#D3D3D3	-28.55	6	16	5650,0
1186	#FFFFFF	#D3D3D3	-29	5.55	16	5650,0
1186	#FFFFFF	#D3D3D3	-29.45	6	16	5650,0
1152	#FFFFFF	#D3D3D3	-28.95	6.5	16	5650,0
1152	#FFFFFF	#D3D3D3	-28.5	6.95	16	5650,0
1152	#FFFFFF	#D3D3D3	-28.05	6.5	16	5650,0
1152	#FFFFFF	#D3D3D3	-28.5	6.05	16	5650,0
1152	#FFFFFF	#D3D3D3	-28.95	6.5	16	5650,0
1120	#FFFFFF	#D3D3D3	-28.45	7	16	5650,0
1120	#FFFFFF	#D3D3D3	-28	7.45	16	5650,0
1120	#FFFFFF	#D3D3D3	-27.55	7	16	5650,0
1120	#FFFFFF	#D3D3D3	-28	6.55	16	5650,0
1120	#FFFFFF	#D3D3D3	-28.45	7	16	5650,0
1086	#FFFFFF	#D3D3D3	-27.95	7.5	16	5650,0
1086	#FFFFFF	#D3D3D3	-27.5	7.95	16	5650,0
1086	#FFFFFF	#D3D3D3	-27.05	7.5	16	5650,0
1086	#FFFFFF	#D3D3D3	-27.5	7.05	16	5650,0
1086	#FFFFFF	#D3D3D3	-27.95	7.5	16	5650,0
1054	#FFFFFF	#D3D3D3	-27.45	8	16	5650,0
1054	#FFFFFF	#D3D3D3	-27	8.45	16	5650,0
1054	#FFFFFF	#D3D3D3	-26.55	8	16	5650,0
1054	#FFFFFF	#D3D3D3	-27	7.55	16	5650,0
1054	#FFFFFF	#D3D3D3	-27.45	8	16	5650,0
1020	#FFFFFF	#D3D3D3	-26.95	8.5	16	5650,0
1020	#FFFFFF	#D3D3D3	-26.5	8.95	16	5650,0
1020	#FFFFFF	#D3D3D3	-26.05	8.5	16	5650,0
1020	#FFFFFF	#D3D3D3	-26.5	8.05	16	5650,0
1020	#FFFFFF	#D3D3D3	-26.95	8.5	16	5650,0
988	#FFFFFF	#D3D3D3	-26.45	9	16	5650,0
988	#FFFFFF	#D3D3D3	-26	9.45	16	5650,0
988	#FFFFFF	#D3D3D3	-25.55	9	16	5650,0
988	#FFFFFF	#D3D3D3	-26	8.55	16	5650,0
988	#FFFFFF	#D3D3D3	-26.45	9	16	5650,0
953	#FFFFFF	#D3D3D3	-25.95	9.5	16	5650,0
953	#FFFFFF	#D3D3D3	-25.5	9.95	16	5650,0
953	#FFFFFF	#D3D3D3	-25.05	9.5	16	5650,0
953	#FFFFFF	#D3D3D3	-25.5	9.05	16	5650,0
953	#FFFFFF	#D3D3D3	-25.95	9.5	16	5650,0
888	#FFFFFF	#D3D3D3	-25.45	10	16	5650,0
888	#FFFFFF	#D3D3D3	-25	10.45	16	5650,0
888	#FFFFFF	#D3D3D3	-24.55	10	16	5650,0
888	#FFFFFF	#D3D3D3	-25	9.55	16	5650,0
888	#FFFFFF	#D3D3D3	-25.45	10	16	5650,0
855	#FFFFFF	#D3D3D3	-24.95	10.5	16	5650,0
855	#FFFFFF	#D3D3D3	-24.5	10.95	16	5650,0
855	#FFFFFF	#D3D3D3	-24.05	10.5	16	5650,0
855	#FFFFFF	#D3D3D3	-24.5	10.05	16	5650,0
855	#FFFFFF	#D3D3D3	-24.95	10.5	16	5650,0
823	#FFFFFF	#D3D3D3	-24.45	11	8	5650,0
823	#FFFFFF	#D3D3D3	-24	11.45	8	5650,0
823	#FFFFFF	#D3D3D3	-23.55	11	8	5650,0
823	#FFFFFF	#D3D3D3	-24	10.55	8	5650,0
823	#FFFFFF	#D3D3D3	-24.45	11	8	5650,0
791	#FFFFFF	#D3D3D3	-23.95	11.5	8	5650,0
791	#FFFFFF	#D3D3D3	-23.5	11.95	8	5650,0
791	#FFFFFF	#D3D3D3	-23.05	11.5	8	5650,0
791	#FFFFFF	#D3D3D3	-23.5	11.05	8	5650,0
791	#FFFFFF	#D3D3D3	-23.95	11.5	8	5650,0
760	#FFFFFF	#D3D3D3	-23.45	12	8	5650,0
760	#FFFFFF	#D3D3D3	-23	12.45	8	5650,0
760	#FFFFFF	#D3D3D3	-22.55	12	8	5650,0
760	#FFFFFF	#D3D3D3	-23	11.55	8	5650,0
760	#FFFFFF	#D3D3D3	-23.45	12	8	5650,0
729	#FFFFFF	#D3D3D3	-22.95	12.5	8	5650,0
729	#FFFFFF	#D3D3D3	-22.5	12.95	8	5650,0
729	#FFFFFF	#D3D3D3	-22.05	12.5	8	5650,0
729	#FFFFFF	#D3D3D3	-22.5	12.05	8	5650,0
729	#FFFFFF	#D3D3D3	-22.95	12.5	8	5650,0
699	#FFFFFF	#D3D3D3	-22.45	13	4	5650,0
699	#FFFFFF	#D3D3D3	-22	13.45	4	5650,0
699	#FFFFFF	#D3D3D3	-21.55	13	4	5650,0
699	#FFFFFF	#D3D3D3	-22	12.55	4	5650,0
699	#FFFFFF	#D3D3D3	-22.45	13	4	5650,0
669	#FFFFFF	#D3D3D3	-21.95	13.5	8	5650,0
669	#FFFFFF	#D3D3D3	-21.5	13.95	8	5650,0
669	#FFFFFF	#D3D3D3	-21.05	13.5	8	5650,0
669	#FFFFFF	#D3D3D3	-21.5	13.05	8	5650,0
669	#FFFFFF	#D3D3D3	-21.95	13.5	8	5650,0
640	#FFFFFF	#D3D3D3	-21.45	14	8	5650,0
640	#FFFFFF	#D3D3D3	-21	14.45	8	5650,0
640	#FFFFFF	#D3D3D3	-20.55	14	8	5650,0
640	#FFFFFF	#D3D3D3	-21	13.55	8	5650,0
640	#FFFFFF	#D3D3D3	-21.45	14	8	5650,0
611	#FFFFFF	#D3D3D3	-20.95	14.5	8	5650,0
611	#FFFFFF	#D3D3D3	-20.5	14.95	8	5650,0
611	#FFFFFF	#D3D3D3	-20.05	14.5	8	5650,0
611	#FFFFFF	#D3D3D3	-20.5	14.05	8	5650,0
611	#FFFFFF	#D3D3D3	-20.95	14.5	8	5650,0
583	#FFFFFF	#D3D3D3	-20.45	15	8	5650,0
583	#FFFFFF	#D3D3D3	-20	15.45	8	5650,0
583	#FFFFFF	#D3D3D3	-19.55	15	8	5650,0
583	#FFFFFF	#D3D3D3	-20	14.55	8	5650,0
583	#FFFFFF	#D3D3D3	-20.45	15	8	5650,0
511	#FFFFFF	#D3D3D3	-19.95	15.5	8	5650,0
511	#FFFFFF	#D3D3D3	-19.5	15.95	8	5650,0
511	#FFFFFF	#D3D3D3	-19.05	15.5	8	5650,0
511	#FFFFFF	#D3D3D3	-19.5	15.05	8	5650,0
511	#FFFFFF	#D3D3D3	-19.95	15.5	8	5650,0
484	#FFFFFF	#D3D3D3	-19.45	16	8	5650,0
484	#FFFFFF	#D3D3D3	-19	16.45	8	5650,0
484	#FFFFFF	#D3D3D3	-18.55	16	8	5650,0
484	#FFFFFF	#D3D3D3	-19	15.55	8	5650,0
484	#FFFFFF	#D3D3D3	-19.45	16	8	5650,0
457	#FFFFFF	#D3D3D3	-18.95	16.5	8	5650,0
457	#FFFFFF	#D3D3D3	-18.5	16.95	8	5650,0
457	#FFFFFF	#D3D3D3	-18.05	16.5	8	5650,0
457	#FFFFFF	#D3D3D3	-18.5	16.05	8	5650,0
457	#FFFFFF	#D3D3D3	-18.95	16.5	8	5650,0
431	#FFFFFF	#D3D3D3	-18.45	17	8	5650,0
431	#FFFFFF	#D3D3D3	-18	17.45	8	5650,0
431	#FFFFFF	#D3D3D3	-17.55	17	8	5650,0
431	#FFFFFF	#D3D3D3	-18	16.55	8	5650,0
431	#FFFFFF	#D3D3D3	-18.45	17	8	5650,0
405	#FFFFFF	#D3D3D3	-17.95	17.5	8	5650,0
405	#FFFFFF	#D3D3D3	-17.5	17.95	8	5650,0
405	#FFFFFF	#D3D3D3	-17.05	17.5	8	5650,0
405	#FFFFFF	#D3D3D3	-17.5	17.05	8	5650,0
405	#FFFFFF	#D3D3D3	-17.95	17.5	8	5650,0
380	#FFFFFF	#D3D3D3	-17.45	18	8	5650,0
380	#FFFFFF	#D3D3D3	-17	18.45	8	5650,0
380	#FFFFFF	#D3D3D3	-16.55	18	8	5650,0
380	#FFFFFF	#D3D3D3	-17	17.55	8	5650,0
380	#FFFFFF	#D3D3D3	-17.45	18	8	5650,0
355	#FFFFFF	#D3D3D3	-16.95	18.5	8	5650,0
355	#FFFFFF	#D3D3D3	-16.5	18.95	8	5650,0
355	#FFFFFF	#D3D3D3	-16.05	18.5	8	5650,0
355	#FFFFFF	#D3D3D3	-16.5	18.05	8	5650,0
355	#FFFFFF	#D3D3D3	-16.95	18.5	8	5650,0
331	#FFFFFF	#D3D3D3	-16.45	19	8	5650,0
331	#FFFFFF	#D3D3D3	-16	19.45	8	5650,0
331	#FFFFFF	#D3D3D3	-15.55	19	8	5650,0
331	#FFFFFF	#D3D3D3	-16	18.55	8	5650,0
331	#FFFFFF	#D3D3D3	-16.45	19	8	5650,0
307	#FFFFFF	#D3D3D3	-15.95	19.5	8	5650,0
307	#FFFFFF	#D3D3D3	-15.5	19.95	8	5650,0
307	#FFFFFF	#D3D3D3	-15.05	19.5	8	5650,0
307	#FFFFFF	#D3D3D3	-15.5	19.05	8	5650,0
307	#FFFFFF	#D3D3D3	-15.95	19.5	8	5650,0
285	#FFFFFF	#D3D3D3	-15.45	20	8	5650,0
285	#FFFFFF	#D3D3D3	-15	20.45	8	5650,0
285	#FFFFFF	#D3D3D3	-14.55	20	8	5650,0
285	#FFFFFF	#D3D3D3	-15	19.55	8	5650,0
285	#FFFFFF	#D3D3D3	-15.45	20	8	5650,0
262	#FFFFFF	#D3D3D3	-14.95	20.5	8	5650,0
262	#FFFFFF	#D3D3D3	-14.5	20.95	8	5650,0
262	#FFFFFF	#D3D3D3	-14.05	20.5	8	5650,0
262	#FFFFFF	#D3D3D3	-14.5	20.05	8	5650,0
262	#FFFFFF	#D3D3D3	-14.95	20.5	8	5650,0
240	#FFFFFF	#D3D3D3	-14.45	21	4	5650,0
240	#FFFFFF	#D3D3D3	-14	21.45	4	5650,0
240	#FFFFFF	#D3D3D3	-13.55	21	4	5650,0
240	#FFFFFF	#D3D3D3	-14	20.55	4	5650,0
240	#FFFFFF	#D3D3D3	-14.45	21	4	5650,0
218	#FFFFFF	#D3D3D3	-13.95	21.5	4	5650,0
218	#FFFFFF	#D3D3D3	-13.5	21.95	4	5650,0
218	#FFFFFF	#D3D3D3	-13.05	21.5	4	5650,0
218	#FFFFFF	#D3D3D3	-13.5	21.05	4	5650,0
218	#FFFFFF	#D3D3D3	-13.95	21.5	4	5650,0
1561	#FFFFFF	#D3D3D3	-34.45	0	16	5650,0
1561	#FFFFFF	#D3D3D3	-34	0.45	16	5650,0
1561	#FFFFFF	#D3D3D3	-33.55	0	16	5650,0
1561	#FFFFFF	#D3D3D3	-34	-0.45	16	5650,0
1561	#FFFFFF	#D3D3D3	-34.45	0	16	5650,0
1524	#FFFFFF	#D3D3D3	-33.95	0.5	16	5650,0
1524	#FFFFFF	#D3D3D3	-33.5	0.95	16	5650,0
1524	#FFFFFF	#D3D3D3	-33.05	0.5	16	5650,0
1524	#FFFFFF	#D3D3D3	-33.5	0.05	16	5650,0
1524	#FFFFFF	#D3D3D3	-33.95	0.5	16	5650,0
1487	#FFFFFF	#D3D3D3	-33.45	1	16	5650,0
1487	#FFFFFF	#D3D3D3	-33	1.45	16	5650,0
1487	#FFFFFF	#D3D3D3	-32.55	1	16	5650,0
1487	#FFFFFF	#D3D3D3	-33	0.55	16	5650,0
1487	#FFFFFF	#D3D3D3	-33.45	1	16	5650,0
1449	#FFFFFF	#D3D3D3	-32.95	1.5	16	5650,0
1449	#FFFFFF	#D3D3D3	-32.5	1.95	16	5650,0
1449	#FFFFFF	#D3D3D3	-32.05	1.5	16	5650,0
1449	#FFFFFF	#D3D3D3	-32.5	1.05	16	5650,0
1449	#FFFFFF	#D3D3D3	-32.95	1.5	16	5650,0
1422	#FFFFFF	#D3D3D3	-32.45	2	16	5650,0
1422	#FFFFFF	#D3D3D3	-32	2.45	16	5650,0
1422	#FFFFFF	#D3D3D3	-31.55	2	16	5650,0
1422	#FFFFFF	#D3D3D3	-32	1.55	16	5650,0
1422	#FFFFFF	#D3D3D3	-32.45	2	16	5650,0
1386	#FFFFFF	#D3D3D3	-31.95	2.5	16	5650,0
1386	#FFFFFF	#D3D3D3	-31.5	2.95	16	5650,0
1386	#FFFFFF	#D3D3D3	-31.05	2.5	16	5650,0
1386	#FFFFFF	#D3D3D3	-31.5	2.05	16	5650,0
1386	#FFFFFF	#D3D3D3	-31.95	2.5	16	5650,0
1361	#FFFFFF	#D3D3D3	-31.45	3	16	5650,0
1361	#FFFFFF	#D3D3D3	-31	3.45	16	5650,0
1361	#FFFFFF	#D3D3D3	-30.55	3	16	5650,0
1361	#FFFFFF	#D3D3D3	-31	2.55	16	5650,0
1361	#FFFFFF	#D3D3D3	-31.45	3	16	5650,0
1326	#FFFFFF	#D3D3D3	-30.95	3.5	16	5650,0
1326	#FFFFFF	#D3D3D3	-30.5	3.95	16	5650,0
1326	#FFFFFF	#D3D3D3	-30.05	3.5	16	5650,0
1326	#FFFFFF	#D3D3D3	-30.5	3.05	16	5650,0
1326	#FFFFFF	#D3D3D3	-30.95	3.5	16	5650,0
1297	#FFFFFF	#D3D3D3	-30.45	4	16	5650,0
1297	#FFFFFF	#D3D3D3	-30	4.45	16	5650,0
1297	#FFFFFF	#D3D3D3	-29.55	4	16	5650,0
1297	#FFFFFF	#D3D3D3	-30	3.55	16	5650,0
1297	#FFFFFF	#D3D3D3	-30.45	4	16	5650,0
1219	#FFFFFF	#D3D3D3	-29.95	4.5	16	5650,0
1219	#FFFFFF	#D3D3D3	-29.5	4.95	16	5650,0
1219	#FFFFFF	#D3D3D3	-29.05	4.5	16	5650,0
1219	#FFFFFF	#D3D3D3	-29.5	4.05	16	5650,0
1219	#FFFFFF	#D3D3D3	-29.95	4.5	16	5650,0
1185	#FFFFFF	#D3D3D3	-29.45	5	16	5650,0
1185	#FFFFFF	#D3D3D3	-29	5.45	16	5650,0
1185	#FFFFFF	#D3D3D3	-28.55	5	16	5650,0
1185	#FFFFFF	#D3D3D3	-29	4.55	16	5650,0
1185	#FFFFFF	#D3D3D3	-29.45	5	16	5650,0
1151	#FFFFFF	#D3D3D3	-28.95	5.5	16	5650,0
1151	#FFFFFF	#D3D3D3	-28.5	5.95	16	5650,0
1151	#FFFFFF	#D3D3D3	-28.05	5.5	16	5650,0
1151	#FFFFFF	#D3D3D3	-28.5	5.05	16	5650,0
1151	#FFFFFF	#D3D3D3	-28.95	5.5	16	5650,0
1119	#FFFFFF	#D3D3D3	-28.45	6	16	5650,0
1119	#FFFFFF	#D3D3D3	-28	6.45	16	5650,0
1119	#FFFFFF	#D3D3D3	-27.55	6	16	5650,0
1119	#FFFFFF	#D3D3D3	-28	5.55	16	5650,0
1119	#FFFFFF	#D3D3D3	-28.45	6	16	5650,0
1085	#FFFFFF	#D3D3D3	-27.95	6.5	16	5650,0
1085	#FFFFFF	#D3D3D3	-27.5	6.95	16	5650,0
1085	#FFFFFF	#D3D3D3	-27.05	6.5	16	5650,0
1085	#FFFFFF	#D3D3D3	-27.5	6.05	16	5650,0
1085	#FFFFFF	#D3D3D3	-27.95	6.5	16	5650,0
1053	#FFFFFF	#D3D3D3	-27.45	7	16	5650,0
1053	#FFFFFF	#D3D3D3	-27	7.45	16	5650,0
1053	#FFFFFF	#D3D3D3	-26.55	7	16	5650,0
1053	#FFFFFF	#D3D3D3	-27	6.55	16	5650,0
1053	#FFFFFF	#D3D3D3	-27.45	7	16	5650,0
1019	#FFFFFF	#D3D3D3	-26.95	7.5	16	5650,0
1019	#FFFFFF	#D3D3D3	-26.5	7.95	16	5650,0
1019	#FFFFFF	#D3D3D3	-26.05	7.5	16	5650,0
1019	#FFFFFF	#D3D3D3	-26.5	7.05	16	5650,0
1019	#FFFFFF	#D3D3D3	-26.95	7.5	16	5650,0
987	#FFFFFF	#D3D3D3	-26.45	8	16	5650,0
987	#FFFFFF	#D3D3D3	-26	8.45	16	5650,0
987	#FFFFFF	#D3D3D3	-25.55	8	16	5650,0
987	#FFFFFF	#D3D3D3	-26	7.55	16	5650,0
987	#FFFFFF	#D3D3D3	-26.45	8	16	5650,0
952	#FFFFFF	#D3D3D3	-25.95	8.5	16	5650,0
952	#FFFFFF	#D3D3D3	-25.5	8.95	16	5650,0
952	#FFFFFF	#D3D3D3	-25.05	8.5	16	5650,0
952	#FFFFFF	#D3D3D3	-25.5	8.05	16	5650,0
952	#FFFFFF	#D3D3D3	-25.95	8.5	16	5650,0
919	#FFFFFF	#D3D3D3	-25.45	9	16	5650,0
919	#FFFFFF	#D3D3D3	-25	9.45	16	5650,0
919	#FFFFFF	#D3D3D3	-24.55	9	16	5650,0
919	#FFFFFF	#D3D3D3	-25	8.55	16	5650,0
919	#FFFFFF	#D3D3D3	-25.45	9	16	5650,0
885	#FFFFFF	#D3D3D3	-24.95	9.5	16	5650,0
885	#FFFFFF	#D3D3D3	-24.5	9.95	16	5650,0
885	#FFFFFF	#D3D3D3	-24.05	9.5	16	5650,0
885	#FFFFFF	#D3D3D3	-24.5	9.05	16	5650,0
885	#FFFFFF	#D3D3D3	-24.95	9.5	16	5650,0
822	#FFFFFF	#D3D3D3	-24.45	10	16	5650,0
822	#FFFFFF	#D3D3D3	-24	10.45	16	5650,0
822	#FFFFFF	#D3D3D3	-23.55	10	16	5650,0
822	#FFFFFF	#D3D3D3	-24	9.55	16	5650,0
822	#FFFFFF	#D3D3D3	-24.45	10	16	5650,0
790	#FFFFFF	#D3D3D3	-23.95	10.5	8	5650,0
790	#FFFFFF	#D3D3D3	-23.5	10.95	8	5650,0
790	#FFFFFF	#D3D3D3	-23.05	10.5	8	5650,0
790	#FFFFFF	#D3D3D3	-23.5	10.05	8	5650,0
790	#FFFFFF	#D3D3D3	-23.95	10.5	8	5650,0
759	#FFFFFF	#D3D3D3	-23.45	11	8	5650,0
759	#FFFFFF	#D3D3D3	-23	11.45	8	5650,0
759	#FFFFFF	#D3D3D3	-22.55	11	8	5650,0
759	#FFFFFF	#D3D3D3	-23	10.55	8	5650,0
759	#FFFFFF	#D3D3D3	-23.45	11	8	5650,0
728	#FFFFFF	#D3D3D3	-22.95	11.5	8	5650,0
728	#FFFFFF	#D3D3D3	-22.5	11.95	8	5650,0
728	#FFFFFF	#D3D3D3	-22.05	11.5	8	5650,0
728	#FFFFFF	#D3D3D3	-22.5	11.05	8	5650,0
728	#FFFFFF	#D3D3D3	-22.95	11.5	8	5650,0
698	#FFFFFF	#D3D3D3	-22.45	12	8	5650,0
698	#FFFFFF	#D3D3D3	-22	12.45	8	5650,0
698	#FFFFFF	#D3D3D3	-21.55	12	8	5650,0
698	#FFFFFF	#D3D3D3	-22	11.55	8	5650,0
698	#FFFFFF	#D3D3D3	-22.45	12	8	5650,0
668	#FFFFFF	#D3D3D3	-21.95	12.5	4	5650,0
668	#FFFFFF	#D3D3D3	-21.5	12.95	4	5650,0
668	#FFFFFF	#D3D3D3	-21.05	12.5	4	5650,0
668	#FFFFFF	#D3D3D3	-21.5	12.05	4	5650,0
668	#FFFFFF	#D3D3D3	-21.95	12.5	4	5650,0
639	#FFFFFF	#D3D3D3	-21.45	13	4	5650,0
639	#FFFFFF	#D3D3D3	-21	13.45	4	5650,0
639	#FFFFFF	#D3D3D3	-20.55	13	4	5650,0
639	#FFFFFF	#D3D3D3	-21	12.55	4	5650,0
639	#FFFFFF	#D3D3D3	-21.45	13	4	5650,0
610	#FFFFFF	#D3D3D3	-20.95	13.5	8	5650,0
610	#FFFFFF	#D3D3D3	-20.5	13.95	8	5650,0
610	#FFFFFF	#D3D3D3	-20.05	13.5	8	5650,0
610	#FFFFFF	#D3D3D3	-20.5	13.05	8	5650,0
610	#FFFFFF	#D3D3D3	-20.95	13.5	8	5650,0
582	#FFFFFF	#D3D3D3	-20.45	14	8	5650,0
582	#FFFFFF	#D3D3D3	-20	14.45	8	5650,0
582	#FFFFFF	#D3D3D3	-19.55	14	8	5650,0
582	#FFFFFF	#D3D3D3	-20	13.55	8	5650,0
582	#FFFFFF	#D3D3D3	-20.45	14	8	5650,0
510	#FFFFFF	#D3D3D3	-19.95	14.5	8	5650,0
510	#FFFFFF	#D3D3D3	-19.5	14.95	8	5650,0
510	#FFFFFF	#D3D3D3	-19.05	14.5	8	5650,0
510	#FFFFFF	#D3D3D3	-19.5	14.05	8	5650,0
510	#FFFFFF	#D3D3D3	-19.95	14.5	8	5650,0
483	#FFFFFF	#D3D3D3	-19.45	15	8	5650,0
483	#FFFFFF	#D3D3D3	-19	15.45	8	5650,0
483	#FFFFFF	#D3D3D3	-18.55	15	8	5650,0
483	#FFFFFF	#D3D3D3	-19	14.55	8	5650,0
483	#FFFFFF	#D3D3D3	-19.45	15	8	5650,0
456	#FFFFFF	#D3D3D3	-18.95	15.5	8	5650,0
456	#FFFFFF	#D3D3D3	-18.5	15.95	8	5650,0
456	#FFFFFF	#D3D3D3	-18.05	15.5	8	5650,0
456	#FFFFFF	#D3D3D3	-18.5	15.05	8	5650,0
456	#FFFFFF	#D3D3D3	-18.95	15.5	8	5650,0
430	#FFFFFF	#D3D3D3	-18.45	16	8	5650,0
430	#FFFFFF	#D3D3D3	-18	16.45	8	5650,0
430	#FFFFFF	#D3D3D3	-17.55	16	8	5650,0
430	#FFFFFF	#D3D3D3	-18	15.55	8	5650,0
430	#FFFFFF	#D3D3D3	-18.45	16	8	5650,0
404	#FFFFFF	#D3D3D3	-17.95	16.5	8	5650,0
404	#FFFFFF	#D3D3D3	-17.5	16.95	8	5650,0
404	#FFFFFF	#D3D3D3	-17.05	16.5	8	5650,0
404	#FFFFFF	#D3D3D3	-17.5	16.05	8	5650,0
404	#FFFFFF	#D3D3D3	-17.95	16.5	8	5650,0
379	#FFFFFF	#D3D3D3	-17.45	17	8	5650,0
379	#FFFFFF	#D3D3D3	-17	17.45	8	5650,0
379	#FFFFFF	#D3D3D3	-16.55	17	8	5650,0
379	#FFFFFF	#D3D3D3	-17	16.55	8	5650,0
379	#FFFFFF	#D3D3D3	-17.45	17	8	5650,0
354	#FFFFFF	#D3D3D3	-16.95	17.5	8	5650,0
354	#FFFFFF	#D3D3D3	-16.5	17.95	8	5650,0
354	#FFFFFF	#D3D3D3	-16.05	17.5	8	5650,0
354	#FFFFFF	#D3D3D3	-16.5	17.05	8	5650,0
354	#FFFFFF	#D3D3D3	-16.95	17.5	8	5650,0
330	#FFFFFF	#D3D3D3	-16.45	18	8	5650,0
330	#FFFFFF	#D3D3D3	-16	18.45	8	5650,0
330	#FFFFFF	#D3D3D3	-15.55	18	8	5650,0
330	#FFFFFF	#D3D3D3	-16	17.55	8	5650,0
330	#FFFFFF	#D3D3D3	-16.45	18	8	5650,0
306	#FFFFFF	#D3D3D3	-15.95	18.5	8	5650,0
306	#FFFFFF	#D3D3D3	-15.5	18.95	8	5650,0
306	#FFFFFF	#D3D3D3	-15.05	18.5	8	5650,0
306	#FFFFFF	#D3D3D3	-15.5	18.05	8	5650,0
306	#FFFFFF	#D3D3D3	-15.95	18.5	8	5650,0
283	#FFFFFF	#D3D3D3	-15.45	19	8	5650,0
283	#FFFFFF	#D3D3D3	-15	19.45	8	5650,0
283	#FFFFFF	#D3D3D3	-14.55	19	8	5650,0
283	#FFFFFF	#D3D3D3	-15	18.55	8	5650,0
283	#FFFFFF	#D3D3D3	-15.45	19	8	5650,0
260	#FFFFFF	#D3D3D3	-14.95	19.5	4	5650,0
260	#FFFFFF	#D3D3D3	-14.5	19.95	4	5650,0
260	#FFFFFF	#D3D3D3	-14.05	19.5	4	5650,0
260	#FFFFFF	#D3D3D3	-14.5	19.05	4	5650,0
260	#FFFFFF	#D3D3D3	-14.95	19.5	4	5650,0
239	#FFFFFF	#D3D3D3	-14.45	20	4	5650,0
239	#FFFFFF	#D3D3D3	-14	20.45	4	5650,0
239	#FFFFFF	#D3D3D3	-13.55	20	4	5650,0
239	#FFFFFF	#D3D3D3	-14	19.55	4	5650,0
239	#FFFFFF	#D3D3D3	-14.45	20	4	5650,0
217	#FFFFFF	#D3D3D3	-13.95	20.5	4	5650,0
217	#FFFFFF	#D3D3D3	-13.5	20.95	4	5650,0
217	#FFFFFF	#D3D3D3	-13.05	20.5	4	5650,0
217	#FFFFFF	#D3D3D3	-13.5	20.05	4	5650,0
217	#FFFFFF	#D3D3D3	-13.95	20.5	4	5650,0
196	#FFFFFF	#D3D3D3	-13.45	21	4	5650,0
196	#FFFFFF	#D3D3D3	-13	21.45	4	5650,0
196	#FFFFFF	#D3D3D3	-12.55	21	4	5650,0
196	#FFFFFF	#D3D3D3	-13	20.55	4	5650,0
196	#FFFFFF	#D3D3D3	-13.45	21	4	5650,0
1486	#FFFFFF	#D3D3D3	-33.45	0	16	5650,0
1486	#FFFFFF	#D3D3D3	-33	0.45	16	5650,0
1486	#FFFFFF	#D3D3D3	-32.55	0	16	5650,0
1486	#FFFFFF	#D3D3D3	-33	-0.45	16	5650,0
1486	#FFFFFF	#D3D3D3	-33.45	0	16	5650,0
1448	#FFFFFF	#D3D3D3	-32.95	0.5	16	5650,0
1448	#FFFFFF	#D3D3D3	-32.5	0.95	16	5650,0
1448	#FFFFFF	#D3D3D3	-32.05	0.5	16	5650,0
1448	#FFFFFF	#D3D3D3	-32.5	0.05	16	5650,0
1448	#FFFFFF	#D3D3D3	-32.95	0.5	16	5650,0
1411	#FFFFFF	#D3D3D3	-32.45	1	16	5650,0
1411	#FFFFFF	#D3D3D3	-32	1.45	16	5650,0
1411	#FFFFFF	#D3D3D3	-31.55	1	16	5650,0
1411	#FFFFFF	#D3D3D3	-32	0.55	16	5650,0
1411	#FFFFFF	#D3D3D3	-32.45	1	16	5650,0
1375	#FFFFFF	#D3D3D3	-31.95	1.5	16	5650,0
1375	#FFFFFF	#D3D3D3	-31.5	1.95	16	5650,0
1375	#FFFFFF	#D3D3D3	-31.05	1.5	16	5650,0
1375	#FFFFFF	#D3D3D3	-31.5	1.05	16	5650,0
1375	#FFFFFF	#D3D3D3	-31.95	1.5	16	5650,0
1350	#FFFFFF	#D3D3D3	-31.45	2	16	5650,0
1350	#FFFFFF	#D3D3D3	-31	2.45	16	5650,0
1350	#FFFFFF	#D3D3D3	-30.55	2	16	5650,0
1350	#FFFFFF	#D3D3D3	-31	1.55	16	5650,0
1350	#FFFFFF	#D3D3D3	-31.45	2	16	5650,0
1315	#FFFFFF	#D3D3D3	-30.95	2.5	16	5650,0
1315	#FFFFFF	#D3D3D3	-30.5	2.95	16	5650,0
1315	#FFFFFF	#D3D3D3	-30.05	2.5	16	5650,0
1315	#FFFFFF	#D3D3D3	-30.5	2.05	16	5650,0
1315	#FFFFFF	#D3D3D3	-30.95	2.5	16	5650,0
1291	#FFFFFF	#D3D3D3	-30.45	3	16	5650,0
1291	#FFFFFF	#D3D3D3	-30	3.45	16	5650,0
1291	#FFFFFF	#D3D3D3	-29.55	3	16	5650,0
1291	#FFFFFF	#D3D3D3	-30	2.55	16	5650,0
1291	#FFFFFF	#D3D3D3	-30.45	3	16	5650,0
1213	#FFFFFF	#D3D3D3	-29.95	3.5	16	5650,0
1213	#FFFFFF	#D3D3D3	-29.5	3.95	16	5650,0
1213	#FFFFFF	#D3D3D3	-29.05	3.5	16	5650,0
1213	#FFFFFF	#D3D3D3	-29.5	3.05	16	5650,0
1213	#FFFFFF	#D3D3D3	-29.95	3.5	16	5650,0
1184	#FFFFFF	#D3D3D3	-29.45	4	16	5650,0
1184	#FFFFFF	#D3D3D3	-29	4.45	16	5650,0
1184	#FFFFFF	#D3D3D3	-28.55	4	16	5650,0
1184	#FFFFFF	#D3D3D3	-29	3.55	16	5650,0
1184	#FFFFFF	#D3D3D3	-29.45	4	16	5650,0
1150	#FFFFFF	#D3D3D3	-28.95	4.5	16	5650,0
1150	#FFFFFF	#D3D3D3	-28.5	4.95	16	5650,0
1150	#FFFFFF	#D3D3D3	-28.05	4.5	16	5650,0
1150	#FFFFFF	#D3D3D3	-28.5	4.05	16	5650,0
1150	#FFFFFF	#D3D3D3	-28.95	4.5	16	5650,0
1118	#FFFFFF	#D3D3D3	-28.45	5	16	5650,0
1118	#FFFFFF	#D3D3D3	-28	5.45	16	5650,0
1118	#FFFFFF	#D3D3D3	-27.55	5	16	5650,0
1118	#FFFFFF	#D3D3D3	-28	4.55	16	5650,0
1118	#FFFFFF	#D3D3D3	-28.45	5	16	5650,0
1084	#FFFFFF	#D3D3D3	-27.95	5.5	16	5650,0
1084	#FFFFFF	#D3D3D3	-27.5	5.95	16	5650,0
1084	#FFFFFF	#D3D3D3	-27.05	5.5	16	5650,0
1084	#FFFFFF	#D3D3D3	-27.5	5.05	16	5650,0
1084	#FFFFFF	#D3D3D3	-27.95	5.5	16	5650,0
1052	#FFFFFF	#D3D3D3	-27.45	6	16	5650,0
1052	#FFFFFF	#D3D3D3	-27	6.45	16	5650,0
1052	#FFFFFF	#D3D3D3	-26.55	6	16	5650,0
1052	#FFFFFF	#D3D3D3	-27	5.55	16	5650,0
1052	#FFFFFF	#D3D3D3	-27.45	6	16	5650,0
1018	#FFFFFF	#D3D3D3	-26.95	6.5	16	5650,0
1018	#FFFFFF	#D3D3D3	-26.5	6.95	16	5650,0
1018	#FFFFFF	#D3D3D3	-26.05	6.5	16	5650,0
1018	#FFFFFF	#D3D3D3	-26.5	6.05	16	5650,0
1018	#FFFFFF	#D3D3D3	-26.95	6.5	16	5650,0
986	#FFFFFF	#D3D3D3	-26.45	7	16	5650,0
986	#FFFFFF	#D3D3D3	-26	7.45	16	5650,0
986	#FFFFFF	#D3D3D3	-25.55	7	16	5650,0
986	#FFFFFF	#D3D3D3	-26	6.55	16	5650,0
986	#FFFFFF	#D3D3D3	-26.45	7	16	5650,0
951	#FFFFFF	#D3D3D3	-25.95	7.5	16	5650,0
951	#FFFFFF	#D3D3D3	-25.5	7.95	16	5650,0
951	#FFFFFF	#D3D3D3	-25.05	7.5	16	5650,0
951	#FFFFFF	#D3D3D3	-25.5	7.05	16	5650,0
951	#FFFFFF	#D3D3D3	-25.95	7.5	16	5650,0
918	#FFFFFF	#D3D3D3	-25.45	8	16	5650,0
918	#FFFFFF	#D3D3D3	-25	8.45	16	5650,0
918	#FFFFFF	#D3D3D3	-24.55	8	16	5650,0
918	#FFFFFF	#D3D3D3	-25	7.55	16	5650,0
918	#FFFFFF	#D3D3D3	-25.45	8	16	5650,0
884	#FFFFFF	#D3D3D3	-24.95	8.5	16	5650,0
884	#FFFFFF	#D3D3D3	-24.5	8.95	16	5650,0
884	#FFFFFF	#D3D3D3	-24.05	8.5	16	5650,0
884	#FFFFFF	#D3D3D3	-24.5	8.05	16	5650,0
884	#FFFFFF	#D3D3D3	-24.95	8.5	16	5650,0
852	#FFFFFF	#D3D3D3	-24.45	9	16	5650,0
852	#FFFFFF	#D3D3D3	-24	9.45	16	5650,0
852	#FFFFFF	#D3D3D3	-23.55	9	16	5650,0
852	#FFFFFF	#D3D3D3	-24	8.55	16	5650,0
852	#FFFFFF	#D3D3D3	-24.45	9	16	5650,0
819	#FFFFFF	#D3D3D3	-23.95	9.5	16	5650,0
819	#FFFFFF	#D3D3D3	-23.5	9.95	16	5650,0
819	#FFFFFF	#D3D3D3	-23.05	9.5	16	5650,0
819	#FFFFFF	#D3D3D3	-23.5	9.05	16	5650,0
819	#FFFFFF	#D3D3D3	-23.95	9.5	16	5650,0
758	#FFFFFF	#D3D3D3	-23.45	10	8	5650,0
758	#FFFFFF	#D3D3D3	-23	10.45	8	5650,0
758	#FFFFFF	#D3D3D3	-22.55	10	8	5650,0
758	#FFFFFF	#D3D3D3	-23	9.55	8	5650,0
758	#FFFFFF	#D3D3D3	-23.45	10	8	5650,0
727	#FFFFFF	#D3D3D3	-22.95	10.5	8	5650,0
727	#FFFFFF	#D3D3D3	-22.5	10.95	8	5650,0
727	#FFFFFF	#D3D3D3	-22.05	10.5	8	5650,0
727	#FFFFFF	#D3D3D3	-22.5	10.05	8	5650,0
727	#FFFFFF	#D3D3D3	-22.95	10.5	8	5650,0
697	#FFFFFF	#D3D3D3	-22.45	11	8	5650,0
697	#FFFFFF	#D3D3D3	-22	11.45	8	5650,0
697	#FFFFFF	#D3D3D3	-21.55	11	8	5650,0
697	#FFFFFF	#D3D3D3	-22	10.55	8	5650,0
697	#FFFFFF	#D3D3D3	-22.45	11	8	5650,0
667	#FFFFFF	#D3D3D3	-21.95	11.5	8	5650,0
667	#FFFFFF	#D3D3D3	-21.5	11.95	8	5650,0
667	#FFFFFF	#D3D3D3	-21.05	11.5	8	5650,0
667	#FFFFFF	#D3D3D3	-21.5	11.05	8	5650,0
667	#FFFFFF	#D3D3D3	-21.95	11.5	8	5650,0
638	#FFFFFF	#D3D3D3	-21.45	12	4	5650,0
638	#FFFFFF	#D3D3D3	-21	12.45	4	5650,0
638	#FFFFFF	#D3D3D3	-20.55	12	4	5650,0
638	#FFFFFF	#D3D3D3	-21	11.55	4	5650,0
638	#FFFFFF	#D3D3D3	-21.45	12	4	5650,0
609	#FFFFFF	#D3D3D3	-20.95	12.5	4	5650,0
609	#FFFFFF	#D3D3D3	-20.5	12.95	4	5650,0
609	#FFFFFF	#D3D3D3	-20.05	12.5	4	5650,0
609	#FFFFFF	#D3D3D3	-20.5	12.05	4	5650,0
609	#FFFFFF	#D3D3D3	-20.95	12.5	4	5650,0
581	#FFFFFF	#D3D3D3	-20.45	13	8	5650,0
581	#FFFFFF	#D3D3D3	-20	13.45	8	5650,0
581	#FFFFFF	#D3D3D3	-19.55	13	8	5650,0
581	#FFFFFF	#D3D3D3	-20	12.55	8	5650,0
581	#FFFFFF	#D3D3D3	-20.45	13	8	5650,0
509	#FFFFFF	#D3D3D3	-19.95	13.5	8	5650,0
509	#FFFFFF	#D3D3D3	-19.5	13.95	8	5650,0
509	#FFFFFF	#D3D3D3	-19.05	13.5	8	5650,0
509	#FFFFFF	#D3D3D3	-19.5	13.05	8	5650,0
509	#FFFFFF	#D3D3D3	-19.95	13.5	8	5650,0
482	#FFFFFF	#D3D3D3	-19.45	14	8	5650,0
482	#FFFFFF	#D3D3D3	-19	14.45	8	5650,0
482	#FFFFFF	#D3D3D3	-18.55	14	8	5650,0
482	#FFFFFF	#D3D3D3	-19	13.55	8	5650,0
482	#FFFFFF	#D3D3D3	-19.45	14	8	5650,0
455	#FFFFFF	#D3D3D3	-18.95	14.5	8	5650,0
455	#FFFFFF	#D3D3D3	-18.5	14.95	8	5650,0
455	#FFFFFF	#D3D3D3	-18.05	14.5	8	5650,0
455	#FFFFFF	#D3D3D3	-18.5	14.05	8	5650,0
455	#FFFFFF	#D3D3D3	-18.95	14.5	8	5650,0
429	#FFFFFF	#D3D3D3	-18.45	15	8	5650,0
429	#FFFFFF	#D3D3D3	-18	15.45	8	5650,0
429	#FFFFFF	#D3D3D3	-17.55	15	8	5650,0
429	#FFFFFF	#D3D3D3	-18	14.55	8	5650,0
429	#FFFFFF	#D3D3D3	-18.45	15	8	5650,0
403	#FFFFFF	#D3D3D3	-17.95	15.5	4	5650,0
403	#FFFFFF	#D3D3D3	-17.5	15.95	4	5650,0
403	#FFFFFF	#D3D3D3	-17.05	15.5	4	5650,0
403	#FFFFFF	#D3D3D3	-17.5	15.05	4	5650,0
403	#FFFFFF	#D3D3D3	-17.95	15.5	4	5650,0
378	#FFFFFF	#D3D3D3	-17.45	16	8	5650,0
378	#FFFFFF	#D3D3D3	-17	16.45	8	5650,0
378	#FFFFFF	#D3D3D3	-16.55	16	8	5650,0
378	#FFFFFF	#D3D3D3	-17	15.55	8	5650,0
378	#FFFFFF	#D3D3D3	-17.45	16	8	5650,0
353	#FFFFFF	#D3D3D3	-16.95	16.5	8	5650,0
353	#FFFFFF	#D3D3D3	-16.5	16.95	8	5650,0
353	#FFFFFF	#D3D3D3	-16.05	16.5	8	5650,0
353	#FFFFFF	#D3D3D3	-16.5	16.05	8	5650,0
353	#FFFFFF	#D3D3D3	-16.95	16.5	8	5650,0
329	#FFFFFF	#D3D3D3	-16.45	17	4	5650,0
329	#FFFFFF	#D3D3D3	-16	17.45	4	5650,0
329	#FFFFFF	#D3D3D3	-15.55	17	4	5650,0
329	#FFFFFF	#D3D3D3	-16	16.55	4	5650,0
329	#FFFFFF	#D3D3D3	-16.45	17	4	5650,0
305	#FFFFFF	#D3D3D3	-15.95	17.5	8	5650,0
305	#FFFFFF	#D3D3D3	-15.5	17.95	8	5650,0
305	#FFFFFF	#D3D3D3	-15.05	17.5	8	5650,0
305	#FFFFFF	#D3D3D3	-15.5	17.05	8	5650,0
305	#FFFFFF	#D3D3D3	-15.95	17.5	8	5650,0
282	#FFFFFF	#D3D3D3	-15.45	18	4	5650,0
282	#FFFFFF	#D3D3D3	-15	18.45	4	5650,0
282	#FFFFFF	#D3D3D3	-14.55	18	4	5650,0
282	#FFFFFF	#D3D3D3	-15	17.55	4	5650,0
282	#FFFFFF	#D3D3D3	-15.45	18	4	5650,0
259	#FFFFFF	#D3D3D3	-14.95	18.5	4	5650,0
259	#FFFFFF	#D3D3D3	-14.5	18.95	4	5650,0
259	#FFFFFF	#D3D3D3	-14.05	18.5	4	5650,0
259	#FFFFFF	#D3D3D3	-14.5	18.05	4	5650,0
259	#FFFFFF	#D3D3D3	-14.95	18.5	4	5650,0
237	#FFFFFF	#D3D3D3	-14.45	19	4	5650,0
237	#FFFFFF	#D3D3D3	-14	19.45	4	5650,0
237	#FFFFFF	#D3D3D3	-13.55	19	4	5650,0
237	#FFFFFF	#D3D3D3	-14	18.55	4	5650,0
237	#FFFFFF	#D3D3D3	-14.45	19	4	5650,0
215	#FFFFFF	#D3D3D3	-13.95	19.5	4	5650,0
215	#FFFFFF	#D3D3D3	-13.5	19.95	4	5650,0
215	#FFFFFF	#D3D3D3	-13.05	19.5	4	5650,0
215	#FFFFFF	#D3D3D3	-13.5	19.05	4	5650,0
215	#FFFFFF	#D3D3D3	-13.95	19.5	4	5650,0
195	#FFFFFF	#D3D3D3	-13.45	20	4	5650,0
195	#FFFFFF	#D3D3D3	-13	20.45	4	5650,0
195	#FFFFFF	#D3D3D3	-12.55	20	4	5650,0
195	#FFFFFF	#D3D3D3	-13	19.55	4	5650,0
195	#FFFFFF	#D3D3D3	-13.45	20	4	5650,0
174	#FFFFFF	#D3D3D3	-12.95	20.5	4	5650,0
174	#FFFFFF	#D3D3D3	-12.5	20.95	4	5650,0
174	#FFFFFF	#D3D3D3	-12.05	20.5	4	5650,0
174	#FFFFFF	#D3D3D3	-12.5	20.05	4	5650,0
174	#FFFFFF	#D3D3D3	-12.95	20.5	4	5650,0
1410	#FFFFFF	#D3D3D3	-32.45	0	16	5650,0
1410	#FFFFFF	#D3D3D3	-32	0.45	16	5650,0
1410	#FFFFFF	#D3D3D3	-31.55	0	16	5650,0
1410	#FFFFFF	#D3D3D3	-32	-0.45	16	5650,0
1410	#FFFFFF	#D3D3D3	-32.45	0	16	5650,0
1374	#FFFFFF	#D3D3D3	-31.95	0.5	16	5650,0
1374	#FFFFFF	#D3D3D3	-31.5	0.95	16	5650,0
1374	#FFFFFF	#D3D3D3	-31.05	0.5	16	5650,0
1374	#FFFFFF	#D3D3D3	-31.5	0.05	16	5650,0
1374	#FFFFFF	#D3D3D3	-31.95	0.5	16	5650,0
1339	#FFFFFF	#D3D3D3	-31.45	1	16	5650,0
1339	#FFFFFF	#D3D3D3	-31	1.45	16	5650,0
1339	#FFFFFF	#D3D3D3	-30.55	1	16	5650,0
1339	#FFFFFF	#D3D3D3	-31	0.55	16	5650,0
1339	#FFFFFF	#D3D3D3	-31.45	1	16	5650,0
1304	#FFFFFF	#D3D3D3	-30.95	1.5	16	5650,0
1304	#FFFFFF	#D3D3D3	-30.5	1.95	16	5650,0
1304	#FFFFFF	#D3D3D3	-30.05	1.5	16	5650,0
1304	#FFFFFF	#D3D3D3	-30.5	1.05	16	5650,0
1304	#FFFFFF	#D3D3D3	-30.95	1.5	16	5650,0
1280	#FFFFFF	#D3D3D3	-30.45	2	16	5650,0
1280	#FFFFFF	#D3D3D3	-30	2.45	16	5650,0
1280	#FFFFFF	#D3D3D3	-29.55	2	16	5650,0
1280	#FFFFFF	#D3D3D3	-30	1.55	16	5650,0
1280	#FFFFFF	#D3D3D3	-30.45	2	16	5650,0
1202	#FFFFFF	#D3D3D3	-29.95	2.5	16	5650,0
1202	#FFFFFF	#D3D3D3	-29.5	2.95	16	5650,0
1202	#FFFFFF	#D3D3D3	-29.05	2.5	16	5650,0
1202	#FFFFFF	#D3D3D3	-29.5	2.05	16	5650,0
1202	#FFFFFF	#D3D3D3	-29.95	2.5	16	5650,0
1179	#FFFFFF	#D3D3D3	-29.45	3	16	5650,0
1179	#FFFFFF	#D3D3D3	-29	3.45	16	5650,0
1179	#FFFFFF	#D3D3D3	-28.55	3	16	5650,0
1179	#FFFFFF	#D3D3D3	-29	2.55	16	5650,0
1179	#FFFFFF	#D3D3D3	-29.45	3	16	5650,0
1145	#FFFFFF	#D3D3D3	-28.95	3.5	16	5650,0
1145	#FFFFFF	#D3D3D3	-28.5	3.95	16	5650,0
1145	#FFFFFF	#D3D3D3	-28.05	3.5	16	5650,0
1145	#FFFFFF	#D3D3D3	-28.5	3.05	16	5650,0
1145	#FFFFFF	#D3D3D3	-28.95	3.5	16	5650,0
1117	#FFFFFF	#D3D3D3	-28.45	4	16	5650,0
1117	#FFFFFF	#D3D3D3	-28	4.45	16	5650,0
1117	#FFFFFF	#D3D3D3	-27.55	4	16	5650,0
1117	#FFFFFF	#D3D3D3	-28	3.55	16	5650,0
1117	#FFFFFF	#D3D3D3	-28.45	4	16	5650,0
1083	#FFFFFF	#D3D3D3	-27.95	4.5	16	5650,0
1083	#FFFFFF	#D3D3D3	-27.5	4.95	16	5650,0
1083	#FFFFFF	#D3D3D3	-27.05	4.5	16	5650,0
1083	#FFFFFF	#D3D3D3	-27.5	4.05	16	5650,0
1083	#FFFFFF	#D3D3D3	-27.95	4.5	16	5650,0
1051	#FFFFFF	#D3D3D3	-27.45	5	16	5650,0
1051	#FFFFFF	#D3D3D3	-27	5.45	16	5650,0
1051	#FFFFFF	#D3D3D3	-26.55	5	16	5650,0
1051	#FFFFFF	#D3D3D3	-27	4.55	16	5650,0
1051	#FFFFFF	#D3D3D3	-27.45	5	16	5650,0
1017	#FFFFFF	#D3D3D3	-26.95	5.5	16	5650,0
1017	#FFFFFF	#D3D3D3	-26.5	5.95	16	5650,0
1017	#FFFFFF	#D3D3D3	-26.05	5.5	16	5650,0
1017	#FFFFFF	#D3D3D3	-26.5	5.05	16	5650,0
1017	#FFFFFF	#D3D3D3	-26.95	5.5	16	5650,0
985	#FFFFFF	#D3D3D3	-26.45	6	16	5650,0
985	#FFFFFF	#D3D3D3	-26	6.45	16	5650,0
985	#FFFFFF	#D3D3D3	-25.55	6	16	5650,0
985	#FFFFFF	#D3D3D3	-26	5.55	16	5650,0
985	#FFFFFF	#D3D3D3	-26.45	6	16	5650,0
950	#FFFFFF	#D3D3D3	-25.95	6.5	16	5650,0
950	#FFFFFF	#D3D3D3	-25.5	6.95	16	5650,0
950	#FFFFFF	#D3D3D3	-25.05	6.5	16	5650,0
950	#FFFFFF	#D3D3D3	-25.5	6.05	16	5650,0
950	#FFFFFF	#D3D3D3	-25.95	6.5	16	5650,0
917	#FFFFFF	#D3D3D3	-25.45	7	16	5650,0
917	#FFFFFF	#D3D3D3	-25	7.45	16	5650,0
917	#FFFFFF	#D3D3D3	-24.55	7	16	5650,0
917	#FFFFFF	#D3D3D3	-25	6.55	16	5650,0
917	#FFFFFF	#D3D3D3	-25.45	7	16	5650,0
883	#FFFFFF	#D3D3D3	-24.95	7.5	16	5650,0
883	#FFFFFF	#D3D3D3	-24.5	7.95	16	5650,0
883	#FFFFFF	#D3D3D3	-24.05	7.5	16	5650,0
883	#FFFFFF	#D3D3D3	-24.5	7.05	16	5650,0
883	#FFFFFF	#D3D3D3	-24.95	7.5	16	5650,0
851	#FFFFFF	#D3D3D3	-24.45	8	16	5650,0
851	#FFFFFF	#D3D3D3	-24	8.45	16	5650,0
851	#FFFFFF	#D3D3D3	-23.55	8	16	5650,0
851	#FFFFFF	#D3D3D3	-24	7.55	16	5650,0
851	#FFFFFF	#D3D3D3	-24.45	8	16	5650,0
818	#FFFFFF	#D3D3D3	-23.95	8.5	16	5650,0
818	#FFFFFF	#D3D3D3	-23.5	8.95	16	5650,0
818	#FFFFFF	#D3D3D3	-23.05	8.5	16	5650,0
818	#FFFFFF	#D3D3D3	-23.5	8.05	16	5650,0
818	#FFFFFF	#D3D3D3	-23.95	8.5	16	5650,0
787	#FFFFFF	#D3D3D3	-23.45	9	16	5650,0
787	#FFFFFF	#D3D3D3	-23	9.45	16	5650,0
787	#FFFFFF	#D3D3D3	-22.55	9	16	5650,0
787	#FFFFFF	#D3D3D3	-23	8.55	16	5650,0
787	#FFFFFF	#D3D3D3	-23.45	9	16	5650,0
755	#FFFFFF	#D3D3D3	-22.95	9.5	16	5650,0
755	#FFFFFF	#D3D3D3	-22.5	9.95	16	5650,0
755	#FFFFFF	#D3D3D3	-22.05	9.5	16	5650,0
755	#FFFFFF	#D3D3D3	-22.5	9.05	16	5650,0
755	#FFFFFF	#D3D3D3	-22.95	9.5	16	5650,0
696	#FFFFFF	#D3D3D3	-22.45	10	8	5650,0
696	#FFFFFF	#D3D3D3	-22	10.45	8	5650,0
696	#FFFFFF	#D3D3D3	-21.55	10	8	5650,0
696	#FFFFFF	#D3D3D3	-22	9.55	8	5650,0
696	#FFFFFF	#D3D3D3	-22.45	10	8	5650,0
666	#FFFFFF	#D3D3D3	-21.95	10.5	8	5650,0
666	#FFFFFF	#D3D3D3	-21.5	10.95	8	5650,0
666	#FFFFFF	#D3D3D3	-21.05	10.5	8	5650,0
666	#FFFFFF	#D3D3D3	-21.5	10.05	8	5650,0
666	#FFFFFF	#D3D3D3	-21.95	10.5	8	5650,0
637	#FFFFFF	#D3D3D3	-21.45	11	4	5650,0
637	#FFFFFF	#D3D3D3	-21	11.45	4	5650,0
637	#FFFFFF	#D3D3D3	-20.55	11	4	5650,0
637	#FFFFFF	#D3D3D3	-21	10.55	4	5650,0
637	#FFFFFF	#D3D3D3	-21.45	11	4	5650,0
608	#FFFFFF	#D3D3D3	-20.95	11.5	4	5650,0
608	#FFFFFF	#D3D3D3	-20.5	11.95	4	5650,0
608	#FFFFFF	#D3D3D3	-20.05	11.5	4	5650,0
608	#FFFFFF	#D3D3D3	-20.5	11.05	4	5650,0
608	#FFFFFF	#D3D3D3	-20.95	11.5	4	5650,0
580	#FFFFFF	#D3D3D3	-20.45	12	8	5650,0
580	#FFFFFF	#D3D3D3	-20	12.45	8	5650,0
580	#FFFFFF	#D3D3D3	-19.55	12	8	5650,0
580	#FFFFFF	#D3D3D3	-20	11.55	8	5650,0
580	#FFFFFF	#D3D3D3	-20.45	12	8	5650,0
508	#FFFFFF	#D3D3D3	-19.95	12.5	8	5650,0
508	#FFFFFF	#D3D3D3	-19.5	12.95	8	5650,0
508	#FFFFFF	#D3D3D3	-19.05	12.5	8	5650,0
508	#FFFFFF	#D3D3D3	-19.5	12.05	8	5650,0
508	#FFFFFF	#D3D3D3	-19.95	12.5	8	5650,0
481	#FFFFFF	#D3D3D3	-19.45	13	4	5650,0
481	#FFFFFF	#D3D3D3	-19	13.45	4	5650,0
481	#FFFFFF	#D3D3D3	-18.55	13	4	5650,0
481	#FFFFFF	#D3D3D3	-19	12.55	4	5650,0
481	#FFFFFF	#D3D3D3	-19.45	13	4	5650,0
454	#FFFFFF	#D3D3D3	-18.95	13.5	4	5650,0
454	#FFFFFF	#D3D3D3	-18.5	13.95	4	5650,0
454	#FFFFFF	#D3D3D3	-18.05	13.5	4	5650,0
454	#FFFFFF	#D3D3D3	-18.5	13.05	4	5650,0
454	#FFFFFF	#D3D3D3	-18.95	13.5	4	5650,0
428	#FFFFFF	#D3D3D3	-18.45	14	4	5650,0
428	#FFFFFF	#D3D3D3	-18	14.45	4	5650,0
428	#FFFFFF	#D3D3D3	-17.55	14	4	5650,0
428	#FFFFFF	#D3D3D3	-18	13.55	4	5650,0
428	#FFFFFF	#D3D3D3	-18.45	14	4	5650,0
402	#FFFFFF	#D3D3D3	-17.95	14.5	4	5650,0
402	#FFFFFF	#D3D3D3	-17.5	14.95	4	5650,0
402	#FFFFFF	#D3D3D3	-17.05	14.5	4	5650,0
402	#FFFFFF	#D3D3D3	-17.5	14.05	4	5650,0
402	#FFFFFF	#D3D3D3	-17.95	14.5	4	5650,0
377	#FFFFFF	#D3D3D3	-17.45	15	4	5650,0
377	#FFFFFF	#D3D3D3	-17	15.45	4	5650,0
377	#FFFFFF	#D3D3D3	-16.55	15	4	5650,0
377	#FFFFFF	#D3D3D3	-17	14.55	4	5650,0
377	#FFFFFF	#D3D3D3	-17.45	15	4	5650,0
352	#FFFFFF	#D3D3D3	-16.95	15.5	4	5650,0
352	#FFFFFF	#D3D3D3	-16.5	15.95	4	5650,0
352	#FFFFFF	#D3D3D3	-16.05	15.5	4	5650,0
352	#FFFFFF	#D3D3D3	-16.5	15.05	4	5650,0
352	#FFFFFF	#D3D3D3	-16.95	15.5	4	5650,0
328	#FFFFFF	#D3D3D3	-16.45	16	8	5650,0
328	#FFFFFF	#D3D3D3	-16	16.45	8	5650,0
328	#FFFFFF	#D3D3D3	-15.55	16	8	5650,0
328	#FFFFFF	#D3D3D3	-16	15.55	8	5650,0
328	#FFFFFF	#D3D3D3	-16.45	16	8	5650,0
304	#FFFFFF	#D3D3D3	-15.95	16.5	4	5650,0
304	#FFFFFF	#D3D3D3	-15.5	16.95	4	5650,0
304	#FFFFFF	#D3D3D3	-15.05	16.5	4	5650,0
304	#FFFFFF	#D3D3D3	-15.5	16.05	4	5650,0
304	#FFFFFF	#D3D3D3	-15.95	16.5	4	5650,0
281	#FFFFFF	#D3D3D3	-15.45	17	8	5650,0
281	#FFFFFF	#D3D3D3	-15	17.45	8	5650,0
281	#FFFFFF	#D3D3D3	-14.55	17	8	5650,0
281	#FFFFFF	#D3D3D3	-15	16.55	8	5650,0
281	#FFFFFF	#D3D3D3	-15.45	17	8	5650,0
258	#FFFFFF	#D3D3D3	-14.95	17.5	8	5650,0
258	#FFFFFF	#D3D3D3	-14.5	17.95	8	5650,0
258	#FFFFFF	#D3D3D3	-14.05	17.5	8	5650,0
258	#FFFFFF	#D3D3D3	-14.5	17.05	8	5650,0
258	#FFFFFF	#D3D3D3	-14.95	17.5	8	5650,0
236	#FFFFFF	#D3D3D3	-14.45	18	4	5650,0
236	#FFFFFF	#D3D3D3	-14	18.45	4	5650,0
236	#FFFFFF	#D3D3D3	-13.55	18	4	5650,0
236	#FFFFFF	#D3D3D3	-14	17.55	4	5650,0
236	#FFFFFF	#D3D3D3	-14.45	18	4	5650,0
214	#FFFFFF	#D3D3D3	-13.95	18.5	4	5650,0
214	#FFFFFF	#D3D3D3	-13.5	18.95	4	5650,0
214	#FFFFFF	#D3D3D3	-13.05	18.5	4	5650,0
214	#FFFFFF	#D3D3D3	-13.5	18.05	4	5650,0
214	#FFFFFF	#D3D3D3	-13.95	18.5	4	5650,0
193	#FFFFFF	#D3D3D3	-13.45	19	4	5650,0
193	#FFFFFF	#D3D3D3	-13	19.45	4	5650,0
193	#FFFFFF	#D3D3D3	-12.55	19	4	5650,0
193	#FFFFFF	#D3D3D3	-13	18.55	4	5650,0
193	#FFFFFF	#D3D3D3	-13.45	19	4	5650,0
172	#FFFFFF	#D3D3D3	-12.95	19.5	4	5650,0
172	#FFFFFF	#D3D3D3	-12.5	19.95	4	5650,0
172	#FFFFFF	#D3D3D3	-12.05	19.5	4	5650,0
172	#FFFFFF	#D3D3D3	-12.5	19.05	4	5650,0
172	#FFFFFF	#D3D3D3	-12.95	19.5	4	5650,0
153	#FFFFFF	#D3D3D3	-12.45	20	4	5650,0
153	#FFFFFF	#D3D3D3	-12	20.45	4	5650,0
153	#FFFFFF	#D3D3D3	-11.55	20	4	5650,0
153	#FFFFFF	#D3D3D3	-12	19.55	4	5650,0
153	#FFFFFF	#D3D3D3	-12.45	20	4	5650,0
1338	#FFFFFF	#D3D3D3	-31.45	0	16	5650,0
1338	#FFFFFF	#D3D3D3	-31	0.45	16	5650,0
1338	#FFFFFF	#D3D3D3	-30.55	0	16	5650,0
1338	#FFFFFF	#D3D3D3	-31	-0.45	16	5650,0
1338	#FFFFFF	#D3D3D3	-31.45	0	16	5650,0
1303	#FFFFFF	#D3D3D3	-30.95	0.5	16	5650,0
1303	#FFFFFF	#D3D3D3	-30.5	0.95	16	5650,0
1303	#FFFFFF	#D3D3D3	-30.05	0.5	16	5650,0
1303	#FFFFFF	#D3D3D3	-30.5	0.05	16	5650,0
1303	#FFFFFF	#D3D3D3	-30.95	0.5	16	5650,0
1269	#FFFFFF	#D3D3D3	-30.45	1	16	5650,0
1269	#FFFFFF	#D3D3D3	-30	1.45	16	5650,0
1269	#FFFFFF	#D3D3D3	-29.55	1	16	5650,0
1269	#FFFFFF	#D3D3D3	-30	0.55	16	5650,0
1269	#FFFFFF	#D3D3D3	-30.45	1	16	5650,0
1191	#FFFFFF	#D3D3D3	-29.95	1.5	16	5650,0
1191	#FFFFFF	#D3D3D3	-29.5	1.95	16	5650,0
1191	#FFFFFF	#D3D3D3	-29.05	1.5	16	5650,0
1191	#FFFFFF	#D3D3D3	-29.5	1.05	16	5650,0
1191	#FFFFFF	#D3D3D3	-29.95	1.5	16	5650,0
1168	#FFFFFF	#D3D3D3	-29.45	2	16	5650,0
1168	#FFFFFF	#D3D3D3	-29	2.45	16	5650,0
1168	#FFFFFF	#D3D3D3	-28.55	2	16	5650,0
1168	#FFFFFF	#D3D3D3	-29	1.55	16	5650,0
1168	#FFFFFF	#D3D3D3	-29.45	2	16	5650,0
1135	#FFFFFF	#D3D3D3	-28.95	2.5	16	5650,0
1135	#FFFFFF	#D3D3D3	-28.5	2.95	16	5650,0
1135	#FFFFFF	#D3D3D3	-28.05	2.5	16	5650,0
1135	#FFFFFF	#D3D3D3	-28.5	2.05	16	5650,0
1135	#FFFFFF	#D3D3D3	-28.95	2.5	16	5650,0
1112	#FFFFFF	#D3D3D3	-28.45	3	16	5650,0
1112	#FFFFFF	#D3D3D3	-28	3.45	16	5650,0
1112	#FFFFFF	#D3D3D3	-27.55	3	16	5650,0
1112	#FFFFFF	#D3D3D3	-28	2.55	16	5650,0
1112	#FFFFFF	#D3D3D3	-28.45	3	16	5650,0
1079	#FFFFFF	#D3D3D3	-27.95	3.5	16	5650,0
1079	#FFFFFF	#D3D3D3	-27.5	3.95	16	5650,0
1079	#FFFFFF	#D3D3D3	-27.05	3.5	16	5650,0
1079	#FFFFFF	#D3D3D3	-27.5	3.05	16	5650,0
1079	#FFFFFF	#D3D3D3	-27.95	3.5	16	5650,0
1050	#FFFFFF	#D3D3D3	-27.45	4	16	5650,0
1050	#FFFFFF	#D3D3D3	-27	4.45	16	5650,0
1050	#FFFFFF	#D3D3D3	-26.55	4	16	5650,0
1050	#FFFFFF	#D3D3D3	-27	3.55	16	5650,0
1050	#FFFFFF	#D3D3D3	-27.45	4	16	5650,0
1016	#FFFFFF	#D3D3D3	-26.95	4.5	16	5650,0
1016	#FFFFFF	#D3D3D3	-26.5	4.95	16	5650,0
1016	#FFFFFF	#D3D3D3	-26.05	4.5	16	5650,0
1016	#FFFFFF	#D3D3D3	-26.5	4.05	16	5650,0
1016	#FFFFFF	#D3D3D3	-26.95	4.5	16	5650,0
984	#FFFFFF	#D3D3D3	-26.45	5	16	5650,0
984	#FFFFFF	#D3D3D3	-26	5.45	16	5650,0
984	#FFFFFF	#D3D3D3	-25.55	5	16	5650,0
984	#FFFFFF	#D3D3D3	-26	4.55	16	5650,0
984	#FFFFFF	#D3D3D3	-26.45	5	16	5650,0
949	#FFFFFF	#D3D3D3	-25.95	5.5	16	5650,0
949	#FFFFFF	#D3D3D3	-25.5	5.95	16	5650,0
949	#FFFFFF	#D3D3D3	-25.05	5.5	16	5650,0
949	#FFFFFF	#D3D3D3	-25.5	5.05	16	5650,0
949	#FFFFFF	#D3D3D3	-25.95	5.5	16	5650,0
916	#FFFFFF	#D3D3D3	-25.45	6	16	5650,0
916	#FFFFFF	#D3D3D3	-25	6.45	16	5650,0
916	#FFFFFF	#D3D3D3	-24.55	6	16	5650,0
916	#FFFFFF	#D3D3D3	-25	5.55	16	5650,0
916	#FFFFFF	#D3D3D3	-25.45	6	16	5650,0
882	#FFFFFF	#D3D3D3	-24.95	6.5	16	5650,0
882	#FFFFFF	#D3D3D3	-24.5	6.95	16	5650,0
882	#FFFFFF	#D3D3D3	-24.05	6.5	16	5650,0
882	#FFFFFF	#D3D3D3	-24.5	6.05	16	5650,0
882	#FFFFFF	#D3D3D3	-24.95	6.5	16	5650,0
850	#FFFFFF	#D3D3D3	-24.45	7	16	5650,0
850	#FFFFFF	#D3D3D3	-24	7.45	16	5650,0
850	#FFFFFF	#D3D3D3	-23.55	7	16	5650,0
850	#FFFFFF	#D3D3D3	-24	6.55	16	5650,0
850	#FFFFFF	#D3D3D3	-24.45	7	16	5650,0
817	#FFFFFF	#D3D3D3	-23.95	7.5	16	5650,0
817	#FFFFFF	#D3D3D3	-23.5	7.95	16	5650,0
817	#FFFFFF	#D3D3D3	-23.05	7.5	16	5650,0
817	#FFFFFF	#D3D3D3	-23.5	7.05	16	5650,0
817	#FFFFFF	#D3D3D3	-23.95	7.5	16	5650,0
786	#FFFFFF	#D3D3D3	-23.45	8	16	5650,0
786	#FFFFFF	#D3D3D3	-23	8.45	16	5650,0
786	#FFFFFF	#D3D3D3	-22.55	8	16	5650,0
786	#FFFFFF	#D3D3D3	-23	7.55	16	5650,0
786	#FFFFFF	#D3D3D3	-23.45	8	16	5650,0
754	#FFFFFF	#D3D3D3	-22.95	8.5	16	5650,0
754	#FFFFFF	#D3D3D3	-22.5	8.95	16	5650,0
754	#FFFFFF	#D3D3D3	-22.05	8.5	16	5650,0
754	#FFFFFF	#D3D3D3	-22.5	8.05	16	5650,0
754	#FFFFFF	#D3D3D3	-22.95	8.5	16	5650,0
724	#FFFFFF	#D3D3D3	-22.45	9	16	5650,0
724	#FFFFFF	#D3D3D3	-22	9.45	16	5650,0
724	#FFFFFF	#D3D3D3	-21.55	9	16	5650,0
724	#FFFFFF	#D3D3D3	-22	8.55	16	5650,0
724	#FFFFFF	#D3D3D3	-22.45	9	16	5650,0
693	#FFFFFF	#D3D3D3	-21.95	9.5	8	5650,0
693	#FFFFFF	#D3D3D3	-21.5	9.95	8	5650,0
693	#FFFFFF	#D3D3D3	-21.05	9.5	8	5650,0
693	#FFFFFF	#D3D3D3	-21.5	9.05	8	5650,0
693	#FFFFFF	#D3D3D3	-21.95	9.5	8	5650,0
636	#FFFFFF	#D3D3D3	-21.45	10	8	5650,0
636	#FFFFFF	#D3D3D3	-21	10.45	8	5650,0
636	#FFFFFF	#D3D3D3	-20.55	10	8	5650,0
636	#FFFFFF	#D3D3D3	-21	9.55	8	5650,0
636	#FFFFFF	#D3D3D3	-21.45	10	8	5650,0
607	#FFFFFF	#D3D3D3	-20.95	10.5	4	5650,0
607	#FFFFFF	#D3D3D3	-20.5	10.95	4	5650,0
607	#FFFFFF	#D3D3D3	-20.05	10.5	4	5650,0
607	#FFFFFF	#D3D3D3	-20.5	10.05	4	5650,0
607	#FFFFFF	#D3D3D3	-20.95	10.5	4	5650,0
579	#FFFFFF	#D3D3D3	-20.45	11	4	5650,0
579	#FFFFFF	#D3D3D3	-20	11.45	4	5650,0
579	#FFFFFF	#D3D3D3	-19.55	11	4	5650,0
579	#FFFFFF	#D3D3D3	-20	10.55	4	5650,0
579	#FFFFFF	#D3D3D3	-20.45	11	4	5650,0
507	#FFFFFF	#D3D3D3	-19.95	11.5	4	5650,0
507	#FFFFFF	#D3D3D3	-19.5	11.95	4	5650,0
507	#FFFFFF	#D3D3D3	-19.05	11.5	4	5650,0
507	#FFFFFF	#D3D3D3	-19.5	11.05	4	5650,0
507	#FFFFFF	#D3D3D3	-19.95	11.5	4	5650,0
480	#FFFFFF	#D3D3D3	-19.45	12	4	5650,0
480	#FFFFFF	#D3D3D3	-19	12.45	4	5650,0
480	#FFFFFF	#D3D3D3	-18.55	12	4	5650,0
480	#FFFFFF	#D3D3D3	-19	11.55	4	5650,0
480	#FFFFFF	#D3D3D3	-19.45	12	4	5650,0
453	#FFFFFF	#D3D3D3	-18.95	12.5	4	5650,0
453	#FFFFFF	#D3D3D3	-18.5	12.95	4	5650,0
453	#FFFFFF	#D3D3D3	-18.05	12.5	4	5650,0
453	#FFFFFF	#D3D3D3	-18.5	12.05	4	5650,0
453	#FFFFFF	#D3D3D3	-18.95	12.5	4	5650,0
427	#FFFFFF	#D3D3D3	-18.45	13	4	5650,0
427	#FFFFFF	#D3D3D3	-18	13.45	4	5650,0
427	#FFFFFF	#D3D3D3	-17.55	13	4	5650,0
427	#FFFFFF	#D3D3D3	-18	12.55	4	5650,0
427	#FFFFFF	#D3D3D3	-18.45	13	4	5650,0
401	#FFFFFF	#D3D3D3	-17.95	13.5	4	5650,0
401	#FFFFFF	#D3D3D3	-17.5	13.95	4	5650,0
401	#FFFFFF	#D3D3D3	-17.05	13.5	4	5650,0
401	#FFFFFF	#D3D3D3	-17.5	13.05	4	5650,0
401	#FFFFFF	#D3D3D3	-17.95	13.5	4	5650,0
376	#FFFFFF	#D3D3D3	-17.45	14	4	5650,0
376	#FFFFFF	#D3D3D3	-17	14.45	4	5650,0
376	#FFFFFF	#D3D3D3	-16.55	14	4	5650,0
376	#FFFFFF	#D3D3D3	-17	13.55	4	5650,0
376	#FFFFFF	#D3D3D3	-17.45	14	4	5650,0
351	#FFFFFF	#D3D3D3	-16.95	14.5	4	5650,0
351	#FFFFFF	#D3D3D3	-16.5	14.95	4	5650,0
351	#FFFFFF	#D3D3D3	-16.05	14.5	4	5650,0
351	#FFFFFF	#D3D3D3	-16.5	14.05	4	5650,0
351	#FFFFFF	#D3D3D3	-16.95	14.5	4	5650,0
327	#FFFFFF	#D3D3D3	-16.45	15	4	5650,0
327	#FFFFFF	#D3D3D3	-16	15.45	4	5650,0
327	#FFFFFF	#D3D3D3	-15.55	15	4	5650,0
327	#FFFFFF	#D3D3D3	-16	14.55	4	5650,0
327	#FFFFFF	#D3D3D3	-16.45	15	4	5650,0
303	#FFFFFF	#D3D3D3	-15.95	15.5	4	5650,0
303	#FFFFFF	#D3D3D3	-15.5	15.95	4	5650,0
303	#FFFFFF	#D3D3D3	-15.05	15.5	4	5650,0
303	#FFFFFF	#D3D3D3	-15.5	15.05	4	5650,0
303	#FFFFFF	#D3D3D3	-15.95	15.5	4	5650,0
280	#FFFFFF	#D3D3D3	-15.45	16	4	5650,0
280	#FFFFFF	#D3D3D3	-15	16.45	4	5650,0
280	#FFFFFF	#D3D3D3	-14.55	16	4	5650,0
280	#FFFFFF	#D3D3D3	-15	15.55	4	5650,0
280	#FFFFFF	#D3D3D3	-15.45	16	4	5650,0
257	#FFFFFF	#D3D3D3	-14.95	16.5	4	5650,0
257	#FFFFFF	#D3D3D3	-14.5	16.95	4	5650,0
257	#FFFFFF	#D3D3D3	-14.05	16.5	4	5650,0
257	#FFFFFF	#D3D3D3	-14.5	16.05	4	5650,0
257	#FFFFFF	#D3D3D3	-14.95	16.5	4	5650,0
235	#FFFFFF	#D3D3D3	-14.45	17	8	5650,0
235	#FFFFFF	#D3D3D3	-14	17.45	8	5650,0
235	#FFFFFF	#D3D3D3	-13.55	17	8	5650,0
235	#FFFFFF	#D3D3D3	-14	16.55	8	5650,0
235	#FFFFFF	#D3D3D3	-14.45	17	8	5650,0
213	#FFFFFF	#D3D3D3	-13.95	17.5	8	5650,0
213	#FFFFFF	#D3D3D3	-13.5	17.95	8	5650,0
213	#FFFFFF	#D3D3D3	-13.05	17.5	8	5650,0
213	#FFFFFF	#D3D3D3	-13.5	17.05	8	5650,0
213	#FFFFFF	#D3D3D3	-13.95	17.5	8	5650,0
192	#FFFFFF	#D3D3D3	-13.45	18	4	5650,0
192	#FFFFFF	#D3D3D3	-13	18.45	4	5650,0
192	#FFFFFF	#D3D3D3	-12.55	18	4	5650,0
192	#FFFFFF	#D3D3D3	-13	17.55	4	5650,0
192	#FFFFFF	#D3D3D3	-13.45	18	4	5650,0
171	#FFFFFF	#D3D3D3	-12.95	18.5	4	5650,0
171	#FFFFFF	#D3D3D3	-12.5	18.95	4	5650,0
171	#FFFFFF	#D3D3D3	-12.05	18.5	4	5650,0
171	#FFFFFF	#D3D3D3	-12.5	18.05	4	5650,0
171	#FFFFFF	#D3D3D3	-12.95	18.5	4	5650,0
151	#FFFFFF	#D3D3D3	-12.45	19	4	5650,0
151	#FFFFFF	#D3D3D3	-12	19.45	4	5650,0
151	#FFFFFF	#D3D3D3	-11.55	19	4	5650,0
151	#FFFFFF	#D3D3D3	-12	18.55	4	5650,0
151	#FFFFFF	#D3D3D3	-12.45	19	4	5650,0
131	#FFFFFF	#D3D3D3	-11.95	19.5	4	5650,0
131	#FFFFFF	#D3D3D3	-11.5	19.95	4	5650,0
131	#FFFFFF	#D3D3D3	-11.05	19.5	4	5650,0
131	#FFFFFF	#D3D3D3	-11.5	19.05	4	5650,0
131	#FFFFFF	#D3D3D3	-11.95	19.5	4	5650,0
1268	#FFFFFF	#D3D3D3	-30.45	0	16	5650,0
1268	#FFFFFF	#D3D3D3	-30	0.45	16	5650,0
1268	#FFFFFF	#D3D3D3	-29.55	0	16	5650,0
1268	#FFFFFF	#D3D3D3	-30	-0.45	16	5650,0
1268	#FFFFFF	#D3D3D3	-30.45	0	16	5650,0
1190	#FFFFFF	#D3D3D3	-29.95	0.5	16	5650,0
1190	#FFFFFF	#D3D3D3	-29.5	0.95	16	5650,0
1190	#FFFFFF	#D3D3D3	-29.05	0.5	16	5650,0
1190	#FFFFFF	#D3D3D3	-29.5	0.05	16	5650,0
1190	#FFFFFF	#D3D3D3	-29.95	0.5	16	5650,0
1157	#FFFFFF	#D3D3D3	-29.45	1	16	5650,0
1157	#FFFFFF	#D3D3D3	-29	1.45	16	5650,0
1157	#FFFFFF	#D3D3D3	-28.55	1	16	5650,0
1157	#FFFFFF	#D3D3D3	-29	0.55	16	5650,0
1157	#FFFFFF	#D3D3D3	-29.45	1	16	5650,0
1124	#FFFFFF	#D3D3D3	-28.95	1.5	16	5650,0
1124	#FFFFFF	#D3D3D3	-28.5	1.95	16	5650,0
1124	#FFFFFF	#D3D3D3	-28.05	1.5	16	5650,0
1124	#FFFFFF	#D3D3D3	-28.5	1.05	16	5650,0
1124	#FFFFFF	#D3D3D3	-28.95	1.5	16	5650,0
1101	#FFFFFF	#D3D3D3	-28.45	2	16	5650,0
1101	#FFFFFF	#D3D3D3	-28	2.45	16	5650,0
1101	#FFFFFF	#D3D3D3	-27.55	2	16	5650,0
1101	#FFFFFF	#D3D3D3	-28	1.55	16	5650,0
1101	#FFFFFF	#D3D3D3	-28.45	2	16	5650,0
1068	#FFFFFF	#D3D3D3	-27.95	2.5	16	5650,0
1068	#FFFFFF	#D3D3D3	-27.5	2.95	16	5650,0
1068	#FFFFFF	#D3D3D3	-27.05	2.5	16	5650,0
1068	#FFFFFF	#D3D3D3	-27.5	2.05	16	5650,0
1068	#FFFFFF	#D3D3D3	-27.95	2.5	16	5650,0
1045	#FFFFFF	#D3D3D3	-27.45	3	16	5650,0
1045	#FFFFFF	#D3D3D3	-27	3.45	16	5650,0
1045	#FFFFFF	#D3D3D3	-26.55	3	16	5650,0
1045	#FFFFFF	#D3D3D3	-27	2.55	16	5650,0
1045	#FFFFFF	#D3D3D3	-27.45	3	16	5650,0
1012	#FFFFFF	#D3D3D3	-26.95	3.5	16	5650,0
1012	#FFFFFF	#D3D3D3	-26.5	3.95	16	5650,0
1012	#FFFFFF	#D3D3D3	-26.05	3.5	16	5650,0
1012	#FFFFFF	#D3D3D3	-26.5	3.05	16	5650,0
1012	#FFFFFF	#D3D3D3	-26.95	3.5	16	5650,0
983	#FFFFFF	#D3D3D3	-26.45	4	16	5650,0
983	#FFFFFF	#D3D3D3	-26	4.45	16	5650,0
983	#FFFFFF	#D3D3D3	-25.55	4	16	5650,0
983	#FFFFFF	#D3D3D3	-26	3.55	16	5650,0
983	#FFFFFF	#D3D3D3	-26.45	4	16	5650,0
948	#FFFFFF	#D3D3D3	-25.95	4.5	16	5650,0
948	#FFFFFF	#D3D3D3	-25.5	4.95	16	5650,0
948	#FFFFFF	#D3D3D3	-25.05	4.5	16	5650,0
948	#FFFFFF	#D3D3D3	-25.5	4.05	16	5650,0
948	#FFFFFF	#D3D3D3	-25.95	4.5	16	5650,0
915	#FFFFFF	#D3D3D3	-25.45	5	16	5650,0
915	#FFFFFF	#D3D3D3	-25	5.45	16	5650,0
915	#FFFFFF	#D3D3D3	-24.55	5	16	5650,0
915	#FFFFFF	#D3D3D3	-25	4.55	16	5650,0
915	#FFFFFF	#D3D3D3	-25.45	5	16	5650,0
881	#FFFFFF	#D3D3D3	-24.95	5.5	16	5650,0
881	#FFFFFF	#D3D3D3	-24.5	5.95	16	5650,0
881	#FFFFFF	#D3D3D3	-24.05	5.5	16	5650,0
881	#FFFFFF	#D3D3D3	-24.5	5.05	16	5650,0
881	#FFFFFF	#D3D3D3	-24.95	5.5	16	5650,0
849	#FFFFFF	#D3D3D3	-24.45	6	16	5650,0
849	#FFFFFF	#D3D3D3	-24	6.45	16	5650,0
849	#FFFFFF	#D3D3D3	-23.55	6	16	5650,0
849	#FFFFFF	#D3D3D3	-24	5.55	16	5650,0
849	#FFFFFF	#D3D3D3	-24.45	6	16	5650,0
816	#FFFFFF	#D3D3D3	-23.95	6.5	16	5650,0
816	#FFFFFF	#D3D3D3	-23.5	6.95	16	5650,0
816	#FFFFFF	#D3D3D3	-23.05	6.5	16	5650,0
816	#FFFFFF	#D3D3D3	-23.5	6.05	16	5650,0
816	#FFFFFF	#D3D3D3	-23.95	6.5	16	5650,0
785	#FFFFFF	#D3D3D3	-23.45	7	16	5650,0
785	#FFFFFF	#D3D3D3	-23	7.45	16	5650,0
785	#FFFFFF	#D3D3D3	-22.55	7	16	5650,0
785	#FFFFFF	#D3D3D3	-23	6.55	16	5650,0
785	#FFFFFF	#D3D3D3	-23.45	7	16	5650,0
753	#FFFFFF	#D3D3D3	-22.95	7.5	16	5650,0
753	#FFFFFF	#D3D3D3	-22.5	7.95	16	5650,0
753	#FFFFFF	#D3D3D3	-22.05	7.5	16	5650,0
753	#FFFFFF	#D3D3D3	-22.5	7.05	16	5650,0
753	#FFFFFF	#D3D3D3	-22.95	7.5	16	5650,0
723	#FFFFFF	#D3D3D3	-22.45	8	16	5650,0
723	#FFFFFF	#D3D3D3	-22	8.45	16	5650,0
723	#FFFFFF	#D3D3D3	-21.55	8	16	5650,0
723	#FFFFFF	#D3D3D3	-22	7.55	16	5650,0
723	#FFFFFF	#D3D3D3	-22.45	8	16	5650,0
692	#FFFFFF	#D3D3D3	-21.95	8.5	8	5650,0
692	#FFFFFF	#D3D3D3	-21.5	8.95	8	5650,0
692	#FFFFFF	#D3D3D3	-21.05	8.5	8	5650,0
692	#FFFFFF	#D3D3D3	-21.5	8.05	8	5650,0
692	#FFFFFF	#D3D3D3	-21.95	8.5	8	5650,0
663	#FFFFFF	#D3D3D3	-21.45	9	8	5650,0
663	#FFFFFF	#D3D3D3	-21	9.45	8	5650,0
663	#FFFFFF	#D3D3D3	-20.55	9	8	5650,0
663	#FFFFFF	#D3D3D3	-21	8.55	8	5650,0
663	#FFFFFF	#D3D3D3	-21.45	9	8	5650,0
633	#FFFFFF	#D3D3D3	-20.95	9.5	8	5650,0
633	#FFFFFF	#D3D3D3	-20.5	9.95	8	5650,0
633	#FFFFFF	#D3D3D3	-20.05	9.5	8	5650,0
633	#FFFFFF	#D3D3D3	-20.5	9.05	8	5650,0
633	#FFFFFF	#D3D3D3	-20.95	9.5	8	5650,0
578	#FFFFFF	#D3D3D3	-20.45	10	8	5650,0
578	#FFFFFF	#D3D3D3	-20	10.45	8	5650,0
578	#FFFFFF	#D3D3D3	-19.55	10	8	5650,0
578	#FFFFFF	#D3D3D3	-20	9.55	8	5650,0
578	#FFFFFF	#D3D3D3	-20.45	10	8	5650,0
506	#FFFFFF	#D3D3D3	-19.95	10.5	8	5650,0
506	#FFFFFF	#D3D3D3	-19.5	10.95	8	5650,0
506	#FFFFFF	#D3D3D3	-19.05	10.5	8	5650,0
506	#FFFFFF	#D3D3D3	-19.5	10.05	8	5650,0
506	#FFFFFF	#D3D3D3	-19.95	10.5	8	5650,0
479	#FFFFFF	#D3D3D3	-19.45	11	4	5650,0
479	#FFFFFF	#D3D3D3	-19	11.45	4	5650,0
479	#FFFFFF	#D3D3D3	-18.55	11	4	5650,0
479	#FFFFFF	#D3D3D3	-19	10.55	4	5650,0
479	#FFFFFF	#D3D3D3	-19.45	11	4	5650,0
452	#FFFFFF	#D3D3D3	-18.95	11.5	4	5650,0
452	#FFFFFF	#D3D3D3	-18.5	11.95	4	5650,0
452	#FFFFFF	#D3D3D3	-18.05	11.5	4	5650,0
452	#FFFFFF	#D3D3D3	-18.5	11.05	4	5650,0
452	#FFFFFF	#D3D3D3	-18.95	11.5	4	5650,0
426	#FFFFFF	#D3D3D3	-18.45	12	4	5650,0
426	#FFFFFF	#D3D3D3	-18	12.45	4	5650,0
426	#FFFFFF	#D3D3D3	-17.55	12	4	5650,0
426	#FFFFFF	#D3D3D3	-18	11.55	4	5650,0
426	#FFFFFF	#D3D3D3	-18.45	12	4	5650,0
400	#FFFFFF	#D3D3D3	-17.95	12.5	4	5650,0
400	#FFFFFF	#D3D3D3	-17.5	12.95	4	5650,0
400	#FFFFFF	#D3D3D3	-17.05	12.5	4	5650,0
400	#FFFFFF	#D3D3D3	-17.5	12.05	4	5650,0
400	#FFFFFF	#D3D3D3	-17.95	12.5	4	5650,0
375	#FFFFFF	#D3D3D3	-17.45	13	4	5650,0
375	#FFFFFF	#D3D3D3	-17	13.45	4	5650,0
375	#FFFFFF	#D3D3D3	-16.55	13	4	5650,0
375	#FFFFFF	#D3D3D3	-17	12.55	4	5650,0
375	#FFFFFF	#D3D3D3	-17.45	13	4	5650,0
350	#FFFFFF	#D3D3D3	-16.95	13.5	4	5650,0
350	#FFFFFF	#D3D3D3	-16.5	13.95	4	5650,0
350	#FFFFFF	#D3D3D3	-16.05	13.5	4	5650,0
350	#FFFFFF	#D3D3D3	-16.5	13.05	4	5650,0
350	#FFFFFF	#D3D3D3	-16.95	13.5	4	5650,0
326	#FFFFFF	#D3D3D3	-16.45	14	4	5650,0
326	#FFFFFF	#D3D3D3	-16	14.45	4	5650,0
326	#FFFFFF	#D3D3D3	-15.55	14	4	5650,0
326	#FFFFFF	#D3D3D3	-16	13.55	4	5650,0
326	#FFFFFF	#D3D3D3	-16.45	14	4	5650,0
302	#FFFFFF	#D3D3D3	-15.95	14.5	4	5650,0
302	#FFFFFF	#D3D3D3	-15.5	14.95	4	5650,0
302	#FFFFFF	#D3D3D3	-15.05	14.5	4	5650,0
302	#FFFFFF	#D3D3D3	-15.5	14.05	4	5650,0
302	#FFFFFF	#D3D3D3	-15.95	14.5	4	5650,0
279	#FFFFFF	#D3D3D3	-15.45	15	4	5650,0
279	#FFFFFF	#D3D3D3	-15	15.45	4	5650,0
279	#FFFFFF	#D3D3D3	-14.55	15	4	5650,0
279	#FFFFFF	#D3D3D3	-15	14.55	4	5650,0
279	#FFFFFF	#D3D3D3	-15.45	15	4	5650,0
256	#FFFFFF	#D3D3D3	-14.95	15.5	4	5650,0
256	#FFFFFF	#D3D3D3	-14.5	15.95	4	5650,0
256	#FFFFFF	#D3D3D3	-14.05	15.5	4	5650,0
256	#FFFFFF	#D3D3D3	-14.5	15.05	4	5650,0
256	#FFFFFF	#D3D3D3	-14.95	15.5	4	5650,0
234	#FFFFFF	#D3D3D3	-14.45	16	4	5650,0
234	#FFFFFF	#D3D3D3	-14	16.45	4	5650,0
234	#FFFFFF	#D3D3D3	-13.55	16	4	5650,0
234	#FFFFFF	#D3D3D3	-14	15.55	4	5650,0
234	#FFFFFF	#D3D3D3	-14.45	16	4	5650,0
212	#FFFFFF	#D3D3D3	-13.95	16.5	8	5650,0
212	#FFFFFF	#D3D3D3	-13.5	16.95	8	5650,0
212	#FFFFFF	#D3D3D3	-13.05	16.5	8	5650,0
212	#FFFFFF	#D3D3D3	-13.5	16.05	8	5650,0
212	#FFFFFF	#D3D3D3	-13.95	16.5	8	5650,0
191	#FFFFFF	#D3D3D3	-13.45	17	4	5650,0
191	#FFFFFF	#D3D3D3	-13	17.45	4	5650,0
191	#FFFFFF	#D3D3D3	-12.55	17	4	5650,0
191	#FFFFFF	#D3D3D3	-13	16.55	4	5650,0
191	#FFFFFF	#D3D3D3	-13.45	17	4	5650,0
170	#FFFFFF	#D3D3D3	-12.95	17.5	4	5650,0
170	#FFFFFF	#D3D3D3	-12.5	17.95	4	5650,0
170	#FFFFFF	#D3D3D3	-12.05	17.5	4	5650,0
170	#FFFFFF	#D3D3D3	-12.5	17.05	4	5650,0
170	#FFFFFF	#D3D3D3	-12.95	17.5	4	5650,0
150	#FFFFFF	#D3D3D3	-12.45	18	4	5650,0
150	#FFFFFF	#D3D3D3	-12	18.45	4	5650,0
150	#FFFFFF	#D3D3D3	-11.55	18	4	5650,0
150	#FFFFFF	#D3D3D3	-12	17.55	4	5650,0
150	#FFFFFF	#D3D3D3	-12.45	18	4	5650,0
130	#FFFFFF	#D3D3D3	-11.95	18.5	4	5650,0
130	#FFFFFF	#D3D3D3	-11.5	18.95	4	5650,0
130	#FFFFFF	#D3D3D3	-11.05	18.5	4	5650,0
130	#FFFFFF	#D3D3D3	-11.5	18.05	4	5650,0
130	#FFFFFF	#D3D3D3	-11.95	18.5	4	5650,0
111	#FFFFFF	#D3D3D3	-11.45	19	4	5650,0
111	#FFFFFF	#D3D3D3	-11	19.45	4	5650,0
111	#FFFFFF	#D3D3D3	-10.55	19	4	5650,0
111	#FFFFFF	#D3D3D3	-11	18.55	4	5650,0
111	#FFFFFF	#D3D3D3	-11.45	19	4	5650,0
1156	#CD1076	#000000	-29.45	0	10	5650,0
1156	#CD1076	#000000	-29	0.45	10	5650,0
1156	#CD1076	#000000	-28.55	0	10	5650,0
1156	#CD1076	#000000	-29	-0.45	10	5650,0
1156	#CD1076	#000000	-29.45	0	10	5650,0
1123	#CD1076	#000000	-28.95	0.5	10	5650,0
1123	#CD1076	#000000	-28.5	0.95	10	5650,0
1123	#CD1076	#000000	-28.05	0.5	10	5650,0
1123	#CD1076	#000000	-28.5	0.05	10	5650,0
1123	#CD1076	#000000	-28.95	0.5	10	5650,0
1090	#CD1076	#000000	-28.45	1	10	5650,0
1090	#CD1076	#000000	-28	1.45	10	5650,0
1090	#CD1076	#000000	-27.55	1	10	5650,0
1090	#CD1076	#000000	-28	0.55	10	5650,0
1090	#CD1076	#000000	-28.45	1	10	5650,0
1057	#CD1076	#000000	-27.95	1.5	10	5650,0
1057	#CD1076	#000000	-27.5	1.95	10	5650,0
1057	#CD1076	#000000	-27.05	1.5	10	5650,0
1057	#CD1076	#000000	-27.5	1.05	10	5650,0
1057	#CD1076	#000000	-27.95	1.5	10	5650,0
1034	#CD1076	#000000	-27.45	2	10	5650,0
1034	#CD1076	#000000	-27	2.45	10	5650,0
1034	#CD1076	#000000	-26.55	2	10	5650,0
1034	#CD1076	#000000	-27	1.55	10	5650,0
1034	#CD1076	#000000	-27.45	2	10	5650,0
1001	#CD1076	#000000	-26.95	2.5	10	5650,0
1001	#CD1076	#000000	-26.5	2.95	10	5650,0
1001	#CD1076	#000000	-26.05	2.5	10	5650,0
1001	#CD1076	#000000	-26.5	2.05	10	5650,0
1001	#CD1076	#000000	-26.95	2.5	10	5650,0
977	#CD1076	#000000	-26.45	3	10	5650,0
977	#CD1076	#000000	-26	3.45	10	5650,0
977	#CD1076	#000000	-25.55	3	10	5650,0
977	#CD1076	#000000	-26	2.55	10	5650,0
977	#CD1076	#000000	-26.45	3	10	5650,0
943	#CD1076	#000000	-25.95	3.5	10	5650,0
943	#CD1076	#000000	-25.5	3.95	10	5650,0
943	#CD1076	#000000	-25.05	3.5	10	5650,0
943	#CD1076	#000000	-25.5	3.05	10	5650,0
943	#CD1076	#000000	-25.95	3.5	10	5650,0
914	#CD1076	#000000	-25.45	4	97	5650,0
914	#CD1076	#000000	-25	4.45	97	5650,0
914	#CD1076	#000000	-24.55	4	97	5650,0
914	#CD1076	#000000	-25	3.55	97	5650,0
914	#CD1076	#000000	-25.45	4	97	5650,0
880	#CD1076	#000000	-24.95	4.5	97	5650,0
880	#CD1076	#000000	-24.5	4.95	97	5650,0
880	#CD1076	#000000	-24.05	4.5	97	5650,0
880	#CD1076	#000000	-24.5	4.05	97	5650,0
880	#CD1076	#000000	-24.95	4.5	97	5650,0
848	#CD1076	#000000	-24.45	5	97	5650,0
848	#CD1076	#000000	-24	5.45	97	5650,0
848	#CD1076	#000000	-23.55	5	97	5650,0
848	#CD1076	#000000	-24	4.55	97	5650,0
848	#CD1076	#000000	-24.45	5	97	5650,0
815	#CD1076	#000000	-23.95	5.5	99	5650,0
815	#CD1076	#000000	-23.5	5.95	99	5650,0
815	#CD1076	#000000	-23.05	5.5	99	5650,0
815	#CD1076	#000000	-23.5	5.05	99	5650,0
815	#CD1076	#000000	-23.95	5.5	99	5650,0
784	#CD1076	#000000	-23.45	6	99	5650,0
784	#CD1076	#000000	-23	6.45	99	5650,0
784	#CD1076	#000000	-22.55	6	99	5650,0
784	#CD1076	#000000	-23	5.55	99	5650,0
784	#CD1076	#000000	-23.45	6	99	5650,0
752	#CD1076	#000000	-22.95	6.5	99	5650,0
752	#CD1076	#000000	-22.5	6.95	99	5650,0
752	#CD1076	#000000	-22.05	6.5	99	5650,0
752	#CD1076	#000000	-22.5	6.05	99	5650,0
752	#CD1076	#000000	-22.95	6.5	99	5650,0
722	#CD1076	#000000	-22.45	7	99	5650,0
722	#CD1076	#000000	-22	7.45	99	5650,0
722	#CD1076	#000000	-21.55	7	99	5650,0
722	#CD1076	#000000	-22	6.55	99	5650,0
722	#CD1076	#000000	-22.45	7	99	5650,0
691	#CD1076	#000000	-21.95	7.5	99	5650,0
691	#CD1076	#000000	-21.5	7.95	99	5650,0
691	#CD1076	#000000	-21.05	7.5	99	5650,0
691	#CD1076	#000000	-21.5	7.05	99	5650,0
691	#CD1076	#000000	-21.95	7.5	99	5650,0
662	#CD1076	#000000	-21.45	8	99	5650,0
662	#CD1076	#000000	-21	8.45	99	5650,0
662	#CD1076	#000000	-20.55	8	99	5650,0
662	#CD1076	#000000	-21	7.55	99	5650,0
662	#CD1076	#000000	-21.45	8	99	5650,0
632	#CD1076	#000000	-20.95	8.5	99	5650,0
632	#CD1076	#000000	-20.5	8.95	99	5650,0
632	#CD1076	#000000	-20.05	8.5	99	5650,0
632	#CD1076	#000000	-20.5	8.05	99	5650,0
632	#CD1076	#000000	-20.95	8.5	99	5650,0
604	#CD1076	#000000	-20.45	9	99	5650,0
604	#CD1076	#000000	-20	9.45	99	5650,0
604	#CD1076	#000000	-19.55	9	99	5650,0
604	#CD1076	#000000	-20	8.55	99	5650,0
604	#CD1076	#000000	-20.45	9	99	5650,0
531	#FFFFFF	#D3D3D3	-19.95	9.5	4	5650,0
531	#FFFFFF	#D3D3D3	-19.5	9.95	4	5650,0
531	#FFFFFF	#D3D3D3	-19.05	9.5	4	5650,0
531	#FFFFFF	#D3D3D3	-19.5	9.05	4	5650,0
531	#FFFFFF	#D3D3D3	-19.95	9.5	4	5650,0
478	#FFFFFF	#D3D3D3	-19.45	10	8	5650,0
478	#FFFFFF	#D3D3D3	-19	10.45	8	5650,0
478	#FFFFFF	#D3D3D3	-18.55	10	8	5650,0
478	#FFFFFF	#D3D3D3	-19	9.55	8	5650,0
478	#FFFFFF	#D3D3D3	-19.45	10	8	5650,0
451	#FFFFFF	#D3D3D3	-18.95	10.5	8	5650,0
451	#FFFFFF	#D3D3D3	-18.5	10.95	8	5650,0
451	#FFFFFF	#D3D3D3	-18.05	10.5	8	5650,0
451	#FFFFFF	#D3D3D3	-18.5	10.05	8	5650,0
451	#FFFFFF	#D3D3D3	-18.95	10.5	8	5650,0
425	#FFFFFF	#D3D3D3	-18.45	11	4	5650,0
425	#FFFFFF	#D3D3D3	-18	11.45	4	5650,0
425	#FFFFFF	#D3D3D3	-17.55	11	4	5650,0
425	#FFFFFF	#D3D3D3	-18	10.55	4	5650,0
425	#FFFFFF	#D3D3D3	-18.45	11	4	5650,0
399	#FFFFFF	#D3D3D3	-17.95	11.5	4	5650,0
399	#FFFFFF	#D3D3D3	-17.5	11.95	4	5650,0
399	#FFFFFF	#D3D3D3	-17.05	11.5	4	5650,0
399	#FFFFFF	#D3D3D3	-17.5	11.05	4	5650,0
399	#FFFFFF	#D3D3D3	-17.95	11.5	4	5650,0
374	#FFFFFF	#D3D3D3	-17.45	12	4	5650,0
374	#FFFFFF	#D3D3D3	-17	12.45	4	5650,0
374	#FFFFFF	#D3D3D3	-16.55	12	4	5650,0
374	#FFFFFF	#D3D3D3	-17	11.55	4	5650,0
374	#FFFFFF	#D3D3D3	-17.45	12	4	5650,0
349	#FFFFFF	#D3D3D3	-16.95	12.5	4	5650,0
349	#FFFFFF	#D3D3D3	-16.5	12.95	4	5650,0
349	#FFFFFF	#D3D3D3	-16.05	12.5	4	5650,0
349	#FFFFFF	#D3D3D3	-16.5	12.05	4	5650,0
349	#FFFFFF	#D3D3D3	-16.95	12.5	4	5650,0
325	#FFFFFF	#D3D3D3	-16.45	13	4	5650,0
325	#FFFFFF	#D3D3D3	-16	13.45	4	5650,0
325	#FFFFFF	#D3D3D3	-15.55	13	4	5650,0
325	#FFFFFF	#D3D3D3	-16	12.55	4	5650,0
325	#FFFFFF	#D3D3D3	-16.45	13	4	5650,0
301	#FFFFFF	#D3D3D3	-15.95	13.5	4	5650,0
301	#FFFFFF	#D3D3D3	-15.5	13.95	4	5650,0
301	#FFFFFF	#D3D3D3	-15.05	13.5	4	5650,0
301	#FFFFFF	#D3D3D3	-15.5	13.05	4	5650,0
301	#FFFFFF	#D3D3D3	-15.95	13.5	4	5650,0
278	#FFFFFF	#D3D3D3	-15.45	14	4	5650,0
278	#FFFFFF	#D3D3D3	-15	14.45	4	5650,0
278	#FFFFFF	#D3D3D3	-14.55	14	4	5650,0
278	#FFFFFF	#D3D3D3	-15	13.55	4	5650,0
278	#FFFFFF	#D3D3D3	-15.45	14	4	5650,0
255	#FFFFFF	#D3D3D3	-14.95	14.5	4	5650,0
255	#FFFFFF	#D3D3D3	-14.5	14.95	4	5650,0
255	#FFFFFF	#D3D3D3	-14.05	14.5	4	5650,0
255	#FFFFFF	#D3D3D3	-14.5	14.05	4	5650,0
255	#FFFFFF	#D3D3D3	-14.95	14.5	4	5650,0
233	#FFFFFF	#D3D3D3	-14.45	15	4	5650,0
233	#FFFFFF	#D3D3D3	-14	15.45	4	5650,0
233	#FFFFFF	#D3D3D3	-13.55	15	4	5650,0
233	#FFFFFF	#D3D3D3	-14	14.55	4	5650,0
233	#FFFFFF	#D3D3D3	-14.45	15	4	5650,0
211	#FFFFFF	#D3D3D3	-13.95	15.5	4	5650,0
211	#FFFFFF	#D3D3D3	-13.5	15.95	4	5650,0
211	#FFFFFF	#D3D3D3	-13.05	15.5	4	5650,0
211	#FFFFFF	#D3D3D3	-13.5	15.05	4	5650,0
211	#FFFFFF	#D3D3D3	-13.95	15.5	4	5650,0
190	#FFFFFF	#D3D3D3	-13.45	16	4	5650,0
190	#FFFFFF	#D3D3D3	-13	16.45	4	5650,0
190	#FFFFFF	#D3D3D3	-12.55	16	4	5650,0
190	#FFFFFF	#D3D3D3	-13	15.55	4	5650,0
190	#FFFFFF	#D3D3D3	-13.45	16	4	5650,0
169	#FFFFFF	#D3D3D3	-12.95	16.5	4	5650,0
169	#FFFFFF	#D3D3D3	-12.5	16.95	4	5650,0
169	#FFFFFF	#D3D3D3	-12.05	16.5	4	5650,0
169	#FFFFFF	#D3D3D3	-12.5	16.05	4	5650,0
169	#FFFFFF	#D3D3D3	-12.95	16.5	4	5650,0
149	#FFFFFF	#D3D3D3	-12.45	17	4	5650,0
149	#FFFFFF	#D3D3D3	-12	17.45	4	5650,0
149	#FFFFFF	#D3D3D3	-11.55	17	4	5650,0
149	#FFFFFF	#D3D3D3	-12	16.55	4	5650,0
149	#FFFFFF	#D3D3D3	-12.45	17	4	5650,0
129	#FFFFFF	#D3D3D3	-11.95	17.5	4	5650,0
129	#FFFFFF	#D3D3D3	-11.5	17.95	4	5650,0
129	#FFFFFF	#D3D3D3	-11.05	17.5	4	5650,0
129	#FFFFFF	#D3D3D3	-11.5	17.05	4	5650,0
129	#FFFFFF	#D3D3D3	-11.95	17.5	4	5650,0
110	#FFFFFF	#D3D3D3	-11.45	18	4	5650,0
110	#FFFFFF	#D3D3D3	-11	18.45	4	5650,0
110	#FFFFFF	#D3D3D3	-10.55	18	4	5650,0
110	#FFFFFF	#D3D3D3	-11	17.55	4	5650,0
110	#FFFFFF	#D3D3D3	-11.45	18	4	5650,0
91	#FFFFFF	#D3D3D3	-10.95	18.5	4	5650,0
91	#FFFFFF	#D3D3D3	-10.5	18.95	4	5650,0
91	#FFFFFF	#D3D3D3	-10.05	18.5	4	5650,0
91	#FFFFFF	#D3D3D3	-10.5	18.05	4	5650,0
91	#FFFFFF	#D3D3D3	-10.95	18.5	4	5650,0
1089	#CD1076	#000000	-28.45	0	10	5650,0
1089	#CD1076	#000000	-28	0.45	10	5650,0
1089	#CD1076	#000000	-27.55	0	10	5650,0
1089	#CD1076	#000000	-28	-0.45	10	5650,0
1089	#CD1076	#000000	-28.45	0	10	5650,0
1056	#CD1076	#000000	-27.95	0.5	10	5650,0
1056	#CD1076	#000000	-27.5	0.95	10	5650,0
1056	#CD1076	#000000	-27.05	0.5	10	5650,0
1056	#CD1076	#000000	-27.5	0.05	10	5650,0
1056	#CD1076	#000000	-27.95	0.5	10	5650,0
1023	#CD1076	#000000	-27.45	1	10	5650,0
1023	#CD1076	#000000	-27	1.45	10	5650,0
1023	#CD1076	#000000	-26.55	1	10	5650,0
1023	#CD1076	#000000	-27	0.55	10	5650,0
1023	#CD1076	#000000	-27.45	1	10	5650,0
990	#CD1076	#000000	-26.95	1.5	10	5650,0
990	#CD1076	#000000	-26.5	1.95	10	5650,0
990	#CD1076	#000000	-26.05	1.5	10	5650,0
990	#CD1076	#000000	-26.5	1.05	10	5650,0
990	#CD1076	#000000	-26.95	1.5	10	5650,0
966	#CD1076	#000000	-26.45	2	10	5650,0
966	#CD1076	#000000	-26	2.45	10	5650,0
966	#CD1076	#000000	-25.55	2	10	5650,0
966	#CD1076	#000000	-26	1.55	10	5650,0
966	#CD1076	#000000	-26.45	2	10	5650,0
932	#CD1076	#000000	-25.95	2.5	10	5650,0
932	#CD1076	#000000	-25.5	2.95	10	5650,0
932	#CD1076	#000000	-25.05	2.5	10	5650,0
932	#CD1076	#000000	-25.5	2.05	10	5650,0
932	#CD1076	#000000	-25.95	2.5	10	5650,0
909	#CD1076	#000000	-25.45	3	10	5650,0
909	#CD1076	#000000	-25	3.45	10	5650,0
909	#CD1076	#000000	-24.55	3	10	5650,0
909	#CD1076	#000000	-25	2.55	10	5650,0
909	#CD1076	#000000	-25.45	3	10	5650,0
876	#CD1076	#000000	-24.95	3.5	10	5650,0
876	#CD1076	#000000	-24.5	3.95	10	5650,0
876	#CD1076	#000000	-24.05	3.5	10	5650,0
876	#CD1076	#000000	-24.5	3.05	10	5650,0
876	#CD1076	#000000	-24.95	3.5	10	5650,0
847	#CD1076	#000000	-24.45	4	10	5650,0
847	#CD1076	#000000	-24	4.45	10	5650,0
847	#CD1076	#000000	-23.55	4	10	5650,0
847	#CD1076	#000000	-24	3.55	10	5650,0
847	#CD1076	#000000	-24.45	4	10	5650,0
814	#CD1076	#000000	-23.95	4.5	97	5650,0
814	#CD1076	#000000	-23.5	4.95	97	5650,0
814	#CD1076	#000000	-23.05	4.5	97	5650,0
814	#CD1076	#000000	-23.5	4.05	97	5650,0
814	#CD1076	#000000	-23.95	4.5	97	5650,0
783	#CD1076	#000000	-23.45	5	97	5650,0
783	#CD1076	#000000	-23	5.45	97	5650,0
783	#CD1076	#000000	-22.55	5	97	5650,0
783	#CD1076	#000000	-23	4.55	97	5650,0
783	#CD1076	#000000	-23.45	5	97	5650,0
751	#CD1076	#000000	-22.95	5.5	99	5650,0
751	#CD1076	#000000	-22.5	5.95	99	5650,0
751	#CD1076	#000000	-22.05	5.5	99	5650,0
751	#CD1076	#000000	-22.5	5.05	99	5650,0
751	#CD1076	#000000	-22.95	5.5	99	5650,0
721	#CD1076	#000000	-22.45	6	99	5650,0
721	#CD1076	#000000	-22	6.45	99	5650,0
721	#CD1076	#000000	-21.55	6	99	5650,0
721	#CD1076	#000000	-22	5.55	99	5650,0
721	#CD1076	#000000	-22.45	6	99	5650,0
690	#CD1076	#000000	-21.95	6.5	99	5650,0
690	#CD1076	#000000	-21.5	6.95	99	5650,0
690	#CD1076	#000000	-21.05	6.5	99	5650,0
690	#CD1076	#000000	-21.5	6.05	99	5650,0
690	#CD1076	#000000	-21.95	6.5	99	5650,0
661	#CD1076	#000000	-21.45	7	99	5650,0
661	#CD1076	#000000	-21	7.45	99	5650,0
661	#CD1076	#000000	-20.55	7	99	5650,0
661	#CD1076	#000000	-21	6.55	99	5650,0
661	#CD1076	#000000	-21.45	7	99	5650,0
631	#CD1076	#000000	-20.95	7.5	39	5650,0
631	#CD1076	#000000	-20.5	7.95	39	5650,0
631	#CD1076	#000000	-20.05	7.5	39	5650,0
631	#CD1076	#000000	-20.5	7.05	39	5650,0
631	#CD1076	#000000	-20.95	7.5	39	5650,0
603	#CD1076	#000000	-20.45	8	99	5650,0
603	#CD1076	#000000	-20	8.45	99	5650,0
603	#CD1076	#000000	-19.55	8	99	5650,0
603	#CD1076	#000000	-20	7.55	99	5650,0
603	#CD1076	#000000	-20.45	8	99	5650,0
530	#CD1076	#000000	-19.95	8.5	99	5650,0
530	#CD1076	#000000	-19.5	8.95	99	5650,0
530	#CD1076	#000000	-19.05	8.5	99	5650,0
530	#CD1076	#000000	-19.5	8.05	99	5650,0
530	#CD1076	#000000	-19.95	8.5	99	5650,0
503	#FFFFFF	#D3D3D3	-19.45	9	4	5650,0
503	#FFFFFF	#D3D3D3	-19	9.45	4	5650,0
503	#FFFFFF	#D3D3D3	-18.55	9	4	5650,0
503	#FFFFFF	#D3D3D3	-19	8.55	4	5650,0
503	#FFFFFF	#D3D3D3	-19.45	9	4	5650,0
475	#FFFFFF	#D3D3D3	-18.95	9.5	4	5650,0
475	#FFFFFF	#D3D3D3	-18.5	9.95	4	5650,0
475	#FFFFFF	#D3D3D3	-18.05	9.5	4	5650,0
475	#FFFFFF	#D3D3D3	-18.5	9.05	4	5650,0
475	#FFFFFF	#D3D3D3	-18.95	9.5	4	5650,0
424	#FFFFFF	#D3D3D3	-18.45	10	4	5650,0
424	#FFFFFF	#D3D3D3	-18	10.45	4	5650,0
424	#FFFFFF	#D3D3D3	-17.55	10	4	5650,0
424	#FFFFFF	#D3D3D3	-18	9.55	4	5650,0
424	#FFFFFF	#D3D3D3	-18.45	10	4	5650,0
398	#FFFFFF	#D3D3D3	-17.95	10.5	4	5650,0
398	#FFFFFF	#D3D3D3	-17.5	10.95	4	5650,0
398	#FFFFFF	#D3D3D3	-17.05	10.5	4	5650,0
398	#FFFFFF	#D3D3D3	-17.5	10.05	4	5650,0
398	#FFFFFF	#D3D3D3	-17.95	10.5	4	5650,0
373	#FFFFFF	#D3D3D3	-17.45	11	4	5650,0
373	#FFFFFF	#D3D3D3	-17	11.45	4	5650,0
373	#FFFFFF	#D3D3D3	-16.55	11	4	5650,0
373	#FFFFFF	#D3D3D3	-17	10.55	4	5650,0
373	#FFFFFF	#D3D3D3	-17.45	11	4	5650,0
348	#FFFFFF	#D3D3D3	-16.95	11.5	4	5650,0
348	#FFFFFF	#D3D3D3	-16.5	11.95	4	5650,0
348	#FFFFFF	#D3D3D3	-16.05	11.5	4	5650,0
348	#FFFFFF	#D3D3D3	-16.5	11.05	4	5650,0
348	#FFFFFF	#D3D3D3	-16.95	11.5	4	5650,0
324	#FFFFFF	#D3D3D3	-16.45	12	4	5650,0
324	#FFFFFF	#D3D3D3	-16	12.45	4	5650,0
324	#FFFFFF	#D3D3D3	-15.55	12	4	5650,0
324	#FFFFFF	#D3D3D3	-16	11.55	4	5650,0
324	#FFFFFF	#D3D3D3	-16.45	12	4	5650,0
300	#FFFFFF	#D3D3D3	-15.95	12.5	4	5650,0
300	#FFFFFF	#D3D3D3	-15.5	12.95	4	5650,0
300	#FFFFFF	#D3D3D3	-15.05	12.5	4	5650,0
300	#FFFFFF	#D3D3D3	-15.5	12.05	4	5650,0
300	#FFFFFF	#D3D3D3	-15.95	12.5	4	5650,0
277	#FFFFFF	#D3D3D3	-15.45	13	4	5650,0
277	#FFFFFF	#D3D3D3	-15	13.45	4	5650,0
277	#FFFFFF	#D3D3D3	-14.55	13	4	5650,0
277	#FFFFFF	#D3D3D3	-15	12.55	4	5650,0
277	#FFFFFF	#D3D3D3	-15.45	13	4	5650,0
254	#FFFFFF	#D3D3D3	-14.95	13.5	4	5650,0
254	#FFFFFF	#D3D3D3	-14.5	13.95	4	5650,0
254	#FFFFFF	#D3D3D3	-14.05	13.5	4	5650,0
254	#FFFFFF	#D3D3D3	-14.5	13.05	4	5650,0
254	#FFFFFF	#D3D3D3	-14.95	13.5	4	5650,0
232	#FFFFFF	#D3D3D3	-14.45	14	4	5650,0
232	#FFFFFF	#D3D3D3	-14	14.45	4	5650,0
232	#FFFFFF	#D3D3D3	-13.55	14	4	5650,0
232	#FFFFFF	#D3D3D3	-14	13.55	4	5650,0
232	#FFFFFF	#D3D3D3	-14.45	14	4	5650,0
210	#FFFFFF	#D3D3D3	-13.95	14.5	4	5650,0
210	#FFFFFF	#D3D3D3	-13.5	14.95	4	5650,0
210	#FFFFFF	#D3D3D3	-13.05	14.5	4	5650,0
210	#FFFFFF	#D3D3D3	-13.5	14.05	4	5650,0
210	#FFFFFF	#D3D3D3	-13.95	14.5	4	5650,0
189	#FFFFFF	#D3D3D3	-13.45	15	4	5650,0
189	#FFFFFF	#D3D3D3	-13	15.45	4	5650,0
189	#FFFFFF	#D3D3D3	-12.55	15	4	5650,0
189	#FFFFFF	#D3D3D3	-13	14.55	4	5650,0
189	#FFFFFF	#D3D3D3	-13.45	15	4	5650,0
168	#FFFFFF	#D3D3D3	-12.95	15.5	4	5650,0
168	#FFFFFF	#D3D3D3	-12.5	15.95	4	5650,0
168	#FFFFFF	#D3D3D3	-12.05	15.5	4	5650,0
168	#FFFFFF	#D3D3D3	-12.5	15.05	4	5650,0
168	#FFFFFF	#D3D3D3	-12.95	15.5	4	5650,0
148	#FFFFFF	#D3D3D3	-12.45	16	4	5650,0
148	#FFFFFF	#D3D3D3	-12	16.45	4	5650,0
148	#FFFFFF	#D3D3D3	-11.55	16	4	5650,0
148	#FFFFFF	#D3D3D3	-12	15.55	4	5650,0
148	#FFFFFF	#D3D3D3	-12.45	16	4	5650,0
128	#FFFFFF	#D3D3D3	-11.95	16.5	4	5650,0
128	#FFFFFF	#D3D3D3	-11.5	16.95	4	5650,0
128	#FFFFFF	#D3D3D3	-11.05	16.5	4	5650,0
128	#FFFFFF	#D3D3D3	-11.5	16.05	4	5650,0
128	#FFFFFF	#D3D3D3	-11.95	16.5	4	5650,0
109	#FFFFFF	#D3D3D3	-11.45	17	4	5650,0
109	#FFFFFF	#D3D3D3	-11	17.45	4	5650,0
109	#FFFFFF	#D3D3D3	-10.55	17	4	5650,0
109	#FFFFFF	#D3D3D3	-11	16.55	4	5650,0
109	#FFFFFF	#D3D3D3	-11.45	17	4	5650,0
90	#FFFFFF	#D3D3D3	-10.95	17.5	4	5650,0
90	#FFFFFF	#D3D3D3	-10.5	17.95	4	5650,0
90	#FFFFFF	#D3D3D3	-10.05	17.5	4	5650,0
90	#FFFFFF	#D3D3D3	-10.5	17.05	4	5650,0
90	#FFFFFF	#D3D3D3	-10.95	17.5	4	5650,0
72	#FFFFFF	#D3D3D3	-10.45	18	4	5650,0
72	#FFFFFF	#D3D3D3	-10	18.45	4	5650,0
72	#FFFFFF	#D3D3D3	-9.55	18	4	5650,0
72	#FFFFFF	#D3D3D3	-10	17.55	4	5650,0
72	#FFFFFF	#D3D3D3	-10.45	18	4	5650,0
1022	#CD1076	#000000	-27.45	0	10	5650,0
1022	#CD1076	#000000	-27	0.45	10	5650,0
1022	#CD1076	#000000	-26.55	0	10	5650,0
1022	#CD1076	#000000	-27	-0.45	10	5650,0
1022	#CD1076	#000000	-27.45	0	10	5650,0
989	#CD1076	#000000	-26.95	0.5	10	5650,0
989	#CD1076	#000000	-26.5	0.95	10	5650,0
989	#CD1076	#000000	-26.05	0.5	10	5650,0
989	#CD1076	#000000	-26.5	0.05	10	5650,0
989	#CD1076	#000000	-26.95	0.5	10	5650,0
955	#CD1076	#000000	-26.45	1	10	5650,0
955	#CD1076	#000000	-26	1.45	10	5650,0
955	#CD1076	#000000	-25.55	1	10	5650,0
955	#CD1076	#000000	-26	0.55	10	5650,0
955	#CD1076	#000000	-26.45	1	10	5650,0
921	#CD1076	#000000	-25.95	1.5	10	5650,0
921	#CD1076	#000000	-25.5	1.95	10	5650,0
921	#CD1076	#000000	-25.05	1.5	10	5650,0
921	#CD1076	#000000	-25.5	1.05	10	5650,0
921	#CD1076	#000000	-25.95	1.5	10	5650,0
898	#CD1076	#000000	-25.45	2	10	5650,0
898	#CD1076	#000000	-25	2.45	10	5650,0
898	#CD1076	#000000	-24.55	2	10	5650,0
898	#CD1076	#000000	-25	1.55	10	5650,0
898	#CD1076	#000000	-25.45	2	10	5650,0
865	#CD1076	#000000	-24.95	2.5	10	5650,0
865	#CD1076	#000000	-24.5	2.95	10	5650,0
865	#CD1076	#000000	-24.05	2.5	10	5650,0
865	#CD1076	#000000	-24.5	2.05	10	5650,0
865	#CD1076	#000000	-24.95	2.5	10	5650,0
843	#CD1076	#000000	-24.45	3	10	5650,0
843	#CD1076	#000000	-24	3.45	10	5650,0
843	#CD1076	#000000	-23.55	3	10	5650,0
843	#CD1076	#000000	-24	2.55	10	5650,0
843	#CD1076	#000000	-24.45	3	10	5650,0
811	#CD1076	#000000	-23.95	3.5	10	5650,0
811	#CD1076	#000000	-23.5	3.95	10	5650,0
811	#CD1076	#000000	-23.05	3.5	10	5650,0
811	#CD1076	#000000	-23.5	3.05	10	5650,0
811	#CD1076	#000000	-23.95	3.5	10	5650,0
782	#CD1076	#000000	-23.45	4	97	5650,0
782	#CD1076	#000000	-23	4.45	97	5650,0
782	#CD1076	#000000	-22.55	4	97	5650,0
782	#CD1076	#000000	-23	3.55	97	5650,0
782	#CD1076	#000000	-23.45	4	97	5650,0
750	#CD1076	#000000	-22.95	4.5	97	5650,0
750	#CD1076	#000000	-22.5	4.95	97	5650,0
750	#CD1076	#000000	-22.05	4.5	97	5650,0
750	#CD1076	#000000	-22.5	4.05	97	5650,0
750	#CD1076	#000000	-22.95	4.5	97	5650,0
720	#CD1076	#000000	-22.45	5	99	5650,0
720	#CD1076	#000000	-22	5.45	99	5650,0
720	#CD1076	#000000	-21.55	5	99	5650,0
720	#CD1076	#000000	-22	4.55	99	5650,0
720	#CD1076	#000000	-22.45	5	99	5650,0
689	#CD1076	#000000	-21.95	5.5	39	5650,0
689	#CD1076	#000000	-21.5	5.95	39	5650,0
689	#CD1076	#000000	-21.05	5.5	39	5650,0
689	#CD1076	#000000	-21.5	5.05	39	5650,0
689	#CD1076	#000000	-21.95	5.5	39	5650,0
660	#CD1076	#000000	-21.45	6	39	5650,0
660	#CD1076	#000000	-21	6.45	39	5650,0
660	#CD1076	#000000	-20.55	6	39	5650,0
660	#CD1076	#000000	-21	5.55	39	5650,0
660	#CD1076	#000000	-21.45	6	39	5650,0
630	#CD1076	#000000	-20.95	6.5	39	5650,0
630	#CD1076	#000000	-20.5	6.95	39	5650,0
630	#CD1076	#000000	-20.05	6.5	39	5650,0
630	#CD1076	#000000	-20.5	6.05	39	5650,0
630	#CD1076	#000000	-20.95	6.5	39	5650,0
602	#CD1076	#000000	-20.45	7	39	5650,0
602	#CD1076	#000000	-20	7.45	39	5650,0
602	#CD1076	#000000	-19.55	7	39	5650,0
602	#CD1076	#000000	-20	6.55	39	5650,0
602	#CD1076	#000000	-20.45	7	39	5650,0
529	#CD1076	#000000	-19.95	7.5	99	5650,0
529	#CD1076	#000000	-19.5	7.95	99	5650,0
529	#CD1076	#000000	-19.05	7.5	99	5650,0
529	#CD1076	#000000	-19.5	7.05	99	5650,0
529	#CD1076	#000000	-19.95	7.5	99	5650,0
502	#CD1076	#000000	-19.45	8	99	5650,0
502	#CD1076	#000000	-19	8.45	99	5650,0
502	#CD1076	#000000	-18.55	8	99	5650,0
502	#CD1076	#000000	-19	7.55	99	5650,0
502	#CD1076	#000000	-19.45	8	99	5650,0
474	#FFFFFF	#D3D3D3	-18.95	8.5	4	5650,0
474	#FFFFFF	#D3D3D3	-18.5	8.95	4	5650,0
474	#FFFFFF	#D3D3D3	-18.05	8.5	4	5650,0
474	#FFFFFF	#D3D3D3	-18.5	8.05	4	5650,0
474	#FFFFFF	#D3D3D3	-18.95	8.5	4	5650,0
448	#FFFFFF	#D3D3D3	-18.45	9	4	5650,0
448	#FFFFFF	#D3D3D3	-18	9.45	4	5650,0
448	#FFFFFF	#D3D3D3	-17.55	9	4	5650,0
448	#FFFFFF	#D3D3D3	-18	8.55	4	5650,0
448	#FFFFFF	#D3D3D3	-18.45	9	4	5650,0
421	#FFFFFF	#D3D3D3	-17.95	9.5	4	5650,0
421	#FFFFFF	#D3D3D3	-17.5	9.95	4	5650,0
421	#FFFFFF	#D3D3D3	-17.05	9.5	4	5650,0
421	#FFFFFF	#D3D3D3	-17.5	9.05	4	5650,0
421	#FFFFFF	#D3D3D3	-17.95	9.5	4	5650,0
372	#FFFFFF	#D3D3D3	-17.45	10	4	5650,0
372	#FFFFFF	#D3D3D3	-17	10.45	4	5650,0
372	#FFFFFF	#D3D3D3	-16.55	10	4	5650,0
372	#FFFFFF	#D3D3D3	-17	9.55	4	5650,0
372	#FFFFFF	#D3D3D3	-17.45	10	4	5650,0
347	#FFFFFF	#D3D3D3	-16.95	10.5	4	5650,0
347	#FFFFFF	#D3D3D3	-16.5	10.95	4	5650,0
347	#FFFFFF	#D3D3D3	-16.05	10.5	4	5650,0
347	#FFFFFF	#D3D3D3	-16.5	10.05	4	5650,0
347	#FFFFFF	#D3D3D3	-16.95	10.5	4	5650,0
323	#FFFFFF	#D3D3D3	-16.45	11	4	5650,0
323	#FFFFFF	#D3D3D3	-16	11.45	4	5650,0
323	#FFFFFF	#D3D3D3	-15.55	11	4	5650,0
323	#FFFFFF	#D3D3D3	-16	10.55	4	5650,0
323	#FFFFFF	#D3D3D3	-16.45	11	4	5650,0
299	#FFFFFF	#D3D3D3	-15.95	11.5	4	5650,0
299	#FFFFFF	#D3D3D3	-15.5	11.95	4	5650,0
299	#FFFFFF	#D3D3D3	-15.05	11.5	4	5650,0
299	#FFFFFF	#D3D3D3	-15.5	11.05	4	5650,0
299	#FFFFFF	#D3D3D3	-15.95	11.5	4	5650,0
276	#FFFFFF	#D3D3D3	-15.45	12	4	5650,0
276	#FFFFFF	#D3D3D3	-15	12.45	4	5650,0
276	#FFFFFF	#D3D3D3	-14.55	12	4	5650,0
276	#FFFFFF	#D3D3D3	-15	11.55	4	5650,0
276	#FFFFFF	#D3D3D3	-15.45	12	4	5650,0
253	#FFFFFF	#D3D3D3	-14.95	12.5	4	5650,0
253	#FFFFFF	#D3D3D3	-14.5	12.95	4	5650,0
253	#FFFFFF	#D3D3D3	-14.05	12.5	4	5650,0
253	#FFFFFF	#D3D3D3	-14.5	12.05	4	5650,0
253	#FFFFFF	#D3D3D3	-14.95	12.5	4	5650,0
231	#FFFFFF	#D3D3D3	-14.45	13	4	5650,0
231	#FFFFFF	#D3D3D3	-14	13.45	4	5650,0
231	#FFFFFF	#D3D3D3	-13.55	13	4	5650,0
231	#FFFFFF	#D3D3D3	-14	12.55	4	5650,0
231	#FFFFFF	#D3D3D3	-14.45	13	4	5650,0
209	#FFFFFF	#D3D3D3	-13.95	13.5	4	5650,0
209	#FFFFFF	#D3D3D3	-13.5	13.95	4	5650,0
209	#FFFFFF	#D3D3D3	-13.05	13.5	4	5650,0
209	#FFFFFF	#D3D3D3	-13.5	13.05	4	5650,0
209	#FFFFFF	#D3D3D3	-13.95	13.5	4	5650,0
188	#FFFFFF	#D3D3D3	-13.45	14	4	5650,0
188	#FFFFFF	#D3D3D3	-13	14.45	4	5650,0
188	#FFFFFF	#D3D3D3	-12.55	14	4	5650,0
188	#FFFFFF	#D3D3D3	-13	13.55	4	5650,0
188	#FFFFFF	#D3D3D3	-13.45	14	4	5650,0
167	#FFFFFF	#D3D3D3	-12.95	14.5	4	5650,0
167	#FFFFFF	#D3D3D3	-12.5	14.95	4	5650,0
167	#FFFFFF	#D3D3D3	-12.05	14.5	4	5650,0
167	#FFFFFF	#D3D3D3	-12.5	14.05	4	5650,0
167	#FFFFFF	#D3D3D3	-12.95	14.5	4	5650,0
147	#FFFFFF	#D3D3D3	-12.45	15	4	5650,0
147	#FFFFFF	#D3D3D3	-12	15.45	4	5650,0
147	#FFFFFF	#D3D3D3	-11.55	15	4	5650,0
147	#FFFFFF	#D3D3D3	-12	14.55	4	5650,0
147	#FFFFFF	#D3D3D3	-12.45	15	4	5650,0
127	#FFFFFF	#D3D3D3	-11.95	15.5	4	5650,0
127	#FFFFFF	#D3D3D3	-11.5	15.95	4	5650,0
127	#FFFFFF	#D3D3D3	-11.05	15.5	4	5650,0
127	#FFFFFF	#D3D3D3	-11.5	15.05	4	5650,0
127	#FFFFFF	#D3D3D3	-11.95	15.5	4	5650,0
108	#FFFFFF	#D3D3D3	-11.45	16	4	5650,0
108	#FFFFFF	#D3D3D3	-11	16.45	4	5650,0
108	#FFFFFF	#D3D3D3	-10.55	16	4	5650,0
108	#FFFFFF	#D3D3D3	-11	15.55	4	5650,0
108	#FFFFFF	#D3D3D3	-11.45	16	4	5650,0
89	#FFFFFF	#D3D3D3	-10.95	16.5	4	5650,0
89	#FFFFFF	#D3D3D3	-10.5	16.95	4	5650,0
89	#FFFFFF	#D3D3D3	-10.05	16.5	4	5650,0
89	#FFFFFF	#D3D3D3	-10.5	16.05	4	5650,0
89	#FFFFFF	#D3D3D3	-10.95	16.5	4	5650,0
71	#FFFFFF	#D3D3D3	-10.45	17	4	5650,0
71	#FFFFFF	#D3D3D3	-10	17.45	4	5650,0
71	#FFFFFF	#D3D3D3	-9.55	17	4	5650,0
71	#FFFFFF	#D3D3D3	-10	16.55	4	5650,0
71	#FFFFFF	#D3D3D3	-10.45	17	4	5650,0
2491	#FFFFFF	#D3D3D3	-9.95	17.5	4	5650,0
2491	#FFFFFF	#D3D3D3	-9.5	17.95	4	5650,0
2491	#FFFFFF	#D3D3D3	-9.05	17.5	4	5650,0
2491	#FFFFFF	#D3D3D3	-9.5	17.05	4	5650,0
2491	#FFFFFF	#D3D3D3	-9.95	17.5	4	5650,0
954	#CD1076	#000000	-26.45	0	10	5650,0
954	#CD1076	#000000	-26	0.45	10	5650,0
954	#CD1076	#000000	-25.55	0	10	5650,0
954	#CD1076	#000000	-26	-0.45	10	5650,0
954	#CD1076	#000000	-26.45	0	10	5650,0
920	#CD1076	#000000	-25.95	0.5	10	5650,0
920	#CD1076	#000000	-25.5	0.95	10	5650,0
920	#CD1076	#000000	-25.05	0.5	10	5650,0
920	#CD1076	#000000	-25.5	0.05	10	5650,0
920	#CD1076	#000000	-25.95	0.5	10	5650,0
887	#CD1076	#000000	-25.45	1	10	5650,0
887	#CD1076	#000000	-25	1.45	10	5650,0
887	#CD1076	#000000	-24.55	1	10	5650,0
887	#CD1076	#000000	-25	0.55	10	5650,0
887	#CD1076	#000000	-25.45	1	10	5650,0
854	#CD1076	#000000	-24.95	1.5	10	5650,0
854	#CD1076	#000000	-24.5	1.95	10	5650,0
854	#CD1076	#000000	-24.05	1.5	10	5650,0
854	#CD1076	#000000	-24.5	1.05	10	5650,0
854	#CD1076	#000000	-24.95	1.5	10	5650,0
832	#CD1076	#000000	-24.45	2	10	5650,0
832	#CD1076	#000000	-24	2.45	10	5650,0
832	#CD1076	#000000	-23.55	2	10	5650,0
832	#CD1076	#000000	-24	1.55	10	5650,0
832	#CD1076	#000000	-24.45	2	10	5650,0
800	#CD1076	#000000	-23.95	2.5	10	5650,0
800	#CD1076	#000000	-23.5	2.95	10	5650,0
800	#CD1076	#000000	-23.05	2.5	10	5650,0
800	#CD1076	#000000	-23.5	2.05	10	5650,0
800	#CD1076	#000000	-23.95	2.5	10	5650,0
779	#CD1076	#000000	-23.45	3	10	5650,0
779	#CD1076	#000000	-23	3.45	10	5650,0
779	#CD1076	#000000	-22.55	3	10	5650,0
779	#CD1076	#000000	-23	2.55	10	5650,0
779	#CD1076	#000000	-23.45	3	10	5650,0
748	#CD1076	#000000	-22.95	3.5	97	5650,0
748	#CD1076	#000000	-22.5	3.95	97	5650,0
748	#CD1076	#000000	-22.05	3.5	97	5650,0
748	#CD1076	#000000	-22.5	3.05	97	5650,0
748	#CD1076	#000000	-22.95	3.5	97	5650,0
719	#CD1076	#000000	-22.45	4	97	5650,0
719	#CD1076	#000000	-22	4.45	97	5650,0
719	#CD1076	#000000	-21.55	4	97	5650,0
719	#CD1076	#000000	-22	3.55	97	5650,0
719	#CD1076	#000000	-22.45	4	97	5650,0
688	#CD1076	#000000	-21.95	4.5	99	5650,0
688	#CD1076	#000000	-21.5	4.95	99	5650,0
688	#CD1076	#000000	-21.05	4.5	99	5650,0
688	#CD1076	#000000	-21.5	4.05	99	5650,0
688	#CD1076	#000000	-21.95	4.5	99	5650,0
659	#CD1076	#000000	-21.45	5	99	5650,0
659	#CD1076	#000000	-21	5.45	99	5650,0
659	#CD1076	#000000	-20.55	5	99	5650,0
659	#CD1076	#000000	-21	4.55	99	5650,0
659	#CD1076	#000000	-21.45	5	99	5650,0
629	#CD1076	#000000	-20.95	5.5	39	5650,0
629	#CD1076	#000000	-20.5	5.95	39	5650,0
629	#CD1076	#000000	-20.05	5.5	39	5650,0
629	#CD1076	#000000	-20.5	5.05	39	5650,0
629	#CD1076	#000000	-20.95	5.5	39	5650,0
601	#CD1076	#000000	-20.45	6	39	5650,0
601	#CD1076	#000000	-20	6.45	39	5650,0
601	#CD1076	#000000	-19.55	6	39	5650,0
601	#CD1076	#000000	-20	5.55	39	5650,0
601	#CD1076	#000000	-20.45	6	39	5650,0
528	#CD1076	#000000	-19.95	6.5	99	5650,0
528	#CD1076	#000000	-19.5	6.95	99	5650,0
528	#CD1076	#000000	-19.05	6.5	99	5650,0
528	#CD1076	#000000	-19.5	6.05	99	5650,0
528	#CD1076	#000000	-19.95	6.5	99	5650,0
501	#CD1076	#000000	-19.45	7	99	5650,0
501	#CD1076	#000000	-19	7.45	99	5650,0
501	#CD1076	#000000	-18.55	7	99	5650,0
501	#CD1076	#000000	-19	6.55	99	5650,0
501	#CD1076	#000000	-19.45	7	99	5650,0
473	#CD1076	#000000	-18.95	7.5	99	5650,0
473	#CD1076	#000000	-18.5	7.95	99	5650,0
473	#CD1076	#000000	-18.05	7.5	99	5650,0
473	#CD1076	#000000	-18.5	7.05	99	5650,0
473	#CD1076	#000000	-18.95	7.5	99	5650,0
447	#FFFFFF	#D3D3D3	-18.45	8	4	5650,0
447	#FFFFFF	#D3D3D3	-18	8.45	4	5650,0
447	#FFFFFF	#D3D3D3	-17.55	8	4	5650,0
447	#FFFFFF	#D3D3D3	-18	7.55	4	5650,0
447	#FFFFFF	#D3D3D3	-18.45	8	4	5650,0
420	#FFFFFF	#D3D3D3	-17.95	8.5	4	5650,0
420	#FFFFFF	#D3D3D3	-17.5	8.95	4	5650,0
420	#FFFFFF	#D3D3D3	-17.05	8.5	4	5650,0
420	#FFFFFF	#D3D3D3	-17.5	8.05	4	5650,0
420	#FFFFFF	#D3D3D3	-17.95	8.5	4	5650,0
395	#FFFFFF	#D3D3D3	-17.45	9	4	5650,0
395	#FFFFFF	#D3D3D3	-17	9.45	4	5650,0
395	#FFFFFF	#D3D3D3	-16.55	9	4	5650,0
395	#FFFFFF	#D3D3D3	-17	8.55	4	5650,0
395	#FFFFFF	#D3D3D3	-17.45	9	4	5650,0
369	#FFFFFF	#D3D3D3	-16.95	9.5	4	5650,0
369	#FFFFFF	#D3D3D3	-16.5	9.95	4	5650,0
369	#FFFFFF	#D3D3D3	-16.05	9.5	4	5650,0
369	#FFFFFF	#D3D3D3	-16.5	9.05	4	5650,0
369	#FFFFFF	#D3D3D3	-16.95	9.5	4	5650,0
322	#FFFFFF	#D3D3D3	-16.45	10	4	5650,0
322	#FFFFFF	#D3D3D3	-16	10.45	4	5650,0
322	#FFFFFF	#D3D3D3	-15.55	10	4	5650,0
322	#FFFFFF	#D3D3D3	-16	9.55	4	5650,0
322	#FFFFFF	#D3D3D3	-16.45	10	4	5650,0
298	#FFFFFF	#D3D3D3	-15.95	10.5	4	5650,0
298	#FFFFFF	#D3D3D3	-15.5	10.95	4	5650,0
298	#FFFFFF	#D3D3D3	-15.05	10.5	4	5650,0
298	#FFFFFF	#D3D3D3	-15.5	10.05	4	5650,0
298	#FFFFFF	#D3D3D3	-15.95	10.5	4	5650,0
275	#FFFFFF	#D3D3D3	-15.45	11	4	5650,0
275	#FFFFFF	#D3D3D3	-15	11.45	4	5650,0
275	#FFFFFF	#D3D3D3	-14.55	11	4	5650,0
275	#FFFFFF	#D3D3D3	-15	10.55	4	5650,0
275	#FFFFFF	#D3D3D3	-15.45	11	4	5650,0
252	#FFFFFF	#D3D3D3	-14.95	11.5	4	5650,0
252	#FFFFFF	#D3D3D3	-14.5	11.95	4	5650,0
252	#FFFFFF	#D3D3D3	-14.05	11.5	4	5650,0
252	#FFFFFF	#D3D3D3	-14.5	11.05	4	5650,0
252	#FFFFFF	#D3D3D3	-14.95	11.5	4	5650,0
230	#FFFFFF	#D3D3D3	-14.45	12	4	5650,0
230	#FFFFFF	#D3D3D3	-14	12.45	4	5650,0
230	#FFFFFF	#D3D3D3	-13.55	12	4	5650,0
230	#FFFFFF	#D3D3D3	-14	11.55	4	5650,0
230	#FFFFFF	#D3D3D3	-14.45	12	4	5650,0
208	#FFFFFF	#D3D3D3	-13.95	12.5	4	5650,0
208	#FFFFFF	#D3D3D3	-13.5	12.95	4	5650,0
208	#FFFFFF	#D3D3D3	-13.05	12.5	4	5650,0
208	#FFFFFF	#D3D3D3	-13.5	12.05	4	5650,0
208	#FFFFFF	#D3D3D3	-13.95	12.5	4	5650,0
187	#FFFFFF	#D3D3D3	-13.45	13	4	5650,0
187	#FFFFFF	#D3D3D3	-13	13.45	4	5650,0
187	#FFFFFF	#D3D3D3	-12.55	13	4	5650,0
187	#FFFFFF	#D3D3D3	-13	12.55	4	5650,0
187	#FFFFFF	#D3D3D3	-13.45	13	4	5650,0
166	#FFFFFF	#D3D3D3	-12.95	13.5	4	5650,0
166	#FFFFFF	#D3D3D3	-12.5	13.95	4	5650,0
166	#FFFFFF	#D3D3D3	-12.05	13.5	4	5650,0
166	#FFFFFF	#D3D3D3	-12.5	13.05	4	5650,0
166	#FFFFFF	#D3D3D3	-12.95	13.5	4	5650,0
146	#FFFFFF	#D3D3D3	-12.45	14	4	5650,0
146	#FFFFFF	#D3D3D3	-12	14.45	4	5650,0
146	#FFFFFF	#D3D3D3	-11.55	14	4	5650,0
146	#FFFFFF	#D3D3D3	-12	13.55	4	5650,0
146	#FFFFFF	#D3D3D3	-12.45	14	4	5650,0
126	#FFFFFF	#D3D3D3	-11.95	14.5	4	5650,0
126	#FFFFFF	#D3D3D3	-11.5	14.95	4	5650,0
126	#FFFFFF	#D3D3D3	-11.05	14.5	4	5650,0
126	#FFFFFF	#D3D3D3	-11.5	14.05	4	5650,0
126	#FFFFFF	#D3D3D3	-11.95	14.5	4	5650,0
107	#FFFFFF	#D3D3D3	-11.45	15	4	5650,0
107	#FFFFFF	#D3D3D3	-11	15.45	4	5650,0
107	#FFFFFF	#D3D3D3	-10.55	15	4	5650,0
107	#FFFFFF	#D3D3D3	-11	14.55	4	5650,0
107	#FFFFFF	#D3D3D3	-11.45	15	4	5650,0
88	#FFFFFF	#D3D3D3	-10.95	15.5	4	5650,0
88	#FFFFFF	#D3D3D3	-10.5	15.95	4	5650,0
88	#FFFFFF	#D3D3D3	-10.05	15.5	4	5650,0
88	#FFFFFF	#D3D3D3	-10.5	15.05	4	5650,0
88	#FFFFFF	#D3D3D3	-10.95	15.5	4	5650,0
70	#FFFFFF	#D3D3D3	-10.45	16	4	5650,0
70	#FFFFFF	#D3D3D3	-10	16.45	4	5650,0
70	#FFFFFF	#D3D3D3	-9.55	16	4	5650,0
70	#FFFFFF	#D3D3D3	-10	15.55	4	5650,0
70	#FFFFFF	#D3D3D3	-10.45	16	4	5650,0
2490	#FFFFFF	#D3D3D3	-9.95	16.5	4	5650,0
2490	#FFFFFF	#D3D3D3	-9.5	16.95	4	5650,0
2490	#FFFFFF	#D3D3D3	-9.05	16.5	4	5650,0
2490	#FFFFFF	#D3D3D3	-9.5	16.05	4	5650,0
2490	#FFFFFF	#D3D3D3	-9.95	16.5	4	5650,0
2473	#FFFFFF	#D3D3D3	-9.45	17	4	5650,0
2473	#FFFFFF	#D3D3D3	-9	17.45	4	5650,0
2473	#FFFFFF	#D3D3D3	-8.55	17	4	5650,0
2473	#FFFFFF	#D3D3D3	-9	16.55	4	5650,0
2473	#FFFFFF	#D3D3D3	-9.45	17	4	5650,0
853	#CD1076	#000000	-24.95	0.5	10	5650,0
853	#CD1076	#000000	-24.5	0.95	10	5650,0
853	#CD1076	#000000	-24.05	0.5	10	5650,0
853	#CD1076	#000000	-24.5	0.05	10	5650,0
853	#CD1076	#000000	-24.95	0.5	10	5650,0
500	#CD1076	#000000	-19.45	6	39	5650,0
500	#CD1076	#000000	-19	6.45	39	5650,0
500	#CD1076	#000000	-18.55	6	39	5650,0
500	#CD1076	#000000	-19	5.55	39	5650,0
500	#CD1076	#000000	-19.45	6	39	5650,0
472	#CD1076	#000000	-18.95	6.5	39	5650,0
472	#CD1076	#000000	-18.5	6.95	39	5650,0
472	#CD1076	#000000	-18.05	6.5	39	5650,0
472	#CD1076	#000000	-18.5	6.05	39	5650,0
472	#CD1076	#000000	-18.95	6.5	39	5650,0
446	#CD1076	#000000	-18.45	7	99	5650,0
446	#CD1076	#000000	-18	7.45	99	5650,0
446	#CD1076	#000000	-17.55	7	99	5650,0
446	#CD1076	#000000	-18	6.55	99	5650,0
446	#CD1076	#000000	-18.45	7	99	5650,0
820	#CD1076	#000000	-24.45	0	10	5650,0
820	#CD1076	#000000	-24	0.45	10	5650,0
820	#CD1076	#000000	-23.55	0	10	5650,0
820	#CD1076	#000000	-24	-0.45	10	5650,0
820	#CD1076	#000000	-24.45	0	10	5650,0
788	#CD1076	#000000	-23.95	0.5	10	5650,0
788	#CD1076	#000000	-23.5	0.95	10	5650,0
788	#CD1076	#000000	-23.05	0.5	10	5650,0
788	#CD1076	#000000	-23.5	0.05	10	5650,0
788	#CD1076	#000000	-23.95	0.5	10	5650,0
757	#CD1076	#000000	-23.45	1	10	5650,0
757	#CD1076	#000000	-23	1.45	10	5650,0
757	#CD1076	#000000	-22.55	1	10	5650,0
757	#CD1076	#000000	-23	0.55	10	5650,0
757	#CD1076	#000000	-23.45	1	10	5650,0
726	#CD1076	#000000	-22.95	1.5	10	5650,0
726	#CD1076	#000000	-22.5	1.95	10	5650,0
726	#CD1076	#000000	-22.05	1.5	10	5650,0
726	#CD1076	#000000	-22.5	1.05	10	5650,0
726	#CD1076	#000000	-22.95	1.5	10	5650,0
706	#CD1076	#000000	-22.45	2	97	5650,0
706	#CD1076	#000000	-22	2.45	97	5650,0
706	#CD1076	#000000	-21.55	2	97	5650,0
706	#CD1076	#000000	-22	1.55	97	5650,0
706	#CD1076	#000000	-22.45	2	97	5650,0
676	#CD1076	#000000	-21.95	2.5	99	5650,0
676	#CD1076	#000000	-21.5	2.95	99	5650,0
676	#CD1076	#000000	-21.05	2.5	99	5650,0
676	#CD1076	#000000	-21.5	2.05	99	5650,0
676	#CD1076	#000000	-21.95	2.5	99	5650,0
657	#CD1076	#000000	-21.45	3	99	5650,0
657	#CD1076	#000000	-21	3.45	99	5650,0
657	#CD1076	#000000	-20.55	3	99	5650,0
657	#CD1076	#000000	-21	2.55	99	5650,0
657	#CD1076	#000000	-21.45	3	99	5650,0
627	#CD1076	#000000	-20.95	3.5	99	5650,0
627	#CD1076	#000000	-20.5	3.95	99	5650,0
627	#CD1076	#000000	-20.05	3.5	99	5650,0
627	#CD1076	#000000	-20.5	3.05	99	5650,0
627	#CD1076	#000000	-20.95	3.5	99	5650,0
599	#CD1076	#000000	-20.45	4	99	5650,0
599	#CD1076	#000000	-20	4.45	99	5650,0
599	#CD1076	#000000	-19.55	4	99	5650,0
599	#CD1076	#000000	-20	3.55	99	5650,0
599	#CD1076	#000000	-20.45	4	99	5650,0
526	#CD1076	#000000	-19.95	4.5	99	5650,0
526	#CD1076	#000000	-19.5	4.95	99	5650,0
526	#CD1076	#000000	-19.05	4.5	99	5650,0
526	#CD1076	#000000	-19.5	4.05	99	5650,0
526	#CD1076	#000000	-19.95	4.5	99	5650,0
499	#CD1076	#000000	-19.45	5	39	5650,0
499	#CD1076	#000000	-19	5.45	39	5650,0
499	#CD1076	#000000	-18.55	5	39	5650,0
499	#CD1076	#000000	-19	4.55	39	5650,0
499	#CD1076	#000000	-19.45	5	39	5650,0
471	#CD1076	#000000	-18.95	5.5	99	5650,0
471	#CD1076	#000000	-18.5	5.95	99	5650,0
471	#CD1076	#000000	-18.05	5.5	99	5650,0
471	#CD1076	#000000	-18.5	5.05	99	5650,0
471	#CD1076	#000000	-18.95	5.5	99	5650,0
445	#CD1076	#000000	-18.45	6	99	5650,0
445	#CD1076	#000000	-18	6.45	99	5650,0
445	#CD1076	#000000	-17.55	6	99	5650,0
445	#CD1076	#000000	-18	5.55	99	5650,0
445	#CD1076	#000000	-18.45	6	99	5650,0
418	#CD1076	#000000	-17.95	6.5	99	5650,0
418	#CD1076	#000000	-17.5	6.95	99	5650,0
418	#CD1076	#000000	-17.05	6.5	99	5650,0
418	#CD1076	#000000	-17.5	6.05	99	5650,0
418	#CD1076	#000000	-17.95	6.5	99	5650,0
393	#FFFFFF	#D3D3D3	-17.45	7	4	5650,0
393	#FFFFFF	#D3D3D3	-17	7.45	4	5650,0
393	#FFFFFF	#D3D3D3	-16.55	7	4	5650,0
393	#FFFFFF	#D3D3D3	-17	6.55	4	5650,0
393	#FFFFFF	#D3D3D3	-17.45	7	4	5650,0
367	#FFFFFF	#D3D3D3	-16.95	7.5	4	5650,0
367	#FFFFFF	#D3D3D3	-16.5	7.95	4	5650,0
367	#FFFFFF	#D3D3D3	-16.05	7.5	4	5650,0
367	#FFFFFF	#D3D3D3	-16.5	7.05	4	5650,0
367	#FFFFFF	#D3D3D3	-16.95	7.5	4	5650,0
343	#FFFFFF	#D3D3D3	-16.45	8	4	5650,0
343	#FFFFFF	#D3D3D3	-16	8.45	4	5650,0
343	#FFFFFF	#D3D3D3	-15.55	8	4	5650,0
343	#FFFFFF	#D3D3D3	-16	7.55	4	5650,0
343	#FFFFFF	#D3D3D3	-16.45	8	4	5650,0
318	#FFFFFF	#D3D3D3	-15.95	8.5	4	5650,0
318	#FFFFFF	#D3D3D3	-15.5	8.95	4	5650,0
318	#FFFFFF	#D3D3D3	-15.05	8.5	4	5650,0
318	#FFFFFF	#D3D3D3	-15.5	8.05	4	5650,0
318	#FFFFFF	#D3D3D3	-15.95	8.5	4	5650,0
295	#FFFFFF	#D3D3D3	-15.45	9	4	5650,0
295	#FFFFFF	#D3D3D3	-15	9.45	4	5650,0
295	#FFFFFF	#D3D3D3	-14.55	9	4	5650,0
295	#FFFFFF	#D3D3D3	-15	8.55	4	5650,0
295	#FFFFFF	#D3D3D3	-15.45	9	4	5650,0
271	#FFFFFF	#D3D3D3	-14.95	9.5	4	5650,0
271	#FFFFFF	#D3D3D3	-14.5	9.95	4	5650,0
271	#FFFFFF	#D3D3D3	-14.05	9.5	4	5650,0
271	#FFFFFF	#D3D3D3	-14.5	9.05	4	5650,0
271	#FFFFFF	#D3D3D3	-14.95	9.5	4	5650,0
228	#FFFFFF	#D3D3D3	-14.45	10	4	5650,0
228	#FFFFFF	#D3D3D3	-14	10.45	4	5650,0
228	#FFFFFF	#D3D3D3	-13.55	10	4	5650,0
228	#FFFFFF	#D3D3D3	-14	9.55	4	5650,0
228	#FFFFFF	#D3D3D3	-14.45	10	4	5650,0
206	#FFFFFF	#D3D3D3	-13.95	10.5	4	5650,0
206	#FFFFFF	#D3D3D3	-13.5	10.95	4	5650,0
206	#FFFFFF	#D3D3D3	-13.05	10.5	4	5650,0
206	#FFFFFF	#D3D3D3	-13.5	10.05	4	5650,0
206	#FFFFFF	#D3D3D3	-13.95	10.5	4	5650,0
185	#FFFFFF	#D3D3D3	-13.45	11	4	5650,0
185	#FFFFFF	#D3D3D3	-13	11.45	4	5650,0
185	#FFFFFF	#D3D3D3	-12.55	11	4	5650,0
185	#FFFFFF	#D3D3D3	-13	10.55	4	5650,0
185	#FFFFFF	#D3D3D3	-13.45	11	4	5650,0
164	#FFFFFF	#D3D3D3	-12.95	11.5	4	5650,0
164	#FFFFFF	#D3D3D3	-12.5	11.95	4	5650,0
164	#FFFFFF	#D3D3D3	-12.05	11.5	4	5650,0
164	#FFFFFF	#D3D3D3	-12.5	11.05	4	5650,0
164	#FFFFFF	#D3D3D3	-12.95	11.5	4	5650,0
144	#FFFFFF	#D3D3D3	-12.45	12	4	5650,0
144	#FFFFFF	#D3D3D3	-12	12.45	4	5650,0
144	#FFFFFF	#D3D3D3	-11.55	12	4	5650,0
144	#FFFFFF	#D3D3D3	-12	11.55	4	5650,0
144	#FFFFFF	#D3D3D3	-12.45	12	4	5650,0
124	#FFFFFF	#D3D3D3	-11.95	12.5	4	5650,0
124	#FFFFFF	#D3D3D3	-11.5	12.95	4	5650,0
124	#FFFFFF	#D3D3D3	-11.05	12.5	4	5650,0
124	#FFFFFF	#D3D3D3	-11.5	12.05	4	5650,0
124	#FFFFFF	#D3D3D3	-11.95	12.5	4	5650,0
105	#FFFFFF	#D3D3D3	-11.45	13	4	5650,0
105	#FFFFFF	#D3D3D3	-11	13.45	4	5650,0
105	#FFFFFF	#D3D3D3	-10.55	13	4	5650,0
105	#FFFFFF	#D3D3D3	-11	12.55	4	5650,0
105	#FFFFFF	#D3D3D3	-11.45	13	4	5650,0
86	#FFFFFF	#D3D3D3	-10.95	13.5	4	5650,0
86	#FFFFFF	#D3D3D3	-10.5	13.95	4	5650,0
86	#FFFFFF	#D3D3D3	-10.05	13.5	4	5650,0
86	#FFFFFF	#D3D3D3	-10.5	13.05	4	5650,0
86	#FFFFFF	#D3D3D3	-10.95	13.5	4	5650,0
68	#FFFFFF	#D3D3D3	-10.45	14	4	5650,0
68	#FFFFFF	#D3D3D3	-10	14.45	4	5650,0
68	#FFFFFF	#D3D3D3	-9.55	14	4	5650,0
68	#FFFFFF	#D3D3D3	-10	13.55	4	5650,0
68	#FFFFFF	#D3D3D3	-10.45	14	4	5650,0
2488	#FFFFFF	#D3D3D3	-9.95	14.5	4	5650,0
2488	#FFFFFF	#D3D3D3	-9.5	14.95	4	5650,0
2488	#FFFFFF	#D3D3D3	-9.05	14.5	4	5650,0
2488	#FFFFFF	#D3D3D3	-9.5	14.05	4	5650,0
2488	#FFFFFF	#D3D3D3	-9.95	14.5	4	5650,0
2471	#FFFFFF	#D3D3D3	-9.45	15	4	5650,0
2471	#FFFFFF	#D3D3D3	-9	15.45	4	5650,0
2471	#FFFFFF	#D3D3D3	-8.55	15	4	5650,0
2471	#FFFFFF	#D3D3D3	-9	14.55	4	5650,0
2471	#FFFFFF	#D3D3D3	-9.45	15	4	5650,0
2454	#FFFFFF	#D3D3D3	-8.95	15.5	4	5650,0
2454	#FFFFFF	#D3D3D3	-8.5	15.95	4	5650,0
2454	#FFFFFF	#D3D3D3	-8.05	15.5	4	5650,0
2454	#FFFFFF	#D3D3D3	-8.5	15.05	4	5650,0
2454	#FFFFFF	#D3D3D3	-8.95	15.5	4	5650,0
2437	#FFFFFF	#D3D3D3	-8.45	16	4	5650,0
2437	#FFFFFF	#D3D3D3	-8	16.45	4	5650,0
2437	#FFFFFF	#D3D3D3	-7.55	16	4	5650,0
2437	#FFFFFF	#D3D3D3	-8	15.55	4	5650,0
2437	#FFFFFF	#D3D3D3	-8.45	16	4	5650,0
695	#CD1076	#000000	-22.45	1	10	5650,0
695	#CD1076	#000000	-22	1.45	10	5650,0
695	#CD1076	#000000	-21.55	1	10	5650,0
695	#CD1076	#000000	-22	0.55	10	5650,0
695	#CD1076	#000000	-22.45	1	10	5650,0
646	#CD1076	#000000	-21.45	2	40	5650,0
646	#CD1076	#000000	-21	2.45	40	5650,0
646	#CD1076	#000000	-20.55	2	40	5650,0
646	#CD1076	#000000	-21	1.55	40	5650,0
646	#CD1076	#000000	-21.45	2	40	5650,0
444	#CD1076	#000000	-18.45	5	39	5650,0
444	#CD1076	#000000	-18	5.45	39	5650,0
444	#CD1076	#000000	-17.55	5	39	5650,0
444	#CD1076	#000000	-18	4.55	39	5650,0
444	#CD1076	#000000	-18.45	5	39	5650,0
417	#CD1076	#000000	-17.95	5.5	39	5650,0
417	#CD1076	#000000	-17.5	5.95	39	5650,0
417	#CD1076	#000000	-17.05	5.5	39	5650,0
417	#CD1076	#000000	-17.5	5.05	39	5650,0
417	#CD1076	#000000	-17.95	5.5	39	5650,0
392	#CD1076	#000000	-17.45	6	39	5650,0
392	#CD1076	#000000	-17	6.45	39	5650,0
392	#CD1076	#000000	-16.55	6	39	5650,0
392	#CD1076	#000000	-17	5.55	39	5650,0
392	#CD1076	#000000	-17.45	6	39	5650,0
366	#FFFFFF	#D3D3D3	-16.95	6.5	4	5650,0
366	#FFFFFF	#D3D3D3	-16.5	6.95	4	5650,0
366	#FFFFFF	#D3D3D3	-16.05	6.5	4	5650,0
366	#FFFFFF	#D3D3D3	-16.5	6.05	4	5650,0
366	#FFFFFF	#D3D3D3	-16.95	6.5	4	5650,0
342	#FFFFFF	#D3D3D3	-16.45	7	4	5650,0
342	#FFFFFF	#D3D3D3	-16	7.45	4	5650,0
342	#FFFFFF	#D3D3D3	-15.55	7	4	5650,0
342	#FFFFFF	#D3D3D3	-16	6.55	4	5650,0
342	#FFFFFF	#D3D3D3	-16.45	7	4	5650,0
104	#FFFFFF	#D3D3D3	-11.45	12	4	5650,0
104	#FFFFFF	#D3D3D3	-11	12.45	4	5650,0
104	#FFFFFF	#D3D3D3	-10.55	12	4	5650,0
104	#FFFFFF	#D3D3D3	-11	11.55	4	5650,0
104	#FFFFFF	#D3D3D3	-11.45	12	4	5650,0
664	#CD1076	#000000	-21.95	0.5	10	5650,0
664	#CD1076	#000000	-21.5	0.95	10	5650,0
664	#CD1076	#000000	-21.05	0.5	10	5650,0
664	#CD1076	#000000	-21.5	0.05	10	5650,0
664	#CD1076	#000000	-21.95	0.5	10	5650,0
635	#CD1076	#000000	-21.45	1	10	5650,0
635	#CD1076	#000000	-21	1.45	10	5650,0
635	#CD1076	#000000	-20.55	1	10	5650,0
635	#CD1076	#000000	-21	0.55	10	5650,0
635	#CD1076	#000000	-21.45	1	10	5650,0
606	#CD1076	#000000	-20.95	1.5	10	5650,0
606	#CD1076	#000000	-20.5	1.95	10	5650,0
606	#CD1076	#000000	-20.05	1.5	10	5650,0
606	#CD1076	#000000	-20.5	1.05	10	5650,0
606	#CD1076	#000000	-20.95	1.5	10	5650,0
416	#CD1076	#000000	-17.95	4.5	39	5650,0
416	#CD1076	#000000	-17.5	4.95	39	5650,0
416	#CD1076	#000000	-17.05	4.5	39	5650,0
416	#CD1076	#000000	-17.5	4.05	39	5650,0
416	#CD1076	#000000	-17.95	4.5	39	5650,0
391	#CD1076	#000000	-17.45	5	40	5650,0
391	#CD1076	#000000	-17	5.45	40	5650,0
391	#CD1076	#000000	-16.55	5	40	5650,0
391	#CD1076	#000000	-17	4.55	40	5650,0
391	#CD1076	#000000	-17.45	5	40	5650,0
365	#CD1076	#000000	-16.95	5.5	39	5650,0
365	#CD1076	#000000	-16.5	5.95	39	5650,0
365	#CD1076	#000000	-16.05	5.5	39	5650,0
365	#CD1076	#000000	-16.5	5.05	39	5650,0
365	#CD1076	#000000	-16.95	5.5	39	5650,0
341	#FFFFFF	#D3D3D3	-16.45	6	4	5650,0
341	#FFFFFF	#D3D3D3	-16	6.45	4	5650,0
341	#FFFFFF	#D3D3D3	-15.55	6	4	5650,0
341	#FFFFFF	#D3D3D3	-16	5.55	4	5650,0
341	#FFFFFF	#D3D3D3	-16.45	6	4	5650,0
390	#CD1076	#000000	-17.45	4	40	5650,0
390	#CD1076	#000000	-17	4.45	40	5650,0
390	#CD1076	#000000	-16.55	4	40	5650,0
390	#CD1076	#000000	-17	3.55	40	5650,0
390	#CD1076	#000000	-17.45	4	40	5650,0
364	#CD1076	#000000	-16.95	4.5	40	5650,0
364	#CD1076	#000000	-16.5	4.95	40	5650,0
364	#CD1076	#000000	-16.05	4.5	40	5650,0
364	#CD1076	#000000	-16.5	4.05	40	5650,0
364	#CD1076	#000000	-16.95	4.5	40	5650,0
340	#CD1076	#000000	-16.45	5	40	5650,0
340	#CD1076	#000000	-16	5.45	40	5650,0
340	#CD1076	#000000	-15.55	5	40	5650,0
340	#CD1076	#000000	-16	4.55	40	5650,0
340	#CD1076	#000000	-16.45	5	40	5650,0
363	#CD1076	#000000	-16.95	3.5	40	5650,0
363	#CD1076	#000000	-16.5	3.95	40	5650,0
363	#CD1076	#000000	-16.05	3.5	40	5650,0
363	#CD1076	#000000	-16.5	3.05	40	5650,0
363	#CD1076	#000000	-16.95	3.5	40	5650,0
339	#CD1076	#000000	-16.45	4	40	5650,0
339	#CD1076	#000000	-16	4.45	40	5650,0
339	#CD1076	#000000	-15.55	4	40	5650,0
339	#CD1076	#000000	-16	3.55	40	5650,0
339	#CD1076	#000000	-16.45	4	40	5650,0
314	#CD1076	#000000	-15.95	4.5	40	5650,0
314	#CD1076	#000000	-15.5	4.95	40	5650,0
314	#CD1076	#000000	-15.05	4.5	40	5650,0
314	#CD1076	#000000	-15.5	4.05	40	5650,0
314	#CD1076	#000000	-15.95	4.5	40	5650,0
338	#CD1076	#000000	-16.45	3	40	5650,0
338	#CD1076	#000000	-16	3.45	40	5650,0
338	#CD1076	#000000	-15.55	3	40	5650,0
338	#CD1076	#000000	-16	2.55	40	5650,0
338	#CD1076	#000000	-16.45	3	40	5650,0
313	#CD1076	#000000	-15.95	3.5	40	5650,0
313	#CD1076	#000000	-15.5	3.95	40	5650,0
313	#CD1076	#000000	-15.05	3.5	40	5650,0
313	#CD1076	#000000	-15.5	3.05	40	5650,0
313	#CD1076	#000000	-15.95	3.5	40	5650,0
290	#CD1076	#000000	-15.45	4	40	5650,0
290	#CD1076	#000000	-15	4.45	40	5650,0
290	#CD1076	#000000	-14.55	4	40	5650,0
290	#CD1076	#000000	-15	3.55	40	5650,0
290	#CD1076	#000000	-15.45	4	40	5650,0
308	#CD1076	#000000	-15.95	2.5	10	5650,0
308	#CD1076	#000000	-15.5	2.95	10	5650,0
308	#CD1076	#000000	-15.05	2.5	10	5650,0
308	#CD1076	#000000	-15.5	2.05	10	5650,0
308	#CD1076	#000000	-15.95	2.5	10	5650,0
289	#CD1076	#000000	-15.45	3	40	5650,0
289	#CD1076	#000000	-15	3.45	40	5650,0
289	#CD1076	#000000	-14.55	3	40	5650,0
289	#CD1076	#000000	-15	2.55	40	5650,0
289	#CD1076	#000000	-15.45	3	40	5650,0
265	#CD1076	#000000	-14.95	3.5	40	5650,0
265	#CD1076	#000000	-14.5	3.95	40	5650,0
265	#CD1076	#000000	-14.05	3.5	40	5650,0
265	#CD1076	#000000	-14.5	3.05	40	5650,0
265	#CD1076	#000000	-14.95	3.5	40	5650,0
284	#CD1076	#000000	-15.45	2	40	5650,0
284	#CD1076	#000000	-15	2.45	40	5650,0
284	#CD1076	#000000	-14.55	2	40	5650,0
284	#CD1076	#000000	-15	1.55	40	5650,0
284	#CD1076	#000000	-15.45	2	40	5650,0
261	#CD1076	#000000	-14.95	2.5	40	5650,0
261	#CD1076	#000000	-14.5	2.95	40	5650,0
261	#CD1076	#000000	-14.05	2.5	40	5650,0
261	#CD1076	#000000	-14.5	2.05	40	5650,0
261	#CD1076	#000000	-14.95	2.5	40	5650,0
242	#CD1076	#000000	-14.45	3	40	5650,0
242	#CD1076	#000000	-14	3.45	40	5650,0
242	#CD1076	#000000	-13.55	3	40	5650,0
242	#CD1076	#000000	-14	2.55	40	5650,0
242	#CD1076	#000000	-14.45	3	40	5650,0
250	#CD1076	#000000	-14.95	1.5	10	5650,0
250	#CD1076	#000000	-14.5	1.95	10	5650,0
250	#CD1076	#000000	-14.05	1.5	10	5650,0
250	#CD1076	#000000	-14.5	1.05	10	5650,0
250	#CD1076	#000000	-14.95	1.5	10	5650,0
238	#CD1076	#000000	-14.45	2	40	5650,0
238	#CD1076	#000000	-14	2.45	40	5650,0
238	#CD1076	#000000	-13.55	2	40	5650,0
238	#CD1076	#000000	-14	1.55	40	5650,0
238	#CD1076	#000000	-14.45	2	40	5650,0
216	#CD1076	#000000	-13.95	2.5	40	5650,0
216	#CD1076	#000000	-13.5	2.95	40	5650,0
216	#CD1076	#000000	-13.05	2.5	40	5650,0
216	#CD1076	#000000	-13.5	2.05	40	5650,0
216	#CD1076	#000000	-13.95	2.5	40	5650,0
227	#CD1076	#000000	-14.45	1	10	5650,0
227	#CD1076	#000000	-14	1.45	10	5650,0
227	#CD1076	#000000	-13.55	1	10	5650,0
227	#CD1076	#000000	-14	0.55	10	5650,0
227	#CD1076	#000000	-14.45	1	10	5650,0
205	#CD1076	#000000	-13.95	1.5	40	5650,0
205	#CD1076	#000000	-13.5	1.95	40	5650,0
205	#CD1076	#000000	-13.05	1.5	40	5650,0
205	#CD1076	#000000	-13.5	1.05	40	5650,0
205	#CD1076	#000000	-13.95	1.5	40	5650,0
194	#CD1076	#000000	-13.45	2	40	5650,0
194	#CD1076	#000000	-13	2.45	40	5650,0
194	#CD1076	#000000	-12.55	2	40	5650,0
194	#CD1076	#000000	-13	1.55	40	5650,0
194	#CD1076	#000000	-13.45	2	40	5650,0
204	#CD1076	#000000	-13.95	0.5	10	5650,0
204	#CD1076	#000000	-13.5	0.95	10	5650,0
204	#CD1076	#000000	-13.05	0.5	10	5650,0
204	#CD1076	#000000	-13.5	0.05	10	5650,0
204	#CD1076	#000000	-13.95	0.5	10	5650,0
183	#CD1076	#000000	-13.45	1	10	5650,0
183	#CD1076	#000000	-13	1.45	10	5650,0
183	#CD1076	#000000	-12.55	1	10	5650,0
183	#CD1076	#000000	-13	0.55	10	5650,0
183	#CD1076	#000000	-13.45	1	10	5650,0
162	#CD1076	#000000	-12.95	1.5	40	5650,0
162	#CD1076	#000000	-12.5	1.95	40	5650,0
162	#CD1076	#000000	-12.05	1.5	40	5650,0
162	#CD1076	#000000	-12.5	1.05	40	5650,0
162	#CD1076	#000000	-12.95	1.5	40	5650,0
182	#CD1076	#000000	-13.45	0	10	5650,0
182	#CD1076	#000000	-13	0.45	10	5650,0
182	#CD1076	#000000	-12.55	0	10	5650,0
182	#CD1076	#000000	-13	-0.45	10	5650,0
182	#CD1076	#000000	-13.45	0	10	5650,0
161	#CD1076	#000000	-12.95	0.5	10	5650,0
161	#CD1076	#000000	-12.5	0.95	10	5650,0
161	#CD1076	#000000	-12.05	0.5	10	5650,0
161	#CD1076	#000000	-12.5	0.05	10	5650,0
161	#CD1076	#000000	-12.95	0.5	10	5650,0
141	#CD1076	#000000	-12.45	1	10	5650,0
141	#CD1076	#000000	-12	1.45	10	5650,0
141	#CD1076	#000000	-11.55	1	10	5650,0
141	#CD1076	#000000	-12	0.55	10	5650,0
141	#CD1076	#000000	-12.45	1	10	5650,0
121	#FFFFFF	#D3D3D3	-11.95	1.5	4	5650,0
121	#FFFFFF	#D3D3D3	-11.5	1.95	4	5650,0
121	#FFFFFF	#D3D3D3	-11.05	1.5	4	5650,0
121	#FFFFFF	#D3D3D3	-11.5	1.05	4	5650,0
121	#FFFFFF	#D3D3D3	-11.95	1.5	4	5650,0
112	#FFFFFF	#D3D3D3	-11.45	2	4	5650,0
112	#FFFFFF	#D3D3D3	-11	2.45	4	5650,0
112	#FFFFFF	#D3D3D3	-10.55	2	4	5650,0
112	#FFFFFF	#D3D3D3	-11	1.55	4	5650,0
112	#FFFFFF	#D3D3D3	-11.45	2	4	5650,0
92	#FFFFFF	#D3D3D3	-10.95	2.5	4	5650,0
92	#FFFFFF	#D3D3D3	-10.5	2.95	4	5650,0
92	#FFFFFF	#D3D3D3	-10.05	2.5	4	5650,0
92	#FFFFFF	#D3D3D3	-10.5	2.05	4	5650,0
92	#FFFFFF	#D3D3D3	-10.95	2.5	4	5650,0
74	#FFFFFF	#D3D3D3	-10.45	3	4	5650,0
74	#FFFFFF	#D3D3D3	-10	3.45	4	5650,0
74	#FFFFFF	#D3D3D3	-9.55	3	4	5650,0
74	#FFFFFF	#D3D3D3	-10	2.55	4	5650,0
74	#FFFFFF	#D3D3D3	-10.45	3	4	5650,0
2493	#FFFFFF	#D3D3D3	-9.95	3.5	4	5650,0
2493	#FFFFFF	#D3D3D3	-9.5	3.95	4	5650,0
2493	#FFFFFF	#D3D3D3	-9.05	3.5	4	5650,0
2493	#FFFFFF	#D3D3D3	-9.5	3.05	4	5650,0
2493	#FFFFFF	#D3D3D3	-9.95	3.5	4	5650,0
2476	#FFFFFF	#D3D3D3	-9.45	4	4	5650,0
2476	#FFFFFF	#D3D3D3	-9	4.45	4	5650,0
2476	#FFFFFF	#D3D3D3	-8.55	4	4	5650,0
2476	#FFFFFF	#D3D3D3	-9	3.55	4	5650,0
2476	#FFFFFF	#D3D3D3	-9.45	4	4	5650,0
2458	#FFFFFF	#D3D3D3	-8.95	4.5	4	5650,0
2458	#FFFFFF	#D3D3D3	-8.5	4.95	4	5650,0
2458	#FFFFFF	#D3D3D3	-8.05	4.5	4	5650,0
2458	#FFFFFF	#D3D3D3	-8.5	4.05	4	5650,0
2458	#FFFFFF	#D3D3D3	-8.95	4.5	4	5650,0
2442	#FFFFFF	#D3D3D3	-8.45	5	4	5650,0
2442	#FFFFFF	#D3D3D3	-8	5.45	4	5650,0
2442	#FFFFFF	#D3D3D3	-7.55	5	4	5650,0
2442	#FFFFFF	#D3D3D3	-8	4.55	4	5650,0
2442	#FFFFFF	#D3D3D3	-8.45	5	4	5650,0
2424	#FFFFFF	#D3D3D3	-7.95	5.5	4	5650,0
2424	#FFFFFF	#D3D3D3	-7.5	5.95	4	5650,0
2424	#FFFFFF	#D3D3D3	-7.05	5.5	4	5650,0
2424	#FFFFFF	#D3D3D3	-7.5	5.05	4	5650,0
2424	#FFFFFF	#D3D3D3	-7.95	5.5	4	5650,0
2408	#FFFFFF	#D3D3D3	-7.45	6	4	5650,0
2408	#FFFFFF	#D3D3D3	-7	6.45	4	5650,0
2408	#FFFFFF	#D3D3D3	-6.55	6	4	5650,0
2408	#FFFFFF	#D3D3D3	-7	5.55	4	5650,0
2408	#FFFFFF	#D3D3D3	-7.45	6	4	5650,0
2390	#FFFFFF	#D3D3D3	-6.95	6.5	4	5650,0
2390	#FFFFFF	#D3D3D3	-6.5	6.95	4	5650,0
2390	#FFFFFF	#D3D3D3	-6.05	6.5	4	5650,0
2390	#FFFFFF	#D3D3D3	-6.5	6.05	4	5650,0
2390	#FFFFFF	#D3D3D3	-6.95	6.5	4	5650,0
2373	#FFFFFF	#D3D3D3	-6.45	7	4	5650,0
2373	#FFFFFF	#D3D3D3	-6	7.45	4	5650,0
2373	#FFFFFF	#D3D3D3	-5.55	7	4	5650,0
2373	#FFFFFF	#D3D3D3	-6	6.55	4	5650,0
2373	#FFFFFF	#D3D3D3	-6.45	7	4	5650,0
2354	#FFFFFF	#D3D3D3	-5.95	7.5	4	5650,0
2354	#FFFFFF	#D3D3D3	-5.5	7.95	4	5650,0
2354	#FFFFFF	#D3D3D3	-5.05	7.5	4	5650,0
2354	#FFFFFF	#D3D3D3	-5.5	7.05	4	5650,0
2354	#FFFFFF	#D3D3D3	-5.95	7.5	4	5650,0
2336	#FFFFFF	#D3D3D3	-5.45	8	4	5650,0
2336	#FFFFFF	#D3D3D3	-5	8.45	4	5650,0
2336	#FFFFFF	#D3D3D3	-4.55	8	4	5650,0
2336	#FFFFFF	#D3D3D3	-5	7.55	4	5650,0
2336	#FFFFFF	#D3D3D3	-5.45	8	4	5650,0
2017	#FFFFFF	#D3D3D3	-4.95	8.5	4	5650,0
2017	#FFFFFF	#D3D3D3	-4.5	8.95	4	5650,0
2017	#FFFFFF	#D3D3D3	-4.05	8.5	4	5650,0
2017	#FFFFFF	#D3D3D3	-4.5	8.05	4	5650,0
2017	#FFFFFF	#D3D3D3	-4.95	8.5	4	5650,0
1999	#FFFFFF	#D3D3D3	-4.45	9	4	5650,0
1999	#FFFFFF	#D3D3D3	-4	9.45	4	5650,0
1999	#FFFFFF	#D3D3D3	-3.55	9	4	5650,0
1999	#FFFFFF	#D3D3D3	-4	8.55	4	5650,0
1999	#FFFFFF	#D3D3D3	-4.45	9	4	5650,0
1267	#FFFFFF	#D3D3D3	-3.95	9.5	4	5650,0
1267	#FFFFFF	#D3D3D3	-3.5	9.95	4	5650,0
1267	#FFFFFF	#D3D3D3	-3.05	9.5	4	5650,0
1267	#FFFFFF	#D3D3D3	-3.5	9.05	4	5650,0
1267	#FFFFFF	#D3D3D3	-3.95	9.5	4	5650,0
1227	#FFFFFF	#D3D3D3	-3.45	10	4	5650,0
1227	#FFFFFF	#D3D3D3	-3	10.45	4	5650,0
1227	#FFFFFF	#D3D3D3	-2.55	10	4	5650,0
1227	#FFFFFF	#D3D3D3	-3	9.55	4	5650,0
1227	#FFFFFF	#D3D3D3	-3.45	10	4	5650,0
556	#FFFFFF	#D3D3D3	-2.95	10.5	4	5650,0
556	#FFFFFF	#D3D3D3	-2.5	10.95	4	5650,0
556	#FFFFFF	#D3D3D3	-2.05	10.5	4	5650,0
556	#FFFFFF	#D3D3D3	-2.5	10.05	4	5650,0
556	#FFFFFF	#D3D3D3	-2.95	10.5	4	5650,0
140	#CD1076	#000000	-12.45	0	10	5650,0
140	#CD1076	#000000	-12	0.45	10	5650,0
140	#CD1076	#000000	-11.55	0	10	5650,0
140	#CD1076	#000000	-12	-0.45	10	5650,0
140	#CD1076	#000000	-12.45	0	10	5650,0
120	#CD1076	#000000	-11.95	0.5	10	5650,0
120	#CD1076	#000000	-11.5	0.95	10	5650,0
120	#CD1076	#000000	-11.05	0.5	10	5650,0
120	#CD1076	#000000	-11.5	0.05	10	5650,0
120	#CD1076	#000000	-11.95	0.5	10	5650,0
101	#FFFFFF	#D3D3D3	-11.45	1	4	5650,0
101	#FFFFFF	#D3D3D3	-11	1.45	4	5650,0
101	#FFFFFF	#D3D3D3	-10.55	1	4	5650,0
101	#FFFFFF	#D3D3D3	-11	0.55	4	5650,0
101	#FFFFFF	#D3D3D3	-11.45	1	4	5650,0
82	#FFFFFF	#D3D3D3	-10.95	1.5	4	5650,0
82	#FFFFFF	#D3D3D3	-10.5	1.95	4	5650,0
82	#FFFFFF	#D3D3D3	-10.05	1.5	4	5650,0
82	#FFFFFF	#D3D3D3	-10.5	1.05	4	5650,0
82	#FFFFFF	#D3D3D3	-10.95	1.5	4	5650,0
73	#FFFFFF	#D3D3D3	-10.45	2	4	5650,0
73	#FFFFFF	#D3D3D3	-10	2.45	4	5650,0
73	#FFFFFF	#D3D3D3	-9.55	2	4	5650,0
73	#FFFFFF	#D3D3D3	-10	1.55	4	5650,0
73	#FFFFFF	#D3D3D3	-10.45	2	4	5650,0
2492	#FFFFFF	#D3D3D3	-9.95	2.5	4	5650,0
2492	#FFFFFF	#D3D3D3	-9.5	2.95	4	5650,0
2492	#FFFFFF	#D3D3D3	-9.05	2.5	4	5650,0
2492	#FFFFFF	#D3D3D3	-9.5	2.05	4	5650,0
2492	#FFFFFF	#D3D3D3	-9.95	2.5	4	5650,0
2475	#FFFFFF	#D3D3D3	-9.45	3	4	5650,0
2475	#FFFFFF	#D3D3D3	-9	3.45	4	5650,0
2475	#FFFFFF	#D3D3D3	-8.55	3	4	5650,0
2475	#FFFFFF	#D3D3D3	-9	2.55	4	5650,0
2475	#FFFFFF	#D3D3D3	-9.45	3	4	5650,0
2457	#FFFFFF	#D3D3D3	-8.95	3.5	4	5650,0
2457	#FFFFFF	#D3D3D3	-8.5	3.95	4	5650,0
2457	#FFFFFF	#D3D3D3	-8.05	3.5	4	5650,0
2457	#FFFFFF	#D3D3D3	-8.5	3.05	4	5650,0
2457	#FFFFFF	#D3D3D3	-8.95	3.5	4	5650,0
2441	#FFFFFF	#D3D3D3	-8.45	4	4	5650,0
2441	#FFFFFF	#D3D3D3	-8	4.45	4	5650,0
2441	#FFFFFF	#D3D3D3	-7.55	4	4	5650,0
2441	#FFFFFF	#D3D3D3	-8	3.55	4	5650,0
2441	#FFFFFF	#D3D3D3	-8.45	4	4	5650,0
2423	#FFFFFF	#D3D3D3	-7.95	4.5	4	5650,0
2423	#FFFFFF	#D3D3D3	-7.5	4.95	4	5650,0
2423	#FFFFFF	#D3D3D3	-7.05	4.5	4	5650,0
2423	#FFFFFF	#D3D3D3	-7.5	4.05	4	5650,0
2423	#FFFFFF	#D3D3D3	-7.95	4.5	4	5650,0
2407	#FFFFFF	#D3D3D3	-7.45	5	4	5650,0
2407	#FFFFFF	#D3D3D3	-7	5.45	4	5650,0
2407	#FFFFFF	#D3D3D3	-6.55	5	4	5650,0
2407	#FFFFFF	#D3D3D3	-7	4.55	4	5650,0
2407	#FFFFFF	#D3D3D3	-7.45	5	4	5650,0
2389	#FFFFFF	#D3D3D3	-6.95	5.5	4	5650,0
2389	#FFFFFF	#D3D3D3	-6.5	5.95	4	5650,0
2389	#FFFFFF	#D3D3D3	-6.05	5.5	4	5650,0
2389	#FFFFFF	#D3D3D3	-6.5	5.05	4	5650,0
2389	#FFFFFF	#D3D3D3	-6.95	5.5	4	5650,0
2372	#FFFFFF	#D3D3D3	-6.45	6	4	5650,0
2372	#FFFFFF	#D3D3D3	-6	6.45	4	5650,0
2372	#FFFFFF	#D3D3D3	-5.55	6	4	5650,0
2372	#FFFFFF	#D3D3D3	-6	5.55	4	5650,0
2372	#FFFFFF	#D3D3D3	-6.45	6	4	5650,0
2353	#FFFFFF	#D3D3D3	-5.95	6.5	4	5650,0
2353	#FFFFFF	#D3D3D3	-5.5	6.95	4	5650,0
2353	#FFFFFF	#D3D3D3	-5.05	6.5	4	5650,0
2353	#FFFFFF	#D3D3D3	-5.5	6.05	4	5650,0
2353	#FFFFFF	#D3D3D3	-5.95	6.5	4	5650,0
2335	#FFFFFF	#D3D3D3	-5.45	7	4	5650,0
2335	#FFFFFF	#D3D3D3	-5	7.45	4	5650,0
2335	#FFFFFF	#D3D3D3	-4.55	7	4	5650,0
2335	#FFFFFF	#D3D3D3	-5	6.55	4	5650,0
2335	#FFFFFF	#D3D3D3	-5.45	7	4	5650,0
2016	#FFFFFF	#D3D3D3	-4.95	7.5	4	5650,0
2016	#FFFFFF	#D3D3D3	-4.5	7.95	4	5650,0
2016	#FFFFFF	#D3D3D3	-4.05	7.5	4	5650,0
2016	#FFFFFF	#D3D3D3	-4.5	7.05	4	5650,0
2016	#FFFFFF	#D3D3D3	-4.95	7.5	4	5650,0
1998	#FFFFFF	#D3D3D3	-4.45	8	4	5650,0
1998	#FFFFFF	#D3D3D3	-4	8.45	4	5650,0
1998	#FFFFFF	#D3D3D3	-3.55	8	4	5650,0
1998	#FFFFFF	#D3D3D3	-4	7.55	4	5650,0
1998	#FFFFFF	#D3D3D3	-4.45	8	4	5650,0
1266	#FFFFFF	#D3D3D3	-3.95	8.5	4	5650,0
1266	#FFFFFF	#D3D3D3	-3.5	8.95	4	5650,0
1266	#FFFFFF	#D3D3D3	-3.05	8.5	4	5650,0
1266	#FFFFFF	#D3D3D3	-3.5	8.05	4	5650,0
1266	#FFFFFF	#D3D3D3	-3.95	8.5	4	5650,0
1246	#FFFFFF	#D3D3D3	-3.45	9	4	5650,0
1246	#FFFFFF	#D3D3D3	-3	9.45	4	5650,0
1246	#FFFFFF	#D3D3D3	-2.55	9	4	5650,0
1246	#FFFFFF	#D3D3D3	-3	8.55	4	5650,0
1246	#FFFFFF	#D3D3D3	-3.45	9	4	5650,0
575	#FFFFFF	#D3D3D3	-2.95	9.5	4	5650,0
575	#FFFFFF	#D3D3D3	-2.5	9.95	4	5650,0
575	#FFFFFF	#D3D3D3	-2.05	9.5	4	5650,0
575	#FFFFFF	#D3D3D3	-2.5	9.05	4	5650,0
575	#FFFFFF	#D3D3D3	-2.95	9.5	4	5650,0
534	#FFFFFF	#D3D3D3	-2.45	10	4	5650,0
534	#FFFFFF	#D3D3D3	-2	10.45	4	5650,0
534	#FFFFFF	#D3D3D3	-1.55	10	4	5650,0
534	#FFFFFF	#D3D3D3	-2	9.55	4	5650,0
534	#FFFFFF	#D3D3D3	-2.45	10	4	5650,0
100	#CD1076	#000000	-11.45	0	10	5650,0
100	#CD1076	#000000	-11	0.45	10	5650,0
100	#CD1076	#000000	-10.55	0	10	5650,0
100	#CD1076	#000000	-11	-0.45	10	5650,0
100	#CD1076	#000000	-11.45	0	10	5650,0
81	#FFFFFF	#D3D3D3	-10.95	0.5	4	5650,0
81	#FFFFFF	#D3D3D3	-10.5	0.95	4	5650,0
81	#FFFFFF	#D3D3D3	-10.05	0.5	4	5650,0
81	#FFFFFF	#D3D3D3	-10.5	0.05	4	5650,0
81	#FFFFFF	#D3D3D3	-10.95	0.5	4	5650,0
63	#FFFFFF	#D3D3D3	-10.45	1	4	5650,0
63	#FFFFFF	#D3D3D3	-10	1.45	4	5650,0
63	#FFFFFF	#D3D3D3	-9.55	1	4	5650,0
63	#FFFFFF	#D3D3D3	-10	0.55	4	5650,0
63	#FFFFFF	#D3D3D3	-10.45	1	4	5650,0
2483	#FFFFFF	#D3D3D3	-9.95	1.5	4	5650,0
2483	#FFFFFF	#D3D3D3	-9.5	1.95	4	5650,0
2483	#FFFFFF	#D3D3D3	-9.05	1.5	4	5650,0
2483	#FFFFFF	#D3D3D3	-9.5	1.05	4	5650,0
2483	#FFFFFF	#D3D3D3	-9.95	1.5	4	5650,0
2474	#FFFFFF	#D3D3D3	-9.45	2	4	5650,0
2474	#FFFFFF	#D3D3D3	-9	2.45	4	5650,0
2474	#FFFFFF	#D3D3D3	-8.55	2	4	5650,0
2474	#FFFFFF	#D3D3D3	-9	1.55	4	5650,0
2474	#FFFFFF	#D3D3D3	-9.45	2	4	5650,0
2456	#FFFFFF	#D3D3D3	-8.95	2.5	4	5650,0
2456	#FFFFFF	#D3D3D3	-8.5	2.95	4	5650,0
2456	#FFFFFF	#D3D3D3	-8.05	2.5	4	5650,0
2456	#FFFFFF	#D3D3D3	-8.5	2.05	4	5650,0
2456	#FFFFFF	#D3D3D3	-8.95	2.5	4	5650,0
2440	#FFFFFF	#D3D3D3	-8.45	3	4	5650,0
2440	#FFFFFF	#D3D3D3	-8	3.45	4	5650,0
2440	#FFFFFF	#D3D3D3	-7.55	3	4	5650,0
2440	#FFFFFF	#D3D3D3	-8	2.55	4	5650,0
2440	#FFFFFF	#D3D3D3	-8.45	3	4	5650,0
2422	#FFFFFF	#D3D3D3	-7.95	3.5	4	5650,0
2422	#FFFFFF	#D3D3D3	-7.5	3.95	4	5650,0
2422	#FFFFFF	#D3D3D3	-7.05	3.5	4	5650,0
2422	#FFFFFF	#D3D3D3	-7.5	3.05	4	5650,0
2422	#FFFFFF	#D3D3D3	-7.95	3.5	4	5650,0
2406	#FFFFFF	#D3D3D3	-7.45	4	4	5650,0
2406	#FFFFFF	#D3D3D3	-7	4.45	4	5650,0
2406	#FFFFFF	#D3D3D3	-6.55	4	4	5650,0
2406	#FFFFFF	#D3D3D3	-7	3.55	4	5650,0
2406	#FFFFFF	#D3D3D3	-7.45	4	4	5650,0
2388	#FFFFFF	#D3D3D3	-6.95	4.5	4	5650,0
2388	#FFFFFF	#D3D3D3	-6.5	4.95	4	5650,0
2388	#FFFFFF	#D3D3D3	-6.05	4.5	4	5650,0
2388	#FFFFFF	#D3D3D3	-6.5	4.05	4	5650,0
2388	#FFFFFF	#D3D3D3	-6.95	4.5	4	5650,0
2371	#FFFFFF	#D3D3D3	-6.45	5	4	5650,0
2371	#FFFFFF	#D3D3D3	-6	5.45	4	5650,0
2371	#FFFFFF	#D3D3D3	-5.55	5	4	5650,0
2371	#FFFFFF	#D3D3D3	-6	4.55	4	5650,0
2371	#FFFFFF	#D3D3D3	-6.45	5	4	5650,0
2352	#FFFFFF	#D3D3D3	-5.95	5.5	4	5650,0
2352	#FFFFFF	#D3D3D3	-5.5	5.95	4	5650,0
2352	#FFFFFF	#D3D3D3	-5.05	5.5	4	5650,0
2352	#FFFFFF	#D3D3D3	-5.5	5.05	4	5650,0
2352	#FFFFFF	#D3D3D3	-5.95	5.5	4	5650,0
2334	#FFFFFF	#D3D3D3	-5.45	6	4	5650,0
2334	#FFFFFF	#D3D3D3	-5	6.45	4	5650,0
2334	#FFFFFF	#D3D3D3	-4.55	6	4	5650,0
2334	#FFFFFF	#D3D3D3	-5	5.55	4	5650,0
2334	#FFFFFF	#D3D3D3	-5.45	6	4	5650,0
2015	#FFFFFF	#D3D3D3	-4.95	6.5	4	5650,0
2015	#FFFFFF	#D3D3D3	-4.5	6.95	4	5650,0
2015	#FFFFFF	#D3D3D3	-4.05	6.5	4	5650,0
2015	#FFFFFF	#D3D3D3	-4.5	6.05	4	5650,0
2015	#FFFFFF	#D3D3D3	-4.95	6.5	4	5650,0
1997	#FFFFFF	#D3D3D3	-4.45	7	4	5650,0
1997	#FFFFFF	#D3D3D3	-4	7.45	4	5650,0
1997	#FFFFFF	#D3D3D3	-3.55	7	4	5650,0
1997	#FFFFFF	#D3D3D3	-4	6.55	4	5650,0
1997	#FFFFFF	#D3D3D3	-4.45	7	4	5650,0
1265	#FFFFFF	#D3D3D3	-3.95	7.5	4	5650,0
1265	#FFFFFF	#D3D3D3	-3.5	7.95	4	5650,0
1265	#FFFFFF	#D3D3D3	-3.05	7.5	4	5650,0
1265	#FFFFFF	#D3D3D3	-3.5	7.05	4	5650,0
1265	#FFFFFF	#D3D3D3	-3.95	7.5	4	5650,0
1245	#FFFFFF	#D3D3D3	-3.45	8	4	5650,0
1245	#FFFFFF	#D3D3D3	-3	8.45	4	5650,0
1245	#FFFFFF	#D3D3D3	-2.55	8	4	5650,0
1245	#FFFFFF	#D3D3D3	-3	7.55	4	5650,0
1245	#FFFFFF	#D3D3D3	-3.45	8	4	5650,0
574	#FFFFFF	#D3D3D3	-2.95	8.5	4	5650,0
574	#FFFFFF	#D3D3D3	-2.5	8.95	4	5650,0
574	#FFFFFF	#D3D3D3	-2.05	8.5	4	5650,0
574	#FFFFFF	#D3D3D3	-2.5	8.05	4	5650,0
574	#FFFFFF	#D3D3D3	-2.95	8.5	4	5650,0
553	#FFFFFF	#D3D3D3	-2.45	9	4	5650,0
553	#FFFFFF	#D3D3D3	-2	9.45	4	5650,0
553	#FFFFFF	#D3D3D3	-1.55	9	4	5650,0
553	#FFFFFF	#D3D3D3	-2	8.55	4	5650,0
553	#FFFFFF	#D3D3D3	-2.45	9	4	5650,0
61	#FFFFFF	#D3D3D3	-1.95	9.5	4	5650,0
61	#FFFFFF	#D3D3D3	-1.5	9.95	4	5650,0
61	#FFFFFF	#D3D3D3	-1.05	9.5	4	5650,0
61	#FFFFFF	#D3D3D3	-1.5	9.05	4	5650,0
61	#FFFFFF	#D3D3D3	-1.95	9.5	4	5650,0
2317	#FFFFFF	#D3D3D3	-45.45	3	4	5700,0
2317	#FFFFFF	#D3D3D3	-45	3.45	4	5700,0
2317	#FFFFFF	#D3D3D3	-44.55	3	4	5700,0
2317	#FFFFFF	#D3D3D3	-45	2.55	4	5700,0
2317	#FFFFFF	#D3D3D3	-45.45	3	4	5700,0
2316	#FFFFFF	#D3D3D3	-45.45	2	4	5700,0
2316	#FFFFFF	#D3D3D3	-45	2.45	4	5700,0
2316	#FFFFFF	#D3D3D3	-44.55	2	4	5700,0
2316	#FFFFFF	#D3D3D3	-45	1.55	4	5700,0
2316	#FFFFFF	#D3D3D3	-45.45	2	4	5700,0
2315	#FFFFFF	#D3D3D3	-45.45	1	4	5700,0
2315	#FFFFFF	#D3D3D3	-45	1.45	4	5700,0
2315	#FFFFFF	#D3D3D3	-44.55	1	4	5700,0
2315	#FFFFFF	#D3D3D3	-45	0.55	4	5700,0
2315	#FFFFFF	#D3D3D3	-45.45	1	4	5700,0
2314	#FFFFFF	#D3D3D3	-45.45	0	4	5700,0
2314	#FFFFFF	#D3D3D3	-45	0.45	4	5700,0
2314	#FFFFFF	#D3D3D3	-44.55	0	4	5700,0
2314	#FFFFFF	#D3D3D3	-45	-0.45	4	5700,0
2314	#FFFFFF	#D3D3D3	-45.45	0	4	5700,0
